  0
SECTION
  2
HEADER
  9
$ANGBASE
  50
0.0
  9
$ANGDIR
  70
1
  9
$MEASUREMENT
  70
0
  0
ENDSEC
  0
SECTION
  2
TABLES
  0
TABLE
  2
LTYPE
  70
4
  0
LTYPE
  5
40F
  2
CONTINUOUS
  70
0
  3
Solid line
  72
65
  73
0
  40
0.0
  0
LTYPE
  5
410
  2
DASHDOT
 70
0
  3
Dash Dot ____ _ ____ _
 72
65
 73
4
 40
2.0
 49
1.25
 49
-0.25
 49
0.25
 49
-0.25
  0
LTYPE
  5
411
  2
DASHED
 70
0
  3
Dashed __ __ __ __ __
 72
65
 73
2
 40
0.75
 49
0.5
 49
-0.25
  0
LTYPE
  5
43B
  2
DOTTED
 70
0
  3
Dotted .  .  .  .
 72
65
 73
2
 40
0.2
 49
0.0
 49
-0.2
  0
ENDTAB
  0
TABLE
  2
STYLE
  70
4
  0
STYLE
  2
KICAD
  70
0
  40
0
  41
1
  42
1
  50
0
  71
0
  3
isocp.shx
  0
STYLE
  2
KICADB
  70
0
  40
0
  41
1
  42
1
  50
0
  71
0
  3
isocp.shx
  0
STYLE
  2
KICADI
  70
0
  40
0
  41
1
  42
1
  50
15
  71
0
  3
isocp.shx
  0
STYLE
  2
KICADBI
  70
0
  40
0
  41
1
  42
1
  50
15
  71
0
  3
isocp.shx
  0
ENDTAB
  0
TABLE
  2
LAYER
  70
1
  0
LAYER
  2
BLACK
  70
0
  62
7
  6
CONTINUOUS
  0
ENDTAB
  0
ENDSEC
  0
SECTION
  2
ENTITIES
0
LINE
8
BLACK
6
CONTINUOUS
10
5.059154291338583
20
-4.8103301968503933
11
5.0720672047244095
21
-4.8132774803149605
0
LINE
8
BLACK
6
CONTINUOUS
10
5.0720672047244095
20
-4.8132774803149605
11
5.0845688976377952
21
-4.8176520078740159
0
LINE
8
BLACK
6
CONTINUOUS
10
5.0845688976377952
20
-4.8176520078740159
11
5.0965022440944878
21
-4.8233988188976378
0
LINE
8
BLACK
6
CONTINUOUS
10
5.0965022440944878
20
-4.8233988188976378
11
5.1077170866141728
21
-4.8304455511811026
0
LINE
8
BLACK
6
CONTINUOUS
10
5.1077170866141728
20
-4.8304455511811026
11
5.1180724409448821
21
-4.8387037007874012
0
LINE
8
BLACK
6
CONTINUOUS
10
5.1180724409448821
20
-4.8387037007874012
11
5.1274380314960633
21
-4.8480692913385823
0
LINE
8
BLACK
6
CONTINUOUS
10
5.1274380314960633
20
-4.8480692913385823
11
5.1356961811023618
21
-4.8584246456692917
0
LINE
8
BLACK
6
CONTINUOUS
10
5.1356961811023618
20
-4.8584246456692917
11
5.1427429133858267
21
-4.8696394881889766
0
LINE
8
BLACK
6
CONTINUOUS
10
5.1427429133858267
20
-4.8696394881889766
11
5.1484897244094485
21
-4.8815728346456693
0
LINE
8
BLACK
6
CONTINUOUS
10
5.1484897244094485
20
-4.8815728346456693
11
5.152864251968504
21
-4.8940745275590549
0
LINE
8
BLACK
6
CONTINUOUS
10
5.152864251968504
20
-4.8940745275590549
11
5.1558115354330711
21
-4.9069874409448815
0
LINE
8
BLACK
6
CONTINUOUS
10
5.1558115354330711
20
-4.9069874409448815
11
5.1572944881889766
21
-4.9201491732283467
0
LINE
8
BLACK
6
CONTINUOUS
10
5.1572944881889766
20
-4.9201491732283467
11
5.1572944881889766
21
-4.9333941338582674
0
LINE
8
BLACK
6
CONTINUOUS
10
5.1572944881889766
20
-4.9333941338582674
11
5.1558115354330711
21
-4.9465558661417326
0
LINE
8
BLACK
6
CONTINUOUS
10
5.1558115354330711
20
-4.9465558661417326
11
5.152864251968504
21
-4.9594687795275592
0
LINE
8
BLACK
6
CONTINUOUS
10
5.152864251968504
20
-4.9594687795275592
11
5.1484897244094485
21
-4.9719704724409448
0
LINE
8
BLACK
6
CONTINUOUS
10
5.1484897244094485
20
-4.9719704724409448
11
5.1427429133858267
21
-4.9839038188976374
0
LINE
8
BLACK
6
CONTINUOUS
10
5.1427429133858267
20
-4.9839038188976374
11
5.1356961811023618
21
-4.9951186614173224
0
LINE
8
BLACK
6
CONTINUOUS
10
5.1356961811023618
20
-4.9951186614173224
11
5.1274380314960633
21
-5.0054740157480317
0
LINE
8
BLACK
6
CONTINUOUS
10
5.1274380314960633
20
-5.0054740157480317
11
5.1180724409448821
21
-5.0148396062992129
0
LINE
8
BLACK
6
CONTINUOUS
10
5.1180724409448821
20
-5.0148396062992129
11
5.1077170866141728
21
-5.0230977559055114
0
LINE
8
BLACK
6
CONTINUOUS
10
5.1077170866141728
20
-5.0230977559055114
11
5.0965022440944878
21
-5.0301444881889763
0
LINE
8
BLACK
6
CONTINUOUS
10
5.0965022440944878
20
-5.0301444881889763
11
5.0845688976377952
21
-5.0358912992125981
0
LINE
8
BLACK
6
CONTINUOUS
10
5.0845688976377952
20
-5.0358912992125981
11
5.0720672047244095
21
-5.0402658267716536
0
LINE
8
BLACK
6
CONTINUOUS
10
5.0720672047244095
20
-5.0402658267716536
11
5.059154291338583
21
-5.0432131102362208
0
LINE
8
BLACK
6
CONTINUOUS
10
5.059154291338583
20
-5.0432131102362208
11
5.0459925590551178
21
-5.0446960629921263
0
LINE
8
BLACK
6
CONTINUOUS
10
5.0459925590551178
20
-5.0446960629921263
11
5.032747598425197
21
-5.0446960629921263
0
LINE
8
BLACK
6
CONTINUOUS
10
5.032747598425197
20
-5.0446960629921263
11
5.0195858661417319
21
-5.0432131102362208
0
LINE
8
BLACK
6
CONTINUOUS
10
5.0195858661417319
20
-5.0432131102362208
11
5.0066729527559053
21
-5.0402658267716536
0
LINE
8
BLACK
6
CONTINUOUS
10
5.0066729527559053
20
-5.0402658267716536
11
4.9941712598425196
21
-5.0358912992125981
0
LINE
8
BLACK
6
CONTINUOUS
10
4.9941712598425196
20
-5.0358912992125981
11
4.982237913385827
21
-5.0301444881889763
0
LINE
8
BLACK
6
CONTINUOUS
10
4.982237913385827
20
-5.0301444881889763
11
4.971023070866142
21
-5.0230977559055114
0
LINE
8
BLACK
6
CONTINUOUS
10
4.971023070866142
20
-5.0230977559055114
11
4.9606677165354327
21
-5.0148396062992129
0
LINE
8
BLACK
6
CONTINUOUS
10
4.9606677165354327
20
-5.0148396062992129
11
4.9513021259842516
21
-5.0054740157480317
0
LINE
8
BLACK
6
CONTINUOUS
10
4.9513021259842516
20
-5.0054740157480317
11
4.943043976377953
21
-4.9951186614173224
0
LINE
8
BLACK
6
CONTINUOUS
10
4.943043976377953
20
-4.9951186614173224
11
4.9359972440944881
21
-4.9839038188976374
0
LINE
8
BLACK
6
CONTINUOUS
10
4.9359972440944881
20
-4.9839038188976374
11
4.9302504330708663
21
-4.9719704724409448
0
LINE
8
BLACK
6
CONTINUOUS
10
4.9302504330708663
20
-4.9719704724409448
11
4.9258759055118109
21
-4.9594687795275592
0
LINE
8
BLACK
6
CONTINUOUS
10
4.9258759055118109
20
-4.9594687795275592
11
4.9229286220472437
21
-4.9465558661417326
0
LINE
8
BLACK
6
CONTINUOUS
10
4.9229286220472437
20
-4.9465558661417326
11
4.9214456692913382
21
-4.9333941338582674
0
LINE
8
BLACK
6
CONTINUOUS
10
4.9214456692913382
20
-4.9333941338582674
11
4.9214456692913382
21
-4.9201491732283467
0
LINE
8
BLACK
6
CONTINUOUS
10
4.9214456692913382
20
-4.9201491732283467
11
4.9229286220472437
21
-4.9069874409448815
0
LINE
8
BLACK
6
CONTINUOUS
10
4.9229286220472437
20
-4.9069874409448815
11
4.9258759055118109
21
-4.8940745275590549
0
LINE
8
BLACK
6
CONTINUOUS
10
4.9258759055118109
20
-4.8940745275590549
11
4.9302504330708663
21
-4.8815728346456693
0
LINE
8
BLACK
6
CONTINUOUS
10
4.9302504330708663
20
-4.8815728346456693
11
4.9359972440944881
21
-4.8696394881889766
0
LINE
8
BLACK
6
CONTINUOUS
10
4.9359972440944881
20
-4.8696394881889766
11
4.943043976377953
21
-4.8584246456692917
0
LINE
8
BLACK
6
CONTINUOUS
10
4.943043976377953
20
-4.8584246456692917
11
4.9513021259842516
21
-4.8480692913385823
0
LINE
8
BLACK
6
CONTINUOUS
10
4.9513021259842516
20
-4.8480692913385823
11
4.9606677165354327
21
-4.8387037007874012
0
LINE
8
BLACK
6
CONTINUOUS
10
4.9606677165354327
20
-4.8387037007874012
11
4.971023070866142
21
-4.8304455511811026
0
LINE
8
BLACK
6
CONTINUOUS
10
4.971023070866142
20
-4.8304455511811026
11
4.982237913385827
21
-4.8233988188976378
0
LINE
8
BLACK
6
CONTINUOUS
10
4.982237913385827
20
-4.8233988188976378
11
4.9941712598425196
21
-4.8176520078740159
0
LINE
8
BLACK
6
CONTINUOUS
10
4.9941712598425196
20
-4.8176520078740159
11
5.0066729527559053
21
-4.8132774803149605
0
LINE
8
BLACK
6
CONTINUOUS
10
5.0066729527559053
20
-4.8132774803149605
11
5.0195858661417319
21
-4.8103301968503933
0
LINE
8
BLACK
6
CONTINUOUS
10
5.0195858661417319
20
-4.8103301968503933
11
5.032747598425197
21
-4.8088472440944878
0
LINE
8
BLACK
6
CONTINUOUS
10
5.032747598425197
20
-4.8088472440944878
11
5.0459925590551178
21
-4.8088472440944878
0
LINE
8
BLACK
6
CONTINUOUS
10
5.0459925590551178
20
-4.8088472440944878
11
5.059154291338583
21
-4.8103301968503933
0
LINE
8
BLACK
6
CONTINUOUS
10
6.6591542913385826
20
-4.8103301968503933
11
6.6720672047244092
21
-4.8132774803149605
0
LINE
8
BLACK
6
CONTINUOUS
10
6.6720672047244092
20
-4.8132774803149605
11
6.6845688976377948
21
-4.8176520078740159
0
LINE
8
BLACK
6
CONTINUOUS
10
6.6845688976377948
20
-4.8176520078740159
11
6.6965022440944884
21
-4.8233988188976378
0
LINE
8
BLACK
6
CONTINUOUS
10
6.6965022440944884
20
-4.8233988188976378
11
6.7077170866141733
21
-4.8304455511811026
0
LINE
8
BLACK
6
CONTINUOUS
10
6.7077170866141733
20
-4.8304455511811026
11
6.7180724409448818
21
-4.8387037007874012
0
LINE
8
BLACK
6
CONTINUOUS
10
6.7180724409448818
20
-4.8387037007874012
11
6.7274380314960629
21
-4.8480692913385823
0
LINE
8
BLACK
6
CONTINUOUS
10
6.7274380314960629
20
-4.8480692913385823
11
6.7356961811023623
21
-4.8584246456692917
0
LINE
8
BLACK
6
CONTINUOUS
10
6.7356961811023623
20
-4.8584246456692917
11
6.7427429133858263
21
-4.8696394881889766
0
LINE
8
BLACK
6
CONTINUOUS
10
6.7427429133858263
20
-4.8696394881889766
11
6.7484897244094491
21
-4.8815728346456693
0
LINE
8
BLACK
6
CONTINUOUS
10
6.7484897244094491
20
-4.8815728346456693
11
6.7528642519685036
21
-4.8940745275590549
0
LINE
8
BLACK
6
CONTINUOUS
10
6.7528642519685036
20
-4.8940745275590549
11
6.7558115354330708
21
-4.9069874409448815
0
LINE
8
BLACK
6
CONTINUOUS
10
6.7558115354330708
20
-4.9069874409448815
11
6.7572944881889763
21
-4.9201491732283467
0
LINE
8
BLACK
6
CONTINUOUS
10
6.7572944881889763
20
-4.9201491732283467
11
6.7572944881889763
21
-4.9333941338582674
0
LINE
8
BLACK
6
CONTINUOUS
10
6.7572944881889763
20
-4.9333941338582674
11
6.7558115354330708
21
-4.9465558661417326
0
LINE
8
BLACK
6
CONTINUOUS
10
6.7558115354330708
20
-4.9465558661417326
11
6.7528642519685036
21
-4.9594687795275592
0
LINE
8
BLACK
6
CONTINUOUS
10
6.7528642519685036
20
-4.9594687795275592
11
6.7484897244094491
21
-4.9719704724409448
0
LINE
8
BLACK
6
CONTINUOUS
10
6.7484897244094491
20
-4.9719704724409448
11
6.7427429133858263
21
-4.9839038188976374
0
LINE
8
BLACK
6
CONTINUOUS
10
6.7427429133858263
20
-4.9839038188976374
11
6.7356961811023623
21
-4.9951186614173224
0
LINE
8
BLACK
6
CONTINUOUS
10
6.7356961811023623
20
-4.9951186614173224
11
6.7274380314960629
21
-5.0054740157480317
0
LINE
8
BLACK
6
CONTINUOUS
10
6.7274380314960629
20
-5.0054740157480317
11
6.7180724409448818
21
-5.0148396062992129
0
LINE
8
BLACK
6
CONTINUOUS
10
6.7180724409448818
20
-5.0148396062992129
11
6.7077170866141733
21
-5.0230977559055114
0
LINE
8
BLACK
6
CONTINUOUS
10
6.7077170866141733
20
-5.0230977559055114
11
6.6965022440944884
21
-5.0301444881889763
0
LINE
8
BLACK
6
CONTINUOUS
10
6.6965022440944884
20
-5.0301444881889763
11
6.6845688976377948
21
-5.0358912992125981
0
LINE
8
BLACK
6
CONTINUOUS
10
6.6845688976377948
20
-5.0358912992125981
11
6.6720672047244092
21
-5.0402658267716536
0
LINE
8
BLACK
6
CONTINUOUS
10
6.6720672047244092
20
-5.0402658267716536
11
6.6591542913385826
21
-5.0432131102362208
0
LINE
8
BLACK
6
CONTINUOUS
10
6.6591542913385826
20
-5.0432131102362208
11
6.6459925590551183
21
-5.0446960629921263
0
LINE
8
BLACK
6
CONTINUOUS
10
6.6459925590551183
20
-5.0446960629921263
11
6.6327475984251967
21
-5.0446960629921263
0
LINE
8
BLACK
6
CONTINUOUS
10
6.6327475984251967
20
-5.0446960629921263
11
6.6195858661417324
21
-5.0432131102362208
0
LINE
8
BLACK
6
CONTINUOUS
10
6.6195858661417324
20
-5.0432131102362208
11
6.6066729527559049
21
-5.0402658267716536
0
LINE
8
BLACK
6
CONTINUOUS
10
6.6066729527559049
20
-5.0402658267716536
11
6.5941712598425193
21
-5.0358912992125981
0
LINE
8
BLACK
6
CONTINUOUS
10
6.5941712598425193
20
-5.0358912992125981
11
6.5822379133858266
21
-5.0301444881889763
0
LINE
8
BLACK
6
CONTINUOUS
10
6.5822379133858266
20
-5.0301444881889763
11
6.5710230708661417
21
-5.0230977559055114
0
LINE
8
BLACK
6
CONTINUOUS
10
6.5710230708661417
20
-5.0230977559055114
11
6.5606677165354332
21
-5.0148396062992129
0
LINE
8
BLACK
6
CONTINUOUS
10
6.5606677165354332
20
-5.0148396062992129
11
6.5513021259842521
21
-5.0054740157480317
0
LINE
8
BLACK
6
CONTINUOUS
10
6.5513021259842521
20
-5.0054740157480317
11
6.5430439763779527
21
-4.9951186614173224
0
LINE
8
BLACK
6
CONTINUOUS
10
6.5430439763779527
20
-4.9951186614173224
11
6.5359972440944878
21
-4.9839038188976374
0
LINE
8
BLACK
6
CONTINUOUS
10
6.5359972440944878
20
-4.9839038188976374
11
6.5302504330708659
21
-4.9719704724409448
0
LINE
8
BLACK
6
CONTINUOUS
10
6.5302504330708659
20
-4.9719704724409448
11
6.5258759055118105
21
-4.9594687795275592
0
LINE
8
BLACK
6
CONTINUOUS
10
6.5258759055118105
20
-4.9594687795275592
11
6.5229286220472442
21
-4.9465558661417326
0
LINE
8
BLACK
6
CONTINUOUS
10
6.5229286220472442
20
-4.9465558661417326
11
6.5214456692913387
21
-4.9333941338582674
0
LINE
8
BLACK
6
CONTINUOUS
10
6.5214456692913387
20
-4.9333941338582674
11
6.5214456692913387
21
-4.9201491732283467
0
LINE
8
BLACK
6
CONTINUOUS
10
6.5214456692913387
20
-4.9201491732283467
11
6.5229286220472442
21
-4.9069874409448815
0
LINE
8
BLACK
6
CONTINUOUS
10
6.5229286220472442
20
-4.9069874409448815
11
6.5258759055118105
21
-4.8940745275590549
0
LINE
8
BLACK
6
CONTINUOUS
10
6.5258759055118105
20
-4.8940745275590549
11
6.5302504330708659
21
-4.8815728346456693
0
LINE
8
BLACK
6
CONTINUOUS
10
6.5302504330708659
20
-4.8815728346456693
11
6.5359972440944878
21
-4.8696394881889766
0
LINE
8
BLACK
6
CONTINUOUS
10
6.5359972440944878
20
-4.8696394881889766
11
6.5430439763779527
21
-4.8584246456692917
0
LINE
8
BLACK
6
CONTINUOUS
10
6.5430439763779527
20
-4.8584246456692917
11
6.5513021259842521
21
-4.8480692913385823
0
LINE
8
BLACK
6
CONTINUOUS
10
6.5513021259842521
20
-4.8480692913385823
11
6.5606677165354332
21
-4.8387037007874012
0
LINE
8
BLACK
6
CONTINUOUS
10
6.5606677165354332
20
-4.8387037007874012
11
6.5710230708661417
21
-4.8304455511811026
0
LINE
8
BLACK
6
CONTINUOUS
10
6.5710230708661417
20
-4.8304455511811026
11
6.5822379133858266
21
-4.8233988188976378
0
LINE
8
BLACK
6
CONTINUOUS
10
6.5822379133858266
20
-4.8233988188976378
11
6.5941712598425193
21
-4.8176520078740159
0
LINE
8
BLACK
6
CONTINUOUS
10
6.5941712598425193
20
-4.8176520078740159
11
6.6066729527559049
21
-4.8132774803149605
0
LINE
8
BLACK
6
CONTINUOUS
10
6.6066729527559049
20
-4.8132774803149605
11
6.6195858661417324
21
-4.8103301968503933
0
LINE
8
BLACK
6
CONTINUOUS
10
6.6195858661417324
20
-4.8103301968503933
11
6.6327475984251967
21
-4.8088472440944878
0
LINE
8
BLACK
6
CONTINUOUS
10
6.6327475984251967
20
-4.8088472440944878
11
6.6459925590551183
21
-4.8088472440944878
0
LINE
8
BLACK
6
CONTINUOUS
10
6.6459925590551183
20
-4.8088472440944878
11
6.6591542913385826
21
-4.8103301968503933
0
LINE
8
BLACK
6
CONTINUOUS
10
5.6701574803149608
20
-5.0079527559055119
11
5.6101574803149603
21
-5.0079527559055119
0
LINE
8
BLACK
6
CONTINUOUS
10
5.6101574803149603
20
-5.0079527559055119
11
5.6101574803149603
21
-4.9479527559055114
0
LINE
8
BLACK
6
CONTINUOUS
10
5.6101574803149603
20
-4.9479527559055114
11
5.6701574803149608
21
-4.9479527559055114
0
LINE
8
BLACK
6
CONTINUOUS
10
5.6701574803149608
20
-4.9479527559055114
11
5.6701574803149608
21
-5.0079527559055119
0
LINE
8
BLACK
6
CONTINUOUS
10
5.7701574803149605
20
-5.0079527559055119
11
5.7101574803149608
21
-5.0079527559055119
0
LINE
8
BLACK
6
CONTINUOUS
10
5.7101574803149608
20
-5.0079527559055119
11
5.7101574803149608
21
-4.9479527559055114
0
LINE
8
BLACK
6
CONTINUOUS
10
5.7101574803149608
20
-4.9479527559055114
11
5.7701574803149605
21
-4.9479527559055114
0
LINE
8
BLACK
6
CONTINUOUS
10
5.7701574803149605
20
-4.9479527559055114
11
5.7701574803149605
21
-5.0079527559055119
0
LINE
8
BLACK
6
CONTINUOUS
10
5.8701574803149601
20
-5.0079527559055119
11
5.8101574803149605
21
-5.0079527559055119
0
LINE
8
BLACK
6
CONTINUOUS
10
5.8101574803149605
20
-5.0079527559055119
11
5.8101574803149605
21
-4.9479527559055114
0
LINE
8
BLACK
6
CONTINUOUS
10
5.8101574803149605
20
-4.9479527559055114
11
5.8701574803149601
21
-4.9479527559055114
0
LINE
8
BLACK
6
CONTINUOUS
10
5.8701574803149601
20
-4.9479527559055114
11
5.8701574803149601
21
-5.0079527559055119
0
LINE
8
BLACK
6
CONTINUOUS
10
5.6701574803149608
20
-4.9079527559055114
11
5.6101574803149603
21
-4.9079527559055114
0
LINE
8
BLACK
6
CONTINUOUS
10
5.6101574803149603
20
-4.9079527559055114
11
5.6101574803149603
21
-4.8479527559055118
0
LINE
8
BLACK
6
CONTINUOUS
10
5.6101574803149603
20
-4.8479527559055118
11
5.6701574803149608
21
-4.8479527559055118
0
LINE
8
BLACK
6
CONTINUOUS
10
5.6701574803149608
20
-4.8479527559055118
11
5.6701574803149608
21
-4.9079527559055114
0
LINE
8
BLACK
6
CONTINUOUS
10
5.7701574803149605
20
-4.9079527559055114
11
5.7101574803149608
21
-4.9079527559055114
0
LINE
8
BLACK
6
CONTINUOUS
10
5.7101574803149608
20
-4.9079527559055114
11
5.7101574803149608
21
-4.8479527559055118
0
LINE
8
BLACK
6
CONTINUOUS
10
5.7101574803149608
20
-4.8479527559055118
11
5.7701574803149605
21
-4.8479527559055118
0
LINE
8
BLACK
6
CONTINUOUS
10
5.7701574803149605
20
-4.8479527559055118
11
5.7701574803149605
21
-4.9079527559055114
0
LINE
8
BLACK
6
CONTINUOUS
10
5.8701574803149601
20
-4.9079527559055114
11
5.8101574803149605
21
-4.9079527559055114
0
LINE
8
BLACK
6
CONTINUOUS
10
5.8101574803149605
20
-4.9079527559055114
11
5.8101574803149605
21
-4.8479527559055118
0
LINE
8
BLACK
6
CONTINUOUS
10
5.8101574803149605
20
-4.8479527559055118
11
5.8701574803149601
21
-4.8479527559055118
0
LINE
8
BLACK
6
CONTINUOUS
10
5.8701574803149601
20
-4.8479527559055118
11
5.8701574803149601
21
-4.9079527559055114
0
LINE
8
BLACK
6
CONTINUOUS
10
5.3236220472440943
20
-4.7330708661417322
11
5.3236220472440943
21
-4.7724409448818896
0
LINE
8
BLACK
6
CONTINUOUS
10
5.3236220472440943
20
-4.7724409448818896
11
5.2330708661417322
21
-4.7724409448818896
0
LINE
8
BLACK
6
CONTINUOUS
10
5.2330708661417322
20
-4.7724409448818896
11
5.1937007874015748
21
-4.7724409448818896
0
LINE
8
BLACK
6
CONTINUOUS
10
5.1937007874015748
20
-4.7724409448818896
11
5.1937007874015748
21
-4.7330708661417322
0
LINE
8
BLACK
6
CONTINUOUS
10
5.1937007874015748
20
-4.7330708661417322
11
5.1937007874015748
21
-4.6425196850393702
0
LINE
8
BLACK
6
CONTINUOUS
10
5.1937007874015748
20
-4.6425196850393702
11
5.2330708661417322
21
-4.6425196850393702
0
LINE
8
BLACK
6
CONTINUOUS
10
5.2330708661417322
20
-4.6425196850393702
11
5.2330708661417322
21
-4.7330708661417322
0
LINE
8
BLACK
6
CONTINUOUS
10
5.2330708661417322
20
-4.7330708661417322
11
5.3236220472440943
21
-4.7330708661417322
0
LINE
8
BLACK
6
CONTINUOUS
10
5.5598425196850396
20
-4.7724409448818896
11
5.4102362204724406
21
-4.7724409448818896
0
LINE
8
BLACK
6
CONTINUOUS
10
5.4102362204724406
20
-4.7724409448818896
11
5.4102362204724406
21
-4.7330708661417322
0
LINE
8
BLACK
6
CONTINUOUS
10
5.4102362204724406
20
-4.7330708661417322
11
5.5598425196850396
21
-4.7330708661417322
0
LINE
8
BLACK
6
CONTINUOUS
10
5.5598425196850396
20
-4.7330708661417322
11
5.5598425196850396
21
-4.7724409448818896
0
LINE
8
BLACK
6
CONTINUOUS
10
5.7960629921259841
20
-4.7724409448818896
11
5.6464566929133859
21
-4.7724409448818896
0
LINE
8
BLACK
6
CONTINUOUS
10
5.6464566929133859
20
-4.7724409448818896
11
5.6464566929133859
21
-4.7330708661417322
0
LINE
8
BLACK
6
CONTINUOUS
10
5.6464566929133859
20
-4.7330708661417322
11
5.7960629921259841
21
-4.7330708661417322
0
LINE
8
BLACK
6
CONTINUOUS
10
5.7960629921259841
20
-4.7330708661417322
11
5.7960629921259841
21
-4.7724409448818896
0
LINE
8
BLACK
6
CONTINUOUS
10
6.0322834645669294
20
-4.7724409448818896
11
5.8826771653543304
21
-4.7724409448818896
0
LINE
8
BLACK
6
CONTINUOUS
10
5.8826771653543304
20
-4.7724409448818896
11
5.8826771653543304
21
-4.7330708661417322
0
LINE
8
BLACK
6
CONTINUOUS
10
5.8826771653543304
20
-4.7330708661417322
11
6.0322834645669294
21
-4.7330708661417322
0
LINE
8
BLACK
6
CONTINUOUS
10
6.0322834645669294
20
-4.7330708661417322
11
6.0322834645669294
21
-4.7724409448818896
0
LINE
8
BLACK
6
CONTINUOUS
10
6.2685039370078739
20
-4.7724409448818896
11
6.1188976377952757
21
-4.7724409448818896
0
LINE
8
BLACK
6
CONTINUOUS
10
6.1188976377952757
20
-4.7724409448818896
11
6.1188976377952757
21
-4.7330708661417322
0
LINE
8
BLACK
6
CONTINUOUS
10
6.1188976377952757
20
-4.7330708661417322
11
6.2685039370078739
21
-4.7330708661417322
0
LINE
8
BLACK
6
CONTINUOUS
10
6.2685039370078739
20
-4.7330708661417322
11
6.2685039370078739
21
-4.7724409448818896
0
LINE
8
BLACK
6
CONTINUOUS
10
6.4456692913385822
20
-4.7330708661417322
11
6.4456692913385822
21
-4.6425196850393702
0
LINE
8
BLACK
6
CONTINUOUS
10
6.4456692913385822
20
-4.6425196850393702
11
6.4850393700787397
21
-4.6425196850393702
0
LINE
8
BLACK
6
CONTINUOUS
10
6.4850393700787397
20
-4.6425196850393702
11
6.4850393700787397
21
-4.7330708661417322
0
LINE
8
BLACK
6
CONTINUOUS
10
6.4850393700787397
20
-4.7330708661417322
11
6.4850393700787397
21
-4.7724409448818896
0
LINE
8
BLACK
6
CONTINUOUS
10
6.4850393700787397
20
-4.7724409448818896
11
6.4456692913385822
21
-4.7724409448818896
0
LINE
8
BLACK
6
CONTINUOUS
10
6.4456692913385822
20
-4.7724409448818896
11
6.3551181102362202
21
-4.7724409448818896
0
LINE
8
BLACK
6
CONTINUOUS
10
6.3551181102362202
20
-4.7724409448818896
11
6.3551181102362202
21
-4.7330708661417322
0
LINE
8
BLACK
6
CONTINUOUS
10
6.3551181102362202
20
-4.7330708661417322
11
6.4456692913385822
21
-4.7330708661417322
0
LINE
8
BLACK
6
CONTINUOUS
10
5.0193700787401569
20
-4.7067716535433073
11
4.9593700787401573
21
-4.7067716535433073
0
LINE
8
BLACK
6
CONTINUOUS
10
4.9593700787401573
20
-4.7067716535433073
11
4.9593700787401573
21
-4.6467716535433068
0
LINE
8
BLACK
6
CONTINUOUS
10
4.9593700787401573
20
-4.6467716535433068
11
5.0193700787401569
21
-4.6467716535433068
0
LINE
8
BLACK
6
CONTINUOUS
10
5.0193700787401569
20
-4.6467716535433068
11
5.0193700787401569
21
-4.7067716535433073
0
LINE
8
BLACK
6
CONTINUOUS
10
5.1193700787401575
20
-4.7067716535433073
11
5.059370078740157
21
-4.7067716535433073
0
LINE
8
BLACK
6
CONTINUOUS
10
5.059370078740157
20
-4.7067716535433073
11
5.059370078740157
21
-4.6467716535433068
0
LINE
8
BLACK
6
CONTINUOUS
10
5.059370078740157
20
-4.6467716535433068
11
5.1193700787401575
21
-4.6467716535433068
0
LINE
8
BLACK
6
CONTINUOUS
10
5.1193700787401575
20
-4.6467716535433068
11
5.1193700787401575
21
-4.7067716535433073
0
LINE
8
BLACK
6
CONTINUOUS
10
5.3318262598425195
20
-4.6631133464566927
11
5.3348597637795274
21
-4.6651402362204726
0
LINE
8
BLACK
6
CONTINUOUS
10
5.3348597637795274
20
-4.6651402362204726
11
5.3368866535433073
21
-4.6681737401574805
0
LINE
8
BLACK
6
CONTINUOUS
10
5.3368866535433073
20
-4.6681737401574805
11
5.33759842519685
21
-4.671751968503937
0
LINE
8
BLACK
6
CONTINUOUS
10
5.33759842519685
20
-4.671751968503937
11
5.33759842519685
21
-4.690452755905512
0
LINE
8
BLACK
6
CONTINUOUS
10
5.33759842519685
20
-4.690452755905512
11
5.3368866535433073
21
-4.6940309842519685
0
LINE
8
BLACK
6
CONTINUOUS
10
5.3368866535433073
20
-4.6940309842519685
11
5.3348597637795274
21
-4.6970644881889765
0
LINE
8
BLACK
6
CONTINUOUS
10
5.3348597637795274
20
-4.6970644881889765
11
5.3318262598425195
21
-4.6990913779527554
0
LINE
8
BLACK
6
CONTINUOUS
10
5.3318262598425195
20
-4.6990913779527554
11
5.328248031496063
21
-4.6998031496062991
0
LINE
8
BLACK
6
CONTINUOUS
10
5.328248031496063
20
-4.6998031496062991
11
5.3085629921259843
21
-4.6998031496062991
0
LINE
8
BLACK
6
CONTINUOUS
10
5.3085629921259843
20
-4.6998031496062991
11
5.3049847637795278
21
-4.6990913779527554
0
LINE
8
BLACK
6
CONTINUOUS
10
5.3049847637795278
20
-4.6990913779527554
11
5.3019512598425198
21
-4.6970644881889765
0
LINE
8
BLACK
6
CONTINUOUS
10
5.3019512598425198
20
-4.6970644881889765
11
5.29992437007874
21
-4.6940309842519685
0
LINE
8
BLACK
6
CONTINUOUS
10
5.29992437007874
20
-4.6940309842519685
11
5.2992125984251963
21
-4.690452755905512
0
LINE
8
BLACK
6
CONTINUOUS
10
5.2992125984251963
20
-4.690452755905512
11
5.2992125984251963
21
-4.671751968503937
0
LINE
8
BLACK
6
CONTINUOUS
10
5.2992125984251963
20
-4.671751968503937
11
5.29992437007874
21
-4.6681737401574805
0
LINE
8
BLACK
6
CONTINUOUS
10
5.29992437007874
20
-4.6681737401574805
11
5.3019512598425198
21
-4.6651402362204726
0
LINE
8
BLACK
6
CONTINUOUS
10
5.3019512598425198
20
-4.6651402362204726
11
5.3049847637795278
21
-4.6631133464566927
0
LINE
8
BLACK
6
CONTINUOUS
10
5.3049847637795278
20
-4.6631133464566927
11
5.3085629921259843
21
-4.6624015748031491
0
LINE
8
BLACK
6
CONTINUOUS
10
5.3085629921259843
20
-4.6624015748031491
11
5.328248031496063
21
-4.6624015748031491
0
LINE
8
BLACK
6
CONTINUOUS
10
5.328248031496063
20
-4.6624015748031491
11
5.3318262598425195
21
-4.6631133464566927
0
LINE
8
BLACK
6
CONTINUOUS
10
5.4036766535433074
20
-4.6631133464566927
11
5.4067101574803145
21
-4.6651402362204726
0
LINE
8
BLACK
6
CONTINUOUS
10
5.4067101574803145
20
-4.6651402362204726
11
5.4087370472440943
21
-4.6681737401574805
0
LINE
8
BLACK
6
CONTINUOUS
10
5.4087370472440943
20
-4.6681737401574805
11
5.409448818897638
21
-4.671751968503937
0
LINE
8
BLACK
6
CONTINUOUS
10
5.409448818897638
20
-4.671751968503937
11
5.409448818897638
21
-4.690452755905512
0
LINE
8
BLACK
6
CONTINUOUS
10
5.409448818897638
20
-4.690452755905512
11
5.4087370472440943
21
-4.6940309842519685
0
LINE
8
BLACK
6
CONTINUOUS
10
5.4087370472440943
20
-4.6940309842519685
11
5.4067101574803145
21
-4.6970644881889765
0
LINE
8
BLACK
6
CONTINUOUS
10
5.4067101574803145
20
-4.6970644881889765
11
5.4036766535433074
21
-4.6990913779527554
0
LINE
8
BLACK
6
CONTINUOUS
10
5.4036766535433074
20
-4.6990913779527554
11
5.40009842519685
21
-4.6998031496062991
0
LINE
8
BLACK
6
CONTINUOUS
10
5.40009842519685
20
-4.6998031496062991
11
5.3804133858267713
21
-4.6998031496062991
0
LINE
8
BLACK
6
CONTINUOUS
10
5.3804133858267713
20
-4.6998031496062991
11
5.3768351574803148
21
-4.6990913779527554
0
LINE
8
BLACK
6
CONTINUOUS
10
5.3768351574803148
20
-4.6990913779527554
11
5.3738016535433069
21
-4.6970644881889765
0
LINE
8
BLACK
6
CONTINUOUS
10
5.3738016535433069
20
-4.6970644881889765
11
5.371774763779527
21
-4.6940309842519685
0
LINE
8
BLACK
6
CONTINUOUS
10
5.371774763779527
20
-4.6940309842519685
11
5.3710629921259843
21
-4.690452755905512
0
LINE
8
BLACK
6
CONTINUOUS
10
5.3710629921259843
20
-4.690452755905512
11
5.3710629921259843
21
-4.671751968503937
0
LINE
8
BLACK
6
CONTINUOUS
10
5.3710629921259843
20
-4.671751968503937
11
5.371774763779527
21
-4.6681737401574805
0
LINE
8
BLACK
6
CONTINUOUS
10
5.371774763779527
20
-4.6681737401574805
11
5.3738016535433069
21
-4.6651402362204726
0
LINE
8
BLACK
6
CONTINUOUS
10
5.3738016535433069
20
-4.6651402362204726
11
5.3768351574803148
21
-4.6631133464566927
0
LINE
8
BLACK
6
CONTINUOUS
10
5.3768351574803148
20
-4.6631133464566927
11
5.3804133858267713
21
-4.6624015748031491
0
LINE
8
BLACK
6
CONTINUOUS
10
5.3804133858267713
20
-4.6624015748031491
11
5.40009842519685
21
-4.6624015748031491
0
LINE
8
BLACK
6
CONTINUOUS
10
5.40009842519685
20
-4.6624015748031491
11
5.4036766535433074
21
-4.6631133464566927
0
LINE
8
BLACK
6
CONTINUOUS
10
5.7626248425196849
20
-4.628701968503937
11
5.7658179921259842
21
-4.6308355511811019
0
LINE
8
BLACK
6
CONTINUOUS
10
5.7658179921259842
20
-4.6308355511811019
11
5.7679515748031491
21
-4.6340287007874013
0
LINE
8
BLACK
6
CONTINUOUS
10
5.7679515748031491
20
-4.6340287007874013
11
5.768700787401575
21
-4.6377952755905509
0
LINE
8
BLACK
6
CONTINUOUS
10
5.768700787401575
20
-4.6377952755905509
11
5.768700787401575
21
-4.6643700787401574
0
LINE
8
BLACK
6
CONTINUOUS
10
5.768700787401575
20
-4.6643700787401574
11
5.7679515748031491
21
-4.6681366535433071
0
LINE
8
BLACK
6
CONTINUOUS
10
5.7679515748031491
20
-4.6681366535433071
11
5.7658179921259842
21
-4.6713298031496064
0
LINE
8
BLACK
6
CONTINUOUS
10
5.7658179921259842
20
-4.6713298031496064
11
5.7626248425196849
21
-4.6734633858267713
0
LINE
8
BLACK
6
CONTINUOUS
10
5.7626248425196849
20
-4.6734633858267713
11
5.7588582677165352
21
-4.6742125984251963
0
LINE
8
BLACK
6
CONTINUOUS
10
5.7588582677165352
20
-4.6742125984251963
11
5.7214566929133861
21
-4.6742125984251963
0
LINE
8
BLACK
6
CONTINUOUS
10
5.7214566929133861
20
-4.6742125984251963
11
5.7176901181102364
21
-4.6734633858267713
0
LINE
8
BLACK
6
CONTINUOUS
10
5.7176901181102364
20
-4.6734633858267713
11
5.7144969685039371
21
-4.6713298031496064
0
LINE
8
BLACK
6
CONTINUOUS
10
5.7144969685039371
20
-4.6713298031496064
11
5.7123633858267713
21
-4.6681366535433071
0
LINE
8
BLACK
6
CONTINUOUS
10
5.7123633858267713
20
-4.6681366535433071
11
5.7116141732283463
21
-4.6643700787401574
0
LINE
8
BLACK
6
CONTINUOUS
10
5.7116141732283463
20
-4.6643700787401574
11
5.7116141732283463
21
-4.6377952755905509
0
LINE
8
BLACK
6
CONTINUOUS
10
5.7116141732283463
20
-4.6377952755905509
11
5.7123633858267713
21
-4.6340287007874013
0
LINE
8
BLACK
6
CONTINUOUS
10
5.7123633858267713
20
-4.6340287007874013
11
5.7144969685039371
21
-4.6308355511811019
0
LINE
8
BLACK
6
CONTINUOUS
10
5.7144969685039371
20
-4.6308355511811019
11
5.7176901181102364
21
-4.628701968503937
0
LINE
8
BLACK
6
CONTINUOUS
10
5.7176901181102364
20
-4.628701968503937
11
5.7214566929133861
21
-4.627952755905512
0
LINE
8
BLACK
6
CONTINUOUS
10
5.7214566929133861
20
-4.627952755905512
11
5.7588582677165352
21
-4.627952755905512
0
LINE
8
BLACK
6
CONTINUOUS
10
5.7588582677165352
20
-4.627952755905512
11
5.7626248425196849
21
-4.628701968503937
0
LINE
8
BLACK
6
CONTINUOUS
10
5.8453020078740154
20
-4.628701968503937
11
5.8484951574803148
21
-4.6308355511811019
0
LINE
8
BLACK
6
CONTINUOUS
10
5.8484951574803148
20
-4.6308355511811019
11
5.8506287401574806
21
-4.6340287007874013
0
LINE
8
BLACK
6
CONTINUOUS
10
5.8506287401574806
20
-4.6340287007874013
11
5.8513779527559056
21
-4.6377952755905509
0
LINE
8
BLACK
6
CONTINUOUS
10
5.8513779527559056
20
-4.6377952755905509
11
5.8513779527559056
21
-4.6643700787401574
0
LINE
8
BLACK
6
CONTINUOUS
10
5.8513779527559056
20
-4.6643700787401574
11
5.8506287401574806
21
-4.6681366535433071
0
LINE
8
BLACK
6
CONTINUOUS
10
5.8506287401574806
20
-4.6681366535433071
11
5.8484951574803148
21
-4.6713298031496064
0
LINE
8
BLACK
6
CONTINUOUS
10
5.8484951574803148
20
-4.6713298031496064
11
5.8453020078740154
21
-4.6734633858267713
0
LINE
8
BLACK
6
CONTINUOUS
10
5.8453020078740154
20
-4.6734633858267713
11
5.8415354330708658
21
-4.6742125984251963
0
LINE
8
BLACK
6
CONTINUOUS
10
5.8415354330708658
20
-4.6742125984251963
11
5.8041338582677167
21
-4.6742125984251963
0
LINE
8
BLACK
6
CONTINUOUS
10
5.8041338582677167
20
-4.6742125984251963
11
5.800367283464567
21
-4.6734633858267713
0
LINE
8
BLACK
6
CONTINUOUS
10
5.800367283464567
20
-4.6734633858267713
11
5.7971741338582676
21
-4.6713298031496064
0
LINE
8
BLACK
6
CONTINUOUS
10
5.7971741338582676
20
-4.6713298031496064
11
5.7950405511811018
21
-4.6681366535433071
0
LINE
8
BLACK
6
CONTINUOUS
10
5.7950405511811018
20
-4.6681366535433071
11
5.7942913385826769
21
-4.6643700787401574
0
LINE
8
BLACK
6
CONTINUOUS
10
5.7942913385826769
20
-4.6643700787401574
11
5.7942913385826769
21
-4.6377952755905509
0
LINE
8
BLACK
6
CONTINUOUS
10
5.7942913385826769
20
-4.6377952755905509
11
5.7950405511811018
21
-4.6340287007874013
0
LINE
8
BLACK
6
CONTINUOUS
10
5.7950405511811018
20
-4.6340287007874013
11
5.7971741338582676
21
-4.6308355511811019
0
LINE
8
BLACK
6
CONTINUOUS
10
5.7971741338582676
20
-4.6308355511811019
11
5.800367283464567
21
-4.628701968503937
0
LINE
8
BLACK
6
CONTINUOUS
10
5.800367283464567
20
-4.628701968503937
11
5.8041338582677167
21
-4.627952755905512
0
LINE
8
BLACK
6
CONTINUOUS
10
5.8041338582677167
20
-4.627952755905512
11
5.8415354330708658
21
-4.627952755905512
0
LINE
8
BLACK
6
CONTINUOUS
10
5.8415354330708658
20
-4.627952755905512
11
5.8453020078740154
21
-4.628701968503937
0
LINE
8
BLACK
6
CONTINUOUS
10
5.6769949212598423
20
-4.6227964566929129
11
5.6801880708661416
21
-4.6249300393700787
0
LINE
8
BLACK
6
CONTINUOUS
10
5.6801880708661416
20
-4.6249300393700787
11
5.6823216535433065
21
-4.6281231889763781
0
LINE
8
BLACK
6
CONTINUOUS
10
5.6823216535433065
20
-4.6281231889763781
11
5.6830708661417324
21
-4.6318897637795278
0
LINE
8
BLACK
6
CONTINUOUS
10
5.6830708661417324
20
-4.6318897637795278
11
5.6830708661417324
21
-4.6633858267716537
0
LINE
8
BLACK
6
CONTINUOUS
10
5.6830708661417324
20
-4.6633858267716537
11
5.6823216535433065
21
-4.6671524015748034
0
LINE
8
BLACK
6
CONTINUOUS
10
5.6823216535433065
20
-4.6671524015748034
11
5.6801880708661416
21
-4.6703455511811018
0
LINE
8
BLACK
6
CONTINUOUS
10
5.6801880708661416
20
-4.6703455511811018
11
5.6769949212598423
21
-4.6724791338582676
0
LINE
8
BLACK
6
CONTINUOUS
10
5.6769949212598423
20
-4.6724791338582676
11
5.6732283464566926
21
-4.6732283464566926
0
LINE
8
BLACK
6
CONTINUOUS
10
5.6732283464566926
20
-4.6732283464566926
11
5.6259842519685037
21
-4.6732283464566926
0
LINE
8
BLACK
6
CONTINUOUS
10
5.6259842519685037
20
-4.6732283464566926
11
5.622217677165354
21
-4.6724791338582676
0
LINE
8
BLACK
6
CONTINUOUS
10
5.622217677165354
20
-4.6724791338582676
11
5.6190245275590547
21
-4.6703455511811018
0
LINE
8
BLACK
6
CONTINUOUS
10
5.6190245275590547
20
-4.6703455511811018
11
5.6168909448818898
21
-4.6671524015748034
0
LINE
8
BLACK
6
CONTINUOUS
10
5.6168909448818898
20
-4.6671524015748034
11
5.6161417322834648
21
-4.6633858267716537
0
LINE
8
BLACK
6
CONTINUOUS
10
5.6161417322834648
20
-4.6633858267716537
11
5.6161417322834648
21
-4.6318897637795278
0
LINE
8
BLACK
6
CONTINUOUS
10
5.6161417322834648
20
-4.6318897637795278
11
5.6168909448818898
21
-4.6281231889763781
0
LINE
8
BLACK
6
CONTINUOUS
10
5.6168909448818898
20
-4.6281231889763781
11
5.6190245275590547
21
-4.6249300393700787
0
LINE
8
BLACK
6
CONTINUOUS
10
5.6190245275590547
20
-4.6249300393700787
11
5.622217677165354
21
-4.6227964566929129
0
LINE
8
BLACK
6
CONTINUOUS
10
5.622217677165354
20
-4.6227964566929129
11
5.6259842519685037
21
-4.622047244094488
0
LINE
8
BLACK
6
CONTINUOUS
10
5.6259842519685037
20
-4.622047244094488
11
5.6732283464566926
21
-4.622047244094488
0
LINE
8
BLACK
6
CONTINUOUS
10
5.6732283464566926
20
-4.622047244094488
11
5.6769949212598423
21
-4.6227964566929129
0
LINE
8
BLACK
6
CONTINUOUS
10
6.1963931889763781
20
-4.6104558661417325
11
6.1994266929133861
21
-4.6124827559055115
0
LINE
8
BLACK
6
CONTINUOUS
10
6.1994266929133861
20
-4.6124827559055115
11
6.2014535826771651
21
-4.6155162598425195
0
LINE
8
BLACK
6
CONTINUOUS
10
6.2014535826771651
20
-4.6155162598425195
11
6.2021653543307087
21
-4.6190944881889759
0
LINE
8
BLACK
6
CONTINUOUS
10
6.2021653543307087
20
-4.6190944881889759
11
6.2021653543307087
21
-4.6377952755905509
0
LINE
8
BLACK
6
CONTINUOUS
10
6.2021653543307087
20
-4.6377952755905509
11
6.2014535826771651
21
-4.6413735039370074
0
LINE
8
BLACK
6
CONTINUOUS
10
6.2014535826771651
20
-4.6413735039370074
11
6.1994266929133861
21
-4.6444070078740154
0
LINE
8
BLACK
6
CONTINUOUS
10
6.1994266929133861
20
-4.6444070078740154
11
6.1963931889763781
21
-4.6464338976377952
0
LINE
8
BLACK
6
CONTINUOUS
10
6.1963931889763781
20
-4.6464338976377952
11
6.1928149606299208
21
-4.6471456692913389
0
LINE
8
BLACK
6
CONTINUOUS
10
6.1928149606299208
20
-4.6471456692913389
11
6.1731299212598421
21
-4.6471456692913389
0
LINE
8
BLACK
6
CONTINUOUS
10
6.1731299212598421
20
-4.6471456692913389
11
6.1695516929133856
21
-4.6464338976377952
0
LINE
8
BLACK
6
CONTINUOUS
10
6.1695516929133856
20
-4.6464338976377952
11
6.1665181889763776
21
-4.6444070078740154
0
LINE
8
BLACK
6
CONTINUOUS
10
6.1665181889763776
20
-4.6444070078740154
11
6.1644912992125986
21
-4.6413735039370074
0
LINE
8
BLACK
6
CONTINUOUS
10
6.1644912992125986
20
-4.6413735039370074
11
6.163779527559055
21
-4.6377952755905509
0
LINE
8
BLACK
6
CONTINUOUS
10
6.163779527559055
20
-4.6377952755905509
11
6.163779527559055
21
-4.6190944881889759
0
LINE
8
BLACK
6
CONTINUOUS
10
6.163779527559055
20
-4.6190944881889759
11
6.1644912992125986
21
-4.6155162598425195
0
LINE
8
BLACK
6
CONTINUOUS
10
6.1644912992125986
20
-4.6155162598425195
11
6.1665181889763776
21
-4.6124827559055115
0
LINE
8
BLACK
6
CONTINUOUS
10
6.1665181889763776
20
-4.6124827559055115
11
6.1695516929133856
21
-4.6104558661417325
0
LINE
8
BLACK
6
CONTINUOUS
10
6.1695516929133856
20
-4.6104558661417325
11
6.1731299212598421
21
-4.6097440944881889
0
LINE
8
BLACK
6
CONTINUOUS
10
6.1731299212598421
20
-4.6097440944881889
11
6.1928149606299208
21
-4.6097440944881889
0
LINE
8
BLACK
6
CONTINUOUS
10
6.1928149606299208
20
-4.6097440944881889
11
6.1963931889763781
21
-4.6104558661417325
0
LINE
8
BLACK
6
CONTINUOUS
10
6.2682435826771652
20
-4.6104558661417325
11
6.2712770866141732
21
-4.6124827559055115
0
LINE
8
BLACK
6
CONTINUOUS
10
6.2712770866141732
20
-4.6124827559055115
11
6.273303976377953
21
-4.6155162598425195
0
LINE
8
BLACK
6
CONTINUOUS
10
6.273303976377953
20
-4.6155162598425195
11
6.2740157480314958
21
-4.6190944881889759
0
LINE
8
BLACK
6
CONTINUOUS
10
6.2740157480314958
20
-4.6190944881889759
11
6.2740157480314958
21
-4.6377952755905509
0
LINE
8
BLACK
6
CONTINUOUS
10
6.2740157480314958
20
-4.6377952755905509
11
6.273303976377953
21
-4.6413735039370074
0
LINE
8
BLACK
6
CONTINUOUS
10
6.273303976377953
20
-4.6413735039370074
11
6.2712770866141732
21
-4.6444070078740154
0
LINE
8
BLACK
6
CONTINUOUS
10
6.2712770866141732
20
-4.6444070078740154
11
6.2682435826771652
21
-4.6464338976377952
0
LINE
8
BLACK
6
CONTINUOUS
10
6.2682435826771652
20
-4.6464338976377952
11
6.2646653543307087
21
-4.6471456692913389
0
LINE
8
BLACK
6
CONTINUOUS
10
6.2646653543307087
20
-4.6471456692913389
11
6.24498031496063
21
-4.6471456692913389
0
LINE
8
BLACK
6
CONTINUOUS
10
6.24498031496063
20
-4.6471456692913389
11
6.2414020866141735
21
-4.6464338976377952
0
LINE
8
BLACK
6
CONTINUOUS
10
6.2414020866141735
20
-4.6464338976377952
11
6.2383685826771655
21
-4.6444070078740154
0
LINE
8
BLACK
6
CONTINUOUS
10
6.2383685826771655
20
-4.6444070078740154
11
6.2363416929133857
21
-4.6413735039370074
0
LINE
8
BLACK
6
CONTINUOUS
10
6.2363416929133857
20
-4.6413735039370074
11
6.2356299212598421
21
-4.6377952755905509
0
LINE
8
BLACK
6
CONTINUOUS
10
6.2356299212598421
20
-4.6377952755905509
11
6.2356299212598421
21
-4.6190944881889759
0
LINE
8
BLACK
6
CONTINUOUS
10
6.2356299212598421
20
-4.6190944881889759
11
6.2363416929133857
21
-4.6155162598425195
0
LINE
8
BLACK
6
CONTINUOUS
10
6.2363416929133857
20
-4.6155162598425195
11
6.2383685826771655
21
-4.6124827559055115
0
LINE
8
BLACK
6
CONTINUOUS
10
6.2383685826771655
20
-4.6124827559055115
11
6.2414020866141735
21
-4.6104558661417325
0
LINE
8
BLACK
6
CONTINUOUS
10
6.2414020866141735
20
-4.6104558661417325
11
6.24498031496063
21
-4.6097440944881889
0
LINE
8
BLACK
6
CONTINUOUS
10
6.24498031496063
20
-4.6097440944881889
11
6.2646653543307087
21
-4.6097440944881889
0
LINE
8
BLACK
6
CONTINUOUS
10
6.2646653543307087
20
-4.6097440944881889
11
6.2682435826771652
21
-4.6104558661417325
0
LINE
8
BLACK
6
CONTINUOUS
10
6.1177693700787401
20
-4.6087818897637796
11
6.1222197244094483
21
-4.6113512992125987
0
LINE
8
BLACK
6
CONTINUOUS
10
6.1222197244094483
20
-4.6113512992125987
11
6.1258534251968504
21
-4.6149849999999999
0
LINE
8
BLACK
6
CONTINUOUS
10
6.1258534251968504
20
-4.6149849999999999
11
6.1284228346456695
21
-4.619435354330709
0
LINE
8
BLACK
6
CONTINUOUS
10
6.1284228346456695
20
-4.619435354330709
11
6.1297528346456689
21
-4.6243990944881892
0
LINE
8
BLACK
6
CONTINUOUS
10
6.1297528346456689
20
-4.6243990944881892
11
6.1297528346456689
21
-4.6295379133858265
0
LINE
8
BLACK
6
CONTINUOUS
10
6.1297528346456689
20
-4.6295379133858265
11
6.1284228346456695
21
-4.6345016535433068
0
LINE
8
BLACK
6
CONTINUOUS
10
6.1284228346456695
20
-4.6345016535433068
11
6.1258534251968504
21
-4.6389520078740158
0
LINE
8
BLACK
6
CONTINUOUS
10
6.1258534251968504
20
-4.6389520078740158
11
6.1222197244094483
21
-4.6425857086614171
0
LINE
8
BLACK
6
CONTINUOUS
10
6.1222197244094483
20
-4.6425857086614171
11
6.1177693700787401
21
-4.6451551181102362
0
LINE
8
BLACK
6
CONTINUOUS
10
6.1177693700787401
20
-4.6451551181102362
11
6.1128056299212599
21
-4.6464851181102365
0
LINE
8
BLACK
6
CONTINUOUS
10
6.1128056299212599
20
-4.6464851181102365
11
6.1076668110236216
21
-4.6464851181102365
0
LINE
8
BLACK
6
CONTINUOUS
10
6.1076668110236216
20
-4.6464851181102365
11
6.1027030708661414
21
-4.6451551181102362
0
LINE
8
BLACK
6
CONTINUOUS
10
6.1027030708661414
20
-4.6451551181102362
11
6.0982527165354332
21
-4.6425857086614171
0
LINE
8
BLACK
6
CONTINUOUS
10
6.0982527165354332
20
-4.6425857086614171
11
6.0946190157480311
21
-4.6389520078740158
0
LINE
8
BLACK
6
CONTINUOUS
10
6.0946190157480311
20
-4.6389520078740158
11
6.0920496062992129
21
-4.6345016535433068
0
LINE
8
BLACK
6
CONTINUOUS
10
6.0920496062992129
20
-4.6345016535433068
11
6.0907196062992126
21
-4.6295379133858265
0
LINE
8
BLACK
6
CONTINUOUS
10
6.0907196062992126
20
-4.6295379133858265
11
6.0907196062992126
21
-4.6243990944881892
0
LINE
8
BLACK
6
CONTINUOUS
10
6.0907196062992126
20
-4.6243990944881892
11
6.0920496062992129
21
-4.619435354330709
0
LINE
8
BLACK
6
CONTINUOUS
10
6.0920496062992129
20
-4.619435354330709
11
6.0946190157480311
21
-4.6149849999999999
0
LINE
8
BLACK
6
CONTINUOUS
10
6.0946190157480311
20
-4.6149849999999999
11
6.0982527165354332
21
-4.6113512992125987
0
LINE
8
BLACK
6
CONTINUOUS
10
6.0982527165354332
20
-4.6113512992125987
11
6.1027030708661414
21
-4.6087818897637796
0
LINE
8
BLACK
6
CONTINUOUS
10
6.1027030708661414
20
-4.6087818897637796
11
6.1076668110236216
21
-4.6074518897637793
0
LINE
8
BLACK
6
CONTINUOUS
10
6.1076668110236216
20
-4.6074518897637793
11
6.1128056299212599
21
-4.6074518897637793
0
LINE
8
BLACK
6
CONTINUOUS
10
6.1128056299212599
20
-4.6074518897637793
11
6.1177693700787401
21
-4.6087818897637796
0
LINE
8
BLACK
6
CONTINUOUS
10
5.3318262598425195
20
-4.6001212204724409
11
5.3348597637795274
21
-4.6021481102362207
0
LINE
8
BLACK
6
CONTINUOUS
10
5.3348597637795274
20
-4.6021481102362207
11
5.3368866535433073
21
-4.6051816141732278
0
LINE
8
BLACK
6
CONTINUOUS
10
5.3368866535433073
20
-4.6051816141732278
11
5.33759842519685
21
-4.6087598425196852
0
LINE
8
BLACK
6
CONTINUOUS
10
5.33759842519685
20
-4.6087598425196852
11
5.33759842519685
21
-4.6274606299212602
0
LINE
8
BLACK
6
CONTINUOUS
10
5.33759842519685
20
-4.6274606299212602
11
5.3368866535433073
21
-4.6310388582677167
0
LINE
8
BLACK
6
CONTINUOUS
10
5.3368866535433073
20
-4.6310388582677167
11
5.3348597637795274
21
-4.6340723622047246
0
LINE
8
BLACK
6
CONTINUOUS
10
5.3348597637795274
20
-4.6340723622047246
11
5.3318262598425195
21
-4.6360992519685036
0
LINE
8
BLACK
6
CONTINUOUS
10
5.3318262598425195
20
-4.6360992519685036
11
5.328248031496063
21
-4.6368110236220472
0
LINE
8
BLACK
6
CONTINUOUS
10
5.328248031496063
20
-4.6368110236220472
11
5.3085629921259843
21
-4.6368110236220472
0
LINE
8
BLACK
6
CONTINUOUS
10
5.3085629921259843
20
-4.6368110236220472
11
5.3049847637795278
21
-4.6360992519685036
0
LINE
8
BLACK
6
CONTINUOUS
10
5.3049847637795278
20
-4.6360992519685036
11
5.3019512598425198
21
-4.6340723622047246
0
LINE
8
BLACK
6
CONTINUOUS
10
5.3019512598425198
20
-4.6340723622047246
11
5.29992437007874
21
-4.6310388582677167
0
LINE
8
BLACK
6
CONTINUOUS
10
5.29992437007874
20
-4.6310388582677167
11
5.2992125984251963
21
-4.6274606299212602
0
LINE
8
BLACK
6
CONTINUOUS
10
5.2992125984251963
20
-4.6274606299212602
11
5.2992125984251963
21
-4.6087598425196852
0
LINE
8
BLACK
6
CONTINUOUS
10
5.2992125984251963
20
-4.6087598425196852
11
5.29992437007874
21
-4.6051816141732278
0
LINE
8
BLACK
6
CONTINUOUS
10
5.29992437007874
20
-4.6051816141732278
11
5.3019512598425198
21
-4.6021481102362207
0
LINE
8
BLACK
6
CONTINUOUS
10
5.3019512598425198
20
-4.6021481102362207
11
5.3049847637795278
21
-4.6001212204724409
0
LINE
8
BLACK
6
CONTINUOUS
10
5.3049847637795278
20
-4.6001212204724409
11
5.3085629921259843
21
-4.5994094488188972
0
LINE
8
BLACK
6
CONTINUOUS
10
5.3085629921259843
20
-4.5994094488188972
11
5.328248031496063
21
-4.5994094488188972
0
LINE
8
BLACK
6
CONTINUOUS
10
5.328248031496063
20
-4.5994094488188972
11
5.3318262598425195
21
-4.6001212204724409
0
LINE
8
BLACK
6
CONTINUOUS
10
5.4036766535433074
20
-4.6001212204724409
11
5.4067101574803145
21
-4.6021481102362207
0
LINE
8
BLACK
6
CONTINUOUS
10
5.4067101574803145
20
-4.6021481102362207
11
5.4087370472440943
21
-4.6051816141732278
0
LINE
8
BLACK
6
CONTINUOUS
10
5.4087370472440943
20
-4.6051816141732278
11
5.409448818897638
21
-4.6087598425196852
0
LINE
8
BLACK
6
CONTINUOUS
10
5.409448818897638
20
-4.6087598425196852
11
5.409448818897638
21
-4.6274606299212602
0
LINE
8
BLACK
6
CONTINUOUS
10
5.409448818897638
20
-4.6274606299212602
11
5.4087370472440943
21
-4.6310388582677167
0
LINE
8
BLACK
6
CONTINUOUS
10
5.4087370472440943
20
-4.6310388582677167
11
5.4067101574803145
21
-4.6340723622047246
0
LINE
8
BLACK
6
CONTINUOUS
10
5.4067101574803145
20
-4.6340723622047246
11
5.4036766535433074
21
-4.6360992519685036
0
LINE
8
BLACK
6
CONTINUOUS
10
5.4036766535433074
20
-4.6360992519685036
11
5.40009842519685
21
-4.6368110236220472
0
LINE
8
BLACK
6
CONTINUOUS
10
5.40009842519685
20
-4.6368110236220472
11
5.3804133858267713
21
-4.6368110236220472
0
LINE
8
BLACK
6
CONTINUOUS
10
5.3804133858267713
20
-4.6368110236220472
11
5.3768351574803148
21
-4.6360992519685036
0
LINE
8
BLACK
6
CONTINUOUS
10
5.3768351574803148
20
-4.6360992519685036
11
5.3738016535433069
21
-4.6340723622047246
0
LINE
8
BLACK
6
CONTINUOUS
10
5.3738016535433069
20
-4.6340723622047246
11
5.371774763779527
21
-4.6310388582677167
0
LINE
8
BLACK
6
CONTINUOUS
10
5.371774763779527
20
-4.6310388582677167
11
5.3710629921259843
21
-4.6274606299212602
0
LINE
8
BLACK
6
CONTINUOUS
10
5.3710629921259843
20
-4.6274606299212602
11
5.3710629921259843
21
-4.6087598425196852
0
LINE
8
BLACK
6
CONTINUOUS
10
5.3710629921259843
20
-4.6087598425196852
11
5.371774763779527
21
-4.6051816141732278
0
LINE
8
BLACK
6
CONTINUOUS
10
5.371774763779527
20
-4.6051816141732278
11
5.3738016535433069
21
-4.6021481102362207
0
LINE
8
BLACK
6
CONTINUOUS
10
5.3738016535433069
20
-4.6021481102362207
11
5.3768351574803148
21
-4.6001212204724409
0
LINE
8
BLACK
6
CONTINUOUS
10
5.3768351574803148
20
-4.6001212204724409
11
5.3804133858267713
21
-4.5994094488188972
0
LINE
8
BLACK
6
CONTINUOUS
10
5.3804133858267713
20
-4.5994094488188972
11
5.40009842519685
21
-4.5994094488188972
0
LINE
8
BLACK
6
CONTINUOUS
10
5.40009842519685
20
-4.5994094488188972
11
5.4036766535433074
21
-4.6001212204724409
0
LINE
8
BLACK
6
CONTINUOUS
10
5.0193700787401569
20
-4.6067716535433068
11
4.9593700787401573
21
-4.6067716535433068
0
LINE
8
BLACK
6
CONTINUOUS
10
4.9593700787401573
20
-4.6067716535433068
11
4.9593700787401573
21
-4.5467716535433071
0
LINE
8
BLACK
6
CONTINUOUS
10
4.9593700787401573
20
-4.5467716535433071
11
5.0193700787401569
21
-4.5467716535433071
0
LINE
8
BLACK
6
CONTINUOUS
10
5.0193700787401569
20
-4.5467716535433071
11
5.0193700787401569
21
-4.6067716535433068
0
LINE
8
BLACK
6
CONTINUOUS
10
5.1193700787401575
20
-4.6067716535433068
11
5.059370078740157
21
-4.6067716535433068
0
LINE
8
BLACK
6
CONTINUOUS
10
5.059370078740157
20
-4.6067716535433068
11
5.059370078740157
21
-4.5467716535433071
0
LINE
8
BLACK
6
CONTINUOUS
10
5.059370078740157
20
-4.5467716535433071
11
5.1193700787401575
21
-4.5467716535433071
0
LINE
8
BLACK
6
CONTINUOUS
10
5.1193700787401575
20
-4.5467716535433071
11
5.1193700787401575
21
-4.6067716535433068
0
LINE
8
BLACK
6
CONTINUOUS
10
5.7626248425196849
20
-4.5470090551181102
11
5.7658179921259842
21
-4.5491426377952751
0
LINE
8
BLACK
6
CONTINUOUS
10
5.7658179921259842
20
-4.5491426377952751
11
5.7679515748031491
21
-4.5523357874015744
0
LINE
8
BLACK
6
CONTINUOUS
10
5.7679515748031491
20
-4.5523357874015744
11
5.768700787401575
21
-4.5561023622047241
0
LINE
8
BLACK
6
CONTINUOUS
10
5.768700787401575
20
-4.5561023622047241
11
5.768700787401575
21
-4.5826771653543306
0
LINE
8
BLACK
6
CONTINUOUS
10
5.768700787401575
20
-4.5826771653543306
11
5.7679515748031491
21
-4.5864437401574802
0
LINE
8
BLACK
6
CONTINUOUS
10
5.7679515748031491
20
-4.5864437401574802
11
5.7658179921259842
21
-4.5896368897637796
0
LINE
8
BLACK
6
CONTINUOUS
10
5.7658179921259842
20
-4.5896368897637796
11
5.7626248425196849
21
-4.5917704724409445
0
LINE
8
BLACK
6
CONTINUOUS
10
5.7626248425196849
20
-4.5917704724409445
11
5.7588582677165352
21
-4.5925196850393704
0
LINE
8
BLACK
6
CONTINUOUS
10
5.7588582677165352
20
-4.5925196850393704
11
5.7214566929133861
21
-4.5925196850393704
0
LINE
8
BLACK
6
CONTINUOUS
10
5.7214566929133861
20
-4.5925196850393704
11
5.7176901181102364
21
-4.5917704724409445
0
LINE
8
BLACK
6
CONTINUOUS
10
5.7176901181102364
20
-4.5917704724409445
11
5.7144969685039371
21
-4.5896368897637796
0
LINE
8
BLACK
6
CONTINUOUS
10
5.7144969685039371
20
-4.5896368897637796
11
5.7123633858267713
21
-4.5864437401574802
0
LINE
8
BLACK
6
CONTINUOUS
10
5.7123633858267713
20
-4.5864437401574802
11
5.7116141732283463
21
-4.5826771653543306
0
LINE
8
BLACK
6
CONTINUOUS
10
5.7116141732283463
20
-4.5826771653543306
11
5.7116141732283463
21
-4.5561023622047241
0
LINE
8
BLACK
6
CONTINUOUS
10
5.7116141732283463
20
-4.5561023622047241
11
5.7123633858267713
21
-4.5523357874015744
0
LINE
8
BLACK
6
CONTINUOUS
10
5.7123633858267713
20
-4.5523357874015744
11
5.7144969685039371
21
-4.5491426377952751
0
LINE
8
BLACK
6
CONTINUOUS
10
5.7144969685039371
20
-4.5491426377952751
11
5.7176901181102364
21
-4.5470090551181102
0
LINE
8
BLACK
6
CONTINUOUS
10
5.7176901181102364
20
-4.5470090551181102
11
5.7214566929133861
21
-4.5462598425196852
0
LINE
8
BLACK
6
CONTINUOUS
10
5.7214566929133861
20
-4.5462598425196852
11
5.7588582677165352
21
-4.5462598425196852
0
LINE
8
BLACK
6
CONTINUOUS
10
5.7588582677165352
20
-4.5462598425196852
11
5.7626248425196849
21
-4.5470090551181102
0
LINE
8
BLACK
6
CONTINUOUS
10
5.8453020078740154
20
-4.5470090551181102
11
5.8484951574803148
21
-4.5491426377952751
0
LINE
8
BLACK
6
CONTINUOUS
10
5.8484951574803148
20
-4.5491426377952751
11
5.8506287401574806
21
-4.5523357874015744
0
LINE
8
BLACK
6
CONTINUOUS
10
5.8506287401574806
20
-4.5523357874015744
11
5.8513779527559056
21
-4.5561023622047241
0
LINE
8
BLACK
6
CONTINUOUS
10
5.8513779527559056
20
-4.5561023622047241
11
5.8513779527559056
21
-4.5826771653543306
0
LINE
8
BLACK
6
CONTINUOUS
10
5.8513779527559056
20
-4.5826771653543306
11
5.8506287401574806
21
-4.5864437401574802
0
LINE
8
BLACK
6
CONTINUOUS
10
5.8506287401574806
20
-4.5864437401574802
11
5.8484951574803148
21
-4.5896368897637796
0
LINE
8
BLACK
6
CONTINUOUS
10
5.8484951574803148
20
-4.5896368897637796
11
5.8453020078740154
21
-4.5917704724409445
0
LINE
8
BLACK
6
CONTINUOUS
10
5.8453020078740154
20
-4.5917704724409445
11
5.8415354330708658
21
-4.5925196850393704
0
LINE
8
BLACK
6
CONTINUOUS
10
5.8415354330708658
20
-4.5925196850393704
11
5.8041338582677167
21
-4.5925196850393704
0
LINE
8
BLACK
6
CONTINUOUS
10
5.8041338582677167
20
-4.5925196850393704
11
5.800367283464567
21
-4.5917704724409445
0
LINE
8
BLACK
6
CONTINUOUS
10
5.800367283464567
20
-4.5917704724409445
11
5.7971741338582676
21
-4.5896368897637796
0
LINE
8
BLACK
6
CONTINUOUS
10
5.7971741338582676
20
-4.5896368897637796
11
5.7950405511811018
21
-4.5864437401574802
0
LINE
8
BLACK
6
CONTINUOUS
10
5.7950405511811018
20
-4.5864437401574802
11
5.7942913385826769
21
-4.5826771653543306
0
LINE
8
BLACK
6
CONTINUOUS
10
5.7942913385826769
20
-4.5826771653543306
11
5.7942913385826769
21
-4.5561023622047241
0
LINE
8
BLACK
6
CONTINUOUS
10
5.7942913385826769
20
-4.5561023622047241
11
5.7950405511811018
21
-4.5523357874015744
0
LINE
8
BLACK
6
CONTINUOUS
10
5.7950405511811018
20
-4.5523357874015744
11
5.7971741338582676
21
-4.5491426377952751
0
LINE
8
BLACK
6
CONTINUOUS
10
5.7971741338582676
20
-4.5491426377952751
11
5.800367283464567
21
-4.5470090551181102
0
LINE
8
BLACK
6
CONTINUOUS
10
5.800367283464567
20
-4.5470090551181102
11
5.8041338582677167
21
-4.5462598425196852
0
LINE
8
BLACK
6
CONTINUOUS
10
5.8041338582677167
20
-4.5462598425196852
11
5.8415354330708658
21
-4.5462598425196852
0
LINE
8
BLACK
6
CONTINUOUS
10
5.8415354330708658
20
-4.5462598425196852
11
5.8453020078740154
21
-4.5470090551181102
0
LINE
8
BLACK
6
CONTINUOUS
10
6.2465853543307084
20
-4.5106343307086609
11
6.2478626377952757
21
-4.5114877559055113
0
LINE
8
BLACK
6
CONTINUOUS
10
6.2478626377952757
20
-4.5114877559055113
11
6.2487160629921261
21
-4.5127650393700787
0
LINE
8
BLACK
6
CONTINUOUS
10
6.2487160629921261
20
-4.5127650393700787
11
6.2490157480314963
21
-4.5142716535433074
0
LINE
8
BLACK
6
CONTINUOUS
10
6.2490157480314963
20
-4.5142716535433074
11
6.2490157480314963
21
-4.5703740157480315
0
LINE
8
BLACK
6
CONTINUOUS
10
6.2490157480314963
20
-4.5703740157480315
11
6.2487160629921261
21
-4.5718806299212593
0
LINE
8
BLACK
6
CONTINUOUS
10
6.2487160629921261
20
-4.5718806299212593
11
6.2478626377952757
21
-4.5731579133858267
0
LINE
8
BLACK
6
CONTINUOUS
10
6.2478626377952757
20
-4.5731579133858267
11
6.2465853543307084
21
-4.5740113385826771
0
LINE
8
BLACK
6
CONTINUOUS
10
6.2465853543307084
20
-4.5740113385826771
11
6.2450787401574805
21
-4.5743110236220472
0
LINE
8
BLACK
6
CONTINUOUS
10
6.2450787401574805
20
-4.5743110236220472
11
6.2372047244094491
21
-4.5743110236220472
0
LINE
8
BLACK
6
CONTINUOUS
10
6.2372047244094491
20
-4.5743110236220472
11
6.2356981102362203
21
-4.5740113385826771
0
LINE
8
BLACK
6
CONTINUOUS
10
6.2356981102362203
20
-4.5740113385826771
11
6.234420826771653
21
-4.5731579133858267
0
LINE
8
BLACK
6
CONTINUOUS
10
6.234420826771653
20
-4.5731579133858267
11
6.2335674015748026
21
-4.5718806299212593
0
LINE
8
BLACK
6
CONTINUOUS
10
6.2335674015748026
20
-4.5718806299212593
11
6.2332677165354333
21
-4.5703740157480315
0
LINE
8
BLACK
6
CONTINUOUS
10
6.2332677165354333
20
-4.5703740157480315
11
6.2332677165354333
21
-4.5142716535433074
0
LINE
8
BLACK
6
CONTINUOUS
10
6.2332677165354333
20
-4.5142716535433074
11
6.2335674015748026
21
-4.5127650393700787
0
LINE
8
BLACK
6
CONTINUOUS
10
6.2335674015748026
20
-4.5127650393700787
11
6.234420826771653
21
-4.5114877559055113
0
LINE
8
BLACK
6
CONTINUOUS
10
6.234420826771653
20
-4.5114877559055113
11
6.2356981102362203
21
-4.5106343307086609
0
LINE
8
BLACK
6
CONTINUOUS
10
6.2356981102362203
20
-4.5106343307086609
11
6.2372047244094491
21
-4.5103346456692917
0
LINE
8
BLACK
6
CONTINUOUS
10
6.2372047244094491
20
-4.5103346456692917
11
6.2450787401574805
21
-4.5103346456692917
0
LINE
8
BLACK
6
CONTINUOUS
10
6.2450787401574805
20
-4.5103346456692917
11
6.2465853543307084
21
-4.5106343307086609
0
LINE
8
BLACK
6
CONTINUOUS
10
6.2721759055118111
20
-4.5106343307086609
11
6.2734531889763776
21
-4.5114877559055113
0
LINE
8
BLACK
6
CONTINUOUS
10
6.2734531889763776
20
-4.5114877559055113
11
6.274306614173228
21
-4.5127650393700787
0
LINE
8
BLACK
6
CONTINUOUS
10
6.274306614173228
20
-4.5127650393700787
11
6.2746062992125982
21
-4.5142716535433074
0
LINE
8
BLACK
6
CONTINUOUS
10
6.2746062992125982
20
-4.5142716535433074
11
6.2746062992125982
21
-4.5703740157480315
0
LINE
8
BLACK
6
CONTINUOUS
10
6.2746062992125982
20
-4.5703740157480315
11
6.274306614173228
21
-4.5718806299212593
0
LINE
8
BLACK
6
CONTINUOUS
10
6.274306614173228
20
-4.5718806299212593
11
6.2734531889763776
21
-4.5731579133858267
0
LINE
8
BLACK
6
CONTINUOUS
10
6.2734531889763776
20
-4.5731579133858267
11
6.2721759055118111
21
-4.5740113385826771
0
LINE
8
BLACK
6
CONTINUOUS
10
6.2721759055118111
20
-4.5740113385826771
11
6.2706692913385824
21
-4.5743110236220472
0
LINE
8
BLACK
6
CONTINUOUS
10
6.2706692913385824
20
-4.5743110236220472
11
6.2627952755905509
21
-4.5743110236220472
0
LINE
8
BLACK
6
CONTINUOUS
10
6.2627952755905509
20
-4.5743110236220472
11
6.2612886614173231
21
-4.5740113385826771
0
LINE
8
BLACK
6
CONTINUOUS
10
6.2612886614173231
20
-4.5740113385826771
11
6.2600113779527558
21
-4.5731579133858267
0
LINE
8
BLACK
6
CONTINUOUS
10
6.2600113779527558
20
-4.5731579133858267
11
6.2591579527559054
21
-4.5718806299212593
0
LINE
8
BLACK
6
CONTINUOUS
10
6.2591579527559054
20
-4.5718806299212593
11
6.2588582677165352
21
-4.5703740157480315
0
LINE
8
BLACK
6
CONTINUOUS
10
6.2588582677165352
20
-4.5703740157480315
11
6.2588582677165352
21
-4.5142716535433074
0
LINE
8
BLACK
6
CONTINUOUS
10
6.2588582677165352
20
-4.5142716535433074
11
6.2591579527559054
21
-4.5127650393700787
0
LINE
8
BLACK
6
CONTINUOUS
10
6.2591579527559054
20
-4.5127650393700787
11
6.2600113779527558
21
-4.5114877559055113
0
LINE
8
BLACK
6
CONTINUOUS
10
6.2600113779527558
20
-4.5114877559055113
11
6.2612886614173231
21
-4.5106343307086609
0
LINE
8
BLACK
6
CONTINUOUS
10
6.2612886614173231
20
-4.5106343307086609
11
6.2627952755905509
21
-4.5103346456692917
0
LINE
8
BLACK
6
CONTINUOUS
10
6.2627952755905509
20
-4.5103346456692917
11
6.2706692913385824
21
-4.5103346456692917
0
LINE
8
BLACK
6
CONTINUOUS
10
6.2706692913385824
20
-4.5103346456692917
11
6.2721759055118111
21
-4.5106343307086609
0
LINE
8
BLACK
6
CONTINUOUS
10
6.297766456692913
20
-4.5106343307086609
11
6.2990437401574804
21
-4.5114877559055113
0
LINE
8
BLACK
6
CONTINUOUS
10
6.2990437401574804
20
-4.5114877559055113
11
6.2998971653543308
21
-4.5127650393700787
0
LINE
8
BLACK
6
CONTINUOUS
10
6.2998971653543308
20
-4.5127650393700787
11
6.3001968503937009
21
-4.5142716535433074
0
LINE
8
BLACK
6
CONTINUOUS
10
6.3001968503937009
20
-4.5142716535433074
11
6.3001968503937009
21
-4.5703740157480315
0
LINE
8
BLACK
6
CONTINUOUS
10
6.3001968503937009
20
-4.5703740157480315
11
6.2998971653543308
21
-4.5718806299212593
0
LINE
8
BLACK
6
CONTINUOUS
10
6.2998971653543308
20
-4.5718806299212593
11
6.2990437401574804
21
-4.5731579133858267
0
LINE
8
BLACK
6
CONTINUOUS
10
6.2990437401574804
20
-4.5731579133858267
11
6.297766456692913
21
-4.5740113385826771
0
LINE
8
BLACK
6
CONTINUOUS
10
6.297766456692913
20
-4.5740113385826771
11
6.2962598425196852
21
-4.5743110236220472
0
LINE
8
BLACK
6
CONTINUOUS
10
6.2962598425196852
20
-4.5743110236220472
11
6.2883858267716537
21
-4.5743110236220472
0
LINE
8
BLACK
6
CONTINUOUS
10
6.2883858267716537
20
-4.5743110236220472
11
6.286879212598425
21
-4.5740113385826771
0
LINE
8
BLACK
6
CONTINUOUS
10
6.286879212598425
20
-4.5740113385826771
11
6.2856019291338585
21
-4.5731579133858267
0
LINE
8
BLACK
6
CONTINUOUS
10
6.2856019291338585
20
-4.5731579133858267
11
6.2847485039370081
21
-4.5718806299212593
0
LINE
8
BLACK
6
CONTINUOUS
10
6.2847485039370081
20
-4.5718806299212593
11
6.284448818897638
21
-4.5703740157480315
0
LINE
8
BLACK
6
CONTINUOUS
10
6.284448818897638
20
-4.5703740157480315
11
6.284448818897638
21
-4.5142716535433074
0
LINE
8
BLACK
6
CONTINUOUS
10
6.284448818897638
20
-4.5142716535433074
11
6.2847485039370081
21
-4.5127650393700787
0
LINE
8
BLACK
6
CONTINUOUS
10
6.2847485039370081
20
-4.5127650393700787
11
6.2856019291338585
21
-4.5114877559055113
0
LINE
8
BLACK
6
CONTINUOUS
10
6.2856019291338585
20
-4.5114877559055113
11
6.286879212598425
21
-4.5106343307086609
0
LINE
8
BLACK
6
CONTINUOUS
10
6.286879212598425
20
-4.5106343307086609
11
6.2883858267716537
21
-4.5103346456692917
0
LINE
8
BLACK
6
CONTINUOUS
10
6.2883858267716537
20
-4.5103346456692917
11
6.2962598425196852
21
-4.5103346456692917
0
LINE
8
BLACK
6
CONTINUOUS
10
6.2962598425196852
20
-4.5103346456692917
11
6.297766456692913
21
-4.5106343307086609
0
LINE
8
BLACK
6
CONTINUOUS
10
6.3233570078740158
20
-4.5106343307086609
11
6.3246342913385822
21
-4.5114877559055113
0
LINE
8
BLACK
6
CONTINUOUS
10
6.3246342913385822
20
-4.5114877559055113
11
6.3254877165354326
21
-4.5127650393700787
0
LINE
8
BLACK
6
CONTINUOUS
10
6.3254877165354326
20
-4.5127650393700787
11
6.3257874015748028
21
-4.5142716535433074
0
LINE
8
BLACK
6
CONTINUOUS
10
6.3257874015748028
20
-4.5142716535433074
11
6.3257874015748028
21
-4.5703740157480315
0
LINE
8
BLACK
6
CONTINUOUS
10
6.3257874015748028
20
-4.5703740157480315
11
6.3254877165354326
21
-4.5718806299212593
0
LINE
8
BLACK
6
CONTINUOUS
10
6.3254877165354326
20
-4.5718806299212593
11
6.3246342913385822
21
-4.5731579133858267
0
LINE
8
BLACK
6
CONTINUOUS
10
6.3246342913385822
20
-4.5731579133858267
11
6.3233570078740158
21
-4.5740113385826771
0
LINE
8
BLACK
6
CONTINUOUS
10
6.3233570078740158
20
-4.5740113385826771
11
6.3218503937007871
21
-4.5743110236220472
0
LINE
8
BLACK
6
CONTINUOUS
10
6.3218503937007871
20
-4.5743110236220472
11
6.3139763779527556
21
-4.5743110236220472
0
LINE
8
BLACK
6
CONTINUOUS
10
6.3139763779527556
20
-4.5743110236220472
11
6.3124697637795277
21
-4.5740113385826771
0
LINE
8
BLACK
6
CONTINUOUS
10
6.3124697637795277
20
-4.5740113385826771
11
6.3111924803149604
21
-4.5731579133858267
0
LINE
8
BLACK
6
CONTINUOUS
10
6.3111924803149604
20
-4.5731579133858267
11
6.31033905511811
21
-4.5718806299212593
0
LINE
8
BLACK
6
CONTINUOUS
10
6.31033905511811
20
-4.5718806299212593
11
6.3100393700787398
21
-4.5703740157480315
0
LINE
8
BLACK
6
CONTINUOUS
10
6.3100393700787398
20
-4.5703740157480315
11
6.3100393700787398
21
-4.5142716535433074
0
LINE
8
BLACK
6
CONTINUOUS
10
6.3100393700787398
20
-4.5142716535433074
11
6.31033905511811
21
-4.5127650393700787
0
LINE
8
BLACK
6
CONTINUOUS
10
6.31033905511811
20
-4.5127650393700787
11
6.3111924803149604
21
-4.5114877559055113
0
LINE
8
BLACK
6
CONTINUOUS
10
6.3111924803149604
20
-4.5114877559055113
11
6.3124697637795277
21
-4.5106343307086609
0
LINE
8
BLACK
6
CONTINUOUS
10
6.3124697637795277
20
-4.5106343307086609
11
6.3139763779527556
21
-4.5103346456692917
0
LINE
8
BLACK
6
CONTINUOUS
10
6.3139763779527556
20
-4.5103346456692917
11
6.3218503937007871
21
-4.5103346456692917
0
LINE
8
BLACK
6
CONTINUOUS
10
6.3218503937007871
20
-4.5103346456692917
11
6.3233570078740158
21
-4.5106343307086609
0
LINE
8
BLACK
6
CONTINUOUS
10
5.3318262598425195
20
-4.537129094488189
11
5.3348597637795274
21
-4.539155984251968
0
LINE
8
BLACK
6
CONTINUOUS
10
5.3348597637795274
20
-4.539155984251968
11
5.3368866535433073
21
-4.5421894881889759
0
LINE
8
BLACK
6
CONTINUOUS
10
5.3368866535433073
20
-4.5421894881889759
11
5.33759842519685
21
-4.5457677165354333
0
LINE
8
BLACK
6
CONTINUOUS
10
5.33759842519685
20
-4.5457677165354333
11
5.33759842519685
21
-4.5644685039370074
0
LINE
8
BLACK
6
CONTINUOUS
10
5.33759842519685
20
-4.5644685039370074
11
5.3368866535433073
21
-4.5680467322834648
0
LINE
8
BLACK
6
CONTINUOUS
10
5.3368866535433073
20
-4.5680467322834648
11
5.3348597637795274
21
-4.5710802362204728
0
LINE
8
BLACK
6
CONTINUOUS
10
5.3348597637795274
20
-4.5710802362204728
11
5.3318262598425195
21
-4.5731071259842517
0
LINE
8
BLACK
6
CONTINUOUS
10
5.3318262598425195
20
-4.5731071259842517
11
5.328248031496063
21
-4.5738188976377954
0
LINE
8
BLACK
6
CONTINUOUS
10
5.328248031496063
20
-4.5738188976377954
11
5.3085629921259843
21
-4.5738188976377954
0
LINE
8
BLACK
6
CONTINUOUS
10
5.3085629921259843
20
-4.5738188976377954
11
5.3049847637795278
21
-4.5731071259842517
0
LINE
8
BLACK
6
CONTINUOUS
10
5.3049847637795278
20
-4.5731071259842517
11
5.3019512598425198
21
-4.5710802362204728
0
LINE
8
BLACK
6
CONTINUOUS
10
5.3019512598425198
20
-4.5710802362204728
11
5.29992437007874
21
-4.5680467322834648
0
LINE
8
BLACK
6
CONTINUOUS
10
5.29992437007874
20
-4.5680467322834648
11
5.2992125984251963
21
-4.5644685039370074
0
LINE
8
BLACK
6
CONTINUOUS
10
5.2992125984251963
20
-4.5644685039370074
11
5.2992125984251963
21
-4.5457677165354333
0
LINE
8
BLACK
6
CONTINUOUS
10
5.2992125984251963
20
-4.5457677165354333
11
5.29992437007874
21
-4.5421894881889759
0
LINE
8
BLACK
6
CONTINUOUS
10
5.29992437007874
20
-4.5421894881889759
11
5.3019512598425198
21
-4.539155984251968
0
LINE
8
BLACK
6
CONTINUOUS
10
5.3019512598425198
20
-4.539155984251968
11
5.3049847637795278
21
-4.537129094488189
0
LINE
8
BLACK
6
CONTINUOUS
10
5.3049847637795278
20
-4.537129094488189
11
5.3085629921259843
21
-4.5364173228346454
0
LINE
8
BLACK
6
CONTINUOUS
10
5.3085629921259843
20
-4.5364173228346454
11
5.328248031496063
21
-4.5364173228346454
0
LINE
8
BLACK
6
CONTINUOUS
10
5.328248031496063
20
-4.5364173228346454
11
5.3318262598425195
21
-4.537129094488189
0
LINE
8
BLACK
6
CONTINUOUS
10
5.4036766535433074
20
-4.537129094488189
11
5.4067101574803145
21
-4.539155984251968
0
LINE
8
BLACK
6
CONTINUOUS
10
5.4067101574803145
20
-4.539155984251968
11
5.4087370472440943
21
-4.5421894881889759
0
LINE
8
BLACK
6
CONTINUOUS
10
5.4087370472440943
20
-4.5421894881889759
11
5.409448818897638
21
-4.5457677165354333
0
LINE
8
BLACK
6
CONTINUOUS
10
5.409448818897638
20
-4.5457677165354333
11
5.409448818897638
21
-4.5644685039370074
0
LINE
8
BLACK
6
CONTINUOUS
10
5.409448818897638
20
-4.5644685039370074
11
5.4087370472440943
21
-4.5680467322834648
0
LINE
8
BLACK
6
CONTINUOUS
10
5.4087370472440943
20
-4.5680467322834648
11
5.4067101574803145
21
-4.5710802362204728
0
LINE
8
BLACK
6
CONTINUOUS
10
5.4067101574803145
20
-4.5710802362204728
11
5.4036766535433074
21
-4.5731071259842517
0
LINE
8
BLACK
6
CONTINUOUS
10
5.4036766535433074
20
-4.5731071259842517
11
5.40009842519685
21
-4.5738188976377954
0
LINE
8
BLACK
6
CONTINUOUS
10
5.40009842519685
20
-4.5738188976377954
11
5.3804133858267713
21
-4.5738188976377954
0
LINE
8
BLACK
6
CONTINUOUS
10
5.3804133858267713
20
-4.5738188976377954
11
5.3768351574803148
21
-4.5731071259842517
0
LINE
8
BLACK
6
CONTINUOUS
10
5.3768351574803148
20
-4.5731071259842517
11
5.3738016535433069
21
-4.5710802362204728
0
LINE
8
BLACK
6
CONTINUOUS
10
5.3738016535433069
20
-4.5710802362204728
11
5.371774763779527
21
-4.5680467322834648
0
LINE
8
BLACK
6
CONTINUOUS
10
5.371774763779527
20
-4.5680467322834648
11
5.3710629921259843
21
-4.5644685039370074
0
LINE
8
BLACK
6
CONTINUOUS
10
5.3710629921259843
20
-4.5644685039370074
11
5.3710629921259843
21
-4.5457677165354333
0
LINE
8
BLACK
6
CONTINUOUS
10
5.3710629921259843
20
-4.5457677165354333
11
5.371774763779527
21
-4.5421894881889759
0
LINE
8
BLACK
6
CONTINUOUS
10
5.371774763779527
20
-4.5421894881889759
11
5.3738016535433069
21
-4.539155984251968
0
LINE
8
BLACK
6
CONTINUOUS
10
5.3738016535433069
20
-4.539155984251968
11
5.3768351574803148
21
-4.537129094488189
0
LINE
8
BLACK
6
CONTINUOUS
10
5.3768351574803148
20
-4.537129094488189
11
5.3804133858267713
21
-4.5364173228346454
0
LINE
8
BLACK
6
CONTINUOUS
10
5.3804133858267713
20
-4.5364173228346454
11
5.40009842519685
21
-4.5364173228346454
0
LINE
8
BLACK
6
CONTINUOUS
10
5.40009842519685
20
-4.5364173228346454
11
5.4036766535433074
21
-4.537129094488189
0
LINE
8
BLACK
6
CONTINUOUS
10
5.2330708661417322
20
-4.5559055118110239
11
5.1937007874015748
21
-4.5559055118110239
0
LINE
8
BLACK
6
CONTINUOUS
10
5.1937007874015748
20
-4.5559055118110239
11
5.1937007874015748
21
-4.4062992125984248
0
LINE
8
BLACK
6
CONTINUOUS
10
5.1937007874015748
20
-4.4062992125984248
11
5.2330708661417322
21
-4.4062992125984248
0
LINE
8
BLACK
6
CONTINUOUS
10
5.2330708661417322
20
-4.4062992125984248
11
5.2330708661417322
21
-4.5559055118110239
0
LINE
8
BLACK
6
CONTINUOUS
10
6.4850393700787397
20
-4.5559055118110239
11
6.4456692913385822
21
-4.5559055118110239
0
LINE
8
BLACK
6
CONTINUOUS
10
6.4456692913385822
20
-4.5559055118110239
11
6.4456692913385822
21
-4.4062992125984248
0
LINE
8
BLACK
6
CONTINUOUS
10
6.4456692913385822
20
-4.4062992125984248
11
6.4850393700787397
21
-4.4062992125984248
0
LINE
8
BLACK
6
CONTINUOUS
10
6.4850393700787397
20
-4.4062992125984248
11
6.4850393700787397
21
-4.5559055118110239
0
LINE
8
BLACK
6
CONTINUOUS
10
5.6769949212598423
20
-4.485001181102362
11
5.6801880708661416
21
-4.4871347637795278
0
LINE
8
BLACK
6
CONTINUOUS
10
5.6801880708661416
20
-4.4871347637795278
11
5.6823216535433065
21
-4.4903279133858263
0
LINE
8
BLACK
6
CONTINUOUS
10
5.6823216535433065
20
-4.4903279133858263
11
5.6830708661417324
21
-4.4940944881889759
0
LINE
8
BLACK
6
CONTINUOUS
10
5.6830708661417324
20
-4.4940944881889759
11
5.6830708661417324
21
-4.5255905511811019
0
LINE
8
BLACK
6
CONTINUOUS
10
5.6830708661417324
20
-4.5255905511811019
11
5.6823216535433065
21
-4.5293571259842516
0
LINE
8
BLACK
6
CONTINUOUS
10
5.6823216535433065
20
-4.5293571259842516
11
5.6801880708661416
21
-4.5325502755905509
0
LINE
8
BLACK
6
CONTINUOUS
10
5.6801880708661416
20
-4.5325502755905509
11
5.6769949212598423
21
-4.5346838582677167
0
LINE
8
BLACK
6
CONTINUOUS
10
5.6769949212598423
20
-4.5346838582677167
11
5.6732283464566926
21
-4.5354330708661417
0
LINE
8
BLACK
6
CONTINUOUS
10
5.6732283464566926
20
-4.5354330708661417
11
5.6259842519685037
21
-4.5354330708661417
0
LINE
8
BLACK
6
CONTINUOUS
10
5.6259842519685037
20
-4.5354330708661417
11
5.622217677165354
21
-4.5346838582677167
0
LINE
8
BLACK
6
CONTINUOUS
10
5.622217677165354
20
-4.5346838582677167
11
5.6190245275590547
21
-4.5325502755905509
0
LINE
8
BLACK
6
CONTINUOUS
10
5.6190245275590547
20
-4.5325502755905509
11
5.6168909448818898
21
-4.5293571259842516
0
LINE
8
BLACK
6
CONTINUOUS
10
5.6168909448818898
20
-4.5293571259842516
11
5.6161417322834648
21
-4.5255905511811019
0
LINE
8
BLACK
6
CONTINUOUS
10
5.6161417322834648
20
-4.5255905511811019
11
5.6161417322834648
21
-4.4940944881889759
0
LINE
8
BLACK
6
CONTINUOUS
10
5.6161417322834648
20
-4.4940944881889759
11
5.6168909448818898
21
-4.4903279133858263
0
LINE
8
BLACK
6
CONTINUOUS
10
5.6168909448818898
20
-4.4903279133858263
11
5.6190245275590547
21
-4.4871347637795278
0
LINE
8
BLACK
6
CONTINUOUS
10
5.6190245275590547
20
-4.4871347637795278
11
5.622217677165354
21
-4.485001181102362
0
LINE
8
BLACK
6
CONTINUOUS
10
5.622217677165354
20
-4.485001181102362
11
5.6259842519685037
21
-4.484251968503937
0
LINE
8
BLACK
6
CONTINUOUS
10
5.6259842519685037
20
-4.484251968503937
11
5.6732283464566926
21
-4.484251968503937
0
LINE
8
BLACK
6
CONTINUOUS
10
5.6732283464566926
20
-4.484251968503937
11
5.6769949212598423
21
-4.485001181102362
0
LINE
8
BLACK
6
CONTINUOUS
10
5.3318262598425195
20
-4.4741369685039372
11
5.3348597637795274
21
-4.4761638582677161
0
LINE
8
BLACK
6
CONTINUOUS
10
5.3348597637795274
20
-4.4761638582677161
11
5.3368866535433073
21
-4.4791973622047241
0
LINE
8
BLACK
6
CONTINUOUS
10
5.3368866535433073
20
-4.4791973622047241
11
5.33759842519685
21
-4.4827755905511806
0
LINE
8
BLACK
6
CONTINUOUS
10
5.33759842519685
20
-4.4827755905511806
11
5.33759842519685
21
-4.5014763779527556
0
LINE
8
BLACK
6
CONTINUOUS
10
5.33759842519685
20
-4.5014763779527556
11
5.3368866535433073
21
-4.5050546062992121
0
LINE
8
BLACK
6
CONTINUOUS
10
5.3368866535433073
20
-4.5050546062992121
11
5.3348597637795274
21
-4.50808811023622
0
LINE
8
BLACK
6
CONTINUOUS
10
5.3348597637795274
20
-4.50808811023622
11
5.3318262598425195
21
-4.5101149999999999
0
LINE
8
BLACK
6
CONTINUOUS
10
5.3318262598425195
20
-4.5101149999999999
11
5.328248031496063
21
-4.5108267716535435
0
LINE
8
BLACK
6
CONTINUOUS
10
5.328248031496063
20
-4.5108267716535435
11
5.3085629921259843
21
-4.5108267716535435
0
LINE
8
BLACK
6
CONTINUOUS
10
5.3085629921259843
20
-4.5108267716535435
11
5.3049847637795278
21
-4.5101149999999999
0
LINE
8
BLACK
6
CONTINUOUS
10
5.3049847637795278
20
-4.5101149999999999
11
5.3019512598425198
21
-4.50808811023622
0
LINE
8
BLACK
6
CONTINUOUS
10
5.3019512598425198
20
-4.50808811023622
11
5.29992437007874
21
-4.5050546062992121
0
LINE
8
BLACK
6
CONTINUOUS
10
5.29992437007874
20
-4.5050546062992121
11
5.2992125984251963
21
-4.5014763779527556
0
LINE
8
BLACK
6
CONTINUOUS
10
5.2992125984251963
20
-4.5014763779527556
11
5.2992125984251963
21
-4.4827755905511806
0
LINE
8
BLACK
6
CONTINUOUS
10
5.2992125984251963
20
-4.4827755905511806
11
5.29992437007874
21
-4.4791973622047241
0
LINE
8
BLACK
6
CONTINUOUS
10
5.29992437007874
20
-4.4791973622047241
11
5.3019512598425198
21
-4.4761638582677161
0
LINE
8
BLACK
6
CONTINUOUS
10
5.3019512598425198
20
-4.4761638582677161
11
5.3049847637795278
21
-4.4741369685039372
0
LINE
8
BLACK
6
CONTINUOUS
10
5.3049847637795278
20
-4.4741369685039372
11
5.3085629921259843
21
-4.4734251968503935
0
LINE
8
BLACK
6
CONTINUOUS
10
5.3085629921259843
20
-4.4734251968503935
11
5.328248031496063
21
-4.4734251968503935
0
LINE
8
BLACK
6
CONTINUOUS
10
5.328248031496063
20
-4.4734251968503935
11
5.3318262598425195
21
-4.4741369685039372
0
LINE
8
BLACK
6
CONTINUOUS
10
5.4036766535433074
20
-4.4741369685039372
11
5.4067101574803145
21
-4.4761638582677161
0
LINE
8
BLACK
6
CONTINUOUS
10
5.4067101574803145
20
-4.4761638582677161
11
5.4087370472440943
21
-4.4791973622047241
0
LINE
8
BLACK
6
CONTINUOUS
10
5.4087370472440943
20
-4.4791973622047241
11
5.409448818897638
21
-4.4827755905511806
0
LINE
8
BLACK
6
CONTINUOUS
10
5.409448818897638
20
-4.4827755905511806
11
5.409448818897638
21
-4.5014763779527556
0
LINE
8
BLACK
6
CONTINUOUS
10
5.409448818897638
20
-4.5014763779527556
11
5.4087370472440943
21
-4.5050546062992121
0
LINE
8
BLACK
6
CONTINUOUS
10
5.4087370472440943
20
-4.5050546062992121
11
5.4067101574803145
21
-4.50808811023622
0
LINE
8
BLACK
6
CONTINUOUS
10
5.4067101574803145
20
-4.50808811023622
11
5.4036766535433074
21
-4.5101149999999999
0
LINE
8
BLACK
6
CONTINUOUS
10
5.4036766535433074
20
-4.5101149999999999
11
5.40009842519685
21
-4.5108267716535435
0
LINE
8
BLACK
6
CONTINUOUS
10
5.40009842519685
20
-4.5108267716535435
11
5.3804133858267713
21
-4.5108267716535435
0
LINE
8
BLACK
6
CONTINUOUS
10
5.3804133858267713
20
-4.5108267716535435
11
5.3768351574803148
21
-4.5101149999999999
0
LINE
8
BLACK
6
CONTINUOUS
10
5.3768351574803148
20
-4.5101149999999999
11
5.3738016535433069
21
-4.50808811023622
0
LINE
8
BLACK
6
CONTINUOUS
10
5.3738016535433069
20
-4.50808811023622
11
5.371774763779527
21
-4.5050546062992121
0
LINE
8
BLACK
6
CONTINUOUS
10
5.371774763779527
20
-4.5050546062992121
11
5.3710629921259843
21
-4.5014763779527556
0
LINE
8
BLACK
6
CONTINUOUS
10
5.3710629921259843
20
-4.5014763779527556
11
5.3710629921259843
21
-4.4827755905511806
0
LINE
8
BLACK
6
CONTINUOUS
10
5.3710629921259843
20
-4.4827755905511806
11
5.371774763779527
21
-4.4791973622047241
0
LINE
8
BLACK
6
CONTINUOUS
10
5.371774763779527
20
-4.4791973622047241
11
5.3738016535433069
21
-4.4761638582677161
0
LINE
8
BLACK
6
CONTINUOUS
10
5.3738016535433069
20
-4.4761638582677161
11
5.3768351574803148
21
-4.4741369685039372
0
LINE
8
BLACK
6
CONTINUOUS
10
5.3768351574803148
20
-4.4741369685039372
11
5.3804133858267713
21
-4.4734251968503935
0
LINE
8
BLACK
6
CONTINUOUS
10
5.3804133858267713
20
-4.4734251968503935
11
5.40009842519685
21
-4.4734251968503935
0
LINE
8
BLACK
6
CONTINUOUS
10
5.40009842519685
20
-4.4734251968503935
11
5.4036766535433074
21
-4.4741369685039372
0
LINE
8
BLACK
6
CONTINUOUS
10
5.0193700787401569
20
-4.5067716535433071
11
4.9593700787401573
21
-4.5067716535433071
0
LINE
8
BLACK
6
CONTINUOUS
10
4.9593700787401573
20
-4.5067716535433071
11
4.9593700787401573
21
-4.4467716535433066
0
LINE
8
BLACK
6
CONTINUOUS
10
4.9593700787401573
20
-4.4467716535433066
11
5.0193700787401569
21
-4.4467716535433066
0
LINE
8
BLACK
6
CONTINUOUS
10
5.0193700787401569
20
-4.4467716535433066
11
5.0193700787401569
21
-4.5067716535433071
0
LINE
8
BLACK
6
CONTINUOUS
10
5.1193700787401575
20
-4.5067716535433071
11
5.059370078740157
21
-4.5067716535433071
0
LINE
8
BLACK
6
CONTINUOUS
10
5.059370078740157
20
-4.5067716535433071
11
5.059370078740157
21
-4.4467716535433066
0
LINE
8
BLACK
6
CONTINUOUS
10
5.059370078740157
20
-4.4467716535433066
11
5.1193700787401575
21
-4.4467716535433066
0
LINE
8
BLACK
6
CONTINUOUS
10
5.1193700787401575
20
-4.4467716535433066
11
5.1193700787401575
21
-4.5067716535433071
0
LINE
8
BLACK
6
CONTINUOUS
10
6.186156968503937
20
-4.4293535039370076
11
6.189190472440945
21
-4.4313803937007874
0
LINE
8
BLACK
6
CONTINUOUS
10
6.189190472440945
20
-4.4313803937007874
11
6.191217362204724
21
-4.4344138976377954
0
LINE
8
BLACK
6
CONTINUOUS
10
6.191217362204724
20
-4.4344138976377954
11
6.1919291338582676
21
-4.4379921259842519
0
LINE
8
BLACK
6
CONTINUOUS
10
6.1919291338582676
20
-4.4379921259842519
11
6.1919291338582676
21
-4.4576771653543306
0
LINE
8
BLACK
6
CONTINUOUS
10
6.1919291338582676
20
-4.4576771653543306
11
6.191217362204724
21
-4.4612553937007871
0
LINE
8
BLACK
6
CONTINUOUS
10
6.191217362204724
20
-4.4612553937007871
11
6.189190472440945
21
-4.464288897637795
0
LINE
8
BLACK
6
CONTINUOUS
10
6.189190472440945
20
-4.464288897637795
11
6.186156968503937
21
-4.4663157874015749
0
LINE
8
BLACK
6
CONTINUOUS
10
6.186156968503937
20
-4.4663157874015749
11
6.1825787401574805
21
-4.4670275590551176
0
LINE
8
BLACK
6
CONTINUOUS
10
6.1825787401574805
20
-4.4670275590551176
11
6.1638779527559056
21
-4.4670275590551176
0
LINE
8
BLACK
6
CONTINUOUS
10
6.1638779527559056
20
-4.4670275590551176
11
6.1602997244094491
21
-4.4663157874015749
0
LINE
8
BLACK
6
CONTINUOUS
10
6.1602997244094491
20
-4.4663157874015749
11
6.1572662204724411
21
-4.464288897637795
0
LINE
8
BLACK
6
CONTINUOUS
10
6.1572662204724411
20
-4.464288897637795
11
6.1552393307086612
21
-4.4612553937007871
0
LINE
8
BLACK
6
CONTINUOUS
10
6.1552393307086612
20
-4.4612553937007871
11
6.1545275590551176
21
-4.4576771653543306
0
LINE
8
BLACK
6
CONTINUOUS
10
6.1545275590551176
20
-4.4576771653543306
11
6.1545275590551176
21
-4.4379921259842519
0
LINE
8
BLACK
6
CONTINUOUS
10
6.1545275590551176
20
-4.4379921259842519
11
6.1552393307086612
21
-4.4344138976377954
0
LINE
8
BLACK
6
CONTINUOUS
10
6.1552393307086612
20
-4.4344138976377954
11
6.1572662204724411
21
-4.4313803937007874
0
LINE
8
BLACK
6
CONTINUOUS
10
6.1572662204724411
20
-4.4313803937007874
11
6.1602997244094491
21
-4.4293535039370076
0
LINE
8
BLACK
6
CONTINUOUS
10
6.1602997244094491
20
-4.4293535039370076
11
6.1638779527559056
21
-4.4286417322834648
0
LINE
8
BLACK
6
CONTINUOUS
10
6.1638779527559056
20
-4.4286417322834648
11
6.1825787401574805
21
-4.4286417322834648
0
LINE
8
BLACK
6
CONTINUOUS
10
6.1825787401574805
20
-4.4286417322834648
11
6.186156968503937
21
-4.4293535039370076
0
LINE
8
BLACK
6
CONTINUOUS
10
6.3987553937007871
20
-4.4293535039370076
11
6.401788897637795
21
-4.4313803937007874
0
LINE
8
BLACK
6
CONTINUOUS
10
6.401788897637795
20
-4.4313803937007874
11
6.4038157874015749
21
-4.4344138976377954
0
LINE
8
BLACK
6
CONTINUOUS
10
6.4038157874015749
20
-4.4344138976377954
11
6.4045275590551176
21
-4.4379921259842519
0
LINE
8
BLACK
6
CONTINUOUS
10
6.4045275590551176
20
-4.4379921259842519
11
6.4045275590551176
21
-4.4576771653543306
0
LINE
8
BLACK
6
CONTINUOUS
10
6.4045275590551176
20
-4.4576771653543306
11
6.4038157874015749
21
-4.4612553937007871
0
LINE
8
BLACK
6
CONTINUOUS
10
6.4038157874015749
20
-4.4612553937007871
11
6.401788897637795
21
-4.464288897637795
0
LINE
8
BLACK
6
CONTINUOUS
10
6.401788897637795
20
-4.464288897637795
11
6.3987553937007871
21
-4.4663157874015749
0
LINE
8
BLACK
6
CONTINUOUS
10
6.3987553937007871
20
-4.4663157874015749
11
6.3951771653543306
21
-4.4670275590551176
0
LINE
8
BLACK
6
CONTINUOUS
10
6.3951771653543306
20
-4.4670275590551176
11
6.3764763779527556
21
-4.4670275590551176
0
LINE
8
BLACK
6
CONTINUOUS
10
6.3764763779527556
20
-4.4670275590551176
11
6.3728981496062991
21
-4.4663157874015749
0
LINE
8
BLACK
6
CONTINUOUS
10
6.3728981496062991
20
-4.4663157874015749
11
6.3698646456692911
21
-4.464288897637795
0
LINE
8
BLACK
6
CONTINUOUS
10
6.3698646456692911
20
-4.464288897637795
11
6.3678377559055113
21
-4.4612553937007871
0
LINE
8
BLACK
6
CONTINUOUS
10
6.3678377559055113
20
-4.4612553937007871
11
6.3671259842519685
21
-4.4576771653543306
0
LINE
8
BLACK
6
CONTINUOUS
10
6.3671259842519685
20
-4.4576771653543306
11
6.3671259842519685
21
-4.4379921259842519
0
LINE
8
BLACK
6
CONTINUOUS
10
6.3671259842519685
20
-4.4379921259842519
11
6.3678377559055113
21
-4.4344138976377954
0
LINE
8
BLACK
6
CONTINUOUS
10
6.3678377559055113
20
-4.4344138976377954
11
6.3698646456692911
21
-4.4313803937007874
0
LINE
8
BLACK
6
CONTINUOUS
10
6.3698646456692911
20
-4.4313803937007874
11
6.3728981496062991
21
-4.4293535039370076
0
LINE
8
BLACK
6
CONTINUOUS
10
6.3728981496062991
20
-4.4293535039370076
11
6.3764763779527556
21
-4.4286417322834648
0
LINE
8
BLACK
6
CONTINUOUS
10
6.3764763779527556
20
-4.4286417322834648
11
6.3951771653543306
21
-4.4286417322834648
0
LINE
8
BLACK
6
CONTINUOUS
10
6.3951771653543306
20
-4.4286417322834648
11
6.3987553937007871
21
-4.4293535039370076
0
LINE
8
BLACK
6
CONTINUOUS
10
5.5011175984251963
20
-4.3958889370078742
11
5.5041511023622043
21
-4.3979158267716532
0
LINE
8
BLACK
6
CONTINUOUS
10
5.5041511023622043
20
-4.3979158267716532
11
5.5061779921259841
21
-4.4009493307086611
0
LINE
8
BLACK
6
CONTINUOUS
10
5.5061779921259841
20
-4.4009493307086611
11
5.5068897637795278
21
-4.4045275590551176
0
LINE
8
BLACK
6
CONTINUOUS
10
5.5068897637795278
20
-4.4045275590551176
11
5.5068897637795278
21
-4.4281496062992121
0
LINE
8
BLACK
6
CONTINUOUS
10
5.5068897637795278
20
-4.4281496062992121
11
5.5061779921259841
21
-4.4317278346456694
0
LINE
8
BLACK
6
CONTINUOUS
10
5.5061779921259841
20
-4.4317278346456694
11
5.5041511023622043
21
-4.4347613385826774
0
LINE
8
BLACK
6
CONTINUOUS
10
5.5041511023622043
20
-4.4347613385826774
11
5.5011175984251963
21
-4.4367882283464564
0
LINE
8
BLACK
6
CONTINUOUS
10
5.5011175984251963
20
-4.4367882283464564
11
5.4975393700787398
21
-4.4375
0
LINE
8
BLACK
6
CONTINUOUS
10
5.4975393700787398
20
-4.4375
11
5.4788385826771648
21
-4.4375
0
LINE
8
BLACK
6
CONTINUOUS
10
5.4788385826771648
20
-4.4375
11
5.4752603543307083
21
-4.4367882283464564
0
LINE
8
BLACK
6
CONTINUOUS
10
5.4752603543307083
20
-4.4367882283464564
11
5.4722268503937004
21
-4.4347613385826774
0
LINE
8
BLACK
6
CONTINUOUS
10
5.4722268503937004
20
-4.4347613385826774
11
5.4701999606299214
21
-4.4317278346456694
0
LINE
8
BLACK
6
CONTINUOUS
10
5.4701999606299214
20
-4.4317278346456694
11
5.4694881889763778
21
-4.4281496062992121
0
LINE
8
BLACK
6
CONTINUOUS
10
5.4694881889763778
20
-4.4281496062992121
11
5.4694881889763778
21
-4.4045275590551176
0
LINE
8
BLACK
6
CONTINUOUS
10
5.4694881889763778
20
-4.4045275590551176
11
5.4701999606299214
21
-4.4009493307086611
0
LINE
8
BLACK
6
CONTINUOUS
10
5.4701999606299214
20
-4.4009493307086611
11
5.4722268503937004
21
-4.3979158267716532
0
LINE
8
BLACK
6
CONTINUOUS
10
5.4722268503937004
20
-4.3979158267716532
11
5.4752603543307083
21
-4.3958889370078742
0
LINE
8
BLACK
6
CONTINUOUS
10
5.4752603543307083
20
-4.3958889370078742
11
5.4788385826771648
21
-4.3951771653543306
0
LINE
8
BLACK
6
CONTINUOUS
10
5.4788385826771648
20
-4.3951771653543306
11
5.4975393700787398
21
-4.3951771653543306
0
LINE
8
BLACK
6
CONTINUOUS
10
5.4975393700787398
20
-4.3951771653543306
11
5.5011175984251963
21
-4.3958889370078742
0
LINE
8
BLACK
6
CONTINUOUS
10
5.5641097244094491
20
-4.3998259448818899
11
5.5671432283464561
21
-4.4018528346456689
0
LINE
8
BLACK
6
CONTINUOUS
10
5.5671432283464561
20
-4.4018528346456689
11
5.569170118110236
21
-4.4048863385826769
0
LINE
8
BLACK
6
CONTINUOUS
10
5.569170118110236
20
-4.4048863385826769
11
5.5698818897637796
21
-4.4084645669291334
0
LINE
8
BLACK
6
CONTINUOUS
10
5.5698818897637796
20
-4.4084645669291334
11
5.5698818897637796
21
-4.4281496062992121
0
LINE
8
BLACK
6
CONTINUOUS
10
5.5698818897637796
20
-4.4281496062992121
11
5.569170118110236
21
-4.4317278346456694
0
LINE
8
BLACK
6
CONTINUOUS
10
5.569170118110236
20
-4.4317278346456694
11
5.5671432283464561
21
-4.4347613385826774
0
LINE
8
BLACK
6
CONTINUOUS
10
5.5671432283464561
20
-4.4347613385826774
11
5.5641097244094491
21
-4.4367882283464564
0
LINE
8
BLACK
6
CONTINUOUS
10
5.5641097244094491
20
-4.4367882283464564
11
5.5605314960629917
21
-4.4375
0
LINE
8
BLACK
6
CONTINUOUS
10
5.5605314960629917
20
-4.4375
11
5.5418307086614176
21
-4.4375
0
LINE
8
BLACK
6
CONTINUOUS
10
5.5418307086614176
20
-4.4375
11
5.5382524803149602
21
-4.4367882283464564
0
LINE
8
BLACK
6
CONTINUOUS
10
5.5382524803149602
20
-4.4367882283464564
11
5.5352189763779522
21
-4.4347613385826774
0
LINE
8
BLACK
6
CONTINUOUS
10
5.5352189763779522
20
-4.4347613385826774
11
5.5331920866141733
21
-4.4317278346456694
0
LINE
8
BLACK
6
CONTINUOUS
10
5.5331920866141733
20
-4.4317278346456694
11
5.5324803149606296
21
-4.4281496062992121
0
LINE
8
BLACK
6
CONTINUOUS
10
5.5324803149606296
20
-4.4281496062992121
11
5.5324803149606296
21
-4.4084645669291334
0
LINE
8
BLACK
6
CONTINUOUS
10
5.5324803149606296
20
-4.4084645669291334
11
5.5331920866141733
21
-4.4048863385826769
0
LINE
8
BLACK
6
CONTINUOUS
10
5.5331920866141733
20
-4.4048863385826769
11
5.5352189763779522
21
-4.4018528346456689
0
LINE
8
BLACK
6
CONTINUOUS
10
5.5352189763779522
20
-4.4018528346456689
11
5.5382524803149602
21
-4.3998259448818899
0
LINE
8
BLACK
6
CONTINUOUS
10
5.5382524803149602
20
-4.3998259448818899
11
5.5418307086614176
21
-4.3991141732283463
0
LINE
8
BLACK
6
CONTINUOUS
10
5.5418307086614176
20
-4.3991141732283463
11
5.5605314960629917
21
-4.3991141732283463
0
LINE
8
BLACK
6
CONTINUOUS
10
5.5605314960629917
20
-4.3991141732283463
11
5.5641097244094491
21
-4.3998259448818899
0
LINE
8
BLACK
6
CONTINUOUS
10
5.6638229921259837
20
-4.4022490944881891
11
5.6666968110236215
21
-4.4041693307086609
0
LINE
8
BLACK
6
CONTINUOUS
10
5.6666968110236215
20
-4.4041693307086609
11
5.6686170472440942
21
-4.4070431496062987
0
LINE
8
BLACK
6
CONTINUOUS
10
5.6686170472440942
20
-4.4070431496062987
11
5.6692913385826769
21
-4.4104330708661417
0
LINE
8
BLACK
6
CONTINUOUS
10
5.6692913385826769
20
-4.4104330708661417
11
5.6692913385826769
21
-4.4281496062992121
0
LINE
8
BLACK
6
CONTINUOUS
10
5.6692913385826769
20
-4.4281496062992121
11
5.6686170472440942
21
-4.431539527559055
0
LINE
8
BLACK
6
CONTINUOUS
10
5.6686170472440942
20
-4.431539527559055
11
5.6666968110236215
21
-4.4344133464566928
0
LINE
8
BLACK
6
CONTINUOUS
10
5.6666968110236215
20
-4.4344133464566928
11
5.6638229921259837
21
-4.4363335826771655
0
LINE
8
BLACK
6
CONTINUOUS
10
5.6638229921259837
20
-4.4363335826771655
11
5.6604330708661417
21
-4.4370078740157481
0
LINE
8
BLACK
6
CONTINUOUS
10
5.6604330708661417
20
-4.4370078740157481
11
5.6309055118110232
21
-4.4370078740157481
0
LINE
8
BLACK
6
CONTINUOUS
10
5.6309055118110232
20
-4.4370078740157481
11
5.6275155905511811
21
-4.4363335826771655
0
LINE
8
BLACK
6
CONTINUOUS
10
5.6275155905511811
20
-4.4363335826771655
11
5.6246417716535433
21
-4.4344133464566928
0
LINE
8
BLACK
6
CONTINUOUS
10
5.6246417716535433
20
-4.4344133464566928
11
5.6227215354330706
21
-4.431539527559055
0
LINE
8
BLACK
6
CONTINUOUS
10
5.6227215354330706
20
-4.431539527559055
11
5.622047244094488
21
-4.4281496062992121
0
LINE
8
BLACK
6
CONTINUOUS
10
5.622047244094488
20
-4.4281496062992121
11
5.622047244094488
21
-4.4104330708661417
0
LINE
8
BLACK
6
CONTINUOUS
10
5.622047244094488
20
-4.4104330708661417
11
5.6227215354330706
21
-4.4070431496062987
0
LINE
8
BLACK
6
CONTINUOUS
10
5.6227215354330706
20
-4.4070431496062987
11
5.6246417716535433
21
-4.4041693307086609
0
LINE
8
BLACK
6
CONTINUOUS
10
5.6246417716535433
20
-4.4041693307086609
11
5.6275155905511811
21
-4.4022490944881891
0
LINE
8
BLACK
6
CONTINUOUS
10
5.6275155905511811
20
-4.4022490944881891
11
5.6309055118110232
21
-4.4015748031496065
0
LINE
8
BLACK
6
CONTINUOUS
10
5.6309055118110232
20
-4.4015748031496065
11
5.6604330708661417
21
-4.4015748031496065
0
LINE
8
BLACK
6
CONTINUOUS
10
5.6604330708661417
20
-4.4015748031496065
11
5.6638229921259837
21
-4.4022490944881891
0
LINE
8
BLACK
6
CONTINUOUS
10
5.7728563779527562
20
-4.419628503937008
11
5.774293307086614
21
-4.4205885826771656
0
LINE
8
BLACK
6
CONTINUOUS
10
5.774293307086614
20
-4.4205885826771656
11
5.7752533858267716
21
-4.4220255118110234
0
LINE
8
BLACK
6
CONTINUOUS
10
5.7752533858267716
20
-4.4220255118110234
11
5.7755905511811019
21
-4.4237204724409445
0
LINE
8
BLACK
6
CONTINUOUS
10
5.7755905511811019
20
-4.4237204724409445
11
5.7755905511811019
21
-4.4325787401574805
0
LINE
8
BLACK
6
CONTINUOUS
10
5.7755905511811019
20
-4.4325787401574805
11
5.7752533858267716
21
-4.4342737007874016
0
LINE
8
BLACK
6
CONTINUOUS
10
5.7752533858267716
20
-4.4342737007874016
11
5.774293307086614
21
-4.4357106299212594
0
LINE
8
BLACK
6
CONTINUOUS
10
5.774293307086614
20
-4.4357106299212594
11
5.7728563779527562
21
-4.436670708661417
0
LINE
8
BLACK
6
CONTINUOUS
10
5.7728563779527562
20
-4.436670708661417
11
5.7711614173228343
21
-4.4370078740157481
0
LINE
8
BLACK
6
CONTINUOUS
10
5.7711614173228343
20
-4.4370078740157481
11
5.7170275590551176
21
-4.4370078740157481
0
LINE
8
BLACK
6
CONTINUOUS
10
5.7170275590551176
20
-4.4370078740157481
11
5.7153325984251966
21
-4.436670708661417
0
LINE
8
BLACK
6
CONTINUOUS
10
5.7153325984251966
20
-4.436670708661417
11
5.7138956692913387
21
-4.4357106299212594
0
LINE
8
BLACK
6
CONTINUOUS
10
5.7138956692913387
20
-4.4357106299212594
11
5.7129355905511812
21
-4.4342737007874016
0
LINE
8
BLACK
6
CONTINUOUS
10
5.7129355905511812
20
-4.4342737007874016
11
5.71259842519685
21
-4.4325787401574805
0
LINE
8
BLACK
6
CONTINUOUS
10
5.71259842519685
20
-4.4325787401574805
11
5.71259842519685
21
-4.4237204724409445
0
LINE
8
BLACK
6
CONTINUOUS
10
5.71259842519685
20
-4.4237204724409445
11
5.7129355905511812
21
-4.4220255118110234
0
LINE
8
BLACK
6
CONTINUOUS
10
5.7129355905511812
20
-4.4220255118110234
11
5.7138956692913387
21
-4.4205885826771656
0
LINE
8
BLACK
6
CONTINUOUS
10
5.7138956692913387
20
-4.4205885826771656
11
5.7153325984251966
21
-4.419628503937008
0
LINE
8
BLACK
6
CONTINUOUS
10
5.7153325984251966
20
-4.419628503937008
11
5.7170275590551176
21
-4.4192913385826769
0
LINE
8
BLACK
6
CONTINUOUS
10
5.7170275590551176
20
-4.4192913385826769
11
5.7711614173228343
21
-4.4192913385826769
0
LINE
8
BLACK
6
CONTINUOUS
10
5.7711614173228343
20
-4.4192913385826769
11
5.7728563779527562
21
-4.419628503937008
0
LINE
8
BLACK
6
CONTINUOUS
10
5.9460847244094488
20
-4.419628503937008
11
5.9475216535433066
21
-4.4205885826771656
0
LINE
8
BLACK
6
CONTINUOUS
10
5.9475216535433066
20
-4.4205885826771656
11
5.9484817322834642
21
-4.4220255118110234
0
LINE
8
BLACK
6
CONTINUOUS
10
5.9484817322834642
20
-4.4220255118110234
11
5.9488188976377954
21
-4.4237204724409445
0
LINE
8
BLACK
6
CONTINUOUS
10
5.9488188976377954
20
-4.4237204724409445
11
5.9488188976377954
21
-4.4325787401574805
0
LINE
8
BLACK
6
CONTINUOUS
10
5.9488188976377954
20
-4.4325787401574805
11
5.9484817322834642
21
-4.4342737007874016
0
LINE
8
BLACK
6
CONTINUOUS
10
5.9484817322834642
20
-4.4342737007874016
11
5.9475216535433066
21
-4.4357106299212594
0
LINE
8
BLACK
6
CONTINUOUS
10
5.9475216535433066
20
-4.4357106299212594
11
5.9460847244094488
21
-4.436670708661417
0
LINE
8
BLACK
6
CONTINUOUS
10
5.9460847244094488
20
-4.436670708661417
11
5.9443897637795278
21
-4.4370078740157481
0
LINE
8
BLACK
6
CONTINUOUS
10
5.9443897637795278
20
-4.4370078740157481
11
5.8902559055118111
21
-4.4370078740157481
0
LINE
8
BLACK
6
CONTINUOUS
10
5.8902559055118111
20
-4.4370078740157481
11
5.8885609448818892
21
-4.436670708661417
0
LINE
8
BLACK
6
CONTINUOUS
10
5.8885609448818892
20
-4.436670708661417
11
5.8871240157480313
21
-4.4357106299212594
0
LINE
8
BLACK
6
CONTINUOUS
10
5.8871240157480313
20
-4.4357106299212594
11
5.8861639370078738
21
-4.4342737007874016
0
LINE
8
BLACK
6
CONTINUOUS
10
5.8861639370078738
20
-4.4342737007874016
11
5.8858267716535435
21
-4.4325787401574805
0
LINE
8
BLACK
6
CONTINUOUS
10
5.8858267716535435
20
-4.4325787401574805
11
5.8858267716535435
21
-4.4237204724409445
0
LINE
8
BLACK
6
CONTINUOUS
10
5.8858267716535435
20
-4.4237204724409445
11
5.8861639370078738
21
-4.4220255118110234
0
LINE
8
BLACK
6
CONTINUOUS
10
5.8861639370078738
20
-4.4220255118110234
11
5.8871240157480313
21
-4.4205885826771656
0
LINE
8
BLACK
6
CONTINUOUS
10
5.8871240157480313
20
-4.4205885826771656
11
5.8885609448818892
21
-4.419628503937008
0
LINE
8
BLACK
6
CONTINUOUS
10
5.8885609448818892
20
-4.419628503937008
11
5.8902559055118111
21
-4.4192913385826769
0
LINE
8
BLACK
6
CONTINUOUS
10
5.8902559055118111
20
-4.4192913385826769
11
5.9443897637795278
21
-4.4192913385826769
0
LINE
8
BLACK
6
CONTINUOUS
10
5.9443897637795278
20
-4.4192913385826769
11
5.9460847244094488
21
-4.419628503937008
0
LINE
8
BLACK
6
CONTINUOUS
10
5.7728563779527562
20
-4.3940379527559053
11
5.774293307086614
21
-4.3949980314960628
0
LINE
8
BLACK
6
CONTINUOUS
10
5.774293307086614
20
-4.3949980314960628
11
5.7752533858267716
21
-4.3964349606299216
0
LINE
8
BLACK
6
CONTINUOUS
10
5.7752533858267716
20
-4.3964349606299216
11
5.7755905511811019
21
-4.3981299212598426
0
LINE
8
BLACK
6
CONTINUOUS
10
5.7755905511811019
20
-4.3981299212598426
11
5.7755905511811019
21
-4.4069881889763778
0
LINE
8
BLACK
6
CONTINUOUS
10
5.7755905511811019
20
-4.4069881889763778
11
5.7752533858267716
21
-4.4086831496062988
0
LINE
8
BLACK
6
CONTINUOUS
10
5.7752533858267716
20
-4.4086831496062988
11
5.774293307086614
21
-4.4101200787401575
0
LINE
8
BLACK
6
CONTINUOUS
10
5.774293307086614
20
-4.4101200787401575
11
5.7728563779527562
21
-4.4110801574803151
0
LINE
8
BLACK
6
CONTINUOUS
10
5.7728563779527562
20
-4.4110801574803151
11
5.7711614173228343
21
-4.4114173228346454
0
LINE
8
BLACK
6
CONTINUOUS
10
5.7711614173228343
20
-4.4114173228346454
11
5.7170275590551176
21
-4.4114173228346454
0
LINE
8
BLACK
6
CONTINUOUS
10
5.7170275590551176
20
-4.4114173228346454
11
5.7153325984251966
21
-4.4110801574803151
0
LINE
8
BLACK
6
CONTINUOUS
10
5.7153325984251966
20
-4.4110801574803151
11
5.7138956692913387
21
-4.4101200787401575
0
LINE
8
BLACK
6
CONTINUOUS
10
5.7138956692913387
20
-4.4101200787401575
11
5.7129355905511812
21
-4.4086831496062988
0
LINE
8
BLACK
6
CONTINUOUS
10
5.7129355905511812
20
-4.4086831496062988
11
5.71259842519685
21
-4.4069881889763778
0
LINE
8
BLACK
6
CONTINUOUS
10
5.71259842519685
20
-4.4069881889763778
11
5.71259842519685
21
-4.3981299212598426
0
LINE
8
BLACK
6
CONTINUOUS
10
5.71259842519685
20
-4.3981299212598426
11
5.7129355905511812
21
-4.3964349606299216
0
LINE
8
BLACK
6
CONTINUOUS
10
5.7129355905511812
20
-4.3964349606299216
11
5.7138956692913387
21
-4.3949980314960628
0
LINE
8
BLACK
6
CONTINUOUS
10
5.7138956692913387
20
-4.3949980314960628
11
5.7153325984251966
21
-4.3940379527559053
0
LINE
8
BLACK
6
CONTINUOUS
10
5.7153325984251966
20
-4.3940379527559053
11
5.7170275590551176
21
-4.393700787401575
0
LINE
8
BLACK
6
CONTINUOUS
10
5.7170275590551176
20
-4.393700787401575
11
5.7711614173228343
21
-4.393700787401575
0
LINE
8
BLACK
6
CONTINUOUS
10
5.7711614173228343
20
-4.393700787401575
11
5.7728563779527562
21
-4.3940379527559053
0
LINE
8
BLACK
6
CONTINUOUS
10
5.9460847244094488
20
-4.3940379527559053
11
5.9475216535433066
21
-4.3949980314960628
0
LINE
8
BLACK
6
CONTINUOUS
10
5.9475216535433066
20
-4.3949980314960628
11
5.9484817322834642
21
-4.3964349606299216
0
LINE
8
BLACK
6
CONTINUOUS
10
5.9484817322834642
20
-4.3964349606299216
11
5.9488188976377954
21
-4.3981299212598426
0
LINE
8
BLACK
6
CONTINUOUS
10
5.9488188976377954
20
-4.3981299212598426
11
5.9488188976377954
21
-4.4069881889763778
0
LINE
8
BLACK
6
CONTINUOUS
10
5.9488188976377954
20
-4.4069881889763778
11
5.9484817322834642
21
-4.4086831496062988
0
LINE
8
BLACK
6
CONTINUOUS
10
5.9484817322834642
20
-4.4086831496062988
11
5.9475216535433066
21
-4.4101200787401575
0
LINE
8
BLACK
6
CONTINUOUS
10
5.9475216535433066
20
-4.4101200787401575
11
5.9460847244094488
21
-4.4110801574803151
0
LINE
8
BLACK
6
CONTINUOUS
10
5.9460847244094488
20
-4.4110801574803151
11
5.9443897637795278
21
-4.4114173228346454
0
LINE
8
BLACK
6
CONTINUOUS
10
5.9443897637795278
20
-4.4114173228346454
11
5.8902559055118111
21
-4.4114173228346454
0
LINE
8
BLACK
6
CONTINUOUS
10
5.8902559055118111
20
-4.4114173228346454
11
5.8885609448818892
21
-4.4110801574803151
0
LINE
8
BLACK
6
CONTINUOUS
10
5.8885609448818892
20
-4.4110801574803151
11
5.8871240157480313
21
-4.4101200787401575
0
LINE
8
BLACK
6
CONTINUOUS
10
5.8871240157480313
20
-4.4101200787401575
11
5.8861639370078738
21
-4.4086831496062988
0
LINE
8
BLACK
6
CONTINUOUS
10
5.8861639370078738
20
-4.4086831496062988
11
5.8858267716535435
21
-4.4069881889763778
0
LINE
8
BLACK
6
CONTINUOUS
10
5.8858267716535435
20
-4.4069881889763778
11
5.8858267716535435
21
-4.3981299212598426
0
LINE
8
BLACK
6
CONTINUOUS
10
5.8858267716535435
20
-4.3981299212598426
11
5.8861639370078738
21
-4.3964349606299216
0
LINE
8
BLACK
6
CONTINUOUS
10
5.8861639370078738
20
-4.3964349606299216
11
5.8871240157480313
21
-4.3949980314960628
0
LINE
8
BLACK
6
CONTINUOUS
10
5.8871240157480313
20
-4.3949980314960628
11
5.8885609448818892
21
-4.3940379527559053
0
LINE
8
BLACK
6
CONTINUOUS
10
5.8885609448818892
20
-4.3940379527559053
11
5.8902559055118111
21
-4.393700787401575
0
LINE
8
BLACK
6
CONTINUOUS
10
5.8902559055118111
20
-4.393700787401575
11
5.9443897637795278
21
-4.393700787401575
0
LINE
8
BLACK
6
CONTINUOUS
10
5.9443897637795278
20
-4.393700787401575
11
5.9460847244094488
21
-4.3940379527559053
0
LINE
8
BLACK
6
CONTINUOUS
10
6.2465853543307084
20
-4.3442957480314961
11
6.2478626377952757
21
-4.3451491732283465
0
LINE
8
BLACK
6
CONTINUOUS
10
6.2478626377952757
20
-4.3451491732283465
11
6.2487160629921261
21
-4.3464264566929129
0
LINE
8
BLACK
6
CONTINUOUS
10
6.2487160629921261
20
-4.3464264566929129
11
6.2490157480314963
21
-4.3479330708661417
0
LINE
8
BLACK
6
CONTINUOUS
10
6.2490157480314963
20
-4.3479330708661417
11
6.2490157480314963
21
-4.4040354330708658
0
LINE
8
BLACK
6
CONTINUOUS
10
6.2490157480314963
20
-4.4040354330708658
11
6.2487160629921261
21
-4.4055420472440945
0
LINE
8
BLACK
6
CONTINUOUS
10
6.2487160629921261
20
-4.4055420472440945
11
6.2478626377952757
21
-4.4068193307086609
0
LINE
8
BLACK
6
CONTINUOUS
10
6.2478626377952757
20
-4.4068193307086609
11
6.2465853543307084
21
-4.4076727559055113
0
LINE
8
BLACK
6
CONTINUOUS
10
6.2465853543307084
20
-4.4076727559055113
11
6.2450787401574805
21
-4.4079724409448815
0
LINE
8
BLACK
6
CONTINUOUS
10
6.2450787401574805
20
-4.4079724409448815
11
6.2372047244094491
21
-4.4079724409448815
0
LINE
8
BLACK
6
CONTINUOUS
10
6.2372047244094491
20
-4.4079724409448815
11
6.2356981102362203
21
-4.4076727559055113
0
LINE
8
BLACK
6
CONTINUOUS
10
6.2356981102362203
20
-4.4076727559055113
11
6.234420826771653
21
-4.4068193307086609
0
LINE
8
BLACK
6
CONTINUOUS
10
6.234420826771653
20
-4.4068193307086609
11
6.2335674015748026
21
-4.4055420472440945
0
LINE
8
BLACK
6
CONTINUOUS
10
6.2335674015748026
20
-4.4055420472440945
11
6.2332677165354333
21
-4.4040354330708658
0
LINE
8
BLACK
6
CONTINUOUS
10
6.2332677165354333
20
-4.4040354330708658
11
6.2332677165354333
21
-4.3479330708661417
0
LINE
8
BLACK
6
CONTINUOUS
10
6.2332677165354333
20
-4.3479330708661417
11
6.2335674015748026
21
-4.3464264566929129
0
LINE
8
BLACK
6
CONTINUOUS
10
6.2335674015748026
20
-4.3464264566929129
11
6.234420826771653
21
-4.3451491732283465
0
LINE
8
BLACK
6
CONTINUOUS
10
6.234420826771653
20
-4.3451491732283465
11
6.2356981102362203
21
-4.3442957480314961
0
LINE
8
BLACK
6
CONTINUOUS
10
6.2356981102362203
20
-4.3442957480314961
11
6.2372047244094491
21
-4.3439960629921259
0
LINE
8
BLACK
6
CONTINUOUS
10
6.2372047244094491
20
-4.3439960629921259
11
6.2450787401574805
21
-4.3439960629921259
0
LINE
8
BLACK
6
CONTINUOUS
10
6.2450787401574805
20
-4.3439960629921259
11
6.2465853543307084
21
-4.3442957480314961
0
LINE
8
BLACK
6
CONTINUOUS
10
6.2721759055118111
20
-4.3442957480314961
11
6.2734531889763776
21
-4.3451491732283465
0
LINE
8
BLACK
6
CONTINUOUS
10
6.2734531889763776
20
-4.3451491732283465
11
6.274306614173228
21
-4.3464264566929129
0
LINE
8
BLACK
6
CONTINUOUS
10
6.274306614173228
20
-4.3464264566929129
11
6.2746062992125982
21
-4.3479330708661417
0
LINE
8
BLACK
6
CONTINUOUS
10
6.2746062992125982
20
-4.3479330708661417
11
6.2746062992125982
21
-4.4040354330708658
0
LINE
8
BLACK
6
CONTINUOUS
10
6.2746062992125982
20
-4.4040354330708658
11
6.274306614173228
21
-4.4055420472440945
0
LINE
8
BLACK
6
CONTINUOUS
10
6.274306614173228
20
-4.4055420472440945
11
6.2734531889763776
21
-4.4068193307086609
0
LINE
8
BLACK
6
CONTINUOUS
10
6.2734531889763776
20
-4.4068193307086609
11
6.2721759055118111
21
-4.4076727559055113
0
LINE
8
BLACK
6
CONTINUOUS
10
6.2721759055118111
20
-4.4076727559055113
11
6.2706692913385824
21
-4.4079724409448815
0
LINE
8
BLACK
6
CONTINUOUS
10
6.2706692913385824
20
-4.4079724409448815
11
6.2627952755905509
21
-4.4079724409448815
0
LINE
8
BLACK
6
CONTINUOUS
10
6.2627952755905509
20
-4.4079724409448815
11
6.2612886614173231
21
-4.4076727559055113
0
LINE
8
BLACK
6
CONTINUOUS
10
6.2612886614173231
20
-4.4076727559055113
11
6.2600113779527558
21
-4.4068193307086609
0
LINE
8
BLACK
6
CONTINUOUS
10
6.2600113779527558
20
-4.4068193307086609
11
6.2591579527559054
21
-4.4055420472440945
0
LINE
8
BLACK
6
CONTINUOUS
10
6.2591579527559054
20
-4.4055420472440945
11
6.2588582677165352
21
-4.4040354330708658
0
LINE
8
BLACK
6
CONTINUOUS
10
6.2588582677165352
20
-4.4040354330708658
11
6.2588582677165352
21
-4.3479330708661417
0
LINE
8
BLACK
6
CONTINUOUS
10
6.2588582677165352
20
-4.3479330708661417
11
6.2591579527559054
21
-4.3464264566929129
0
LINE
8
BLACK
6
CONTINUOUS
10
6.2591579527559054
20
-4.3464264566929129
11
6.2600113779527558
21
-4.3451491732283465
0
LINE
8
BLACK
6
CONTINUOUS
10
6.2600113779527558
20
-4.3451491732283465
11
6.2612886614173231
21
-4.3442957480314961
0
LINE
8
BLACK
6
CONTINUOUS
10
6.2612886614173231
20
-4.3442957480314961
11
6.2627952755905509
21
-4.3439960629921259
0
LINE
8
BLACK
6
CONTINUOUS
10
6.2627952755905509
20
-4.3439960629921259
11
6.2706692913385824
21
-4.3439960629921259
0
LINE
8
BLACK
6
CONTINUOUS
10
6.2706692913385824
20
-4.3439960629921259
11
6.2721759055118111
21
-4.3442957480314961
0
LINE
8
BLACK
6
CONTINUOUS
10
6.297766456692913
20
-4.3442957480314961
11
6.2990437401574804
21
-4.3451491732283465
0
LINE
8
BLACK
6
CONTINUOUS
10
6.2990437401574804
20
-4.3451491732283465
11
6.2998971653543308
21
-4.3464264566929129
0
LINE
8
BLACK
6
CONTINUOUS
10
6.2998971653543308
20
-4.3464264566929129
11
6.3001968503937009
21
-4.3479330708661417
0
LINE
8
BLACK
6
CONTINUOUS
10
6.3001968503937009
20
-4.3479330708661417
11
6.3001968503937009
21
-4.4040354330708658
0
LINE
8
BLACK
6
CONTINUOUS
10
6.3001968503937009
20
-4.4040354330708658
11
6.2998971653543308
21
-4.4055420472440945
0
LINE
8
BLACK
6
CONTINUOUS
10
6.2998971653543308
20
-4.4055420472440945
11
6.2990437401574804
21
-4.4068193307086609
0
LINE
8
BLACK
6
CONTINUOUS
10
6.2990437401574804
20
-4.4068193307086609
11
6.297766456692913
21
-4.4076727559055113
0
LINE
8
BLACK
6
CONTINUOUS
10
6.297766456692913
20
-4.4076727559055113
11
6.2962598425196852
21
-4.4079724409448815
0
LINE
8
BLACK
6
CONTINUOUS
10
6.2962598425196852
20
-4.4079724409448815
11
6.2883858267716537
21
-4.4079724409448815
0
LINE
8
BLACK
6
CONTINUOUS
10
6.2883858267716537
20
-4.4079724409448815
11
6.286879212598425
21
-4.4076727559055113
0
LINE
8
BLACK
6
CONTINUOUS
10
6.286879212598425
20
-4.4076727559055113
11
6.2856019291338585
21
-4.4068193307086609
0
LINE
8
BLACK
6
CONTINUOUS
10
6.2856019291338585
20
-4.4068193307086609
11
6.2847485039370081
21
-4.4055420472440945
0
LINE
8
BLACK
6
CONTINUOUS
10
6.2847485039370081
20
-4.4055420472440945
11
6.284448818897638
21
-4.4040354330708658
0
LINE
8
BLACK
6
CONTINUOUS
10
6.284448818897638
20
-4.4040354330708658
11
6.284448818897638
21
-4.3479330708661417
0
LINE
8
BLACK
6
CONTINUOUS
10
6.284448818897638
20
-4.3479330708661417
11
6.2847485039370081
21
-4.3464264566929129
0
LINE
8
BLACK
6
CONTINUOUS
10
6.2847485039370081
20
-4.3464264566929129
11
6.2856019291338585
21
-4.3451491732283465
0
LINE
8
BLACK
6
CONTINUOUS
10
6.2856019291338585
20
-4.3451491732283465
11
6.286879212598425
21
-4.3442957480314961
0
LINE
8
BLACK
6
CONTINUOUS
10
6.286879212598425
20
-4.3442957480314961
11
6.2883858267716537
21
-4.3439960629921259
0
LINE
8
BLACK
6
CONTINUOUS
10
6.2883858267716537
20
-4.3439960629921259
11
6.2962598425196852
21
-4.3439960629921259
0
LINE
8
BLACK
6
CONTINUOUS
10
6.2962598425196852
20
-4.3439960629921259
11
6.297766456692913
21
-4.3442957480314961
0
LINE
8
BLACK
6
CONTINUOUS
10
6.3233570078740158
20
-4.3442957480314961
11
6.3246342913385822
21
-4.3451491732283465
0
LINE
8
BLACK
6
CONTINUOUS
10
6.3246342913385822
20
-4.3451491732283465
11
6.3254877165354326
21
-4.3464264566929129
0
LINE
8
BLACK
6
CONTINUOUS
10
6.3254877165354326
20
-4.3464264566929129
11
6.3257874015748028
21
-4.3479330708661417
0
LINE
8
BLACK
6
CONTINUOUS
10
6.3257874015748028
20
-4.3479330708661417
11
6.3257874015748028
21
-4.4040354330708658
0
LINE
8
BLACK
6
CONTINUOUS
10
6.3257874015748028
20
-4.4040354330708658
11
6.3254877165354326
21
-4.4055420472440945
0
LINE
8
BLACK
6
CONTINUOUS
10
6.3254877165354326
20
-4.4055420472440945
11
6.3246342913385822
21
-4.4068193307086609
0
LINE
8
BLACK
6
CONTINUOUS
10
6.3246342913385822
20
-4.4068193307086609
11
6.3233570078740158
21
-4.4076727559055113
0
LINE
8
BLACK
6
CONTINUOUS
10
6.3233570078740158
20
-4.4076727559055113
11
6.3218503937007871
21
-4.4079724409448815
0
LINE
8
BLACK
6
CONTINUOUS
10
6.3218503937007871
20
-4.4079724409448815
11
6.3139763779527556
21
-4.4079724409448815
0
LINE
8
BLACK
6
CONTINUOUS
10
6.3139763779527556
20
-4.4079724409448815
11
6.3124697637795277
21
-4.4076727559055113
0
LINE
8
BLACK
6
CONTINUOUS
10
6.3124697637795277
20
-4.4076727559055113
11
6.3111924803149604
21
-4.4068193307086609
0
LINE
8
BLACK
6
CONTINUOUS
10
6.3111924803149604
20
-4.4068193307086609
11
6.31033905511811
21
-4.4055420472440945
0
LINE
8
BLACK
6
CONTINUOUS
10
6.31033905511811
20
-4.4055420472440945
11
6.3100393700787398
21
-4.4040354330708658
0
LINE
8
BLACK
6
CONTINUOUS
10
6.3100393700787398
20
-4.4040354330708658
11
6.3100393700787398
21
-4.3479330708661417
0
LINE
8
BLACK
6
CONTINUOUS
10
6.3100393700787398
20
-4.3479330708661417
11
6.31033905511811
21
-4.3464264566929129
0
LINE
8
BLACK
6
CONTINUOUS
10
6.31033905511811
20
-4.3464264566929129
11
6.3111924803149604
21
-4.3451491732283465
0
LINE
8
BLACK
6
CONTINUOUS
10
6.3111924803149604
20
-4.3451491732283465
11
6.3124697637795277
21
-4.3442957480314961
0
LINE
8
BLACK
6
CONTINUOUS
10
6.3124697637795277
20
-4.3442957480314961
11
6.3139763779527556
21
-4.3439960629921259
0
LINE
8
BLACK
6
CONTINUOUS
10
6.3139763779527556
20
-4.3439960629921259
11
6.3218503937007871
21
-4.3439960629921259
0
LINE
8
BLACK
6
CONTINUOUS
10
6.3218503937007871
20
-4.3439960629921259
11
6.3233570078740158
21
-4.3442957480314961
0
LINE
8
BLACK
6
CONTINUOUS
10
5.0193700787401569
20
-4.4067716535433066
11
4.9593700787401573
21
-4.4067716535433066
0
LINE
8
BLACK
6
CONTINUOUS
10
4.9593700787401573
20
-4.4067716535433066
11
4.9593700787401573
21
-4.346771653543307
0
LINE
8
BLACK
6
CONTINUOUS
10
4.9593700787401573
20
-4.346771653543307
11
5.0193700787401569
21
-4.346771653543307
0
LINE
8
BLACK
6
CONTINUOUS
10
5.0193700787401569
20
-4.346771653543307
11
5.0193700787401569
21
-4.4067716535433066
0
LINE
8
BLACK
6
CONTINUOUS
10
5.1193700787401575
20
-4.4067716535433066
11
5.059370078740157
21
-4.4067716535433066
0
LINE
8
BLACK
6
CONTINUOUS
10
5.059370078740157
20
-4.4067716535433066
11
5.059370078740157
21
-4.346771653543307
0
LINE
8
BLACK
6
CONTINUOUS
10
5.059370078740157
20
-4.346771653543307
11
5.1193700787401575
21
-4.346771653543307
0
LINE
8
BLACK
6
CONTINUOUS
10
5.1193700787401575
20
-4.346771653543307
11
5.1193700787401575
21
-4.4067716535433066
0
LINE
8
BLACK
6
CONTINUOUS
10
5.3318262598425195
20
-4.3587826377952759
11
5.3348597637795274
21
-4.3608095275590548
0
LINE
8
BLACK
6
CONTINUOUS
10
5.3348597637795274
20
-4.3608095275590548
11
5.3368866535433073
21
-4.3638430314960628
0
LINE
8
BLACK
6
CONTINUOUS
10
5.3368866535433073
20
-4.3638430314960628
11
5.33759842519685
21
-4.3674212598425193
0
LINE
8
BLACK
6
CONTINUOUS
10
5.33759842519685
20
-4.3674212598425193
11
5.33759842519685
21
-4.3861220472440943
0
LINE
8
BLACK
6
CONTINUOUS
10
5.33759842519685
20
-4.3861220472440943
11
5.3368866535433073
21
-4.3897002755905508
0
LINE
8
BLACK
6
CONTINUOUS
10
5.3368866535433073
20
-4.3897002755905508
11
5.3348597637795274
21
-4.3927337795275587
0
LINE
8
BLACK
6
CONTINUOUS
10
5.3348597637795274
20
-4.3927337795275587
11
5.3318262598425195
21
-4.3947606692913386
0
LINE
8
BLACK
6
CONTINUOUS
10
5.3318262598425195
20
-4.3947606692913386
11
5.328248031496063
21
-4.3954724409448822
0
LINE
8
BLACK
6
CONTINUOUS
10
5.328248031496063
20
-4.3954724409448822
11
5.3085629921259843
21
-4.3954724409448822
0
LINE
8
BLACK
6
CONTINUOUS
10
5.3085629921259843
20
-4.3954724409448822
11
5.3049847637795278
21
-4.3947606692913386
0
LINE
8
BLACK
6
CONTINUOUS
10
5.3049847637795278
20
-4.3947606692913386
11
5.3019512598425198
21
-4.3927337795275587
0
LINE
8
BLACK
6
CONTINUOUS
10
5.3019512598425198
20
-4.3927337795275587
11
5.29992437007874
21
-4.3897002755905508
0
LINE
8
BLACK
6
CONTINUOUS
10
5.29992437007874
20
-4.3897002755905508
11
5.2992125984251963
21
-4.3861220472440943
0
LINE
8
BLACK
6
CONTINUOUS
10
5.2992125984251963
20
-4.3861220472440943
11
5.2992125984251963
21
-4.3674212598425193
0
LINE
8
BLACK
6
CONTINUOUS
10
5.2992125984251963
20
-4.3674212598425193
11
5.29992437007874
21
-4.3638430314960628
0
LINE
8
BLACK
6
CONTINUOUS
10
5.29992437007874
20
-4.3638430314960628
11
5.3019512598425198
21
-4.3608095275590548
0
LINE
8
BLACK
6
CONTINUOUS
10
5.3019512598425198
20
-4.3608095275590548
11
5.3049847637795278
21
-4.3587826377952759
0
LINE
8
BLACK
6
CONTINUOUS
10
5.3049847637795278
20
-4.3587826377952759
11
5.3085629921259843
21
-4.3580708661417322
0
LINE
8
BLACK
6
CONTINUOUS
10
5.3085629921259843
20
-4.3580708661417322
11
5.328248031496063
21
-4.3580708661417322
0
LINE
8
BLACK
6
CONTINUOUS
10
5.328248031496063
20
-4.3580708661417322
11
5.3318262598425195
21
-4.3587826377952759
0
LINE
8
BLACK
6
CONTINUOUS
10
5.4036766535433074
20
-4.3587826377952759
11
5.4067101574803145
21
-4.3608095275590548
0
LINE
8
BLACK
6
CONTINUOUS
10
5.4067101574803145
20
-4.3608095275590548
11
5.4087370472440943
21
-4.3638430314960628
0
LINE
8
BLACK
6
CONTINUOUS
10
5.4087370472440943
20
-4.3638430314960628
11
5.409448818897638
21
-4.3674212598425193
0
LINE
8
BLACK
6
CONTINUOUS
10
5.409448818897638
20
-4.3674212598425193
11
5.409448818897638
21
-4.3861220472440943
0
LINE
8
BLACK
6
CONTINUOUS
10
5.409448818897638
20
-4.3861220472440943
11
5.4087370472440943
21
-4.3897002755905508
0
LINE
8
BLACK
6
CONTINUOUS
10
5.4087370472440943
20
-4.3897002755905508
11
5.4067101574803145
21
-4.3927337795275587
0
LINE
8
BLACK
6
CONTINUOUS
10
5.4067101574803145
20
-4.3927337795275587
11
5.4036766535433074
21
-4.3947606692913386
0
LINE
8
BLACK
6
CONTINUOUS
10
5.4036766535433074
20
-4.3947606692913386
11
5.40009842519685
21
-4.3954724409448822
0
LINE
8
BLACK
6
CONTINUOUS
10
5.40009842519685
20
-4.3954724409448822
11
5.3804133858267713
21
-4.3954724409448822
0
LINE
8
BLACK
6
CONTINUOUS
10
5.3804133858267713
20
-4.3954724409448822
11
5.3768351574803148
21
-4.3947606692913386
0
LINE
8
BLACK
6
CONTINUOUS
10
5.3768351574803148
20
-4.3947606692913386
11
5.3738016535433069
21
-4.3927337795275587
0
LINE
8
BLACK
6
CONTINUOUS
10
5.3738016535433069
20
-4.3927337795275587
11
5.371774763779527
21
-4.3897002755905508
0
LINE
8
BLACK
6
CONTINUOUS
10
5.371774763779527
20
-4.3897002755905508
11
5.3710629921259843
21
-4.3861220472440943
0
LINE
8
BLACK
6
CONTINUOUS
10
5.3710629921259843
20
-4.3861220472440943
11
5.3710629921259843
21
-4.3674212598425193
0
LINE
8
BLACK
6
CONTINUOUS
10
5.3710629921259843
20
-4.3674212598425193
11
5.371774763779527
21
-4.3638430314960628
0
LINE
8
BLACK
6
CONTINUOUS
10
5.371774763779527
20
-4.3638430314960628
11
5.3738016535433069
21
-4.3608095275590548
0
LINE
8
BLACK
6
CONTINUOUS
10
5.3738016535433069
20
-4.3608095275590548
11
5.3768351574803148
21
-4.3587826377952759
0
LINE
8
BLACK
6
CONTINUOUS
10
5.3768351574803148
20
-4.3587826377952759
11
5.3804133858267713
21
-4.3580708661417322
0
LINE
8
BLACK
6
CONTINUOUS
10
5.3804133858267713
20
-4.3580708661417322
11
5.40009842519685
21
-4.3580708661417322
0
LINE
8
BLACK
6
CONTINUOUS
10
5.40009842519685
20
-4.3580708661417322
11
5.4036766535433074
21
-4.3587826377952759
0
LINE
8
BLACK
6
CONTINUOUS
10
6.186156968503937
20
-4.3575031102362205
11
6.189190472440945
21
-4.3595299999999995
0
LINE
8
BLACK
6
CONTINUOUS
10
6.189190472440945
20
-4.3595299999999995
11
6.191217362204724
21
-4.3625635039370074
0
LINE
8
BLACK
6
CONTINUOUS
10
6.191217362204724
20
-4.3625635039370074
11
6.1919291338582676
21
-4.3661417322834648
0
LINE
8
BLACK
6
CONTINUOUS
10
6.1919291338582676
20
-4.3661417322834648
11
6.1919291338582676
21
-4.3858267716535435
0
LINE
8
BLACK
6
CONTINUOUS
10
6.1919291338582676
20
-4.3858267716535435
11
6.191217362204724
21
-4.389405
0
LINE
8
BLACK
6
CONTINUOUS
10
6.191217362204724
20
-4.389405
11
6.189190472440945
21
-4.392438503937008
0
LINE
8
BLACK
6
CONTINUOUS
10
6.189190472440945
20
-4.392438503937008
11
6.186156968503937
21
-4.3944653937007869
0
LINE
8
BLACK
6
CONTINUOUS
10
6.186156968503937
20
-4.3944653937007869
11
6.1825787401574805
21
-4.3951771653543306
0
LINE
8
BLACK
6
CONTINUOUS
10
6.1825787401574805
20
-4.3951771653543306
11
6.1638779527559056
21
-4.3951771653543306
0
LINE
8
BLACK
6
CONTINUOUS
10
6.1638779527559056
20
-4.3951771653543306
11
6.1602997244094491
21
-4.3944653937007869
0
LINE
8
BLACK
6
CONTINUOUS
10
6.1602997244094491
20
-4.3944653937007869
11
6.1572662204724411
21
-4.392438503937008
0
LINE
8
BLACK
6
CONTINUOUS
10
6.1572662204724411
20
-4.392438503937008
11
6.1552393307086612
21
-4.389405
0
LINE
8
BLACK
6
CONTINUOUS
10
6.1552393307086612
20
-4.389405
11
6.1545275590551176
21
-4.3858267716535435
0
LINE
8
BLACK
6
CONTINUOUS
10
6.1545275590551176
20
-4.3858267716535435
11
6.1545275590551176
21
-4.3661417322834648
0
LINE
8
BLACK
6
CONTINUOUS
10
6.1545275590551176
20
-4.3661417322834648
11
6.1552393307086612
21
-4.3625635039370074
0
LINE
8
BLACK
6
CONTINUOUS
10
6.1552393307086612
20
-4.3625635039370074
11
6.1572662204724411
21
-4.3595299999999995
0
LINE
8
BLACK
6
CONTINUOUS
10
6.1572662204724411
20
-4.3595299999999995
11
6.1602997244094491
21
-4.3575031102362205
0
LINE
8
BLACK
6
CONTINUOUS
10
6.1602997244094491
20
-4.3575031102362205
11
6.1638779527559056
21
-4.3567913385826769
0
LINE
8
BLACK
6
CONTINUOUS
10
6.1638779527559056
20
-4.3567913385826769
11
6.1825787401574805
21
-4.3567913385826769
0
LINE
8
BLACK
6
CONTINUOUS
10
6.1825787401574805
20
-4.3567913385826769
11
6.186156968503937
21
-4.3575031102362205
0
LINE
8
BLACK
6
CONTINUOUS
10
6.3987553937007871
20
-4.3575031102362205
11
6.401788897637795
21
-4.3595299999999995
0
LINE
8
BLACK
6
CONTINUOUS
10
6.401788897637795
20
-4.3595299999999995
11
6.4038157874015749
21
-4.3625635039370074
0
LINE
8
BLACK
6
CONTINUOUS
10
6.4038157874015749
20
-4.3625635039370074
11
6.4045275590551176
21
-4.3661417322834648
0
LINE
8
BLACK
6
CONTINUOUS
10
6.4045275590551176
20
-4.3661417322834648
11
6.4045275590551176
21
-4.3858267716535435
0
LINE
8
BLACK
6
CONTINUOUS
10
6.4045275590551176
20
-4.3858267716535435
11
6.4038157874015749
21
-4.389405
0
LINE
8
BLACK
6
CONTINUOUS
10
6.4038157874015749
20
-4.389405
11
6.401788897637795
21
-4.392438503937008
0
LINE
8
BLACK
6
CONTINUOUS
10
6.401788897637795
20
-4.392438503937008
11
6.3987553937007871
21
-4.3944653937007869
0
LINE
8
BLACK
6
CONTINUOUS
10
6.3987553937007871
20
-4.3944653937007869
11
6.3951771653543306
21
-4.3951771653543306
0
LINE
8
BLACK
6
CONTINUOUS
10
6.3951771653543306
20
-4.3951771653543306
11
6.3764763779527556
21
-4.3951771653543306
0
LINE
8
BLACK
6
CONTINUOUS
10
6.3764763779527556
20
-4.3951771653543306
11
6.3728981496062991
21
-4.3944653937007869
0
LINE
8
BLACK
6
CONTINUOUS
10
6.3728981496062991
20
-4.3944653937007869
11
6.3698646456692911
21
-4.392438503937008
0
LINE
8
BLACK
6
CONTINUOUS
10
6.3698646456692911
20
-4.392438503937008
11
6.3678377559055113
21
-4.389405
0
LINE
8
BLACK
6
CONTINUOUS
10
6.3678377559055113
20
-4.389405
11
6.3671259842519685
21
-4.3858267716535435
0
LINE
8
BLACK
6
CONTINUOUS
10
6.3671259842519685
20
-4.3858267716535435
11
6.3671259842519685
21
-4.3661417322834648
0
LINE
8
BLACK
6
CONTINUOUS
10
6.3671259842519685
20
-4.3661417322834648
11
6.3678377559055113
21
-4.3625635039370074
0
LINE
8
BLACK
6
CONTINUOUS
10
6.3678377559055113
20
-4.3625635039370074
11
6.3698646456692911
21
-4.3595299999999995
0
LINE
8
BLACK
6
CONTINUOUS
10
6.3698646456692911
20
-4.3595299999999995
11
6.3728981496062991
21
-4.3575031102362205
0
LINE
8
BLACK
6
CONTINUOUS
10
6.3728981496062991
20
-4.3575031102362205
11
6.3764763779527556
21
-4.3567913385826769
0
LINE
8
BLACK
6
CONTINUOUS
10
6.3764763779527556
20
-4.3567913385826769
11
6.3951771653543306
21
-4.3567913385826769
0
LINE
8
BLACK
6
CONTINUOUS
10
6.3951771653543306
20
-4.3567913385826769
11
6.3987553937007871
21
-4.3575031102362205
0
LINE
8
BLACK
6
CONTINUOUS
10
5.7728563779527562
20
-4.3684474015748034
11
5.774293307086614
21
-4.369407480314961
0
LINE
8
BLACK
6
CONTINUOUS
10
5.774293307086614
20
-4.369407480314961
11
5.7752533858267716
21
-4.3708444094488188
0
LINE
8
BLACK
6
CONTINUOUS
10
5.7752533858267716
20
-4.3708444094488188
11
5.7755905511811019
21
-4.3725393700787398
0
LINE
8
BLACK
6
CONTINUOUS
10
5.7755905511811019
20
-4.3725393700787398
11
5.7755905511811019
21
-4.3813976377952759
0
LINE
8
BLACK
6
CONTINUOUS
10
5.7755905511811019
20
-4.3813976377952759
11
5.7752533858267716
21
-4.3830925984251969
0
LINE
8
BLACK
6
CONTINUOUS
10
5.7752533858267716
20
-4.3830925984251969
11
5.774293307086614
21
-4.3845295275590548
0
LINE
8
BLACK
6
CONTINUOUS
10
5.774293307086614
20
-4.3845295275590548
11
5.7728563779527562
21
-4.3854896062992124
0
LINE
8
BLACK
6
CONTINUOUS
10
5.7728563779527562
20
-4.3854896062992124
11
5.7711614173228343
21
-4.3858267716535435
0
LINE
8
BLACK
6
CONTINUOUS
10
5.7711614173228343
20
-4.3858267716535435
11
5.7170275590551176
21
-4.3858267716535435
0
LINE
8
BLACK
6
CONTINUOUS
10
5.7170275590551176
20
-4.3858267716535435
11
5.7153325984251966
21
-4.3854896062992124
0
LINE
8
BLACK
6
CONTINUOUS
10
5.7153325984251966
20
-4.3854896062992124
11
5.7138956692913387
21
-4.3845295275590548
0
LINE
8
BLACK
6
CONTINUOUS
10
5.7138956692913387
20
-4.3845295275590548
11
5.7129355905511812
21
-4.3830925984251969
0
LINE
8
BLACK
6
CONTINUOUS
10
5.7129355905511812
20
-4.3830925984251969
11
5.71259842519685
21
-4.3813976377952759
0
LINE
8
BLACK
6
CONTINUOUS
10
5.71259842519685
20
-4.3813976377952759
11
5.71259842519685
21
-4.3725393700787398
0
LINE
8
BLACK
6
CONTINUOUS
10
5.71259842519685
20
-4.3725393700787398
11
5.7129355905511812
21
-4.3708444094488188
0
LINE
8
BLACK
6
CONTINUOUS
10
5.7129355905511812
20
-4.3708444094488188
11
5.7138956692913387
21
-4.369407480314961
0
LINE
8
BLACK
6
CONTINUOUS
10
5.7138956692913387
20
-4.369407480314961
11
5.7153325984251966
21
-4.3684474015748034
0
LINE
8
BLACK
6
CONTINUOUS
10
5.7153325984251966
20
-4.3684474015748034
11
5.7170275590551176
21
-4.3681102362204722
0
LINE
8
BLACK
6
CONTINUOUS
10
5.7170275590551176
20
-4.3681102362204722
11
5.7711614173228343
21
-4.3681102362204722
0
LINE
8
BLACK
6
CONTINUOUS
10
5.7711614173228343
20
-4.3681102362204722
11
5.7728563779527562
21
-4.3684474015748034
0
LINE
8
BLACK
6
CONTINUOUS
10
5.9460847244094488
20
-4.3684474015748034
11
5.9475216535433066
21
-4.369407480314961
0
LINE
8
BLACK
6
CONTINUOUS
10
5.9475216535433066
20
-4.369407480314961
11
5.9484817322834642
21
-4.3708444094488188
0
LINE
8
BLACK
6
CONTINUOUS
10
5.9484817322834642
20
-4.3708444094488188
11
5.9488188976377954
21
-4.3725393700787398
0
LINE
8
BLACK
6
CONTINUOUS
10
5.9488188976377954
20
-4.3725393700787398
11
5.9488188976377954
21
-4.3813976377952759
0
LINE
8
BLACK
6
CONTINUOUS
10
5.9488188976377954
20
-4.3813976377952759
11
5.9484817322834642
21
-4.3830925984251969
0
LINE
8
BLACK
6
CONTINUOUS
10
5.9484817322834642
20
-4.3830925984251969
11
5.9475216535433066
21
-4.3845295275590548
0
LINE
8
BLACK
6
CONTINUOUS
10
5.9475216535433066
20
-4.3845295275590548
11
5.9460847244094488
21
-4.3854896062992124
0
LINE
8
BLACK
6
CONTINUOUS
10
5.9460847244094488
20
-4.3854896062992124
11
5.9443897637795278
21
-4.3858267716535435
0
LINE
8
BLACK
6
CONTINUOUS
10
5.9443897637795278
20
-4.3858267716535435
11
5.8902559055118111
21
-4.3858267716535435
0
LINE
8
BLACK
6
CONTINUOUS
10
5.8902559055118111
20
-4.3858267716535435
11
5.8885609448818892
21
-4.3854896062992124
0
LINE
8
BLACK
6
CONTINUOUS
10
5.8885609448818892
20
-4.3854896062992124
11
5.8871240157480313
21
-4.3845295275590548
0
LINE
8
BLACK
6
CONTINUOUS
10
5.8871240157480313
20
-4.3845295275590548
11
5.8861639370078738
21
-4.3830925984251969
0
LINE
8
BLACK
6
CONTINUOUS
10
5.8861639370078738
20
-4.3830925984251969
11
5.8858267716535435
21
-4.3813976377952759
0
LINE
8
BLACK
6
CONTINUOUS
10
5.8858267716535435
20
-4.3813976377952759
11
5.8858267716535435
21
-4.3725393700787398
0
LINE
8
BLACK
6
CONTINUOUS
10
5.8858267716535435
20
-4.3725393700787398
11
5.8861639370078738
21
-4.3708444094488188
0
LINE
8
BLACK
6
CONTINUOUS
10
5.8861639370078738
20
-4.3708444094488188
11
5.8871240157480313
21
-4.369407480314961
0
LINE
8
BLACK
6
CONTINUOUS
10
5.8871240157480313
20
-4.369407480314961
11
5.8885609448818892
21
-4.3684474015748034
0
LINE
8
BLACK
6
CONTINUOUS
10
5.8885609448818892
20
-4.3684474015748034
11
5.8902559055118111
21
-4.3681102362204722
0
LINE
8
BLACK
6
CONTINUOUS
10
5.8902559055118111
20
-4.3681102362204722
11
5.9443897637795278
21
-4.3681102362204722
0
LINE
8
BLACK
6
CONTINUOUS
10
5.9443897637795278
20
-4.3681102362204722
11
5.9460847244094488
21
-4.3684474015748034
0
LINE
8
BLACK
6
CONTINUOUS
10
5.5011175984251963
20
-4.327975551181102
11
5.5041511023622043
21
-4.3300024409448818
0
LINE
8
BLACK
6
CONTINUOUS
10
5.5041511023622043
20
-4.3300024409448818
11
5.5061779921259841
21
-4.3330359448818898
0
LINE
8
BLACK
6
CONTINUOUS
10
5.5061779921259841
20
-4.3330359448818898
11
5.5068897637795278
21
-4.3366141732283463
0
LINE
8
BLACK
6
CONTINUOUS
10
5.5068897637795278
20
-4.3366141732283463
11
5.5068897637795278
21
-4.3602362204724407
0
LINE
8
BLACK
6
CONTINUOUS
10
5.5068897637795278
20
-4.3602362204724407
11
5.5061779921259841
21
-4.3638144488188972
0
LINE
8
BLACK
6
CONTINUOUS
10
5.5061779921259841
20
-4.3638144488188972
11
5.5041511023622043
21
-4.3668479527559052
0
LINE
8
BLACK
6
CONTINUOUS
10
5.5041511023622043
20
-4.3668479527559052
11
5.5011175984251963
21
-4.3688748425196851
0
LINE
8
BLACK
6
CONTINUOUS
10
5.5011175984251963
20
-4.3688748425196851
11
5.4975393700787398
21
-4.3695866141732287
0
LINE
8
BLACK
6
CONTINUOUS
10
5.4975393700787398
20
-4.3695866141732287
11
5.4788385826771648
21
-4.3695866141732287
0
LINE
8
BLACK
6
CONTINUOUS
10
5.4788385826771648
20
-4.3695866141732287
11
5.4752603543307083
21
-4.3688748425196851
0
LINE
8
BLACK
6
CONTINUOUS
10
5.4752603543307083
20
-4.3688748425196851
11
5.4722268503937004
21
-4.3668479527559052
0
LINE
8
BLACK
6
CONTINUOUS
10
5.4722268503937004
20
-4.3668479527559052
11
5.4701999606299214
21
-4.3638144488188972
0
LINE
8
BLACK
6
CONTINUOUS
10
5.4701999606299214
20
-4.3638144488188972
11
5.4694881889763778
21
-4.3602362204724407
0
LINE
8
BLACK
6
CONTINUOUS
10
5.4694881889763778
20
-4.3602362204724407
11
5.4694881889763778
21
-4.3366141732283463
0
LINE
8
BLACK
6
CONTINUOUS
10
5.4694881889763778
20
-4.3366141732283463
11
5.4701999606299214
21
-4.3330359448818898
0
LINE
8
BLACK
6
CONTINUOUS
10
5.4701999606299214
20
-4.3330359448818898
11
5.4722268503937004
21
-4.3300024409448818
0
LINE
8
BLACK
6
CONTINUOUS
10
5.4722268503937004
20
-4.3300024409448818
11
5.4752603543307083
21
-4.327975551181102
0
LINE
8
BLACK
6
CONTINUOUS
10
5.4752603543307083
20
-4.327975551181102
11
5.4788385826771648
21
-4.3272637795275593
0
LINE
8
BLACK
6
CONTINUOUS
10
5.4788385826771648
20
-4.3272637795275593
11
5.4975393700787398
21
-4.3272637795275593
0
LINE
8
BLACK
6
CONTINUOUS
10
5.4975393700787398
20
-4.3272637795275593
11
5.5011175984251963
21
-4.327975551181102
0
LINE
8
BLACK
6
CONTINUOUS
10
5.5641097244094491
20
-4.327975551181102
11
5.5671432283464561
21
-4.3300024409448818
0
LINE
8
BLACK
6
CONTINUOUS
10
5.5671432283464561
20
-4.3300024409448818
11
5.569170118110236
21
-4.3330359448818898
0
LINE
8
BLACK
6
CONTINUOUS
10
5.569170118110236
20
-4.3330359448818898
11
5.5698818897637796
21
-4.3366141732283463
0
LINE
8
BLACK
6
CONTINUOUS
10
5.5698818897637796
20
-4.3366141732283463
11
5.5698818897637796
21
-4.356299212598425
0
LINE
8
BLACK
6
CONTINUOUS
10
5.5698818897637796
20
-4.356299212598425
11
5.569170118110236
21
-4.3598774409448815
0
LINE
8
BLACK
6
CONTINUOUS
10
5.569170118110236
20
-4.3598774409448815
11
5.5671432283464561
21
-4.3629109448818895
0
LINE
8
BLACK
6
CONTINUOUS
10
5.5671432283464561
20
-4.3629109448818895
11
5.5641097244094491
21
-4.3649378346456693
0
LINE
8
BLACK
6
CONTINUOUS
10
5.5641097244094491
20
-4.3649378346456693
11
5.5605314960629917
21
-4.3656496062992121
0
LINE
8
BLACK
6
CONTINUOUS
10
5.5605314960629917
20
-4.3656496062992121
11
5.5418307086614176
21
-4.3656496062992121
0
LINE
8
BLACK
6
CONTINUOUS
10
5.5418307086614176
20
-4.3656496062992121
11
5.5382524803149602
21
-4.3649378346456693
0
LINE
8
BLACK
6
CONTINUOUS
10
5.5382524803149602
20
-4.3649378346456693
11
5.5352189763779522
21
-4.3629109448818895
0
LINE
8
BLACK
6
CONTINUOUS
10
5.5352189763779522
20
-4.3629109448818895
11
5.5331920866141733
21
-4.3598774409448815
0
LINE
8
BLACK
6
CONTINUOUS
10
5.5331920866141733
20
-4.3598774409448815
11
5.5324803149606296
21
-4.356299212598425
0
LINE
8
BLACK
6
CONTINUOUS
10
5.5324803149606296
20
-4.356299212598425
11
5.5324803149606296
21
-4.3366141732283463
0
LINE
8
BLACK
6
CONTINUOUS
10
5.5324803149606296
20
-4.3366141732283463
11
5.5331920866141733
21
-4.3330359448818898
0
LINE
8
BLACK
6
CONTINUOUS
10
5.5331920866141733
20
-4.3330359448818898
11
5.5352189763779522
21
-4.3300024409448818
0
LINE
8
BLACK
6
CONTINUOUS
10
5.5352189763779522
20
-4.3300024409448818
11
5.5382524803149602
21
-4.327975551181102
0
LINE
8
BLACK
6
CONTINUOUS
10
5.5382524803149602
20
-4.327975551181102
11
5.5418307086614176
21
-4.3272637795275593
0
LINE
8
BLACK
6
CONTINUOUS
10
5.5418307086614176
20
-4.3272637795275593
11
5.5605314960629917
21
-4.3272637795275593
0
LINE
8
BLACK
6
CONTINUOUS
10
5.5605314960629917
20
-4.3272637795275593
11
5.5641097244094491
21
-4.327975551181102
0
LINE
8
BLACK
6
CONTINUOUS
10
5.7728563779527562
20
-4.3428568503937006
11
5.774293307086614
21
-4.3438169291338582
0
LINE
8
BLACK
6
CONTINUOUS
10
5.774293307086614
20
-4.3438169291338582
11
5.7752533858267716
21
-4.345253858267716
0
LINE
8
BLACK
6
CONTINUOUS
10
5.7752533858267716
20
-4.345253858267716
11
5.7755905511811019
21
-4.346948818897638
0
LINE
8
BLACK
6
CONTINUOUS
10
5.7755905511811019
20
-4.346948818897638
11
5.7755905511811019
21
-4.3558070866141732
0
LINE
8
BLACK
6
CONTINUOUS
10
5.7755905511811019
20
-4.3558070866141732
11
5.7752533858267716
21
-4.3575020472440942
0
LINE
8
BLACK
6
CONTINUOUS
10
5.7752533858267716
20
-4.3575020472440942
11
5.774293307086614
21
-4.3589389763779529
0
LINE
8
BLACK
6
CONTINUOUS
10
5.774293307086614
20
-4.3589389763779529
11
5.7728563779527562
21
-4.3598990551181105
0
LINE
8
BLACK
6
CONTINUOUS
10
5.7728563779527562
20
-4.3598990551181105
11
5.7711614173228343
21
-4.3602362204724407
0
LINE
8
BLACK
6
CONTINUOUS
10
5.7711614173228343
20
-4.3602362204724407
11
5.7170275590551176
21
-4.3602362204724407
0
LINE
8
BLACK
6
CONTINUOUS
10
5.7170275590551176
20
-4.3602362204724407
11
5.7153325984251966
21
-4.3598990551181105
0
LINE
8
BLACK
6
CONTINUOUS
10
5.7153325984251966
20
-4.3598990551181105
11
5.7138956692913387
21
-4.3589389763779529
0
LINE
8
BLACK
6
CONTINUOUS
10
5.7138956692913387
20
-4.3589389763779529
11
5.7129355905511812
21
-4.3575020472440942
0
LINE
8
BLACK
6
CONTINUOUS
10
5.7129355905511812
20
-4.3575020472440942
11
5.71259842519685
21
-4.3558070866141732
0
LINE
8
BLACK
6
CONTINUOUS
10
5.71259842519685
20
-4.3558070866141732
11
5.71259842519685
21
-4.346948818897638
0
LINE
8
BLACK
6
CONTINUOUS
10
5.71259842519685
20
-4.346948818897638
11
5.7129355905511812
21
-4.345253858267716
0
LINE
8
BLACK
6
CONTINUOUS
10
5.7129355905511812
20
-4.345253858267716
11
5.7138956692913387
21
-4.3438169291338582
0
LINE
8
BLACK
6
CONTINUOUS
10
5.7138956692913387
20
-4.3438169291338582
11
5.7153325984251966
21
-4.3428568503937006
0
LINE
8
BLACK
6
CONTINUOUS
10
5.7153325984251966
20
-4.3428568503937006
11
5.7170275590551176
21
-4.3425196850393704
0
LINE
8
BLACK
6
CONTINUOUS
10
5.7170275590551176
20
-4.3425196850393704
11
5.7711614173228343
21
-4.3425196850393704
0
LINE
8
BLACK
6
CONTINUOUS
10
5.7711614173228343
20
-4.3425196850393704
11
5.7728563779527562
21
-4.3428568503937006
0
LINE
8
BLACK
6
CONTINUOUS
10
5.9460847244094488
20
-4.3428568503937006
11
5.9475216535433066
21
-4.3438169291338582
0
LINE
8
BLACK
6
CONTINUOUS
10
5.9475216535433066
20
-4.3438169291338582
11
5.9484817322834642
21
-4.345253858267716
0
LINE
8
BLACK
6
CONTINUOUS
10
5.9484817322834642
20
-4.345253858267716
11
5.9488188976377954
21
-4.346948818897638
0
LINE
8
BLACK
6
CONTINUOUS
10
5.9488188976377954
20
-4.346948818897638
11
5.9488188976377954
21
-4.3558070866141732
0
LINE
8
BLACK
6
CONTINUOUS
10
5.9488188976377954
20
-4.3558070866141732
11
5.9484817322834642
21
-4.3575020472440942
0
LINE
8
BLACK
6
CONTINUOUS
10
5.9484817322834642
20
-4.3575020472440942
11
5.9475216535433066
21
-4.3589389763779529
0
LINE
8
BLACK
6
CONTINUOUS
10
5.9475216535433066
20
-4.3589389763779529
11
5.9460847244094488
21
-4.3598990551181105
0
LINE
8
BLACK
6
CONTINUOUS
10
5.9460847244094488
20
-4.3598990551181105
11
5.9443897637795278
21
-4.3602362204724407
0
LINE
8
BLACK
6
CONTINUOUS
10
5.9443897637795278
20
-4.3602362204724407
11
5.8902559055118111
21
-4.3602362204724407
0
LINE
8
BLACK
6
CONTINUOUS
10
5.8902559055118111
20
-4.3602362204724407
11
5.8885609448818892
21
-4.3598990551181105
0
LINE
8
BLACK
6
CONTINUOUS
10
5.8885609448818892
20
-4.3598990551181105
11
5.8871240157480313
21
-4.3589389763779529
0
LINE
8
BLACK
6
CONTINUOUS
10
5.8871240157480313
20
-4.3589389763779529
11
5.8861639370078738
21
-4.3575020472440942
0
LINE
8
BLACK
6
CONTINUOUS
10
5.8861639370078738
20
-4.3575020472440942
11
5.8858267716535435
21
-4.3558070866141732
0
LINE
8
BLACK
6
CONTINUOUS
10
5.8858267716535435
20
-4.3558070866141732
11
5.8858267716535435
21
-4.346948818897638
0
LINE
8
BLACK
6
CONTINUOUS
10
5.8858267716535435
20
-4.346948818897638
11
5.8861639370078738
21
-4.345253858267716
0
LINE
8
BLACK
6
CONTINUOUS
10
5.8861639370078738
20
-4.345253858267716
11
5.8871240157480313
21
-4.3438169291338582
0
LINE
8
BLACK
6
CONTINUOUS
10
5.8871240157480313
20
-4.3438169291338582
11
5.8885609448818892
21
-4.3428568503937006
0
LINE
8
BLACK
6
CONTINUOUS
10
5.8885609448818892
20
-4.3428568503937006
11
5.8902559055118111
21
-4.3425196850393704
0
LINE
8
BLACK
6
CONTINUOUS
10
5.8902559055118111
20
-4.3425196850393704
11
5.9443897637795278
21
-4.3425196850393704
0
LINE
8
BLACK
6
CONTINUOUS
10
5.9443897637795278
20
-4.3425196850393704
11
5.9460847244094488
21
-4.3428568503937006
0
LINE
8
BLACK
6
CONTINUOUS
10
6.186156968503937
20
-4.2836842125984251
11
6.189190472440945
21
-4.285711102362205
0
LINE
8
BLACK
6
CONTINUOUS
10
6.189190472440945
20
-4.285711102362205
11
6.191217362204724
21
-4.2887446062992121
0
LINE
8
BLACK
6
CONTINUOUS
10
6.191217362204724
20
-4.2887446062992121
11
6.1919291338582676
21
-4.2923228346456694
0
LINE
8
BLACK
6
CONTINUOUS
10
6.1919291338582676
20
-4.2923228346456694
11
6.1919291338582676
21
-4.3159448818897639
0
LINE
8
BLACK
6
CONTINUOUS
10
6.1919291338582676
20
-4.3159448818897639
11
6.191217362204724
21
-4.3195231102362204
0
LINE
8
BLACK
6
CONTINUOUS
10
6.191217362204724
20
-4.3195231102362204
11
6.189190472440945
21
-4.3225566141732283
0
LINE
8
BLACK
6
CONTINUOUS
10
6.189190472440945
20
-4.3225566141732283
11
6.186156968503937
21
-4.3245835039370082
0
LINE
8
BLACK
6
CONTINUOUS
10
6.186156968503937
20
-4.3245835039370082
11
6.1825787401574805
21
-4.3252952755905509
0
LINE
8
BLACK
6
CONTINUOUS
10
6.1825787401574805
20
-4.3252952755905509
11
6.1638779527559056
21
-4.3252952755905509
0
LINE
8
BLACK
6
CONTINUOUS
10
6.1638779527559056
20
-4.3252952755905509
11
6.1602997244094491
21
-4.3245835039370082
0
LINE
8
BLACK
6
CONTINUOUS
10
6.1602997244094491
20
-4.3245835039370082
11
6.1572662204724411
21
-4.3225566141732283
0
LINE
8
BLACK
6
CONTINUOUS
10
6.1572662204724411
20
-4.3225566141732283
11
6.1552393307086612
21
-4.3195231102362204
0
LINE
8
BLACK
6
CONTINUOUS
10
6.1552393307086612
20
-4.3195231102362204
11
6.1545275590551176
21
-4.3159448818897639
0
LINE
8
BLACK
6
CONTINUOUS
10
6.1545275590551176
20
-4.3159448818897639
11
6.1545275590551176
21
-4.2923228346456694
0
LINE
8
BLACK
6
CONTINUOUS
10
6.1545275590551176
20
-4.2923228346456694
11
6.1552393307086612
21
-4.2887446062992121
0
LINE
8
BLACK
6
CONTINUOUS
10
6.1552393307086612
20
-4.2887446062992121
11
6.1572662204724411
21
-4.285711102362205
0
LINE
8
BLACK
6
CONTINUOUS
10
6.1572662204724411
20
-4.285711102362205
11
6.1602997244094491
21
-4.2836842125984251
0
LINE
8
BLACK
6
CONTINUOUS
10
6.1602997244094491
20
-4.2836842125984251
11
6.1638779527559056
21
-4.2829724409448815
0
LINE
8
BLACK
6
CONTINUOUS
10
6.1638779527559056
20
-4.2829724409448815
11
6.1825787401574805
21
-4.2829724409448815
0
LINE
8
BLACK
6
CONTINUOUS
10
6.1825787401574805
20
-4.2829724409448815
11
6.186156968503937
21
-4.2836842125984251
0
LINE
8
BLACK
6
CONTINUOUS
10
6.3987553937007871
20
-4.2836842125984251
11
6.401788897637795
21
-4.285711102362205
0
LINE
8
BLACK
6
CONTINUOUS
10
6.401788897637795
20
-4.285711102362205
11
6.4038157874015749
21
-4.2887446062992121
0
LINE
8
BLACK
6
CONTINUOUS
10
6.4038157874015749
20
-4.2887446062992121
11
6.4045275590551176
21
-4.2923228346456694
0
LINE
8
BLACK
6
CONTINUOUS
10
6.4045275590551176
20
-4.2923228346456694
11
6.4045275590551176
21
-4.3159448818897639
0
LINE
8
BLACK
6
CONTINUOUS
10
6.4045275590551176
20
-4.3159448818897639
11
6.4038157874015749
21
-4.3195231102362204
0
LINE
8
BLACK
6
CONTINUOUS
10
6.4038157874015749
20
-4.3195231102362204
11
6.401788897637795
21
-4.3225566141732283
0
LINE
8
BLACK
6
CONTINUOUS
10
6.401788897637795
20
-4.3225566141732283
11
6.3987553937007871
21
-4.3245835039370082
0
LINE
8
BLACK
6
CONTINUOUS
10
6.3987553937007871
20
-4.3245835039370082
11
6.3951771653543306
21
-4.3252952755905509
0
LINE
8
BLACK
6
CONTINUOUS
10
6.3951771653543306
20
-4.3252952755905509
11
6.3764763779527556
21
-4.3252952755905509
0
LINE
8
BLACK
6
CONTINUOUS
10
6.3764763779527556
20
-4.3252952755905509
11
6.3728981496062991
21
-4.3245835039370082
0
LINE
8
BLACK
6
CONTINUOUS
10
6.3728981496062991
20
-4.3245835039370082
11
6.3698646456692911
21
-4.3225566141732283
0
LINE
8
BLACK
6
CONTINUOUS
10
6.3698646456692911
20
-4.3225566141732283
11
6.3678377559055113
21
-4.3195231102362204
0
LINE
8
BLACK
6
CONTINUOUS
10
6.3678377559055113
20
-4.3195231102362204
11
6.3671259842519685
21
-4.3159448818897639
0
LINE
8
BLACK
6
CONTINUOUS
10
6.3671259842519685
20
-4.3159448818897639
11
6.3671259842519685
21
-4.2923228346456694
0
LINE
8
BLACK
6
CONTINUOUS
10
6.3671259842519685
20
-4.2923228346456694
11
6.3678377559055113
21
-4.2887446062992121
0
LINE
8
BLACK
6
CONTINUOUS
10
6.3678377559055113
20
-4.2887446062992121
11
6.3698646456692911
21
-4.285711102362205
0
LINE
8
BLACK
6
CONTINUOUS
10
6.3698646456692911
20
-4.285711102362205
11
6.3728981496062991
21
-4.2836842125984251
0
LINE
8
BLACK
6
CONTINUOUS
10
6.3728981496062991
20
-4.2836842125984251
11
6.3764763779527556
21
-4.2829724409448815
0
LINE
8
BLACK
6
CONTINUOUS
10
6.3764763779527556
20
-4.2829724409448815
11
6.3951771653543306
21
-4.2829724409448815
0
LINE
8
BLACK
6
CONTINUOUS
10
6.3951771653543306
20
-4.2829724409448815
11
6.3987553937007871
21
-4.2836842125984251
0
LINE
8
BLACK
6
CONTINUOUS
10
5.2330708661417322
20
-4.3196850393700785
11
5.1937007874015748
21
-4.3196850393700785
0
LINE
8
BLACK
6
CONTINUOUS
10
5.1937007874015748
20
-4.3196850393700785
11
5.1937007874015748
21
-4.1700787401574804
0
LINE
8
BLACK
6
CONTINUOUS
10
5.1937007874015748
20
-4.1700787401574804
11
5.2330708661417322
21
-4.1700787401574804
0
LINE
8
BLACK
6
CONTINUOUS
10
5.2330708661417322
20
-4.1700787401574804
11
5.2330708661417322
21
-4.3196850393700785
0
LINE
8
BLACK
6
CONTINUOUS
10
6.4850393700787397
20
-4.3196850393700785
11
6.4456692913385822
21
-4.3196850393700785
0
LINE
8
BLACK
6
CONTINUOUS
10
6.4456692913385822
20
-4.3196850393700785
11
6.4456692913385822
21
-4.1700787401574804
0
LINE
8
BLACK
6
CONTINUOUS
10
6.4456692913385822
20
-4.1700787401574804
11
6.4850393700787397
21
-4.1700787401574804
0
LINE
8
BLACK
6
CONTINUOUS
10
6.4850393700787397
20
-4.1700787401574804
11
6.4850393700787397
21
-4.3196850393700785
0
LINE
8
BLACK
6
CONTINUOUS
10
6.2684624409448819
20
-4.2934538582677169
11
6.2703463779527562
21
-4.2947126771653545
0
LINE
8
BLACK
6
CONTINUOUS
10
6.2703463779527562
20
-4.2947126771653545
11
6.2716051968503939
21
-4.2965966141732279
0
LINE
8
BLACK
6
CONTINUOUS
10
6.2716051968503939
20
-4.2965966141732279
11
6.2720472440944883
21
-4.298818897637795
0
LINE
8
BLACK
6
CONTINUOUS
10
6.2720472440944883
20
-4.298818897637795
11
6.2720472440944883
21
-4.3124015748031495
0
LINE
8
BLACK
6
CONTINUOUS
10
6.2720472440944883
20
-4.3124015748031495
11
6.2716051968503939
21
-4.3146238582677165
0
LINE
8
BLACK
6
CONTINUOUS
10
6.2716051968503939
20
-4.3146238582677165
11
6.2703463779527562
21
-4.3165077952755908
0
LINE
8
BLACK
6
CONTINUOUS
10
6.2703463779527562
20
-4.3165077952755908
11
6.2684624409448819
21
-4.3177666141732285
0
LINE
8
BLACK
6
CONTINUOUS
10
6.2684624409448819
20
-4.3177666141732285
11
6.2662401574803148
21
-4.318208661417323
0
LINE
8
BLACK
6
CONTINUOUS
10
6.2662401574803148
20
-4.318208661417323
11
6.2546259842519687
21
-4.318208661417323
0
LINE
8
BLACK
6
CONTINUOUS
10
6.2546259842519687
20
-4.318208661417323
11
6.2524037007874016
21
-4.3177666141732285
0
LINE
8
BLACK
6
CONTINUOUS
10
6.2524037007874016
20
-4.3177666141732285
11
6.2505197637795273
21
-4.3165077952755908
0
LINE
8
BLACK
6
CONTINUOUS
10
6.2505197637795273
20
-4.3165077952755908
11
6.2492609448818897
21
-4.3146238582677165
0
LINE
8
BLACK
6
CONTINUOUS
10
6.2492609448818897
20
-4.3146238582677165
11
6.2488188976377952
21
-4.3124015748031495
0
LINE
8
BLACK
6
CONTINUOUS
10
6.2488188976377952
20
-4.3124015748031495
11
6.2488188976377952
21
-4.298818897637795
0
LINE
8
BLACK
6
CONTINUOUS
10
6.2488188976377952
20
-4.298818897637795
11
6.2492609448818897
21
-4.2965966141732279
0
LINE
8
BLACK
6
CONTINUOUS
10
6.2492609448818897
20
-4.2965966141732279
11
6.2505197637795273
21
-4.2947126771653545
0
LINE
8
BLACK
6
CONTINUOUS
10
6.2505197637795273
20
-4.2947126771653545
11
6.2524037007874016
21
-4.2934538582677169
0
LINE
8
BLACK
6
CONTINUOUS
10
6.2524037007874016
20
-4.2934538582677169
11
6.2546259842519687
21
-4.2930118110236224
0
LINE
8
BLACK
6
CONTINUOUS
10
6.2546259842519687
20
-4.2930118110236224
11
6.2662401574803148
21
-4.2930118110236224
0
LINE
8
BLACK
6
CONTINUOUS
10
6.2662401574803148
20
-4.2930118110236224
11
6.2684624409448819
21
-4.2934538582677169
0
LINE
8
BLACK
6
CONTINUOUS
10
6.3066514173228345
20
-4.2934538582677169
11
6.3085353543307088
21
-4.2947126771653545
0
LINE
8
BLACK
6
CONTINUOUS
10
6.3085353543307088
20
-4.2947126771653545
11
6.3097941732283465
21
-4.2965966141732279
0
LINE
8
BLACK
6
CONTINUOUS
10
6.3097941732283465
20
-4.2965966141732279
11
6.3102362204724409
21
-4.298818897637795
0
LINE
8
BLACK
6
CONTINUOUS
10
6.3102362204724409
20
-4.298818897637795
11
6.3102362204724409
21
-4.3124015748031495
0
LINE
8
BLACK
6
CONTINUOUS
10
6.3102362204724409
20
-4.3124015748031495
11
6.3097941732283465
21
-4.3146238582677165
0
LINE
8
BLACK
6
CONTINUOUS
10
6.3097941732283465
20
-4.3146238582677165
11
6.3085353543307088
21
-4.3165077952755908
0
LINE
8
BLACK
6
CONTINUOUS
10
6.3085353543307088
20
-4.3165077952755908
11
6.3066514173228345
21
-4.3177666141732285
0
LINE
8
BLACK
6
CONTINUOUS
10
6.3066514173228345
20
-4.3177666141732285
11
6.3044291338582674
21
-4.318208661417323
0
LINE
8
BLACK
6
CONTINUOUS
10
6.3044291338582674
20
-4.318208661417323
11
6.2928149606299213
21
-4.318208661417323
0
LINE
8
BLACK
6
CONTINUOUS
10
6.2928149606299213
20
-4.318208661417323
11
6.2905926771653542
21
-4.3177666141732285
0
LINE
8
BLACK
6
CONTINUOUS
10
6.2905926771653542
20
-4.3177666141732285
11
6.2887087401574799
21
-4.3165077952755908
0
LINE
8
BLACK
6
CONTINUOUS
10
6.2887087401574799
20
-4.3165077952755908
11
6.2874499212598423
21
-4.3146238582677165
0
LINE
8
BLACK
6
CONTINUOUS
10
6.2874499212598423
20
-4.3146238582677165
11
6.2870078740157478
21
-4.3124015748031495
0
LINE
8
BLACK
6
CONTINUOUS
10
6.2870078740157478
20
-4.3124015748031495
11
6.2870078740157478
21
-4.298818897637795
0
LINE
8
BLACK
6
CONTINUOUS
10
6.2870078740157478
20
-4.298818897637795
11
6.2874499212598423
21
-4.2965966141732279
0
LINE
8
BLACK
6
CONTINUOUS
10
6.2874499212598423
20
-4.2965966141732279
11
6.2887087401574799
21
-4.2947126771653545
0
LINE
8
BLACK
6
CONTINUOUS
10
6.2887087401574799
20
-4.2947126771653545
11
6.2905926771653542
21
-4.2934538582677169
0
LINE
8
BLACK
6
CONTINUOUS
10
6.2905926771653542
20
-4.2934538582677169
11
6.2928149606299213
21
-4.2930118110236224
0
LINE
8
BLACK
6
CONTINUOUS
10
6.2928149606299213
20
-4.2930118110236224
11
6.3044291338582674
21
-4.2930118110236224
0
LINE
8
BLACK
6
CONTINUOUS
10
6.3044291338582674
20
-4.2930118110236224
11
6.3066514173228345
21
-4.2934538582677169
0
LINE
8
BLACK
6
CONTINUOUS
10
5.6638229921259837
20
-4.2723278346456688
11
5.6666968110236215
21
-4.2742480708661414
0
LINE
8
BLACK
6
CONTINUOUS
10
5.6666968110236215
20
-4.2742480708661414
11
5.6686170472440942
21
-4.2771218897637793
0
LINE
8
BLACK
6
CONTINUOUS
10
5.6686170472440942
20
-4.2771218897637793
11
5.6692913385826769
21
-4.2805118110236222
0
LINE
8
BLACK
6
CONTINUOUS
10
5.6692913385826769
20
-4.2805118110236222
11
5.6692913385826769
21
-4.2982283464566926
0
LINE
8
BLACK
6
CONTINUOUS
10
5.6692913385826769
20
-4.2982283464566926
11
5.6686170472440942
21
-4.3016182677165355
0
LINE
8
BLACK
6
CONTINUOUS
10
5.6686170472440942
20
-4.3016182677165355
11
5.6666968110236215
21
-4.3044920866141734
0
LINE
8
BLACK
6
CONTINUOUS
10
5.6666968110236215
20
-4.3044920866141734
11
5.6638229921259837
21
-4.3064123228346451
0
LINE
8
BLACK
6
CONTINUOUS
10
5.6638229921259837
20
-4.3064123228346451
11
5.6604330708661417
21
-4.3070866141732287
0
LINE
8
BLACK
6
CONTINUOUS
10
5.6604330708661417
20
-4.3070866141732287
11
5.6309055118110232
21
-4.3070866141732287
0
LINE
8
BLACK
6
CONTINUOUS
10
5.6309055118110232
20
-4.3070866141732287
11
5.6275155905511811
21
-4.3064123228346451
0
LINE
8
BLACK
6
CONTINUOUS
10
5.6275155905511811
20
-4.3064123228346451
11
5.6246417716535433
21
-4.3044920866141734
0
LINE
8
BLACK
6
CONTINUOUS
10
5.6246417716535433
20
-4.3044920866141734
11
5.6227215354330706
21
-4.3016182677165355
0
LINE
8
BLACK
6
CONTINUOUS
10
5.6227215354330706
20
-4.3016182677165355
11
5.622047244094488
21
-4.2982283464566926
0
LINE
8
BLACK
6
CONTINUOUS
10
5.622047244094488
20
-4.2982283464566926
11
5.622047244094488
21
-4.2805118110236222
0
LINE
8
BLACK
6
CONTINUOUS
10
5.622047244094488
20
-4.2805118110236222
11
5.6227215354330706
21
-4.2771218897637793
0
LINE
8
BLACK
6
CONTINUOUS
10
5.6227215354330706
20
-4.2771218897637793
11
5.6246417716535433
21
-4.2742480708661414
0
LINE
8
BLACK
6
CONTINUOUS
10
5.6246417716535433
20
-4.2742480708661414
11
5.6275155905511811
21
-4.2723278346456688
0
LINE
8
BLACK
6
CONTINUOUS
10
5.6275155905511811
20
-4.2723278346456688
11
5.6309055118110232
21
-4.2716535433070861
0
LINE
8
BLACK
6
CONTINUOUS
10
5.6309055118110232
20
-4.2716535433070861
11
5.6604330708661417
21
-4.2716535433070861
0
LINE
8
BLACK
6
CONTINUOUS
10
5.6604330708661417
20
-4.2716535433070861
11
5.6638229921259837
21
-4.2723278346456688
0
LINE
8
BLACK
6
CONTINUOUS
10
5.0193700787401569
20
-4.3067716535433069
11
4.9593700787401573
21
-4.3067716535433069
0
LINE
8
BLACK
6
CONTINUOUS
10
4.9593700787401573
20
-4.3067716535433069
11
4.9593700787401573
21
-4.2467716535433073
0
LINE
8
BLACK
6
CONTINUOUS
10
4.9593700787401573
20
-4.2467716535433073
11
5.0193700787401569
21
-4.2467716535433073
0
LINE
8
BLACK
6
CONTINUOUS
10
5.0193700787401569
20
-4.2467716535433073
11
5.0193700787401569
21
-4.3067716535433069
0
LINE
8
BLACK
6
CONTINUOUS
10
5.1193700787401575
20
-4.3067716535433069
11
5.059370078740157
21
-4.3067716535433069
0
LINE
8
BLACK
6
CONTINUOUS
10
5.059370078740157
20
-4.3067716535433069
11
5.059370078740157
21
-4.2467716535433073
0
LINE
8
BLACK
6
CONTINUOUS
10
5.059370078740157
20
-4.2467716535433073
11
5.1193700787401575
21
-4.2467716535433073
0
LINE
8
BLACK
6
CONTINUOUS
10
5.1193700787401575
20
-4.2467716535433073
11
5.1193700787401575
21
-4.3067716535433069
0
LINE
8
BLACK
6
CONTINUOUS
10
5.7609601181102361
20
-4.2694125590551177
11
5.7639936220472441
21
-4.2714394488188976
0
LINE
8
BLACK
6
CONTINUOUS
10
5.7639936220472441
20
-4.2714394488188976
11
5.7660205118110239
21
-4.2744729527559056
0
LINE
8
BLACK
6
CONTINUOUS
10
5.7660205118110239
20
-4.2744729527559056
11
5.7667322834645667
21
-4.278051181102362
0
LINE
8
BLACK
6
CONTINUOUS
10
5.7667322834645667
20
-4.278051181102362
11
5.7667322834645667
21
-4.296751968503937
0
LINE
8
BLACK
6
CONTINUOUS
10
5.7667322834645667
20
-4.296751968503937
11
5.7660205118110239
21
-4.3003301968503935
0
LINE
8
BLACK
6
CONTINUOUS
10
5.7660205118110239
20
-4.3003301968503935
11
5.7639936220472441
21
-4.3033637007874015
0
LINE
8
BLACK
6
CONTINUOUS
10
5.7639936220472441
20
-4.3033637007874015
11
5.7609601181102361
21
-4.3053905905511813
0
LINE
8
BLACK
6
CONTINUOUS
10
5.7609601181102361
20
-4.3053905905511813
11
5.7573818897637796
21
-4.3061023622047241
0
LINE
8
BLACK
6
CONTINUOUS
10
5.7573818897637796
20
-4.3061023622047241
11
5.7337598425196852
21
-4.3061023622047241
0
LINE
8
BLACK
6
CONTINUOUS
10
5.7337598425196852
20
-4.3061023622047241
11
5.7301816141732278
21
-4.3053905905511813
0
LINE
8
BLACK
6
CONTINUOUS
10
5.7301816141732278
20
-4.3053905905511813
11
5.7271481102362207
21
-4.3033637007874015
0
LINE
8
BLACK
6
CONTINUOUS
10
5.7271481102362207
20
-4.3033637007874015
11
5.7251212204724409
21
-4.3003301968503935
0
LINE
8
BLACK
6
CONTINUOUS
10
5.7251212204724409
20
-4.3003301968503935
11
5.7244094488188972
21
-4.296751968503937
0
LINE
8
BLACK
6
CONTINUOUS
10
5.7244094488188972
20
-4.296751968503937
11
5.7244094488188972
21
-4.278051181102362
0
LINE
8
BLACK
6
CONTINUOUS
10
5.7244094488188972
20
-4.278051181102362
11
5.7251212204724409
21
-4.2744729527559056
0
LINE
8
BLACK
6
CONTINUOUS
10
5.7251212204724409
20
-4.2744729527559056
11
5.7271481102362207
21
-4.2714394488188976
0
LINE
8
BLACK
6
CONTINUOUS
10
5.7271481102362207
20
-4.2714394488188976
11
5.7301816141732278
21
-4.2694125590551177
0
LINE
8
BLACK
6
CONTINUOUS
10
5.7301816141732278
20
-4.2694125590551177
11
5.7337598425196852
21
-4.268700787401575
0
LINE
8
BLACK
6
CONTINUOUS
10
5.7337598425196852
20
-4.268700787401575
11
5.7573818897637796
21
-4.268700787401575
0
LINE
8
BLACK
6
CONTINUOUS
10
5.7573818897637796
20
-4.268700787401575
11
5.7609601181102361
21
-4.2694125590551177
0
LINE
8
BLACK
6
CONTINUOUS
10
5.8288735039370074
20
-4.2694125590551177
11
5.8319070078740154
21
-4.2714394488188976
0
LINE
8
BLACK
6
CONTINUOUS
10
5.8319070078740154
20
-4.2714394488188976
11
5.8339338976377952
21
-4.2744729527559056
0
LINE
8
BLACK
6
CONTINUOUS
10
5.8339338976377952
20
-4.2744729527559056
11
5.8346456692913389
21
-4.278051181102362
0
LINE
8
BLACK
6
CONTINUOUS
10
5.8346456692913389
20
-4.278051181102362
11
5.8346456692913389
21
-4.296751968503937
0
LINE
8
BLACK
6
CONTINUOUS
10
5.8346456692913389
20
-4.296751968503937
11
5.8339338976377952
21
-4.3003301968503935
0
LINE
8
BLACK
6
CONTINUOUS
10
5.8339338976377952
20
-4.3003301968503935
11
5.8319070078740154
21
-4.3033637007874015
0
LINE
8
BLACK
6
CONTINUOUS
10
5.8319070078740154
20
-4.3033637007874015
11
5.8288735039370074
21
-4.3053905905511813
0
LINE
8
BLACK
6
CONTINUOUS
10
5.8288735039370074
20
-4.3053905905511813
11
5.8252952755905509
21
-4.3061023622047241
0
LINE
8
BLACK
6
CONTINUOUS
10
5.8252952755905509
20
-4.3061023622047241
11
5.8016732283464565
21
-4.3061023622047241
0
LINE
8
BLACK
6
CONTINUOUS
10
5.8016732283464565
20
-4.3061023622047241
11
5.798095
21
-4.3053905905511813
0
LINE
8
BLACK
6
CONTINUOUS
10
5.798095
20
-4.3053905905511813
11
5.795061496062992
21
-4.3033637007874015
0
LINE
8
BLACK
6
CONTINUOUS
10
5.795061496062992
20
-4.3033637007874015
11
5.7930346062992122
21
-4.3003301968503935
0
LINE
8
BLACK
6
CONTINUOUS
10
5.7930346062992122
20
-4.3003301968503935
11
5.7923228346456694
21
-4.296751968503937
0
LINE
8
BLACK
6
CONTINUOUS
10
5.7923228346456694
20
-4.296751968503937
11
5.7923228346456694
21
-4.278051181102362
0
LINE
8
BLACK
6
CONTINUOUS
10
5.7923228346456694
20
-4.278051181102362
11
5.7930346062992122
21
-4.2744729527559056
0
LINE
8
BLACK
6
CONTINUOUS
10
5.7930346062992122
20
-4.2744729527559056
11
5.795061496062992
21
-4.2714394488188976
0
LINE
8
BLACK
6
CONTINUOUS
10
5.795061496062992
20
-4.2714394488188976
11
5.798095
21
-4.2694125590551177
0
LINE
8
BLACK
6
CONTINUOUS
10
5.798095
20
-4.2694125590551177
11
5.8016732283464565
21
-4.268700787401575
0
LINE
8
BLACK
6
CONTINUOUS
10
5.8016732283464565
20
-4.268700787401575
11
5.8252952755905509
21
-4.268700787401575
0
LINE
8
BLACK
6
CONTINUOUS
10
5.8252952755905509
20
-4.268700787401575
11
5.8288735039370074
21
-4.2694125590551177
0
LINE
8
BLACK
6
CONTINUOUS
10
5.9209189763779531
20
-4.2652779527559055
11
5.9253693307086612
21
-4.2678473622047246
0
LINE
8
BLACK
6
CONTINUOUS
10
5.9253693307086612
20
-4.2678473622047246
11
5.9290030314960624
21
-4.2714810629921258
0
LINE
8
BLACK
6
CONTINUOUS
10
5.9290030314960624
20
-4.2714810629921258
11
5.9315724409448816
21
-4.2759314173228349
0
LINE
8
BLACK
6
CONTINUOUS
10
5.9315724409448816
20
-4.2759314173228349
11
5.9329024409448818
21
-4.2808951574803151
0
LINE
8
BLACK
6
CONTINUOUS
10
5.9329024409448818
20
-4.2808951574803151
11
5.9329024409448818
21
-4.2860339763779525
0
LINE
8
BLACK
6
CONTINUOUS
10
5.9329024409448818
20
-4.2860339763779525
11
5.9315724409448816
21
-4.2909977165354327
0
LINE
8
BLACK
6
CONTINUOUS
10
5.9315724409448816
20
-4.2909977165354327
11
5.9290030314960624
21
-4.2954480708661418
0
LINE
8
BLACK
6
CONTINUOUS
10
5.9290030314960624
20
-4.2954480708661418
11
5.9253693307086612
21
-4.299081771653543
0
LINE
8
BLACK
6
CONTINUOUS
10
5.9253693307086612
20
-4.299081771653543
11
5.9209189763779531
21
-4.3016511811023621
0
LINE
8
BLACK
6
CONTINUOUS
10
5.9209189763779531
20
-4.3016511811023621
11
5.9159552362204719
21
-4.3029811811023624
0
LINE
8
BLACK
6
CONTINUOUS
10
5.9159552362204719
20
-4.3029811811023624
11
5.9108164173228346
21
-4.3029811811023624
0
LINE
8
BLACK
6
CONTINUOUS
10
5.9108164173228346
20
-4.3029811811023624
11
5.9058526771653543
21
-4.3016511811023621
0
LINE
8
BLACK
6
CONTINUOUS
10
5.9058526771653543
20
-4.3016511811023621
11
5.9014023228346453
21
-4.299081771653543
0
LINE
8
BLACK
6
CONTINUOUS
10
5.9014023228346453
20
-4.299081771653543
11
5.8977686220472441
21
-4.2954480708661418
0
LINE
8
BLACK
6
CONTINUOUS
10
5.8977686220472441
20
-4.2954480708661418
11
5.8951992125984249
21
-4.2909977165354327
0
LINE
8
BLACK
6
CONTINUOUS
10
5.8951992125984249
20
-4.2909977165354327
11
5.8938692125984247
21
-4.2860339763779525
0
LINE
8
BLACK
6
CONTINUOUS
10
5.8938692125984247
20
-4.2860339763779525
11
5.8938692125984247
21
-4.2808951574803151
0
LINE
8
BLACK
6
CONTINUOUS
10
5.8938692125984247
20
-4.2808951574803151
11
5.8951992125984249
21
-4.2759314173228349
0
LINE
8
BLACK
6
CONTINUOUS
10
5.8951992125984249
20
-4.2759314173228349
11
5.8977686220472441
21
-4.2714810629921258
0
LINE
8
BLACK
6
CONTINUOUS
10
5.8977686220472441
20
-4.2714810629921258
11
5.9014023228346453
21
-4.2678473622047246
0
LINE
8
BLACK
6
CONTINUOUS
10
5.9014023228346453
20
-4.2678473622047246
11
5.9058526771653543
21
-4.2652779527559055
0
LINE
8
BLACK
6
CONTINUOUS
10
5.9058526771653543
20
-4.2652779527559055
11
5.9108164173228346
21
-4.2639479527559052
0
LINE
8
BLACK
6
CONTINUOUS
10
5.9108164173228346
20
-4.2639479527559052
11
5.9159552362204719
21
-4.2639479527559052
0
LINE
8
BLACK
6
CONTINUOUS
10
5.9159552362204719
20
-4.2639479527559052
11
5.9209189763779531
21
-4.2652779527559055
0
LINE
8
BLACK
6
CONTINUOUS
10
5.3278892519685037
20
-4.2587826377952753
11
5.3309227559055117
21
-4.2608095275590552
0
LINE
8
BLACK
6
CONTINUOUS
10
5.3309227559055117
20
-4.2608095275590552
11
5.3329496456692915
21
-4.2638430314960631
0
LINE
8
BLACK
6
CONTINUOUS
10
5.3329496456692915
20
-4.2638430314960631
11
5.3336614173228343
21
-4.2674212598425196
0
LINE
8
BLACK
6
CONTINUOUS
10
5.3336614173228343
20
-4.2674212598425196
11
5.3336614173228343
21
-4.2861220472440946
0
LINE
8
BLACK
6
CONTINUOUS
10
5.3336614173228343
20
-4.2861220472440946
11
5.3329496456692915
21
-4.2897002755905511
0
LINE
8
BLACK
6
CONTINUOUS
10
5.3329496456692915
20
-4.2897002755905511
11
5.3309227559055117
21
-4.2927337795275591
0
LINE
8
BLACK
6
CONTINUOUS
10
5.3309227559055117
20
-4.2927337795275591
11
5.3278892519685037
21
-4.2947606692913389
0
LINE
8
BLACK
6
CONTINUOUS
10
5.3278892519685037
20
-4.2947606692913389
11
5.3243110236220472
21
-4.2954724409448817
0
LINE
8
BLACK
6
CONTINUOUS
10
5.3243110236220472
20
-4.2954724409448817
11
5.3046259842519685
21
-4.2954724409448817
0
LINE
8
BLACK
6
CONTINUOUS
10
5.3046259842519685
20
-4.2954724409448817
11
5.301047755905512
21
-4.2947606692913389
0
LINE
8
BLACK
6
CONTINUOUS
10
5.301047755905512
20
-4.2947606692913389
11
5.2980142519685041
21
-4.2927337795275591
0
LINE
8
BLACK
6
CONTINUOUS
10
5.2980142519685041
20
-4.2927337795275591
11
5.2959873622047242
21
-4.2897002755905511
0
LINE
8
BLACK
6
CONTINUOUS
10
5.2959873622047242
20
-4.2897002755905511
11
5.2952755905511806
21
-4.2861220472440946
0
LINE
8
BLACK
6
CONTINUOUS
10
5.2952755905511806
20
-4.2861220472440946
11
5.2952755905511806
21
-4.2674212598425196
0
LINE
8
BLACK
6
CONTINUOUS
10
5.2952755905511806
20
-4.2674212598425196
11
5.2959873622047242
21
-4.2638430314960631
0
LINE
8
BLACK
6
CONTINUOUS
10
5.2959873622047242
20
-4.2638430314960631
11
5.2980142519685041
21
-4.2608095275590552
0
LINE
8
BLACK
6
CONTINUOUS
10
5.2980142519685041
20
-4.2608095275590552
11
5.301047755905512
21
-4.2587826377952753
0
LINE
8
BLACK
6
CONTINUOUS
10
5.301047755905512
20
-4.2587826377952753
11
5.3046259842519685
21
-4.2580708661417326
0
LINE
8
BLACK
6
CONTINUOUS
10
5.3046259842519685
20
-4.2580708661417326
11
5.3243110236220472
21
-4.2580708661417326
0
LINE
8
BLACK
6
CONTINUOUS
10
5.3243110236220472
20
-4.2580708661417326
11
5.3278892519685037
21
-4.2587826377952753
0
LINE
8
BLACK
6
CONTINUOUS
10
5.3997396456692917
20
-4.2587826377952753
11
5.4027731496062987
21
-4.2608095275590552
0
LINE
8
BLACK
6
CONTINUOUS
10
5.4027731496062987
20
-4.2608095275590552
11
5.4048000393700786
21
-4.2638430314960631
0
LINE
8
BLACK
6
CONTINUOUS
10
5.4048000393700786
20
-4.2638430314960631
11
5.4055118110236222
21
-4.2674212598425196
0
LINE
8
BLACK
6
CONTINUOUS
10
5.4055118110236222
20
-4.2674212598425196
11
5.4055118110236222
21
-4.2861220472440946
0
LINE
8
BLACK
6
CONTINUOUS
10
5.4055118110236222
20
-4.2861220472440946
11
5.4048000393700786
21
-4.2897002755905511
0
LINE
8
BLACK
6
CONTINUOUS
10
5.4048000393700786
20
-4.2897002755905511
11
5.4027731496062987
21
-4.2927337795275591
0
LINE
8
BLACK
6
CONTINUOUS
10
5.4027731496062987
20
-4.2927337795275591
11
5.3997396456692917
21
-4.2947606692913389
0
LINE
8
BLACK
6
CONTINUOUS
10
5.3997396456692917
20
-4.2947606692913389
11
5.3961614173228343
21
-4.2954724409448817
0
LINE
8
BLACK
6
CONTINUOUS
10
5.3961614173228343
20
-4.2954724409448817
11
5.3764763779527556
21
-4.2954724409448817
0
LINE
8
BLACK
6
CONTINUOUS
10
5.3764763779527556
20
-4.2954724409448817
11
5.3728981496062991
21
-4.2947606692913389
0
LINE
8
BLACK
6
CONTINUOUS
10
5.3728981496062991
20
-4.2947606692913389
11
5.3698646456692911
21
-4.2927337795275591
0
LINE
8
BLACK
6
CONTINUOUS
10
5.3698646456692911
20
-4.2927337795275591
11
5.3678377559055113
21
-4.2897002755905511
0
LINE
8
BLACK
6
CONTINUOUS
10
5.3678377559055113
20
-4.2897002755905511
11
5.3671259842519685
21
-4.2861220472440946
0
LINE
8
BLACK
6
CONTINUOUS
10
5.3671259842519685
20
-4.2861220472440946
11
5.3671259842519685
21
-4.2674212598425196
0
LINE
8
BLACK
6
CONTINUOUS
10
5.3671259842519685
20
-4.2674212598425196
11
5.3678377559055113
21
-4.2638430314960631
0
LINE
8
BLACK
6
CONTINUOUS
10
5.3678377559055113
20
-4.2638430314960631
11
5.3698646456692911
21
-4.2608095275590552
0
LINE
8
BLACK
6
CONTINUOUS
10
5.3698646456692911
20
-4.2608095275590552
11
5.3728981496062991
21
-4.2587826377952753
0
LINE
8
BLACK
6
CONTINUOUS
10
5.3728981496062991
20
-4.2587826377952753
11
5.3764763779527556
21
-4.2580708661417326
0
LINE
8
BLACK
6
CONTINUOUS
10
5.3764763779527556
20
-4.2580708661417326
11
5.3961614173228343
21
-4.2580708661417326
0
LINE
8
BLACK
6
CONTINUOUS
10
5.3961614173228343
20
-4.2580708661417326
11
5.3997396456692917
21
-4.2587826377952753
0
LINE
8
BLACK
6
CONTINUOUS
10
5.4926483464566926
20
-4.2744138582677165
11
5.49392562992126
21
-4.2752672834645669
0
LINE
8
BLACK
6
CONTINUOUS
10
5.49392562992126
20
-4.2752672834645669
11
5.4947790551181104
21
-4.2765445669291333
0
LINE
8
BLACK
6
CONTINUOUS
10
5.4947790551181104
20
-4.2765445669291333
11
5.4950787401574805
21
-4.278051181102362
0
LINE
8
BLACK
6
CONTINUOUS
10
5.4950787401574805
20
-4.278051181102362
11
5.4950787401574805
21
-4.2859251968503935
0
LINE
8
BLACK
6
CONTINUOUS
10
5.4950787401574805
20
-4.2859251968503935
11
5.4947790551181104
21
-4.2874318110236223
0
LINE
8
BLACK
6
CONTINUOUS
10
5.4947790551181104
20
-4.2874318110236223
11
5.49392562992126
21
-4.2887090944881887
0
LINE
8
BLACK
6
CONTINUOUS
10
5.49392562992126
20
-4.2887090944881887
11
5.4926483464566926
21
-4.2895625196850391
0
LINE
8
BLACK
6
CONTINUOUS
10
5.4926483464566926
20
-4.2895625196850391
11
5.4911417322834648
21
-4.2898622047244093
0
LINE
8
BLACK
6
CONTINUOUS
10
5.4911417322834648
20
-4.2898622047244093
11
5.4734251968503935
21
-4.2898622047244093
0
LINE
8
BLACK
6
CONTINUOUS
10
5.4734251968503935
20
-4.2898622047244093
11
5.4719185826771648
21
-4.2895625196850391
0
LINE
8
BLACK
6
CONTINUOUS
10
5.4719185826771648
20
-4.2895625196850391
11
5.4706412992125983
21
-4.2887090944881887
0
LINE
8
BLACK
6
CONTINUOUS
10
5.4706412992125983
20
-4.2887090944881887
11
5.469787874015748
21
-4.2874318110236223
0
LINE
8
BLACK
6
CONTINUOUS
10
5.469787874015748
20
-4.2874318110236223
11
5.4694881889763778
21
-4.2859251968503935
0
LINE
8
BLACK
6
CONTINUOUS
10
5.4694881889763778
20
-4.2859251968503935
11
5.4694881889763778
21
-4.278051181102362
0
LINE
8
BLACK
6
CONTINUOUS
10
5.4694881889763778
20
-4.278051181102362
11
5.469787874015748
21
-4.2765445669291333
0
LINE
8
BLACK
6
CONTINUOUS
10
5.469787874015748
20
-4.2765445669291333
11
5.4706412992125983
21
-4.2752672834645669
0
LINE
8
BLACK
6
CONTINUOUS
10
5.4706412992125983
20
-4.2752672834645669
11
5.4719185826771648
21
-4.2744138582677165
0
LINE
8
BLACK
6
CONTINUOUS
10
5.4719185826771648
20
-4.2744138582677165
11
5.4734251968503935
21
-4.2741141732283463
0
LINE
8
BLACK
6
CONTINUOUS
10
5.4734251968503935
20
-4.2741141732283463
11
5.4911417322834648
21
-4.2741141732283463
0
LINE
8
BLACK
6
CONTINUOUS
10
5.4911417322834648
20
-4.2741141732283463
11
5.4926483464566926
21
-4.2744138582677165
0
LINE
8
BLACK
6
CONTINUOUS
10
5.5674514960629917
20
-4.2744138582677165
11
5.5687287795275591
21
-4.2752672834645669
0
LINE
8
BLACK
6
CONTINUOUS
10
5.5687287795275591
20
-4.2752672834645669
11
5.5695822047244095
21
-4.2765445669291333
0
LINE
8
BLACK
6
CONTINUOUS
10
5.5695822047244095
20
-4.2765445669291333
11
5.5698818897637796
21
-4.278051181102362
0
LINE
8
BLACK
6
CONTINUOUS
10
5.5698818897637796
20
-4.278051181102362
11
5.5698818897637796
21
-4.2859251968503935
0
LINE
8
BLACK
6
CONTINUOUS
10
5.5698818897637796
20
-4.2859251968503935
11
5.5695822047244095
21
-4.2874318110236223
0
LINE
8
BLACK
6
CONTINUOUS
10
5.5695822047244095
20
-4.2874318110236223
11
5.5687287795275591
21
-4.2887090944881887
0
LINE
8
BLACK
6
CONTINUOUS
10
5.5687287795275591
20
-4.2887090944881887
11
5.5674514960629917
21
-4.2895625196850391
0
LINE
8
BLACK
6
CONTINUOUS
10
5.5674514960629917
20
-4.2895625196850391
11
5.5659448818897639
21
-4.2898622047244093
0
LINE
8
BLACK
6
CONTINUOUS
10
5.5659448818897639
20
-4.2898622047244093
11
5.5482283464566926
21
-4.2898622047244093
0
LINE
8
BLACK
6
CONTINUOUS
10
5.5482283464566926
20
-4.2898622047244093
11
5.5467217322834648
21
-4.2895625196850391
0
LINE
8
BLACK
6
CONTINUOUS
10
5.5467217322834648
20
-4.2895625196850391
11
5.5454444488188974
21
-4.2887090944881887
0
LINE
8
BLACK
6
CONTINUOUS
10
5.5454444488188974
20
-4.2887090944881887
11
5.544591023622047
21
-4.2874318110236223
0
LINE
8
BLACK
6
CONTINUOUS
10
5.544591023622047
20
-4.2874318110236223
11
5.5442913385826769
21
-4.2859251968503935
0
LINE
8
BLACK
6
CONTINUOUS
10
5.5442913385826769
20
-4.2859251968503935
11
5.5442913385826769
21
-4.278051181102362
0
LINE
8
BLACK
6
CONTINUOUS
10
5.5442913385826769
20
-4.278051181102362
11
5.544591023622047
21
-4.2765445669291333
0
LINE
8
BLACK
6
CONTINUOUS
10
5.544591023622047
20
-4.2765445669291333
11
5.5454444488188974
21
-4.2752672834645669
0
LINE
8
BLACK
6
CONTINUOUS
10
5.5454444488188974
20
-4.2752672834645669
11
5.5467217322834648
21
-4.2744138582677165
0
LINE
8
BLACK
6
CONTINUOUS
10
5.5467217322834648
20
-4.2744138582677165
11
5.5482283464566926
21
-4.2741141732283463
0
LINE
8
BLACK
6
CONTINUOUS
10
5.5482283464566926
20
-4.2741141732283463
11
5.5659448818897639
21
-4.2741141732283463
0
LINE
8
BLACK
6
CONTINUOUS
10
5.5659448818897639
20
-4.2741141732283463
11
5.5674514960629917
21
-4.2744138582677165
0
LINE
8
BLACK
6
CONTINUOUS
10
6.2609601181102361
20
-4.2285661023622048
11
6.2639936220472441
21
-4.2305929921259837
0
LINE
8
BLACK
6
CONTINUOUS
10
6.2639936220472441
20
-4.2305929921259837
11
6.266020511811023
21
-4.2336264960629917
0
LINE
8
BLACK
6
CONTINUOUS
10
6.266020511811023
20
-4.2336264960629917
11
6.2667322834645667
21
-4.2372047244094491
0
LINE
8
BLACK
6
CONTINUOUS
10
6.2667322834645667
20
-4.2372047244094491
11
6.2667322834645667
21
-4.2608267716535435
0
LINE
8
BLACK
6
CONTINUOUS
10
6.2667322834645667
20
-4.2608267716535435
11
6.266020511811023
21
-4.264405
0
LINE
8
BLACK
6
CONTINUOUS
10
6.266020511811023
20
-4.264405
11
6.2639936220472441
21
-4.267438503937008
0
LINE
8
BLACK
6
CONTINUOUS
10
6.2639936220472441
20
-4.267438503937008
11
6.2609601181102361
21
-4.2694653937007869
0
LINE
8
BLACK
6
CONTINUOUS
10
6.2609601181102361
20
-4.2694653937007869
11
6.2573818897637796
21
-4.2701771653543306
0
LINE
8
BLACK
6
CONTINUOUS
10
6.2573818897637796
20
-4.2701771653543306
11
6.2386811023622046
21
-4.2701771653543306
0
LINE
8
BLACK
6
CONTINUOUS
10
6.2386811023622046
20
-4.2701771653543306
11
6.2351028740157481
21
-4.2694653937007869
0
LINE
8
BLACK
6
CONTINUOUS
10
6.2351028740157481
20
-4.2694653937007869
11
6.2320693700787402
21
-4.267438503937008
0
LINE
8
BLACK
6
CONTINUOUS
10
6.2320693700787402
20
-4.267438503937008
11
6.2300424803149603
21
-4.264405
0
LINE
8
BLACK
6
CONTINUOUS
10
6.2300424803149603
20
-4.264405
11
6.2293307086614176
21
-4.2608267716535435
0
LINE
8
BLACK
6
CONTINUOUS
10
6.2293307086614176
20
-4.2608267716535435
11
6.2293307086614176
21
-4.2372047244094491
0
LINE
8
BLACK
6
CONTINUOUS
10
6.2293307086614176
20
-4.2372047244094491
11
6.2300424803149603
21
-4.2336264960629917
0
LINE
8
BLACK
6
CONTINUOUS
10
6.2300424803149603
20
-4.2336264960629917
11
6.2320693700787402
21
-4.2305929921259837
0
LINE
8
BLACK
6
CONTINUOUS
10
6.2320693700787402
20
-4.2305929921259837
11
6.2351028740157481
21
-4.2285661023622048
0
LINE
8
BLACK
6
CONTINUOUS
10
6.2351028740157481
20
-4.2285661023622048
11
6.2386811023622046
21
-4.2278543307086611
0
LINE
8
BLACK
6
CONTINUOUS
10
6.2386811023622046
20
-4.2278543307086611
11
6.2573818897637796
21
-4.2278543307086611
0
LINE
8
BLACK
6
CONTINUOUS
10
6.2573818897637796
20
-4.2278543307086611
11
6.2609601181102361
21
-4.2285661023622048
0
LINE
8
BLACK
6
CONTINUOUS
10
6.323952244094488
20
-4.2285661023622048
11
6.3269857480314959
21
-4.2305929921259837
0
LINE
8
BLACK
6
CONTINUOUS
10
6.3269857480314959
20
-4.2305929921259837
11
6.3290126377952758
21
-4.2336264960629917
0
LINE
8
BLACK
6
CONTINUOUS
10
6.3290126377952758
20
-4.2336264960629917
11
6.3297244094488185
21
-4.2372047244094491
0
LINE
8
BLACK
6
CONTINUOUS
10
6.3297244094488185
20
-4.2372047244094491
11
6.3297244094488185
21
-4.2608267716535435
0
LINE
8
BLACK
6
CONTINUOUS
10
6.3297244094488185
20
-4.2608267716535435
11
6.3290126377952758
21
-4.264405
0
LINE
8
BLACK
6
CONTINUOUS
10
6.3290126377952758
20
-4.264405
11
6.3269857480314959
21
-4.267438503937008
0
LINE
8
BLACK
6
CONTINUOUS
10
6.3269857480314959
20
-4.267438503937008
11
6.323952244094488
21
-4.2694653937007869
0
LINE
8
BLACK
6
CONTINUOUS
10
6.323952244094488
20
-4.2694653937007869
11
6.3203740157480315
21
-4.2701771653543306
0
LINE
8
BLACK
6
CONTINUOUS
10
6.3203740157480315
20
-4.2701771653543306
11
6.3016732283464565
21
-4.2701771653543306
0
LINE
8
BLACK
6
CONTINUOUS
10
6.3016732283464565
20
-4.2701771653543306
11
6.298095
21
-4.2694653937007869
0
LINE
8
BLACK
6
CONTINUOUS
10
6.298095
20
-4.2694653937007869
11
6.295061496062992
21
-4.267438503937008
0
LINE
8
BLACK
6
CONTINUOUS
10
6.295061496062992
20
-4.267438503937008
11
6.2930346062992122
21
-4.264405
0
LINE
8
BLACK
6
CONTINUOUS
10
6.2930346062992122
20
-4.264405
11
6.2923228346456694
21
-4.2608267716535435
0
LINE
8
BLACK
6
CONTINUOUS
10
6.2923228346456694
20
-4.2608267716535435
11
6.2923228346456694
21
-4.2372047244094491
0
LINE
8
BLACK
6
CONTINUOUS
10
6.2923228346456694
20
-4.2372047244094491
11
6.2930346062992122
21
-4.2336264960629917
0
LINE
8
BLACK
6
CONTINUOUS
10
6.2930346062992122
20
-4.2336264960629917
11
6.295061496062992
21
-4.2305929921259837
0
LINE
8
BLACK
6
CONTINUOUS
10
6.295061496062992
20
-4.2305929921259837
11
6.298095
21
-4.2285661023622048
0
LINE
8
BLACK
6
CONTINUOUS
10
6.298095
20
-4.2285661023622048
11
6.3016732283464565
21
-4.2278543307086611
0
LINE
8
BLACK
6
CONTINUOUS
10
6.3016732283464565
20
-4.2278543307086611
11
6.3203740157480315
21
-4.2278543307086611
0
LINE
8
BLACK
6
CONTINUOUS
10
6.3203740157480315
20
-4.2278543307086611
11
6.323952244094488
21
-4.2285661023622048
0
LINE
8
BLACK
6
CONTINUOUS
10
5.4926483464566926
20
-4.2488233070866137
11
5.49392562992126
21
-4.2496767322834641
0
LINE
8
BLACK
6
CONTINUOUS
10
5.49392562992126
20
-4.2496767322834641
11
5.4947790551181104
21
-4.2509540157480314
0
LINE
8
BLACK
6
CONTINUOUS
10
5.4947790551181104
20
-4.2509540157480314
11
5.4950787401574805
21
-4.2524606299212602
0
LINE
8
BLACK
6
CONTINUOUS
10
5.4950787401574805
20
-4.2524606299212602
11
5.4950787401574805
21
-4.2603346456692917
0
LINE
8
BLACK
6
CONTINUOUS
10
5.4950787401574805
20
-4.2603346456692917
11
5.4947790551181104
21
-4.2618412598425195
0
LINE
8
BLACK
6
CONTINUOUS
10
5.4947790551181104
20
-4.2618412598425195
11
5.49392562992126
21
-4.2631185433070868
0
LINE
8
BLACK
6
CONTINUOUS
10
5.49392562992126
20
-4.2631185433070868
11
5.4926483464566926
21
-4.2639719685039372
0
LINE
8
BLACK
6
CONTINUOUS
10
5.4926483464566926
20
-4.2639719685039372
11
5.4911417322834648
21
-4.2642716535433074
0
LINE
8
BLACK
6
CONTINUOUS
10
5.4911417322834648
20
-4.2642716535433074
11
5.4734251968503935
21
-4.2642716535433074
0
LINE
8
BLACK
6
CONTINUOUS
10
5.4734251968503935
20
-4.2642716535433074
11
5.4719185826771648
21
-4.2639719685039372
0
LINE
8
BLACK
6
CONTINUOUS
10
5.4719185826771648
20
-4.2639719685039372
11
5.4706412992125983
21
-4.2631185433070868
0
LINE
8
BLACK
6
CONTINUOUS
10
5.4706412992125983
20
-4.2631185433070868
11
5.469787874015748
21
-4.2618412598425195
0
LINE
8
BLACK
6
CONTINUOUS
10
5.469787874015748
20
-4.2618412598425195
11
5.4694881889763778
21
-4.2603346456692917
0
LINE
8
BLACK
6
CONTINUOUS
10
5.4694881889763778
20
-4.2603346456692917
11
5.4694881889763778
21
-4.2524606299212602
0
LINE
8
BLACK
6
CONTINUOUS
10
5.4694881889763778
20
-4.2524606299212602
11
5.469787874015748
21
-4.2509540157480314
0
LINE
8
BLACK
6
CONTINUOUS
10
5.469787874015748
20
-4.2509540157480314
11
5.4706412992125983
21
-4.2496767322834641
0
LINE
8
BLACK
6
CONTINUOUS
10
5.4706412992125983
20
-4.2496767322834641
11
5.4719185826771648
21
-4.2488233070866137
0
LINE
8
BLACK
6
CONTINUOUS
10
5.4719185826771648
20
-4.2488233070866137
11
5.4734251968503935
21
-4.2485236220472444
0
LINE
8
BLACK
6
CONTINUOUS
10
5.4734251968503935
20
-4.2485236220472444
11
5.4911417322834648
21
-4.2485236220472444
0
LINE
8
BLACK
6
CONTINUOUS
10
5.4911417322834648
20
-4.2485236220472444
11
5.4926483464566926
21
-4.2488233070866137
0
LINE
8
BLACK
6
CONTINUOUS
10
5.5674514960629917
20
-4.2488233070866137
11
5.5687287795275591
21
-4.2496767322834641
0
LINE
8
BLACK
6
CONTINUOUS
10
5.5687287795275591
20
-4.2496767322834641
11
5.5695822047244095
21
-4.2509540157480314
0
LINE
8
BLACK
6
CONTINUOUS
10
5.5695822047244095
20
-4.2509540157480314
11
5.5698818897637796
21
-4.2524606299212602
0
LINE
8
BLACK
6
CONTINUOUS
10
5.5698818897637796
20
-4.2524606299212602
11
5.5698818897637796
21
-4.2603346456692917
0
LINE
8
BLACK
6
CONTINUOUS
10
5.5698818897637796
20
-4.2603346456692917
11
5.5695822047244095
21
-4.2618412598425195
0
LINE
8
BLACK
6
CONTINUOUS
10
5.5695822047244095
20
-4.2618412598425195
11
5.5687287795275591
21
-4.2631185433070868
0
LINE
8
BLACK
6
CONTINUOUS
10
5.5687287795275591
20
-4.2631185433070868
11
5.5674514960629917
21
-4.2639719685039372
0
LINE
8
BLACK
6
CONTINUOUS
10
5.5674514960629917
20
-4.2639719685039372
11
5.5659448818897639
21
-4.2642716535433074
0
LINE
8
BLACK
6
CONTINUOUS
10
5.5659448818897639
20
-4.2642716535433074
11
5.5482283464566926
21
-4.2642716535433074
0
LINE
8
BLACK
6
CONTINUOUS
10
5.5482283464566926
20
-4.2642716535433074
11
5.5467217322834648
21
-4.2639719685039372
0
LINE
8
BLACK
6
CONTINUOUS
10
5.5467217322834648
20
-4.2639719685039372
11
5.5454444488188974
21
-4.2631185433070868
0
LINE
8
BLACK
6
CONTINUOUS
10
5.5454444488188974
20
-4.2631185433070868
11
5.544591023622047
21
-4.2618412598425195
0
LINE
8
BLACK
6
CONTINUOUS
10
5.544591023622047
20
-4.2618412598425195
11
5.5442913385826769
21
-4.2603346456692917
0
LINE
8
BLACK
6
CONTINUOUS
10
5.5442913385826769
20
-4.2603346456692917
11
5.5442913385826769
21
-4.2524606299212602
0
LINE
8
BLACK
6
CONTINUOUS
10
5.5442913385826769
20
-4.2524606299212602
11
5.544591023622047
21
-4.2509540157480314
0
LINE
8
BLACK
6
CONTINUOUS
10
5.544591023622047
20
-4.2509540157480314
11
5.5454444488188974
21
-4.2496767322834641
0
LINE
8
BLACK
6
CONTINUOUS
10
5.5454444488188974
20
-4.2496767322834641
11
5.5467217322834648
21
-4.2488233070866137
0
LINE
8
BLACK
6
CONTINUOUS
10
5.5467217322834648
20
-4.2488233070866137
11
5.5482283464566926
21
-4.2485236220472444
0
LINE
8
BLACK
6
CONTINUOUS
10
5.5482283464566926
20
-4.2485236220472444
11
5.5659448818897639
21
-4.2485236220472444
0
LINE
8
BLACK
6
CONTINUOUS
10
5.5659448818897639
20
-4.2485236220472444
11
5.5674514960629917
21
-4.2488233070866137
0
LINE
8
BLACK
6
CONTINUOUS
10
6.186156968503937
20
-4.2157708267716538
11
6.189190472440945
21
-4.2177977165354328
0
LINE
8
BLACK
6
CONTINUOUS
10
6.189190472440945
20
-4.2177977165354328
11
6.191217362204724
21
-4.2208312204724407
0
LINE
8
BLACK
6
CONTINUOUS
10
6.191217362204724
20
-4.2208312204724407
11
6.1919291338582676
21
-4.2244094488188972
0
LINE
8
BLACK
6
CONTINUOUS
10
6.1919291338582676
20
-4.2244094488188972
11
6.1919291338582676
21
-4.2480314960629917
0
LINE
8
BLACK
6
CONTINUOUS
10
6.1919291338582676
20
-4.2480314960629917
11
6.191217362204724
21
-4.2516097244094491
0
LINE
8
BLACK
6
CONTINUOUS
10
6.191217362204724
20
-4.2516097244094491
11
6.189190472440945
21
-4.254643228346457
0
LINE
8
BLACK
6
CONTINUOUS
10
6.189190472440945
20
-4.254643228346457
11
6.186156968503937
21
-4.256670118110236
0
LINE
8
BLACK
6
CONTINUOUS
10
6.186156968503937
20
-4.256670118110236
11
6.1825787401574805
21
-4.2573818897637796
0
LINE
8
BLACK
6
CONTINUOUS
10
6.1825787401574805
20
-4.2573818897637796
11
6.1638779527559056
21
-4.2573818897637796
0
LINE
8
BLACK
6
CONTINUOUS
10
6.1638779527559056
20
-4.2573818897637796
11
6.1602997244094491
21
-4.256670118110236
0
LINE
8
BLACK
6
CONTINUOUS
10
6.1602997244094491
20
-4.256670118110236
11
6.1572662204724411
21
-4.254643228346457
0
LINE
8
BLACK
6
CONTINUOUS
10
6.1572662204724411
20
-4.254643228346457
11
6.1552393307086612
21
-4.2516097244094491
0
LINE
8
BLACK
6
CONTINUOUS
10
6.1552393307086612
20
-4.2516097244094491
11
6.1545275590551176
21
-4.2480314960629917
0
LINE
8
BLACK
6
CONTINUOUS
10
6.1545275590551176
20
-4.2480314960629917
11
6.1545275590551176
21
-4.2244094488188972
0
LINE
8
BLACK
6
CONTINUOUS
10
6.1545275590551176
20
-4.2244094488188972
11
6.1552393307086612
21
-4.2208312204724407
0
LINE
8
BLACK
6
CONTINUOUS
10
6.1552393307086612
20
-4.2208312204724407
11
6.1572662204724411
21
-4.2177977165354328
0
LINE
8
BLACK
6
CONTINUOUS
10
6.1572662204724411
20
-4.2177977165354328
11
6.1602997244094491
21
-4.2157708267716538
0
LINE
8
BLACK
6
CONTINUOUS
10
6.1602997244094491
20
-4.2157708267716538
11
6.1638779527559056
21
-4.2150590551181102
0
LINE
8
BLACK
6
CONTINUOUS
10
6.1638779527559056
20
-4.2150590551181102
11
6.1825787401574805
21
-4.2150590551181102
0
LINE
8
BLACK
6
CONTINUOUS
10
6.1825787401574805
20
-4.2150590551181102
11
6.186156968503937
21
-4.2157708267716538
0
LINE
8
BLACK
6
CONTINUOUS
10
6.3987553937007871
20
-4.2157708267716538
11
6.401788897637795
21
-4.2177977165354328
0
LINE
8
BLACK
6
CONTINUOUS
10
6.401788897637795
20
-4.2177977165354328
11
6.4038157874015749
21
-4.2208312204724407
0
LINE
8
BLACK
6
CONTINUOUS
10
6.4038157874015749
20
-4.2208312204724407
11
6.4045275590551176
21
-4.2244094488188972
0
LINE
8
BLACK
6
CONTINUOUS
10
6.4045275590551176
20
-4.2244094488188972
11
6.4045275590551176
21
-4.2480314960629917
0
LINE
8
BLACK
6
CONTINUOUS
10
6.4045275590551176
20
-4.2480314960629917
11
6.4038157874015749
21
-4.2516097244094491
0
LINE
8
BLACK
6
CONTINUOUS
10
6.4038157874015749
20
-4.2516097244094491
11
6.401788897637795
21
-4.254643228346457
0
LINE
8
BLACK
6
CONTINUOUS
10
6.401788897637795
20
-4.254643228346457
11
6.3987553937007871
21
-4.256670118110236
0
LINE
8
BLACK
6
CONTINUOUS
10
6.3987553937007871
20
-4.256670118110236
11
6.3951771653543306
21
-4.2573818897637796
0
LINE
8
BLACK
6
CONTINUOUS
10
6.3951771653543306
20
-4.2573818897637796
11
6.3764763779527556
21
-4.2573818897637796
0
LINE
8
BLACK
6
CONTINUOUS
10
6.3764763779527556
20
-4.2573818897637796
11
6.3728981496062991
21
-4.256670118110236
0
LINE
8
BLACK
6
CONTINUOUS
10
6.3728981496062991
20
-4.256670118110236
11
6.3698646456692911
21
-4.254643228346457
0
LINE
8
BLACK
6
CONTINUOUS
10
6.3698646456692911
20
-4.254643228346457
11
6.3678377559055113
21
-4.2516097244094491
0
LINE
8
BLACK
6
CONTINUOUS
10
6.3678377559055113
20
-4.2516097244094491
11
6.3671259842519685
21
-4.2480314960629917
0
LINE
8
BLACK
6
CONTINUOUS
10
6.3671259842519685
20
-4.2480314960629917
11
6.3671259842519685
21
-4.2244094488188972
0
LINE
8
BLACK
6
CONTINUOUS
10
6.3671259842519685
20
-4.2244094488188972
11
6.3678377559055113
21
-4.2208312204724407
0
LINE
8
BLACK
6
CONTINUOUS
10
6.3678377559055113
20
-4.2208312204724407
11
6.3698646456692911
21
-4.2177977165354328
0
LINE
8
BLACK
6
CONTINUOUS
10
6.3698646456692911
20
-4.2177977165354328
11
6.3728981496062991
21
-4.2157708267716538
0
LINE
8
BLACK
6
CONTINUOUS
10
6.3728981496062991
20
-4.2157708267716538
11
6.3764763779527556
21
-4.2150590551181102
0
LINE
8
BLACK
6
CONTINUOUS
10
6.3764763779527556
20
-4.2150590551181102
11
6.3951771653543306
21
-4.2150590551181102
0
LINE
8
BLACK
6
CONTINUOUS
10
6.3951771653543306
20
-4.2150590551181102
11
6.3987553937007871
21
-4.2157708267716538
0
LINE
8
BLACK
6
CONTINUOUS
10
5.4926483464566926
20
-4.2232327559055118
11
5.49392562992126
21
-4.2240861811023622
0
LINE
8
BLACK
6
CONTINUOUS
10
5.49392562992126
20
-4.2240861811023622
11
5.4947790551181104
21
-4.2253634645669287
0
LINE
8
BLACK
6
CONTINUOUS
10
5.4947790551181104
20
-4.2253634645669287
11
5.4950787401574805
21
-4.2268700787401574
0
LINE
8
BLACK
6
CONTINUOUS
10
5.4950787401574805
20
-4.2268700787401574
11
5.4950787401574805
21
-4.2347440944881889
0
LINE
8
BLACK
6
CONTINUOUS
10
5.4950787401574805
20
-4.2347440944881889
11
5.4947790551181104
21
-4.2362507086614176
0
LINE
8
BLACK
6
CONTINUOUS
10
5.4947790551181104
20
-4.2362507086614176
11
5.49392562992126
21
-4.2375279921259841
0
LINE
8
BLACK
6
CONTINUOUS
10
5.49392562992126
20
-4.2375279921259841
11
5.4926483464566926
21
-4.2383814173228345
0
LINE
8
BLACK
6
CONTINUOUS
10
5.4926483464566926
20
-4.2383814173228345
11
5.4911417322834648
21
-4.2386811023622046
0
LINE
8
BLACK
6
CONTINUOUS
10
5.4911417322834648
20
-4.2386811023622046
11
5.4734251968503935
21
-4.2386811023622046
0
LINE
8
BLACK
6
CONTINUOUS
10
5.4734251968503935
20
-4.2386811023622046
11
5.4719185826771648
21
-4.2383814173228345
0
LINE
8
BLACK
6
CONTINUOUS
10
5.4719185826771648
20
-4.2383814173228345
11
5.4706412992125983
21
-4.2375279921259841
0
LINE
8
BLACK
6
CONTINUOUS
10
5.4706412992125983
20
-4.2375279921259841
11
5.469787874015748
21
-4.2362507086614176
0
LINE
8
BLACK
6
CONTINUOUS
10
5.469787874015748
20
-4.2362507086614176
11
5.4694881889763778
21
-4.2347440944881889
0
LINE
8
BLACK
6
CONTINUOUS
10
5.4694881889763778
20
-4.2347440944881889
11
5.4694881889763778
21
-4.2268700787401574
0
LINE
8
BLACK
6
CONTINUOUS
10
5.4694881889763778
20
-4.2268700787401574
11
5.469787874015748
21
-4.2253634645669287
0
LINE
8
BLACK
6
CONTINUOUS
10
5.469787874015748
20
-4.2253634645669287
11
5.4706412992125983
21
-4.2240861811023622
0
LINE
8
BLACK
6
CONTINUOUS
10
5.4706412992125983
20
-4.2240861811023622
11
5.4719185826771648
21
-4.2232327559055118
0
LINE
8
BLACK
6
CONTINUOUS
10
5.4719185826771648
20
-4.2232327559055118
11
5.4734251968503935
21
-4.2229330708661417
0
LINE
8
BLACK
6
CONTINUOUS
10
5.4734251968503935
20
-4.2229330708661417
11
5.4911417322834648
21
-4.2229330708661417
0
LINE
8
BLACK
6
CONTINUOUS
10
5.4911417322834648
20
-4.2229330708661417
11
5.4926483464566926
21
-4.2232327559055118
0
LINE
8
BLACK
6
CONTINUOUS
10
5.5674514960629917
20
-4.2232327559055118
11
5.5687287795275591
21
-4.2240861811023622
0
LINE
8
BLACK
6
CONTINUOUS
10
5.5687287795275591
20
-4.2240861811023622
11
5.5695822047244095
21
-4.2253634645669287
0
LINE
8
BLACK
6
CONTINUOUS
10
5.5695822047244095
20
-4.2253634645669287
11
5.5698818897637796
21
-4.2268700787401574
0
LINE
8
BLACK
6
CONTINUOUS
10
5.5698818897637796
20
-4.2268700787401574
11
5.5698818897637796
21
-4.2347440944881889
0
LINE
8
BLACK
6
CONTINUOUS
10
5.5698818897637796
20
-4.2347440944881889
11
5.5695822047244095
21
-4.2362507086614176
0
LINE
8
BLACK
6
CONTINUOUS
10
5.5695822047244095
20
-4.2362507086614176
11
5.5687287795275591
21
-4.2375279921259841
0
LINE
8
BLACK
6
CONTINUOUS
10
5.5687287795275591
20
-4.2375279921259841
11
5.5674514960629917
21
-4.2383814173228345
0
LINE
8
BLACK
6
CONTINUOUS
10
5.5674514960629917
20
-4.2383814173228345
11
5.5659448818897639
21
-4.2386811023622046
0
LINE
8
BLACK
6
CONTINUOUS
10
5.5659448818897639
20
-4.2386811023622046
11
5.5482283464566926
21
-4.2386811023622046
0
LINE
8
BLACK
6
CONTINUOUS
10
5.5482283464566926
20
-4.2386811023622046
11
5.5467217322834648
21
-4.2383814173228345
0
LINE
8
BLACK
6
CONTINUOUS
10
5.5467217322834648
20
-4.2383814173228345
11
5.5454444488188974
21
-4.2375279921259841
0
LINE
8
BLACK
6
CONTINUOUS
10
5.5454444488188974
20
-4.2375279921259841
11
5.544591023622047
21
-4.2362507086614176
0
LINE
8
BLACK
6
CONTINUOUS
10
5.544591023622047
20
-4.2362507086614176
11
5.5442913385826769
21
-4.2347440944881889
0
LINE
8
BLACK
6
CONTINUOUS
10
5.5442913385826769
20
-4.2347440944881889
11
5.5442913385826769
21
-4.2268700787401574
0
LINE
8
BLACK
6
CONTINUOUS
10
5.5442913385826769
20
-4.2268700787401574
11
5.544591023622047
21
-4.2253634645669287
0
LINE
8
BLACK
6
CONTINUOUS
10
5.544591023622047
20
-4.2253634645669287
11
5.5454444488188974
21
-4.2240861811023622
0
LINE
8
BLACK
6
CONTINUOUS
10
5.5454444488188974
20
-4.2240861811023622
11
5.5467217322834648
21
-4.2232327559055118
0
LINE
8
BLACK
6
CONTINUOUS
10
5.5467217322834648
20
-4.2232327559055118
11
5.5482283464566926
21
-4.2229330708661417
0
LINE
8
BLACK
6
CONTINUOUS
10
5.5482283464566926
20
-4.2229330708661417
11
5.5659448818897639
21
-4.2229330708661417
0
LINE
8
BLACK
6
CONTINUOUS
10
5.5659448818897639
20
-4.2229330708661417
11
5.5674514960629917
21
-4.2232327559055118
0
LINE
8
BLACK
6
CONTINUOUS
10
5.6860585433070865
20
-4.1906724015748029
11
5.6890920472440945
21
-4.1926992913385828
0
LINE
8
BLACK
6
CONTINUOUS
10
5.6890920472440945
20
-4.1926992913385828
11
5.6911189370078743
21
-4.1957327952755907
0
LINE
8
BLACK
6
CONTINUOUS
10
5.6911189370078743
20
-4.1957327952755907
11
5.691830708661417
21
-4.1993110236220472
0
LINE
8
BLACK
6
CONTINUOUS
10
5.691830708661417
20
-4.1993110236220472
11
5.691830708661417
21
-4.2189960629921259
0
LINE
8
BLACK
6
CONTINUOUS
10
5.691830708661417
20
-4.2189960629921259
11
5.6911189370078743
21
-4.2225742913385824
0
LINE
8
BLACK
6
CONTINUOUS
10
5.6911189370078743
20
-4.2225742913385824
11
5.6890920472440945
21
-4.2256077952755904
0
LINE
8
BLACK
6
CONTINUOUS
10
5.6890920472440945
20
-4.2256077952755904
11
5.6860585433070865
21
-4.2276346850393702
0
LINE
8
BLACK
6
CONTINUOUS
10
5.6860585433070865
20
-4.2276346850393702
11
5.68248031496063
21
-4.228346456692913
0
LINE
8
BLACK
6
CONTINUOUS
10
5.68248031496063
20
-4.228346456692913
11
5.663779527559055
21
-4.228346456692913
0
LINE
8
BLACK
6
CONTINUOUS
10
5.663779527559055
20
-4.228346456692913
11
5.6602012992125985
21
-4.2276346850393702
0
LINE
8
BLACK
6
CONTINUOUS
10
5.6602012992125985
20
-4.2276346850393702
11
5.6571677952755905
21
-4.2256077952755904
0
LINE
8
BLACK
6
CONTINUOUS
10
5.6571677952755905
20
-4.2256077952755904
11
5.6551409055118107
21
-4.2225742913385824
0
LINE
8
BLACK
6
CONTINUOUS
10
5.6551409055118107
20
-4.2225742913385824
11
5.654429133858268
21
-4.2189960629921259
0
LINE
8
BLACK
6
CONTINUOUS
10
5.654429133858268
20
-4.2189960629921259
11
5.654429133858268
21
-4.1993110236220472
0
LINE
8
BLACK
6
CONTINUOUS
10
5.654429133858268
20
-4.1993110236220472
11
5.6551409055118107
21
-4.1957327952755907
0
LINE
8
BLACK
6
CONTINUOUS
10
5.6551409055118107
20
-4.1957327952755907
11
5.6571677952755905
21
-4.1926992913385828
0
LINE
8
BLACK
6
CONTINUOUS
10
5.6571677952755905
20
-4.1926992913385828
11
5.6602012992125985
21
-4.1906724015748029
0
LINE
8
BLACK
6
CONTINUOUS
10
5.6602012992125985
20
-4.1906724015748029
11
5.663779527559055
21
-4.1899606299212602
0
LINE
8
BLACK
6
CONTINUOUS
10
5.663779527559055
20
-4.1899606299212602
11
5.68248031496063
21
-4.1899606299212602
0
LINE
8
BLACK
6
CONTINUOUS
10
5.68248031496063
20
-4.1899606299212602
11
5.6860585433070865
21
-4.1906724015748029
0
LINE
8
BLACK
6
CONTINUOUS
10
5.7455026771653541
20
-4.1961658267716535
11
5.7467799606299215
21
-4.1970192519685039
0
LINE
8
BLACK
6
CONTINUOUS
10
5.7467799606299215
20
-4.1970192519685039
11
5.7476333858267719
21
-4.1982965354330704
0
LINE
8
BLACK
6
CONTINUOUS
10
5.7476333858267719
20
-4.1982965354330704
11
5.747933070866142
21
-4.1998031496062991
0
LINE
8
BLACK
6
CONTINUOUS
10
5.747933070866142
20
-4.1998031496062991
11
5.747933070866142
21
-4.2175196850393704
0
LINE
8
BLACK
6
CONTINUOUS
10
5.747933070866142
20
-4.2175196850393704
11
5.7476333858267719
21
-4.2190262992125982
0
LINE
8
BLACK
6
CONTINUOUS
10
5.7476333858267719
20
-4.2190262992125982
11
5.7467799606299215
21
-4.2203035826771655
0
LINE
8
BLACK
6
CONTINUOUS
10
5.7467799606299215
20
-4.2203035826771655
11
5.7455026771653541
21
-4.2211570078740159
0
LINE
8
BLACK
6
CONTINUOUS
10
5.7455026771653541
20
-4.2211570078740159
11
5.7439960629921263
21
-4.2214566929133861
0
LINE
8
BLACK
6
CONTINUOUS
10
5.7439960629921263
20
-4.2214566929133861
11
5.7361220472440948
21
-4.2214566929133861
0
LINE
8
BLACK
6
CONTINUOUS
10
5.7361220472440948
20
-4.2214566929133861
11
5.7346154330708661
21
-4.2211570078740159
0
LINE
8
BLACK
6
CONTINUOUS
10
5.7346154330708661
20
-4.2211570078740159
11
5.7333381496062987
21
-4.2203035826771655
0
LINE
8
BLACK
6
CONTINUOUS
10
5.7333381496062987
20
-4.2203035826771655
11
5.7324847244094483
21
-4.2190262992125982
0
LINE
8
BLACK
6
CONTINUOUS
10
5.7324847244094483
20
-4.2190262992125982
11
5.7321850393700782
21
-4.2175196850393704
0
LINE
8
BLACK
6
CONTINUOUS
10
5.7321850393700782
20
-4.2175196850393704
11
5.7321850393700782
21
-4.1998031496062991
0
LINE
8
BLACK
6
CONTINUOUS
10
5.7321850393700782
20
-4.1998031496062991
11
5.7324847244094483
21
-4.1982965354330704
0
LINE
8
BLACK
6
CONTINUOUS
10
5.7324847244094483
20
-4.1982965354330704
11
5.7333381496062987
21
-4.1970192519685039
0
LINE
8
BLACK
6
CONTINUOUS
10
5.7333381496062987
20
-4.1970192519685039
11
5.7346154330708661
21
-4.1961658267716535
0
LINE
8
BLACK
6
CONTINUOUS
10
5.7346154330708661
20
-4.1961658267716535
11
5.7361220472440948
21
-4.1958661417322833
0
LINE
8
BLACK
6
CONTINUOUS
10
5.7361220472440948
20
-4.1958661417322833
11
5.7439960629921263
21
-4.1958661417322833
0
LINE
8
BLACK
6
CONTINUOUS
10
5.7439960629921263
20
-4.1958661417322833
11
5.7455026771653541
21
-4.1961658267716535
0
LINE
8
BLACK
6
CONTINUOUS
10
5.7710932283464569
20
-4.1961658267716535
11
5.7723705118110233
21
-4.1970192519685039
0
LINE
8
BLACK
6
CONTINUOUS
10
5.7723705118110233
20
-4.1970192519685039
11
5.7732239370078737
21
-4.1982965354330704
0
LINE
8
BLACK
6
CONTINUOUS
10
5.7732239370078737
20
-4.1982965354330704
11
5.7735236220472439
21
-4.1998031496062991
0
LINE
8
BLACK
6
CONTINUOUS
10
5.7735236220472439
20
-4.1998031496062991
11
5.7735236220472439
21
-4.2175196850393704
0
LINE
8
BLACK
6
CONTINUOUS
10
5.7735236220472439
20
-4.2175196850393704
11
5.7732239370078737
21
-4.2190262992125982
0
LINE
8
BLACK
6
CONTINUOUS
10
5.7732239370078737
20
-4.2190262992125982
11
5.7723705118110233
21
-4.2203035826771655
0
LINE
8
BLACK
6
CONTINUOUS
10
5.7723705118110233
20
-4.2203035826771655
11
5.7710932283464569
21
-4.2211570078740159
0
LINE
8
BLACK
6
CONTINUOUS
10
5.7710932283464569
20
-4.2211570078740159
11
5.7695866141732282
21
-4.2214566929133861
0
LINE
8
BLACK
6
CONTINUOUS
10
5.7695866141732282
20
-4.2214566929133861
11
5.7617125984251967
21
-4.2214566929133861
0
LINE
8
BLACK
6
CONTINUOUS
10
5.7617125984251967
20
-4.2214566929133861
11
5.7602059842519679
21
-4.2211570078740159
0
LINE
8
BLACK
6
CONTINUOUS
10
5.7602059842519679
20
-4.2211570078740159
11
5.7589287007874015
21
-4.2203035826771655
0
LINE
8
BLACK
6
CONTINUOUS
10
5.7589287007874015
20
-4.2203035826771655
11
5.7580752755905511
21
-4.2190262992125982
0
LINE
8
BLACK
6
CONTINUOUS
10
5.7580752755905511
20
-4.2190262992125982
11
5.7577755905511809
21
-4.2175196850393704
0
LINE
8
BLACK
6
CONTINUOUS
10
5.7577755905511809
20
-4.2175196850393704
11
5.7577755905511809
21
-4.1998031496062991
0
LINE
8
BLACK
6
CONTINUOUS
10
5.7577755905511809
20
-4.1998031496062991
11
5.7580752755905511
21
-4.1982965354330704
0
LINE
8
BLACK
6
CONTINUOUS
10
5.7580752755905511
20
-4.1982965354330704
11
5.7589287007874015
21
-4.1970192519685039
0
LINE
8
BLACK
6
CONTINUOUS
10
5.7589287007874015
20
-4.1970192519685039
11
5.7602059842519679
21
-4.1961658267716535
0
LINE
8
BLACK
6
CONTINUOUS
10
5.7602059842519679
20
-4.1961658267716535
11
5.7617125984251967
21
-4.1958661417322833
0
LINE
8
BLACK
6
CONTINUOUS
10
5.7617125984251967
20
-4.1958661417322833
11
5.7695866141732282
21
-4.1958661417322833
0
LINE
8
BLACK
6
CONTINUOUS
10
5.7695866141732282
20
-4.1958661417322833
11
5.7710932283464569
21
-4.1961658267716535
0
LINE
8
BLACK
6
CONTINUOUS
10
5.7966837795275588
20
-4.1961658267716535
11
5.7979610629921261
21
-4.1970192519685039
0
LINE
8
BLACK
6
CONTINUOUS
10
5.7979610629921261
20
-4.1970192519685039
11
5.7988144881889765
21
-4.1982965354330704
0
LINE
8
BLACK
6
CONTINUOUS
10
5.7988144881889765
20
-4.1982965354330704
11
5.7991141732283467
21
-4.1998031496062991
0
LINE
8
BLACK
6
CONTINUOUS
10
5.7991141732283467
20
-4.1998031496062991
11
5.7991141732283467
21
-4.2175196850393704
0
LINE
8
BLACK
6
CONTINUOUS
10
5.7991141732283467
20
-4.2175196850393704
11
5.7988144881889765
21
-4.2190262992125982
0
LINE
8
BLACK
6
CONTINUOUS
10
5.7988144881889765
20
-4.2190262992125982
11
5.7979610629921261
21
-4.2203035826771655
0
LINE
8
BLACK
6
CONTINUOUS
10
5.7979610629921261
20
-4.2203035826771655
11
5.7966837795275588
21
-4.2211570078740159
0
LINE
8
BLACK
6
CONTINUOUS
10
5.7966837795275588
20
-4.2211570078740159
11
5.7951771653543309
21
-4.2214566929133861
0
LINE
8
BLACK
6
CONTINUOUS
10
5.7951771653543309
20
-4.2214566929133861
11
5.7873031496062994
21
-4.2214566929133861
0
LINE
8
BLACK
6
CONTINUOUS
10
5.7873031496062994
20
-4.2214566929133861
11
5.7857965354330707
21
-4.2211570078740159
0
LINE
8
BLACK
6
CONTINUOUS
10
5.7857965354330707
20
-4.2211570078740159
11
5.7845192519685034
21
-4.2203035826771655
0
LINE
8
BLACK
6
CONTINUOUS
10
5.7845192519685034
20
-4.2203035826771655
11
5.783665826771653
21
-4.2190262992125982
0
LINE
8
BLACK
6
CONTINUOUS
10
5.783665826771653
20
-4.2190262992125982
11
5.7833661417322837
21
-4.2175196850393704
0
LINE
8
BLACK
6
CONTINUOUS
10
5.7833661417322837
20
-4.2175196850393704
11
5.7833661417322837
21
-4.1998031496062991
0
LINE
8
BLACK
6
CONTINUOUS
10
5.7833661417322837
20
-4.1998031496062991
11
5.783665826771653
21
-4.1982965354330704
0
LINE
8
BLACK
6
CONTINUOUS
10
5.783665826771653
20
-4.1982965354330704
11
5.7845192519685034
21
-4.1970192519685039
0
LINE
8
BLACK
6
CONTINUOUS
10
5.7845192519685034
20
-4.1970192519685039
11
5.7857965354330707
21
-4.1961658267716535
0
LINE
8
BLACK
6
CONTINUOUS
10
5.7857965354330707
20
-4.1961658267716535
11
5.7873031496062994
21
-4.1958661417322833
0
LINE
8
BLACK
6
CONTINUOUS
10
5.7873031496062994
20
-4.1958661417322833
11
5.7951771653543309
21
-4.1958661417322833
0
LINE
8
BLACK
6
CONTINUOUS
10
5.7951771653543309
20
-4.1958661417322833
11
5.7966837795275588
21
-4.1961658267716535
0
LINE
8
BLACK
6
CONTINUOUS
10
5.0193700787401569
20
-4.2067716535433073
11
4.9593700787401573
21
-4.2067716535433073
0
LINE
8
BLACK
6
CONTINUOUS
10
4.9593700787401573
20
-4.2067716535433073
11
4.9593700787401573
21
-4.1467716535433068
0
LINE
8
BLACK
6
CONTINUOUS
10
4.9593700787401573
20
-4.1467716535433068
11
5.0193700787401569
21
-4.1467716535433068
0
LINE
8
BLACK
6
CONTINUOUS
10
5.0193700787401569
20
-4.1467716535433068
11
5.0193700787401569
21
-4.2067716535433073
0
LINE
8
BLACK
6
CONTINUOUS
10
5.1193700787401575
20
-4.2067716535433073
11
5.059370078740157
21
-4.2067716535433073
0
LINE
8
BLACK
6
CONTINUOUS
10
5.059370078740157
20
-4.2067716535433073
11
5.059370078740157
21
-4.1467716535433068
0
LINE
8
BLACK
6
CONTINUOUS
10
5.059370078740157
20
-4.1467716535433068
11
5.1193700787401575
21
-4.1467716535433068
0
LINE
8
BLACK
6
CONTINUOUS
10
5.1193700787401575
20
-4.1467716535433068
11
5.1193700787401575
21
-4.2067716535433073
0
LINE
8
BLACK
6
CONTINUOUS
10
6.2609601181102361
20
-4.1606527165354326
11
6.2639936220472441
21
-4.1626796062992124
0
LINE
8
BLACK
6
CONTINUOUS
10
6.2639936220472441
20
-4.1626796062992124
11
6.266020511811023
21
-4.1657131102362204
0
LINE
8
BLACK
6
CONTINUOUS
10
6.266020511811023
20
-4.1657131102362204
11
6.2667322834645667
21
-4.1692913385826769
0
LINE
8
BLACK
6
CONTINUOUS
10
6.2667322834645667
20
-4.1692913385826769
11
6.2667322834645667
21
-4.1929133858267713
0
LINE
8
BLACK
6
CONTINUOUS
10
6.2667322834645667
20
-4.1929133858267713
11
6.266020511811023
21
-4.1964916141732287
0
LINE
8
BLACK
6
CONTINUOUS
10
6.266020511811023
20
-4.1964916141732287
11
6.2639936220472441
21
-4.1995251181102358
0
LINE
8
BLACK
6
CONTINUOUS
10
6.2639936220472441
20
-4.1995251181102358
11
6.2609601181102361
21
-4.2015520078740156
0
LINE
8
BLACK
6
CONTINUOUS
10
6.2609601181102361
20
-4.2015520078740156
11
6.2573818897637796
21
-4.2022637795275593
0
LINE
8
BLACK
6
CONTINUOUS
10
6.2573818897637796
20
-4.2022637795275593
11
6.2386811023622046
21
-4.2022637795275593
0
LINE
8
BLACK
6
CONTINUOUS
10
6.2386811023622046
20
-4.2022637795275593
11
6.2351028740157481
21
-4.2015520078740156
0
LINE
8
BLACK
6
CONTINUOUS
10
6.2351028740157481
20
-4.2015520078740156
11
6.2320693700787402
21
-4.1995251181102358
0
LINE
8
BLACK
6
CONTINUOUS
10
6.2320693700787402
20
-4.1995251181102358
11
6.2300424803149603
21
-4.1964916141732287
0
LINE
8
BLACK
6
CONTINUOUS
10
6.2300424803149603
20
-4.1964916141732287
11
6.2293307086614176
21
-4.1929133858267713
0
LINE
8
BLACK
6
CONTINUOUS
10
6.2293307086614176
20
-4.1929133858267713
11
6.2293307086614176
21
-4.1692913385826769
0
LINE
8
BLACK
6
CONTINUOUS
10
6.2293307086614176
20
-4.1692913385826769
11
6.2300424803149603
21
-4.1657131102362204
0
LINE
8
BLACK
6
CONTINUOUS
10
6.2300424803149603
20
-4.1657131102362204
11
6.2320693700787402
21
-4.1626796062992124
0
LINE
8
BLACK
6
CONTINUOUS
10
6.2320693700787402
20
-4.1626796062992124
11
6.2351028740157481
21
-4.1606527165354326
0
LINE
8
BLACK
6
CONTINUOUS
10
6.2351028740157481
20
-4.1606527165354326
11
6.2386811023622046
21
-4.1599409448818898
0
LINE
8
BLACK
6
CONTINUOUS
10
6.2386811023622046
20
-4.1599409448818898
11
6.2573818897637796
21
-4.1599409448818898
0
LINE
8
BLACK
6
CONTINUOUS
10
6.2573818897637796
20
-4.1599409448818898
11
6.2609601181102361
21
-4.1606527165354326
0
LINE
8
BLACK
6
CONTINUOUS
10
6.323952244094488
20
-4.1606527165354326
11
6.3269857480314959
21
-4.1626796062992124
0
LINE
8
BLACK
6
CONTINUOUS
10
6.3269857480314959
20
-4.1626796062992124
11
6.3290126377952758
21
-4.1657131102362204
0
LINE
8
BLACK
6
CONTINUOUS
10
6.3290126377952758
20
-4.1657131102362204
11
6.3297244094488185
21
-4.1692913385826769
0
LINE
8
BLACK
6
CONTINUOUS
10
6.3297244094488185
20
-4.1692913385826769
11
6.3297244094488185
21
-4.1929133858267713
0
LINE
8
BLACK
6
CONTINUOUS
10
6.3297244094488185
20
-4.1929133858267713
11
6.3290126377952758
21
-4.1964916141732287
0
LINE
8
BLACK
6
CONTINUOUS
10
6.3290126377952758
20
-4.1964916141732287
11
6.3269857480314959
21
-4.1995251181102358
0
LINE
8
BLACK
6
CONTINUOUS
10
6.3269857480314959
20
-4.1995251181102358
11
6.323952244094488
21
-4.2015520078740156
0
LINE
8
BLACK
6
CONTINUOUS
10
6.323952244094488
20
-4.2015520078740156
11
6.3203740157480315
21
-4.2022637795275593
0
LINE
8
BLACK
6
CONTINUOUS
10
6.3203740157480315
20
-4.2022637795275593
11
6.3016732283464565
21
-4.2022637795275593
0
LINE
8
BLACK
6
CONTINUOUS
10
6.3016732283464565
20
-4.2022637795275593
11
6.298095
21
-4.2015520078740156
0
LINE
8
BLACK
6
CONTINUOUS
10
6.298095
20
-4.2015520078740156
11
6.295061496062992
21
-4.1995251181102358
0
LINE
8
BLACK
6
CONTINUOUS
10
6.295061496062992
20
-4.1995251181102358
11
6.2930346062992122
21
-4.1964916141732287
0
LINE
8
BLACK
6
CONTINUOUS
10
6.2930346062992122
20
-4.1964916141732287
11
6.2923228346456694
21
-4.1929133858267713
0
LINE
8
BLACK
6
CONTINUOUS
10
6.2923228346456694
20
-4.1929133858267713
11
6.2923228346456694
21
-4.1692913385826769
0
LINE
8
BLACK
6
CONTINUOUS
10
6.2923228346456694
20
-4.1692913385826769
11
6.2930346062992122
21
-4.1657131102362204
0
LINE
8
BLACK
6
CONTINUOUS
10
6.2930346062992122
20
-4.1657131102362204
11
6.295061496062992
21
-4.1626796062992124
0
LINE
8
BLACK
6
CONTINUOUS
10
6.295061496062992
20
-4.1626796062992124
11
6.298095
21
-4.1606527165354326
0
LINE
8
BLACK
6
CONTINUOUS
10
6.298095
20
-4.1606527165354326
11
6.3016732283464565
21
-4.1599409448818898
0
LINE
8
BLACK
6
CONTINUOUS
10
6.3016732283464565
20
-4.1599409448818898
11
6.3203740157480315
21
-4.1599409448818898
0
LINE
8
BLACK
6
CONTINUOUS
10
6.3203740157480315
20
-4.1599409448818898
11
6.323952244094488
21
-4.1606527165354326
0
LINE
8
BLACK
6
CONTINUOUS
10
5.3278892519685037
20
-4.1587826377952757
11
5.3309227559055117
21
-4.1608095275590546
0
LINE
8
BLACK
6
CONTINUOUS
10
5.3309227559055117
20
-4.1608095275590546
11
5.3329496456692915
21
-4.1638430314960626
0
LINE
8
BLACK
6
CONTINUOUS
10
5.3329496456692915
20
-4.1638430314960626
11
5.3336614173228343
21
-4.16742125984252
0
LINE
8
BLACK
6
CONTINUOUS
10
5.3336614173228343
20
-4.16742125984252
11
5.3336614173228343
21
-4.1861220472440941
0
LINE
8
BLACK
6
CONTINUOUS
10
5.3336614173228343
20
-4.1861220472440941
11
5.3329496456692915
21
-4.1897002755905515
0
LINE
8
BLACK
6
CONTINUOUS
10
5.3329496456692915
20
-4.1897002755905515
11
5.3309227559055117
21
-4.1927337795275585
0
LINE
8
BLACK
6
CONTINUOUS
10
5.3309227559055117
20
-4.1927337795275585
11
5.3278892519685037
21
-4.1947606692913384
0
LINE
8
BLACK
6
CONTINUOUS
10
5.3278892519685037
20
-4.1947606692913384
11
5.3243110236220472
21
-4.195472440944882
0
LINE
8
BLACK
6
CONTINUOUS
10
5.3243110236220472
20
-4.195472440944882
11
5.3046259842519685
21
-4.195472440944882
0
LINE
8
BLACK
6
CONTINUOUS
10
5.3046259842519685
20
-4.195472440944882
11
5.301047755905512
21
-4.1947606692913384
0
LINE
8
BLACK
6
CONTINUOUS
10
5.301047755905512
20
-4.1947606692913384
11
5.2980142519685041
21
-4.1927337795275585
0
LINE
8
BLACK
6
CONTINUOUS
10
5.2980142519685041
20
-4.1927337795275585
11
5.2959873622047242
21
-4.1897002755905515
0
LINE
8
BLACK
6
CONTINUOUS
10
5.2959873622047242
20
-4.1897002755905515
11
5.2952755905511806
21
-4.1861220472440941
0
LINE
8
BLACK
6
CONTINUOUS
10
5.2952755905511806
20
-4.1861220472440941
11
5.2952755905511806
21
-4.16742125984252
0
LINE
8
BLACK
6
CONTINUOUS
10
5.2952755905511806
20
-4.16742125984252
11
5.2959873622047242
21
-4.1638430314960626
0
LINE
8
BLACK
6
CONTINUOUS
10
5.2959873622047242
20
-4.1638430314960626
11
5.2980142519685041
21
-4.1608095275590546
0
LINE
8
BLACK
6
CONTINUOUS
10
5.2980142519685041
20
-4.1608095275590546
11
5.301047755905512
21
-4.1587826377952757
0
LINE
8
BLACK
6
CONTINUOUS
10
5.301047755905512
20
-4.1587826377952757
11
5.3046259842519685
21
-4.158070866141732
0
LINE
8
BLACK
6
CONTINUOUS
10
5.3046259842519685
20
-4.158070866141732
11
5.3243110236220472
21
-4.158070866141732
0
LINE
8
BLACK
6
CONTINUOUS
10
5.3243110236220472
20
-4.158070866141732
11
5.3278892519685037
21
-4.1587826377952757
0
LINE
8
BLACK
6
CONTINUOUS
10
5.3997396456692917
20
-4.1587826377952757
11
5.4027731496062987
21
-4.1608095275590546
0
LINE
8
BLACK
6
CONTINUOUS
10
5.4027731496062987
20
-4.1608095275590546
11
5.4048000393700786
21
-4.1638430314960626
0
LINE
8
BLACK
6
CONTINUOUS
10
5.4048000393700786
20
-4.1638430314960626
11
5.4055118110236222
21
-4.16742125984252
0
LINE
8
BLACK
6
CONTINUOUS
10
5.4055118110236222
20
-4.16742125984252
11
5.4055118110236222
21
-4.1861220472440941
0
LINE
8
BLACK
6
CONTINUOUS
10
5.4055118110236222
20
-4.1861220472440941
11
5.4048000393700786
21
-4.1897002755905515
0
LINE
8
BLACK
6
CONTINUOUS
10
5.4048000393700786
20
-4.1897002755905515
11
5.4027731496062987
21
-4.1927337795275585
0
LINE
8
BLACK
6
CONTINUOUS
10
5.4027731496062987
20
-4.1927337795275585
11
5.3997396456692917
21
-4.1947606692913384
0
LINE
8
BLACK
6
CONTINUOUS
10
5.3997396456692917
20
-4.1947606692913384
11
5.3961614173228343
21
-4.195472440944882
0
LINE
8
BLACK
6
CONTINUOUS
10
5.3961614173228343
20
-4.195472440944882
11
5.3764763779527556
21
-4.195472440944882
0
LINE
8
BLACK
6
CONTINUOUS
10
5.3764763779527556
20
-4.195472440944882
11
5.3728981496062991
21
-4.1947606692913384
0
LINE
8
BLACK
6
CONTINUOUS
10
5.3728981496062991
20
-4.1947606692913384
11
5.3698646456692911
21
-4.1927337795275585
0
LINE
8
BLACK
6
CONTINUOUS
10
5.3698646456692911
20
-4.1927337795275585
11
5.3678377559055113
21
-4.1897002755905515
0
LINE
8
BLACK
6
CONTINUOUS
10
5.3678377559055113
20
-4.1897002755905515
11
5.3671259842519685
21
-4.1861220472440941
0
LINE
8
BLACK
6
CONTINUOUS
10
5.3671259842519685
20
-4.1861220472440941
11
5.3671259842519685
21
-4.16742125984252
0
LINE
8
BLACK
6
CONTINUOUS
10
5.3671259842519685
20
-4.16742125984252
11
5.3678377559055113
21
-4.1638430314960626
0
LINE
8
BLACK
6
CONTINUOUS
10
5.3678377559055113
20
-4.1638430314960626
11
5.3698646456692911
21
-4.1608095275590546
0
LINE
8
BLACK
6
CONTINUOUS
10
5.3698646456692911
20
-4.1608095275590546
11
5.3728981496062991
21
-4.1587826377952757
0
LINE
8
BLACK
6
CONTINUOUS
10
5.3728981496062991
20
-4.1587826377952757
11
5.3764763779527556
21
-4.158070866141732
0
LINE
8
BLACK
6
CONTINUOUS
10
5.3764763779527556
20
-4.158070866141732
11
5.3961614173228343
21
-4.158070866141732
0
LINE
8
BLACK
6
CONTINUOUS
10
5.3961614173228343
20
-4.158070866141732
11
5.3997396456692917
21
-4.1587826377952757
0
LINE
8
BLACK
6
CONTINUOUS
10
5.5011175984251963
20
-4.1517944488188974
11
5.5041511023622043
21
-4.1538213385826772
0
LINE
8
BLACK
6
CONTINUOUS
10
5.5041511023622043
20
-4.1538213385826772
11
5.5061779921259841
21
-4.1568548425196852
0
LINE
8
BLACK
6
CONTINUOUS
10
5.5061779921259841
20
-4.1568548425196852
11
5.5068897637795278
21
-4.1604330708661417
0
LINE
8
BLACK
6
CONTINUOUS
10
5.5068897637795278
20
-4.1604330708661417
11
5.5068897637795278
21
-4.1791338582677167
0
LINE
8
BLACK
6
CONTINUOUS
10
5.5068897637795278
20
-4.1791338582677167
11
5.5061779921259841
21
-4.1827120866141732
0
LINE
8
BLACK
6
CONTINUOUS
10
5.5061779921259841
20
-4.1827120866141732
11
5.5041511023622043
21
-4.1857455905511811
0
LINE
8
BLACK
6
CONTINUOUS
10
5.5041511023622043
20
-4.1857455905511811
11
5.5011175984251963
21
-4.187772480314961
0
LINE
8
BLACK
6
CONTINUOUS
10
5.5011175984251963
20
-4.187772480314961
11
5.4975393700787398
21
-4.1884842519685037
0
LINE
8
BLACK
6
CONTINUOUS
10
5.4975393700787398
20
-4.1884842519685037
11
5.4739173228346454
21
-4.1884842519685037
0
LINE
8
BLACK
6
CONTINUOUS
10
5.4739173228346454
20
-4.1884842519685037
11
5.4703390944881889
21
-4.187772480314961
0
LINE
8
BLACK
6
CONTINUOUS
10
5.4703390944881889
20
-4.187772480314961
11
5.4673055905511809
21
-4.1857455905511811
0
LINE
8
BLACK
6
CONTINUOUS
10
5.4673055905511809
20
-4.1857455905511811
11
5.4652787007874011
21
-4.1827120866141732
0
LINE
8
BLACK
6
CONTINUOUS
10
5.4652787007874011
20
-4.1827120866141732
11
5.4645669291338583
21
-4.1791338582677167
0
LINE
8
BLACK
6
CONTINUOUS
10
5.4645669291338583
20
-4.1791338582677167
11
5.4645669291338583
21
-4.1604330708661417
0
LINE
8
BLACK
6
CONTINUOUS
10
5.4645669291338583
20
-4.1604330708661417
11
5.4652787007874011
21
-4.1568548425196852
0
LINE
8
BLACK
6
CONTINUOUS
10
5.4652787007874011
20
-4.1568548425196852
11
5.4673055905511809
21
-4.1538213385826772
0
LINE
8
BLACK
6
CONTINUOUS
10
5.4673055905511809
20
-4.1538213385826772
11
5.4703390944881889
21
-4.1517944488188974
0
LINE
8
BLACK
6
CONTINUOUS
10
5.4703390944881889
20
-4.1517944488188974
11
5.4739173228346454
21
-4.1510826771653546
0
LINE
8
BLACK
6
CONTINUOUS
10
5.4739173228346454
20
-4.1510826771653546
11
5.4975393700787398
21
-4.1510826771653546
0
LINE
8
BLACK
6
CONTINUOUS
10
5.4975393700787398
20
-4.1510826771653546
11
5.5011175984251963
21
-4.1517944488188974
0
LINE
8
BLACK
6
CONTINUOUS
10
5.5690309842519685
20
-4.1517944488188974
11
5.5720644881889765
21
-4.1538213385826772
0
LINE
8
BLACK
6
CONTINUOUS
10
5.5720644881889765
20
-4.1538213385826772
11
5.5740913779527554
21
-4.1568548425196852
0
LINE
8
BLACK
6
CONTINUOUS
10
5.5740913779527554
20
-4.1568548425196852
11
5.5748031496062991
21
-4.1604330708661417
0
LINE
8
BLACK
6
CONTINUOUS
10
5.5748031496062991
20
-4.1604330708661417
11
5.5748031496062991
21
-4.1791338582677167
0
LINE
8
BLACK
6
CONTINUOUS
10
5.5748031496062991
20
-4.1791338582677167
11
5.5740913779527554
21
-4.1827120866141732
0
LINE
8
BLACK
6
CONTINUOUS
10
5.5740913779527554
20
-4.1827120866141732
11
5.5720644881889765
21
-4.1857455905511811
0
LINE
8
BLACK
6
CONTINUOUS
10
5.5720644881889765
20
-4.1857455905511811
11
5.5690309842519685
21
-4.187772480314961
0
LINE
8
BLACK
6
CONTINUOUS
10
5.5690309842519685
20
-4.187772480314961
11
5.565452755905512
21
-4.1884842519685037
0
LINE
8
BLACK
6
CONTINUOUS
10
5.565452755905512
20
-4.1884842519685037
11
5.5418307086614176
21
-4.1884842519685037
0
LINE
8
BLACK
6
CONTINUOUS
10
5.5418307086614176
20
-4.1884842519685037
11
5.5382524803149602
21
-4.187772480314961
0
LINE
8
BLACK
6
CONTINUOUS
10
5.5382524803149602
20
-4.187772480314961
11
5.5352189763779522
21
-4.1857455905511811
0
LINE
8
BLACK
6
CONTINUOUS
10
5.5352189763779522
20
-4.1857455905511811
11
5.5331920866141733
21
-4.1827120866141732
0
LINE
8
BLACK
6
CONTINUOUS
10
5.5331920866141733
20
-4.1827120866141732
11
5.5324803149606296
21
-4.1791338582677167
0
LINE
8
BLACK
6
CONTINUOUS
10
5.5324803149606296
20
-4.1791338582677167
11
5.5324803149606296
21
-4.1604330708661417
0
LINE
8
BLACK
6
CONTINUOUS
10
5.5324803149606296
20
-4.1604330708661417
11
5.5331920866141733
21
-4.1568548425196852
0
LINE
8
BLACK
6
CONTINUOUS
10
5.5331920866141733
20
-4.1568548425196852
11
5.5352189763779522
21
-4.1538213385826772
0
LINE
8
BLACK
6
CONTINUOUS
10
5.5352189763779522
20
-4.1538213385826772
11
5.5382524803149602
21
-4.1517944488188974
0
LINE
8
BLACK
6
CONTINUOUS
10
5.5382524803149602
20
-4.1517944488188974
11
5.5418307086614176
21
-4.1510826771653546
0
LINE
8
BLACK
6
CONTINUOUS
10
5.5418307086614176
20
-4.1510826771653546
11
5.565452755905512
21
-4.1510826771653546
0
LINE
8
BLACK
6
CONTINUOUS
10
5.565452755905512
20
-4.1510826771653546
11
5.5690309842519685
21
-4.1517944488188974
0
LINE
8
BLACK
6
CONTINUOUS
10
5.6860585433070865
20
-4.1188220078740159
11
5.6890920472440945
21
-4.1208488976377948
0
LINE
8
BLACK
6
CONTINUOUS
10
5.6890920472440945
20
-4.1208488976377948
11
5.6911189370078743
21
-4.1238824015748028
0
LINE
8
BLACK
6
CONTINUOUS
10
5.6911189370078743
20
-4.1238824015748028
11
5.691830708661417
21
-4.1274606299212602
0
LINE
8
BLACK
6
CONTINUOUS
10
5.691830708661417
20
-4.1274606299212602
11
5.691830708661417
21
-4.1471456692913389
0
LINE
8
BLACK
6
CONTINUOUS
10
5.691830708661417
20
-4.1471456692913389
11
5.6911189370078743
21
-4.1507238976377954
0
LINE
8
BLACK
6
CONTINUOUS
10
5.6911189370078743
20
-4.1507238976377954
11
5.6890920472440945
21
-4.1537574015748033
0
LINE
8
BLACK
6
CONTINUOUS
10
5.6890920472440945
20
-4.1537574015748033
11
5.6860585433070865
21
-4.1557842913385823
0
LINE
8
BLACK
6
CONTINUOUS
10
5.6860585433070865
20
-4.1557842913385823
11
5.68248031496063
21
-4.1564960629921259
0
LINE
8
BLACK
6
CONTINUOUS
10
5.68248031496063
20
-4.1564960629921259
11
5.663779527559055
21
-4.1564960629921259
0
LINE
8
BLACK
6
CONTINUOUS
10
5.663779527559055
20
-4.1564960629921259
11
5.6602012992125985
21
-4.1557842913385823
0
LINE
8
BLACK
6
CONTINUOUS
10
5.6602012992125985
20
-4.1557842913385823
11
5.6571677952755905
21
-4.1537574015748033
0
LINE
8
BLACK
6
CONTINUOUS
10
5.6571677952755905
20
-4.1537574015748033
11
5.6551409055118107
21
-4.1507238976377954
0
LINE
8
BLACK
6
CONTINUOUS
10
5.6551409055118107
20
-4.1507238976377954
11
5.654429133858268
21
-4.1471456692913389
0
LINE
8
BLACK
6
CONTINUOUS
10
5.654429133858268
20
-4.1471456692913389
11
5.654429133858268
21
-4.1274606299212602
0
LINE
8
BLACK
6
CONTINUOUS
10
5.654429133858268
20
-4.1274606299212602
11
5.6551409055118107
21
-4.1238824015748028
0
LINE
8
BLACK
6
CONTINUOUS
10
5.6551409055118107
20
-4.1238824015748028
11
5.6571677952755905
21
-4.1208488976377948
0
LINE
8
BLACK
6
CONTINUOUS
10
5.6571677952755905
20
-4.1208488976377948
11
5.6602012992125985
21
-4.1188220078740159
0
LINE
8
BLACK
6
CONTINUOUS
10
5.6602012992125985
20
-4.1188220078740159
11
5.663779527559055
21
-4.1181102362204722
0
LINE
8
BLACK
6
CONTINUOUS
10
5.663779527559055
20
-4.1181102362204722
11
5.68248031496063
21
-4.1181102362204722
0
LINE
8
BLACK
6
CONTINUOUS
10
5.68248031496063
20
-4.1181102362204722
11
5.6860585433070865
21
-4.1188220078740159
0
LINE
8
BLACK
6
CONTINUOUS
10
5.7455026771653541
20
-4.1213626771653544
11
5.7467799606299215
21
-4.1222161023622048
0
LINE
8
BLACK
6
CONTINUOUS
10
5.7467799606299215
20
-4.1222161023622048
11
5.7476333858267719
21
-4.1234933858267713
0
LINE
8
BLACK
6
CONTINUOUS
10
5.7476333858267719
20
-4.1234933858267713
11
5.747933070866142
21
-4.125
0
LINE
8
BLACK
6
CONTINUOUS
10
5.747933070866142
20
-4.125
11
5.747933070866142
21
-4.1427165354330704
0
LINE
8
BLACK
6
CONTINUOUS
10
5.747933070866142
20
-4.1427165354330704
11
5.7476333858267719
21
-4.1442231496062991
0
LINE
8
BLACK
6
CONTINUOUS
10
5.7476333858267719
20
-4.1442231496062991
11
5.7467799606299215
21
-4.1455004330708665
0
LINE
8
BLACK
6
CONTINUOUS
10
5.7467799606299215
20
-4.1455004330708665
11
5.7455026771653541
21
-4.1463538582677169
0
LINE
8
BLACK
6
CONTINUOUS
10
5.7455026771653541
20
-4.1463538582677169
11
5.7439960629921263
21
-4.1466535433070861
0
LINE
8
BLACK
6
CONTINUOUS
10
5.7439960629921263
20
-4.1466535433070861
11
5.7361220472440948
21
-4.1466535433070861
0
LINE
8
BLACK
6
CONTINUOUS
10
5.7361220472440948
20
-4.1466535433070861
11
5.7346154330708661
21
-4.1463538582677169
0
LINE
8
BLACK
6
CONTINUOUS
10
5.7346154330708661
20
-4.1463538582677169
11
5.7333381496062987
21
-4.1455004330708665
0
LINE
8
BLACK
6
CONTINUOUS
10
5.7333381496062987
20
-4.1455004330708665
11
5.7324847244094483
21
-4.1442231496062991
0
LINE
8
BLACK
6
CONTINUOUS
10
5.7324847244094483
20
-4.1442231496062991
11
5.7321850393700782
21
-4.1427165354330704
0
LINE
8
BLACK
6
CONTINUOUS
10
5.7321850393700782
20
-4.1427165354330704
11
5.7321850393700782
21
-4.125
0
LINE
8
BLACK
6
CONTINUOUS
10
5.7321850393700782
20
-4.125
11
5.7324847244094483
21
-4.1234933858267713
0
LINE
8
BLACK
6
CONTINUOUS
10
5.7324847244094483
20
-4.1234933858267713
11
5.7333381496062987
21
-4.1222161023622048
0
LINE
8
BLACK
6
CONTINUOUS
10
5.7333381496062987
20
-4.1222161023622048
11
5.7346154330708661
21
-4.1213626771653544
0
LINE
8
BLACK
6
CONTINUOUS
10
5.7346154330708661
20
-4.1213626771653544
11
5.7361220472440948
21
-4.1210629921259843
0
LINE
8
BLACK
6
CONTINUOUS
10
5.7361220472440948
20
-4.1210629921259843
11
5.7439960629921263
21
-4.1210629921259843
0
LINE
8
BLACK
6
CONTINUOUS
10
5.7439960629921263
20
-4.1210629921259843
11
5.7455026771653541
21
-4.1213626771653544
0
LINE
8
BLACK
6
CONTINUOUS
10
5.7710932283464569
20
-4.1213626771653544
11
5.7723705118110233
21
-4.1222161023622048
0
LINE
8
BLACK
6
CONTINUOUS
10
5.7723705118110233
20
-4.1222161023622048
11
5.7732239370078737
21
-4.1234933858267713
0
LINE
8
BLACK
6
CONTINUOUS
10
5.7732239370078737
20
-4.1234933858267713
11
5.7735236220472439
21
-4.125
0
LINE
8
BLACK
6
CONTINUOUS
10
5.7735236220472439
20
-4.125
11
5.7735236220472439
21
-4.1427165354330704
0
LINE
8
BLACK
6
CONTINUOUS
10
5.7735236220472439
20
-4.1427165354330704
11
5.7732239370078737
21
-4.1442231496062991
0
LINE
8
BLACK
6
CONTINUOUS
10
5.7732239370078737
20
-4.1442231496062991
11
5.7723705118110233
21
-4.1455004330708665
0
LINE
8
BLACK
6
CONTINUOUS
10
5.7723705118110233
20
-4.1455004330708665
11
5.7710932283464569
21
-4.1463538582677169
0
LINE
8
BLACK
6
CONTINUOUS
10
5.7710932283464569
20
-4.1463538582677169
11
5.7695866141732282
21
-4.1466535433070861
0
LINE
8
BLACK
6
CONTINUOUS
10
5.7695866141732282
20
-4.1466535433070861
11
5.7617125984251967
21
-4.1466535433070861
0
LINE
8
BLACK
6
CONTINUOUS
10
5.7617125984251967
20
-4.1466535433070861
11
5.7602059842519679
21
-4.1463538582677169
0
LINE
8
BLACK
6
CONTINUOUS
10
5.7602059842519679
20
-4.1463538582677169
11
5.7589287007874015
21
-4.1455004330708665
0
LINE
8
BLACK
6
CONTINUOUS
10
5.7589287007874015
20
-4.1455004330708665
11
5.7580752755905511
21
-4.1442231496062991
0
LINE
8
BLACK
6
CONTINUOUS
10
5.7580752755905511
20
-4.1442231496062991
11
5.7577755905511809
21
-4.1427165354330704
0
LINE
8
BLACK
6
CONTINUOUS
10
5.7577755905511809
20
-4.1427165354330704
11
5.7577755905511809
21
-4.125
0
LINE
8
BLACK
6
CONTINUOUS
10
5.7577755905511809
20
-4.125
11
5.7580752755905511
21
-4.1234933858267713
0
LINE
8
BLACK
6
CONTINUOUS
10
5.7580752755905511
20
-4.1234933858267713
11
5.7589287007874015
21
-4.1222161023622048
0
LINE
8
BLACK
6
CONTINUOUS
10
5.7589287007874015
20
-4.1222161023622048
11
5.7602059842519679
21
-4.1213626771653544
0
LINE
8
BLACK
6
CONTINUOUS
10
5.7602059842519679
20
-4.1213626771653544
11
5.7617125984251967
21
-4.1210629921259843
0
LINE
8
BLACK
6
CONTINUOUS
10
5.7617125984251967
20
-4.1210629921259843
11
5.7695866141732282
21
-4.1210629921259843
0
LINE
8
BLACK
6
CONTINUOUS
10
5.7695866141732282
20
-4.1210629921259843
11
5.7710932283464569
21
-4.1213626771653544
0
LINE
8
BLACK
6
CONTINUOUS
10
5.7966837795275588
20
-4.1213626771653544
11
5.7979610629921261
21
-4.1222161023622048
0
LINE
8
BLACK
6
CONTINUOUS
10
5.7979610629921261
20
-4.1222161023622048
11
5.7988144881889765
21
-4.1234933858267713
0
LINE
8
BLACK
6
CONTINUOUS
10
5.7988144881889765
20
-4.1234933858267713
11
5.7991141732283467
21
-4.125
0
LINE
8
BLACK
6
CONTINUOUS
10
5.7991141732283467
20
-4.125
11
5.7991141732283467
21
-4.1427165354330704
0
LINE
8
BLACK
6
CONTINUOUS
10
5.7991141732283467
20
-4.1427165354330704
11
5.7988144881889765
21
-4.1442231496062991
0
LINE
8
BLACK
6
CONTINUOUS
10
5.7988144881889765
20
-4.1442231496062991
11
5.7979610629921261
21
-4.1455004330708665
0
LINE
8
BLACK
6
CONTINUOUS
10
5.7979610629921261
20
-4.1455004330708665
11
5.7966837795275588
21
-4.1463538582677169
0
LINE
8
BLACK
6
CONTINUOUS
10
5.7966837795275588
20
-4.1463538582677169
11
5.7951771653543309
21
-4.1466535433070861
0
LINE
8
BLACK
6
CONTINUOUS
10
5.7951771653543309
20
-4.1466535433070861
11
5.7873031496062994
21
-4.1466535433070861
0
LINE
8
BLACK
6
CONTINUOUS
10
5.7873031496062994
20
-4.1466535433070861
11
5.7857965354330707
21
-4.1463538582677169
0
LINE
8
BLACK
6
CONTINUOUS
10
5.7857965354330707
20
-4.1463538582677169
11
5.7845192519685034
21
-4.1455004330708665
0
LINE
8
BLACK
6
CONTINUOUS
10
5.7845192519685034
20
-4.1455004330708665
11
5.783665826771653
21
-4.1442231496062991
0
LINE
8
BLACK
6
CONTINUOUS
10
5.783665826771653
20
-4.1442231496062991
11
5.7833661417322837
21
-4.1427165354330704
0
LINE
8
BLACK
6
CONTINUOUS
10
5.7833661417322837
20
-4.1427165354330704
11
5.7833661417322837
21
-4.125
0
LINE
8
BLACK
6
CONTINUOUS
10
5.7833661417322837
20
-4.125
11
5.783665826771653
21
-4.1234933858267713
0
LINE
8
BLACK
6
CONTINUOUS
10
5.783665826771653
20
-4.1234933858267713
11
5.7845192519685034
21
-4.1222161023622048
0
LINE
8
BLACK
6
CONTINUOUS
10
5.7845192519685034
20
-4.1222161023622048
11
5.7857965354330707
21
-4.1213626771653544
0
LINE
8
BLACK
6
CONTINUOUS
10
5.7857965354330707
20
-4.1213626771653544
11
5.7873031496062994
21
-4.1210629921259843
0
LINE
8
BLACK
6
CONTINUOUS
10
5.7873031496062994
20
-4.1210629921259843
11
5.7951771653543309
21
-4.1210629921259843
0
LINE
8
BLACK
6
CONTINUOUS
10
5.7951771653543309
20
-4.1210629921259843
11
5.7966837795275588
21
-4.1213626771653544
0
LINE
8
BLACK
6
CONTINUOUS
10
6.1231648425196852
20
-4.0986448425196853
11
6.1261983464566931
21
-4.1006717322834643
0
LINE
8
BLACK
6
CONTINUOUS
10
6.1261983464566931
20
-4.1006717322834643
11
6.1282252362204721
21
-4.1037052362204722
0
LINE
8
BLACK
6
CONTINUOUS
10
6.1282252362204721
20
-4.1037052362204722
11
6.1289370078740157
21
-4.1072834645669287
0
LINE
8
BLACK
6
CONTINUOUS
10
6.1289370078740157
20
-4.1072834645669287
11
6.1289370078740157
21
-4.1269685039370074
0
LINE
8
BLACK
6
CONTINUOUS
10
6.1289370078740157
20
-4.1269685039370074
11
6.1282252362204721
21
-4.1305467322834648
0
LINE
8
BLACK
6
CONTINUOUS
10
6.1282252362204721
20
-4.1305467322834648
11
6.1261983464566931
21
-4.1335802362204728
0
LINE
8
BLACK
6
CONTINUOUS
10
6.1261983464566931
20
-4.1335802362204728
11
6.1231648425196852
21
-4.1356071259842517
0
LINE
8
BLACK
6
CONTINUOUS
10
6.1231648425196852
20
-4.1356071259842517
11
6.1195866141732278
21
-4.1363188976377954
0
LINE
8
BLACK
6
CONTINUOUS
10
6.1195866141732278
20
-4.1363188976377954
11
6.1008858267716537
21
-4.1363188976377954
0
LINE
8
BLACK
6
CONTINUOUS
10
6.1008858267716537
20
-4.1363188976377954
11
6.0973075984251963
21
-4.1356071259842517
0
LINE
8
BLACK
6
CONTINUOUS
10
6.0973075984251963
20
-4.1356071259842517
11
6.0942740944881892
21
-4.1335802362204728
0
LINE
8
BLACK
6
CONTINUOUS
10
6.0942740944881892
20
-4.1335802362204728
11
6.0922472047244094
21
-4.1305467322834648
0
LINE
8
BLACK
6
CONTINUOUS
10
6.0922472047244094
20
-4.1305467322834648
11
6.0915354330708658
21
-4.1269685039370074
0
LINE
8
BLACK
6
CONTINUOUS
10
6.0915354330708658
20
-4.1269685039370074
11
6.0915354330708658
21
-4.1072834645669287
0
LINE
8
BLACK
6
CONTINUOUS
10
6.0915354330708658
20
-4.1072834645669287
11
6.0922472047244094
21
-4.1037052362204722
0
LINE
8
BLACK
6
CONTINUOUS
10
6.0922472047244094
20
-4.1037052362204722
11
6.0942740944881892
21
-4.1006717322834643
0
LINE
8
BLACK
6
CONTINUOUS
10
6.0942740944881892
20
-4.1006717322834643
11
6.0973075984251963
21
-4.0986448425196853
0
LINE
8
BLACK
6
CONTINUOUS
10
6.0973075984251963
20
-4.0986448425196853
11
6.1008858267716537
21
-4.0979330708661417
0
LINE
8
BLACK
6
CONTINUOUS
10
6.1008858267716537
20
-4.0979330708661417
11
6.1195866141732278
21
-4.0979330708661417
0
LINE
8
BLACK
6
CONTINUOUS
10
6.1195866141732278
20
-4.0979330708661417
11
6.1231648425196852
21
-4.0986448425196853
0
LINE
8
BLACK
6
CONTINUOUS
10
6.323952244094488
20
-4.0868338188976381
11
6.3269857480314959
21
-4.088860708661417
0
LINE
8
BLACK
6
CONTINUOUS
10
6.3269857480314959
20
-4.088860708661417
11
6.3290126377952758
21
-4.091894212598425
0
LINE
8
BLACK
6
CONTINUOUS
10
6.3290126377952758
20
-4.091894212598425
11
6.3297244094488185
21
-4.0954724409448815
0
LINE
8
BLACK
6
CONTINUOUS
10
6.3297244094488185
20
-4.0954724409448815
11
6.3297244094488185
21
-4.1190944881889759
0
LINE
8
BLACK
6
CONTINUOUS
10
6.3297244094488185
20
-4.1190944881889759
11
6.3290126377952758
21
-4.1226727165354333
0
LINE
8
BLACK
6
CONTINUOUS
10
6.3290126377952758
20
-4.1226727165354333
11
6.3269857480314959
21
-4.1257062204724413
0
LINE
8
BLACK
6
CONTINUOUS
10
6.3269857480314959
20
-4.1257062204724413
11
6.323952244094488
21
-4.1277331102362202
0
LINE
8
BLACK
6
CONTINUOUS
10
6.323952244094488
20
-4.1277331102362202
11
6.3203740157480315
21
-4.1284448818897639
0
LINE
8
BLACK
6
CONTINUOUS
10
6.3203740157480315
20
-4.1284448818897639
11
6.3016732283464565
21
-4.1284448818897639
0
LINE
8
BLACK
6
CONTINUOUS
10
6.3016732283464565
20
-4.1284448818897639
11
6.298095
21
-4.1277331102362202
0
LINE
8
BLACK
6
CONTINUOUS
10
6.298095
20
-4.1277331102362202
11
6.295061496062992
21
-4.1257062204724413
0
LINE
8
BLACK
6
CONTINUOUS
10
6.295061496062992
20
-4.1257062204724413
11
6.2930346062992122
21
-4.1226727165354333
0
LINE
8
BLACK
6
CONTINUOUS
10
6.2930346062992122
20
-4.1226727165354333
11
6.2923228346456694
21
-4.1190944881889759
0
LINE
8
BLACK
6
CONTINUOUS
10
6.2923228346456694
20
-4.1190944881889759
11
6.2923228346456694
21
-4.0954724409448815
0
LINE
8
BLACK
6
CONTINUOUS
10
6.2923228346456694
20
-4.0954724409448815
11
6.2930346062992122
21
-4.091894212598425
0
LINE
8
BLACK
6
CONTINUOUS
10
6.2930346062992122
20
-4.091894212598425
11
6.295061496062992
21
-4.088860708661417
0
LINE
8
BLACK
6
CONTINUOUS
10
6.295061496062992
20
-4.088860708661417
11
6.298095
21
-4.0868338188976381
0
LINE
8
BLACK
6
CONTINUOUS
10
6.298095
20
-4.0868338188976381
11
6.3016732283464565
21
-4.0861220472440944
0
LINE
8
BLACK
6
CONTINUOUS
10
6.3016732283464565
20
-4.0861220472440944
11
6.3203740157480315
21
-4.0861220472440944
0
LINE
8
BLACK
6
CONTINUOUS
10
6.3203740157480315
20
-4.0861220472440944
11
6.323952244094488
21
-4.0868338188976381
0
LINE
8
BLACK
6
CONTINUOUS
10
6.1816247244094491
20
-4.0913429921259841
11
6.1829020078740156
21
-4.0921964173228345
0
LINE
8
BLACK
6
CONTINUOUS
10
6.1829020078740156
20
-4.0921964173228345
11
6.1837554330708659
21
-4.0934737007874018
0
LINE
8
BLACK
6
CONTINUOUS
10
6.1837554330708659
20
-4.0934737007874018
11
6.1840551181102361
21
-4.0949803149606296
0
LINE
8
BLACK
6
CONTINUOUS
10
6.1840551181102361
20
-4.0949803149606296
11
6.1840551181102361
21
-4.1028543307086611
0
LINE
8
BLACK
6
CONTINUOUS
10
6.1840551181102361
20
-4.1028543307086611
11
6.1837554330708659
21
-4.1043609448818898
0
LINE
8
BLACK
6
CONTINUOUS
10
6.1837554330708659
20
-4.1043609448818898
11
6.1829020078740156
21
-4.1056382283464563
0
LINE
8
BLACK
6
CONTINUOUS
10
6.1829020078740156
20
-4.1056382283464563
11
6.1816247244094491
21
-4.1064916535433067
0
LINE
8
BLACK
6
CONTINUOUS
10
6.1816247244094491
20
-4.1064916535433067
11
6.1801181102362204
21
-4.1067913385826769
0
LINE
8
BLACK
6
CONTINUOUS
10
6.1801181102362204
20
-4.1067913385826769
11
6.1624015748031491
21
-4.1067913385826769
0
LINE
8
BLACK
6
CONTINUOUS
10
6.1624015748031491
20
-4.1067913385826769
11
6.1608949606299213
21
-4.1064916535433067
0
LINE
8
BLACK
6
CONTINUOUS
10
6.1608949606299213
20
-4.1064916535433067
11
6.1596176771653539
21
-4.1056382283464563
0
LINE
8
BLACK
6
CONTINUOUS
10
6.1596176771653539
20
-4.1056382283464563
11
6.1587642519685035
21
-4.1043609448818898
0
LINE
8
BLACK
6
CONTINUOUS
10
6.1587642519685035
20
-4.1043609448818898
11
6.1584645669291334
21
-4.1028543307086611
0
LINE
8
BLACK
6
CONTINUOUS
10
6.1584645669291334
20
-4.1028543307086611
11
6.1584645669291334
21
-4.0949803149606296
0
LINE
8
BLACK
6
CONTINUOUS
10
6.1584645669291334
20
-4.0949803149606296
11
6.1587642519685035
21
-4.0934737007874018
0
LINE
8
BLACK
6
CONTINUOUS
10
6.1587642519685035
20
-4.0934737007874018
11
6.1596176771653539
21
-4.0921964173228345
0
LINE
8
BLACK
6
CONTINUOUS
10
6.1596176771653539
20
-4.0921964173228345
11
6.1608949606299213
21
-4.0913429921259841
0
LINE
8
BLACK
6
CONTINUOUS
10
6.1608949606299213
20
-4.0913429921259841
11
6.1624015748031491
21
-4.0910433070866139
0
LINE
8
BLACK
6
CONTINUOUS
10
6.1624015748031491
20
-4.0910433070866139
11
6.1801181102362204
21
-4.0910433070866139
0
LINE
8
BLACK
6
CONTINUOUS
10
6.1801181102362204
20
-4.0910433070866139
11
6.1816247244094491
21
-4.0913429921259841
0
LINE
8
BLACK
6
CONTINUOUS
10
6.2564278740157482
20
-4.0913429921259841
11
6.2577051574803146
21
-4.0921964173228345
0
LINE
8
BLACK
6
CONTINUOUS
10
6.2577051574803146
20
-4.0921964173228345
11
6.258558582677165
21
-4.0934737007874018
0
LINE
8
BLACK
6
CONTINUOUS
10
6.258558582677165
20
-4.0934737007874018
11
6.2588582677165352
21
-4.0949803149606296
0
LINE
8
BLACK
6
CONTINUOUS
10
6.2588582677165352
20
-4.0949803149606296
11
6.2588582677165352
21
-4.1028543307086611
0
LINE
8
BLACK
6
CONTINUOUS
10
6.2588582677165352
20
-4.1028543307086611
11
6.258558582677165
21
-4.1043609448818898
0
LINE
8
BLACK
6
CONTINUOUS
10
6.258558582677165
20
-4.1043609448818898
11
6.2577051574803146
21
-4.1056382283464563
0
LINE
8
BLACK
6
CONTINUOUS
10
6.2577051574803146
20
-4.1056382283464563
11
6.2564278740157482
21
-4.1064916535433067
0
LINE
8
BLACK
6
CONTINUOUS
10
6.2564278740157482
20
-4.1064916535433067
11
6.2549212598425195
21
-4.1067913385826769
0
LINE
8
BLACK
6
CONTINUOUS
10
6.2549212598425195
20
-4.1067913385826769
11
6.2372047244094491
21
-4.1067913385826769
0
LINE
8
BLACK
6
CONTINUOUS
10
6.2372047244094491
20
-4.1067913385826769
11
6.2356981102362203
21
-4.1064916535433067
0
LINE
8
BLACK
6
CONTINUOUS
10
6.2356981102362203
20
-4.1064916535433067
11
6.234420826771653
21
-4.1056382283464563
0
LINE
8
BLACK
6
CONTINUOUS
10
6.234420826771653
20
-4.1056382283464563
11
6.2335674015748026
21
-4.1043609448818898
0
LINE
8
BLACK
6
CONTINUOUS
10
6.2335674015748026
20
-4.1043609448818898
11
6.2332677165354333
21
-4.1028543307086611
0
LINE
8
BLACK
6
CONTINUOUS
10
6.2332677165354333
20
-4.1028543307086611
11
6.2332677165354333
21
-4.0949803149606296
0
LINE
8
BLACK
6
CONTINUOUS
10
6.2332677165354333
20
-4.0949803149606296
11
6.2335674015748026
21
-4.0934737007874018
0
LINE
8
BLACK
6
CONTINUOUS
10
6.2335674015748026
20
-4.0934737007874018
11
6.234420826771653
21
-4.0921964173228345
0
LINE
8
BLACK
6
CONTINUOUS
10
6.234420826771653
20
-4.0921964173228345
11
6.2356981102362203
21
-4.0913429921259841
0
LINE
8
BLACK
6
CONTINUOUS
10
6.2356981102362203
20
-4.0913429921259841
11
6.2372047244094491
21
-4.0910433070866139
0
LINE
8
BLACK
6
CONTINUOUS
10
6.2372047244094491
20
-4.0910433070866139
11
6.2549212598425195
21
-4.0910433070866139
0
LINE
8
BLACK
6
CONTINUOUS
10
6.2549212598425195
20
-4.0910433070866139
11
6.2564278740157482
21
-4.0913429921259841
0
LINE
8
BLACK
6
CONTINUOUS
10
5.0193700787401569
20
-4.1067716535433068
11
4.9593700787401573
21
-4.1067716535433068
0
LINE
8
BLACK
6
CONTINUOUS
10
4.9593700787401573
20
-4.1067716535433068
11
4.9593700787401573
21
-4.0467716535433071
0
LINE
8
BLACK
6
CONTINUOUS
10
4.9593700787401573
20
-4.0467716535433071
11
5.0193700787401569
21
-4.0467716535433071
0
LINE
8
BLACK
6
CONTINUOUS
10
5.0193700787401569
20
-4.0467716535433071
11
5.0193700787401569
21
-4.1067716535433068
0
LINE
8
BLACK
6
CONTINUOUS
10
5.1193700787401575
20
-4.1067716535433068
11
5.059370078740157
21
-4.1067716535433068
0
LINE
8
BLACK
6
CONTINUOUS
10
5.059370078740157
20
-4.1067716535433068
11
5.059370078740157
21
-4.0467716535433071
0
LINE
8
BLACK
6
CONTINUOUS
10
5.059370078740157
20
-4.0467716535433071
11
5.1193700787401575
21
-4.0467716535433071
0
LINE
8
BLACK
6
CONTINUOUS
10
5.1193700787401575
20
-4.0467716535433071
11
5.1193700787401575
21
-4.1067716535433068
0
LINE
8
BLACK
6
CONTINUOUS
10
5.7592868897637794
20
-4.052877125984252
11
5.7623203937007874
21
-4.0549040157480318
0
LINE
8
BLACK
6
CONTINUOUS
10
5.7623203937007874
20
-4.0549040157480318
11
5.7643472834645664
21
-4.0579375196850389
0
LINE
8
BLACK
6
CONTINUOUS
10
5.7643472834645664
20
-4.0579375196850389
11
5.76505905511811
21
-4.0615157480314963
0
LINE
8
BLACK
6
CONTINUOUS
10
5.76505905511811
20
-4.0615157480314963
11
5.76505905511811
21
-4.0802165354330704
0
LINE
8
BLACK
6
CONTINUOUS
10
5.76505905511811
20
-4.0802165354330704
11
5.7643472834645664
21
-4.0837947637795278
0
LINE
8
BLACK
6
CONTINUOUS
10
5.7643472834645664
20
-4.0837947637795278
11
5.7623203937007874
21
-4.0868282677165357
0
LINE
8
BLACK
6
CONTINUOUS
10
5.7623203937007874
20
-4.0868282677165357
11
5.7592868897637794
21
-4.0888551574803147
0
LINE
8
BLACK
6
CONTINUOUS
10
5.7592868897637794
20
-4.0888551574803147
11
5.755708661417323
21
-4.0895669291338583
0
LINE
8
BLACK
6
CONTINUOUS
10
5.755708661417323
20
-4.0895669291338583
11
5.7320866141732285
21
-4.0895669291338583
0
LINE
8
BLACK
6
CONTINUOUS
10
5.7320866141732285
20
-4.0895669291338583
11
5.7285083858267711
21
-4.0888551574803147
0
LINE
8
BLACK
6
CONTINUOUS
10
5.7285083858267711
20
-4.0888551574803147
11
5.7254748818897641
21
-4.0868282677165357
0
LINE
8
BLACK
6
CONTINUOUS
10
5.7254748818897641
20
-4.0868282677165357
11
5.7234479921259842
21
-4.0837947637795278
0
LINE
8
BLACK
6
CONTINUOUS
10
5.7234479921259842
20
-4.0837947637795278
11
5.7227362204724406
21
-4.0802165354330704
0
LINE
8
BLACK
6
CONTINUOUS
10
5.7227362204724406
20
-4.0802165354330704
11
5.7227362204724406
21
-4.0615157480314963
0
LINE
8
BLACK
6
CONTINUOUS
10
5.7227362204724406
20
-4.0615157480314963
11
5.7234479921259842
21
-4.0579375196850389
0
LINE
8
BLACK
6
CONTINUOUS
10
5.7234479921259842
20
-4.0579375196850389
11
5.7254748818897641
21
-4.0549040157480318
0
LINE
8
BLACK
6
CONTINUOUS
10
5.7254748818897641
20
-4.0549040157480318
11
5.7285083858267711
21
-4.052877125984252
0
LINE
8
BLACK
6
CONTINUOUS
10
5.7285083858267711
20
-4.052877125984252
11
5.7320866141732285
21
-4.0521653543307083
0
LINE
8
BLACK
6
CONTINUOUS
10
5.7320866141732285
20
-4.0521653543307083
11
5.755708661417323
21
-4.0521653543307083
0
LINE
8
BLACK
6
CONTINUOUS
10
5.755708661417323
20
-4.0521653543307083
11
5.7592868897637794
21
-4.052877125984252
0
LINE
8
BLACK
6
CONTINUOUS
10
5.8272002755905508
20
-4.052877125984252
11
5.8302337795275587
21
-4.0549040157480318
0
LINE
8
BLACK
6
CONTINUOUS
10
5.8302337795275587
20
-4.0549040157480318
11
5.8322606692913386
21
-4.0579375196850389
0
LINE
8
BLACK
6
CONTINUOUS
10
5.8322606692913386
20
-4.0579375196850389
11
5.8329724409448813
21
-4.0615157480314963
0
LINE
8
BLACK
6
CONTINUOUS
10
5.8329724409448813
20
-4.0615157480314963
11
5.8329724409448813
21
-4.0802165354330704
0
LINE
8
BLACK
6
CONTINUOUS
10
5.8329724409448813
20
-4.0802165354330704
11
5.8322606692913386
21
-4.0837947637795278
0
LINE
8
BLACK
6
CONTINUOUS
10
5.8322606692913386
20
-4.0837947637795278
11
5.8302337795275587
21
-4.0868282677165357
0
LINE
8
BLACK
6
CONTINUOUS
10
5.8302337795275587
20
-4.0868282677165357
11
5.8272002755905508
21
-4.0888551574803147
0
LINE
8
BLACK
6
CONTINUOUS
10
5.8272002755905508
20
-4.0888551574803147
11
5.8236220472440943
21
-4.0895669291338583
0
LINE
8
BLACK
6
CONTINUOUS
10
5.8236220472440943
20
-4.0895669291338583
11
5.7999999999999998
21
-4.0895669291338583
0
LINE
8
BLACK
6
CONTINUOUS
10
5.7999999999999998
20
-4.0895669291338583
11
5.7964217716535433
21
-4.0888551574803147
0
LINE
8
BLACK
6
CONTINUOUS
10
5.7964217716535433
20
-4.0888551574803147
11
5.7933882677165354
21
-4.0868282677165357
0
LINE
8
BLACK
6
CONTINUOUS
10
5.7933882677165354
20
-4.0868282677165357
11
5.7913613779527555
21
-4.0837947637795278
0
LINE
8
BLACK
6
CONTINUOUS
10
5.7913613779527555
20
-4.0837947637795278
11
5.7906496062992128
21
-4.0802165354330704
0
LINE
8
BLACK
6
CONTINUOUS
10
5.7906496062992128
20
-4.0802165354330704
11
5.7906496062992128
21
-4.0615157480314963
0
LINE
8
BLACK
6
CONTINUOUS
10
5.7906496062992128
20
-4.0615157480314963
11
5.7913613779527555
21
-4.0579375196850389
0
LINE
8
BLACK
6
CONTINUOUS
10
5.7913613779527555
20
-4.0579375196850389
11
5.7933882677165354
21
-4.0549040157480318
0
LINE
8
BLACK
6
CONTINUOUS
10
5.7933882677165354
20
-4.0549040157480318
11
5.7964217716535433
21
-4.052877125984252
0
LINE
8
BLACK
6
CONTINUOUS
10
5.7964217716535433
20
-4.052877125984252
11
5.7999999999999998
21
-4.0521653543307083
0
LINE
8
BLACK
6
CONTINUOUS
10
5.7999999999999998
20
-4.0521653543307083
11
5.8236220472440943
21
-4.0521653543307083
0
LINE
8
BLACK
6
CONTINUOUS
10
5.8236220472440943
20
-4.0521653543307083
11
5.8272002755905508
21
-4.052877125984252
0
LINE
8
BLACK
6
CONTINUOUS
10
5.2330708661417322
20
-4.0834645669291341
11
5.1937007874015748
21
-4.0834645669291341
0
LINE
8
BLACK
6
CONTINUOUS
10
5.1937007874015748
20
-4.0834645669291341
11
5.1937007874015748
21
-3.9338582677165355
0
LINE
8
BLACK
6
CONTINUOUS
10
5.1937007874015748
20
-3.9338582677165355
11
5.2330708661417322
21
-3.9338582677165355
0
LINE
8
BLACK
6
CONTINUOUS
10
5.2330708661417322
20
-3.9338582677165355
11
5.2330708661417322
21
-4.0834645669291341
0
LINE
8
BLACK
6
CONTINUOUS
10
6.4850393700787397
20
-4.0834645669291341
11
6.4456692913385822
21
-4.0834645669291341
0
LINE
8
BLACK
6
CONTINUOUS
10
6.4456692913385822
20
-4.0834645669291341
11
6.4456692913385822
21
-3.9338582677165355
0
LINE
8
BLACK
6
CONTINUOUS
10
6.4456692913385822
20
-3.9338582677165355
11
6.4850393700787397
21
-3.9338582677165355
0
LINE
8
BLACK
6
CONTINUOUS
10
6.4850393700787397
20
-3.9338582677165355
11
6.4850393700787397
21
-4.0834645669291341
0
LINE
8
BLACK
6
CONTINUOUS
10
6.1816247244094491
20
-4.0657524409448822
11
6.1829020078740156
21
-4.0666058661417326
0
LINE
8
BLACK
6
CONTINUOUS
10
6.1829020078740156
20
-4.0666058661417326
11
6.1837554330708659
21
-4.067883149606299
0
LINE
8
BLACK
6
CONTINUOUS
10
6.1837554330708659
20
-4.067883149606299
11
6.1840551181102361
21
-4.0693897637795278
0
LINE
8
BLACK
6
CONTINUOUS
10
6.1840551181102361
20
-4.0693897637795278
11
6.1840551181102361
21
-4.0772637795275593
0
LINE
8
BLACK
6
CONTINUOUS
10
6.1840551181102361
20
-4.0772637795275593
11
6.1837554330708659
21
-4.0787703937007871
0
LINE
8
BLACK
6
CONTINUOUS
10
6.1837554330708659
20
-4.0787703937007871
11
6.1829020078740156
21
-4.0800476771653544
0
LINE
8
BLACK
6
CONTINUOUS
10
6.1829020078740156
20
-4.0800476771653544
11
6.1816247244094491
21
-4.0809011023622048
0
LINE
8
BLACK
6
CONTINUOUS
10
6.1816247244094491
20
-4.0809011023622048
11
6.1801181102362204
21
-4.081200787401575
0
LINE
8
BLACK
6
CONTINUOUS
10
6.1801181102362204
20
-4.081200787401575
11
6.1624015748031491
21
-4.081200787401575
0
LINE
8
BLACK
6
CONTINUOUS
10
6.1624015748031491
20
-4.081200787401575
11
6.1608949606299213
21
-4.0809011023622048
0
LINE
8
BLACK
6
CONTINUOUS
10
6.1608949606299213
20
-4.0809011023622048
11
6.1596176771653539
21
-4.0800476771653544
0
LINE
8
BLACK
6
CONTINUOUS
10
6.1596176771653539
20
-4.0800476771653544
11
6.1587642519685035
21
-4.0787703937007871
0
LINE
8
BLACK
6
CONTINUOUS
10
6.1587642519685035
20
-4.0787703937007871
11
6.1584645669291334
21
-4.0772637795275593
0
LINE
8
BLACK
6
CONTINUOUS
10
6.1584645669291334
20
-4.0772637795275593
11
6.1584645669291334
21
-4.0693897637795278
0
LINE
8
BLACK
6
CONTINUOUS
10
6.1584645669291334
20
-4.0693897637795278
11
6.1587642519685035
21
-4.067883149606299
0
LINE
8
BLACK
6
CONTINUOUS
10
6.1587642519685035
20
-4.067883149606299
11
6.1596176771653539
21
-4.0666058661417326
0
LINE
8
BLACK
6
CONTINUOUS
10
6.1596176771653539
20
-4.0666058661417326
11
6.1608949606299213
21
-4.0657524409448822
0
LINE
8
BLACK
6
CONTINUOUS
10
6.1608949606299213
20
-4.0657524409448822
11
6.1624015748031491
21
-4.065452755905512
0
LINE
8
BLACK
6
CONTINUOUS
10
6.1624015748031491
20
-4.065452755905512
11
6.1801181102362204
21
-4.065452755905512
0
LINE
8
BLACK
6
CONTINUOUS
10
6.1801181102362204
20
-4.065452755905512
11
6.1816247244094491
21
-4.0657524409448822
0
LINE
8
BLACK
6
CONTINUOUS
10
6.2564278740157482
20
-4.0657524409448822
11
6.2577051574803146
21
-4.0666058661417326
0
LINE
8
BLACK
6
CONTINUOUS
10
6.2577051574803146
20
-4.0666058661417326
11
6.258558582677165
21
-4.067883149606299
0
LINE
8
BLACK
6
CONTINUOUS
10
6.258558582677165
20
-4.067883149606299
11
6.2588582677165352
21
-4.0693897637795278
0
LINE
8
BLACK
6
CONTINUOUS
10
6.2588582677165352
20
-4.0693897637795278
11
6.2588582677165352
21
-4.0772637795275593
0
LINE
8
BLACK
6
CONTINUOUS
10
6.2588582677165352
20
-4.0772637795275593
11
6.258558582677165
21
-4.0787703937007871
0
LINE
8
BLACK
6
CONTINUOUS
10
6.258558582677165
20
-4.0787703937007871
11
6.2577051574803146
21
-4.0800476771653544
0
LINE
8
BLACK
6
CONTINUOUS
10
6.2577051574803146
20
-4.0800476771653544
11
6.2564278740157482
21
-4.0809011023622048
0
LINE
8
BLACK
6
CONTINUOUS
10
6.2564278740157482
20
-4.0809011023622048
11
6.2549212598425195
21
-4.081200787401575
0
LINE
8
BLACK
6
CONTINUOUS
10
6.2549212598425195
20
-4.081200787401575
11
6.2372047244094491
21
-4.081200787401575
0
LINE
8
BLACK
6
CONTINUOUS
10
6.2372047244094491
20
-4.081200787401575
11
6.2356981102362203
21
-4.0809011023622048
0
LINE
8
BLACK
6
CONTINUOUS
10
6.2356981102362203
20
-4.0809011023622048
11
6.234420826771653
21
-4.0800476771653544
0
LINE
8
BLACK
6
CONTINUOUS
10
6.234420826771653
20
-4.0800476771653544
11
6.2335674015748026
21
-4.0787703937007871
0
LINE
8
BLACK
6
CONTINUOUS
10
6.2335674015748026
20
-4.0787703937007871
11
6.2332677165354333
21
-4.0772637795275593
0
LINE
8
BLACK
6
CONTINUOUS
10
6.2332677165354333
20
-4.0772637795275593
11
6.2332677165354333
21
-4.0693897637795278
0
LINE
8
BLACK
6
CONTINUOUS
10
6.2332677165354333
20
-4.0693897637795278
11
6.2335674015748026
21
-4.067883149606299
0
LINE
8
BLACK
6
CONTINUOUS
10
6.2335674015748026
20
-4.067883149606299
11
6.234420826771653
21
-4.0666058661417326
0
LINE
8
BLACK
6
CONTINUOUS
10
6.234420826771653
20
-4.0666058661417326
11
6.2356981102362203
21
-4.0657524409448822
0
LINE
8
BLACK
6
CONTINUOUS
10
6.2356981102362203
20
-4.0657524409448822
11
6.2372047244094491
21
-4.065452755905512
0
LINE
8
BLACK
6
CONTINUOUS
10
6.2372047244094491
20
-4.065452755905512
11
6.2549212598425195
21
-4.065452755905512
0
LINE
8
BLACK
6
CONTINUOUS
10
6.2549212598425195
20
-4.065452755905512
11
6.2564278740157482
21
-4.0657524409448822
0
LINE
8
BLACK
6
CONTINUOUS
10
6.1231648425196852
20
-4.0267944488188974
11
6.1261983464566931
21
-4.0288213385826772
0
LINE
8
BLACK
6
CONTINUOUS
10
6.1261983464566931
20
-4.0288213385826772
11
6.1282252362204721
21
-4.0318548425196852
0
LINE
8
BLACK
6
CONTINUOUS
10
6.1282252362204721
20
-4.0318548425196852
11
6.1289370078740157
21
-4.0354330708661417
0
LINE
8
BLACK
6
CONTINUOUS
10
6.1289370078740157
20
-4.0354330708661417
11
6.1289370078740157
21
-4.0551181102362204
0
LINE
8
BLACK
6
CONTINUOUS
10
6.1289370078740157
20
-4.0551181102362204
11
6.1282252362204721
21
-4.0586963385826769
0
LINE
8
BLACK
6
CONTINUOUS
10
6.1282252362204721
20
-4.0586963385826769
11
6.1261983464566931
21
-4.0617298425196848
0
LINE
8
BLACK
6
CONTINUOUS
10
6.1261983464566931
20
-4.0617298425196848
11
6.1231648425196852
21
-4.0637567322834647
0
LINE
8
BLACK
6
CONTINUOUS
10
6.1231648425196852
20
-4.0637567322834647
11
6.1195866141732278
21
-4.0644685039370074
0
LINE
8
BLACK
6
CONTINUOUS
10
6.1195866141732278
20
-4.0644685039370074
11
6.1008858267716537
21
-4.0644685039370074
0
LINE
8
BLACK
6
CONTINUOUS
10
6.1008858267716537
20
-4.0644685039370074
11
6.0973075984251963
21
-4.0637567322834647
0
LINE
8
BLACK
6
CONTINUOUS
10
6.0973075984251963
20
-4.0637567322834647
11
6.0942740944881892
21
-4.0617298425196848
0
LINE
8
BLACK
6
CONTINUOUS
10
6.0942740944881892
20
-4.0617298425196848
11
6.0922472047244094
21
-4.0586963385826769
0
LINE
8
BLACK
6
CONTINUOUS
10
6.0922472047244094
20
-4.0586963385826769
11
6.0915354330708658
21
-4.0551181102362204
0
LINE
8
BLACK
6
CONTINUOUS
10
6.0915354330708658
20
-4.0551181102362204
11
6.0915354330708658
21
-4.0354330708661417
0
LINE
8
BLACK
6
CONTINUOUS
10
6.0915354330708658
20
-4.0354330708661417
11
6.0922472047244094
21
-4.0318548425196852
0
LINE
8
BLACK
6
CONTINUOUS
10
6.0922472047244094
20
-4.0318548425196852
11
6.0942740944881892
21
-4.0288213385826772
0
LINE
8
BLACK
6
CONTINUOUS
10
6.0942740944881892
20
-4.0288213385826772
11
6.0973075984251963
21
-4.0267944488188974
0
LINE
8
BLACK
6
CONTINUOUS
10
6.0973075984251963
20
-4.0267944488188974
11
6.1008858267716537
21
-4.0260826771653546
0
LINE
8
BLACK
6
CONTINUOUS
10
6.1008858267716537
20
-4.0260826771653546
11
6.1195866141732278
21
-4.0260826771653546
0
LINE
8
BLACK
6
CONTINUOUS
10
6.1195866141732278
20
-4.0260826771653546
11
6.1231648425196852
21
-4.0267944488188974
0
LINE
8
BLACK
6
CONTINUOUS
10
5.9932435826771648
20
-4.0263023228346455
11
5.9962770866141728
21
-4.0283292125984254
0
LINE
8
BLACK
6
CONTINUOUS
10
5.9962770866141728
20
-4.0283292125984254
11
5.9983039763779527
21
-4.0313627165354333
0
LINE
8
BLACK
6
CONTINUOUS
10
5.9983039763779527
20
-4.0313627165354333
11
5.9990157480314963
21
-4.0349409448818898
0
LINE
8
BLACK
6
CONTINUOUS
10
5.9990157480314963
20
-4.0349409448818898
11
5.9990157480314963
21
-4.0536417322834648
0
LINE
8
BLACK
6
CONTINUOUS
10
5.9990157480314963
20
-4.0536417322834648
11
5.9983039763779527
21
-4.0572199606299213
0
LINE
8
BLACK
6
CONTINUOUS
10
5.9983039763779527
20
-4.0572199606299213
11
5.9962770866141728
21
-4.0602534645669293
0
LINE
8
BLACK
6
CONTINUOUS
10
5.9962770866141728
20
-4.0602534645669293
11
5.9932435826771648
21
-4.0622803543307082
0
LINE
8
BLACK
6
CONTINUOUS
10
5.9932435826771648
20
-4.0622803543307082
11
5.9896653543307083
21
-4.0629921259842519
0
LINE
8
BLACK
6
CONTINUOUS
10
5.9896653543307083
20
-4.0629921259842519
11
5.9660433070866139
21
-4.0629921259842519
0
LINE
8
BLACK
6
CONTINUOUS
10
5.9660433070866139
20
-4.0629921259842519
11
5.9624650787401574
21
-4.0622803543307082
0
LINE
8
BLACK
6
CONTINUOUS
10
5.9624650787401574
20
-4.0622803543307082
11
5.9594315748031494
21
-4.0602534645669293
0
LINE
8
BLACK
6
CONTINUOUS
10
5.9594315748031494
20
-4.0602534645669293
11
5.9574046850393696
21
-4.0572199606299213
0
LINE
8
BLACK
6
CONTINUOUS
10
5.9574046850393696
20
-4.0572199606299213
11
5.9566929133858268
21
-4.0536417322834648
0
LINE
8
BLACK
6
CONTINUOUS
10
5.9566929133858268
20
-4.0536417322834648
11
5.9566929133858268
21
-4.0349409448818898
0
LINE
8
BLACK
6
CONTINUOUS
10
5.9566929133858268
20
-4.0349409448818898
11
5.9574046850393696
21
-4.0313627165354333
0
LINE
8
BLACK
6
CONTINUOUS
10
5.9574046850393696
20
-4.0313627165354333
11
5.9594315748031494
21
-4.0283292125984254
0
LINE
8
BLACK
6
CONTINUOUS
10
5.9594315748031494
20
-4.0283292125984254
11
5.9624650787401574
21
-4.0263023228346455
0
LINE
8
BLACK
6
CONTINUOUS
10
5.9624650787401574
20
-4.0263023228346455
11
5.9660433070866139
21
-4.0255905511811019
0
LINE
8
BLACK
6
CONTINUOUS
10
5.9660433070866139
20
-4.0255905511811019
11
5.9896653543307083
21
-4.0255905511811019
0
LINE
8
BLACK
6
CONTINUOUS
10
5.9896653543307083
20
-4.0255905511811019
11
5.9932435826771648
21
-4.0263023228346455
0
LINE
8
BLACK
6
CONTINUOUS
10
6.061156968503937
20
-4.0263023228346455
11
6.064190472440945
21
-4.0283292125984254
0
LINE
8
BLACK
6
CONTINUOUS
10
6.064190472440945
20
-4.0283292125984254
11
6.066217362204724
21
-4.0313627165354333
0
LINE
8
BLACK
6
CONTINUOUS
10
6.066217362204724
20
-4.0313627165354333
11
6.0669291338582676
21
-4.0349409448818898
0
LINE
8
BLACK
6
CONTINUOUS
10
6.0669291338582676
20
-4.0349409448818898
11
6.0669291338582676
21
-4.0536417322834648
0
LINE
8
BLACK
6
CONTINUOUS
10
6.0669291338582676
20
-4.0536417322834648
11
6.066217362204724
21
-4.0572199606299213
0
LINE
8
BLACK
6
CONTINUOUS
10
6.066217362204724
20
-4.0572199606299213
11
6.064190472440945
21
-4.0602534645669293
0
LINE
8
BLACK
6
CONTINUOUS
10
6.064190472440945
20
-4.0602534645669293
11
6.061156968503937
21
-4.0622803543307082
0
LINE
8
BLACK
6
CONTINUOUS
10
6.061156968503937
20
-4.0622803543307082
11
6.0575787401574805
21
-4.0629921259842519
0
LINE
8
BLACK
6
CONTINUOUS
10
6.0575787401574805
20
-4.0629921259842519
11
6.0339566929133861
21
-4.0629921259842519
0
LINE
8
BLACK
6
CONTINUOUS
10
6.0339566929133861
20
-4.0629921259842519
11
6.0303784645669287
21
-4.0622803543307082
0
LINE
8
BLACK
6
CONTINUOUS
10
6.0303784645669287
20
-4.0622803543307082
11
6.0273449606299208
21
-4.0602534645669293
0
LINE
8
BLACK
6
CONTINUOUS
10
6.0273449606299208
20
-4.0602534645669293
11
6.0253180708661418
21
-4.0572199606299213
0
LINE
8
BLACK
6
CONTINUOUS
10
6.0253180708661418
20
-4.0572199606299213
11
6.0246062992125982
21
-4.0536417322834648
0
LINE
8
BLACK
6
CONTINUOUS
10
6.0246062992125982
20
-4.0536417322834648
11
6.0246062992125982
21
-4.0349409448818898
0
LINE
8
BLACK
6
CONTINUOUS
10
6.0246062992125982
20
-4.0349409448818898
11
6.0253180708661418
21
-4.0313627165354333
0
LINE
8
BLACK
6
CONTINUOUS
10
6.0253180708661418
20
-4.0313627165354333
11
6.0273449606299208
21
-4.0283292125984254
0
LINE
8
BLACK
6
CONTINUOUS
10
6.0273449606299208
20
-4.0283292125984254
11
6.0303784645669287
21
-4.0263023228346455
0
LINE
8
BLACK
6
CONTINUOUS
10
6.0303784645669287
20
-4.0263023228346455
11
6.0339566929133861
21
-4.0255905511811019
0
LINE
8
BLACK
6
CONTINUOUS
10
6.0339566929133861
20
-4.0255905511811019
11
6.0575787401574805
21
-4.0255905511811019
0
LINE
8
BLACK
6
CONTINUOUS
10
6.0575787401574805
20
-4.0255905511811019
11
6.061156968503937
21
-4.0263023228346455
0
LINE
8
BLACK
6
CONTINUOUS
10
6.323952244094488
20
-4.0189204330708659
11
6.3269857480314959
21
-4.0209473228346457
0
LINE
8
BLACK
6
CONTINUOUS
10
6.3269857480314959
20
-4.0209473228346457
11
6.3290126377952758
21
-4.0239808267716537
0
LINE
8
BLACK
6
CONTINUOUS
10
6.3290126377952758
20
-4.0239808267716537
11
6.3297244094488185
21
-4.0275590551181102
0
LINE
8
BLACK
6
CONTINUOUS
10
6.3297244094488185
20
-4.0275590551181102
11
6.3297244094488185
21
-4.0511811023622046
0
LINE
8
BLACK
6
CONTINUOUS
10
6.3297244094488185
20
-4.0511811023622046
11
6.3290126377952758
21
-4.0547593307086611
0
LINE
8
BLACK
6
CONTINUOUS
10
6.3290126377952758
20
-4.0547593307086611
11
6.3269857480314959
21
-4.0577928346456691
0
LINE
8
BLACK
6
CONTINUOUS
10
6.3269857480314959
20
-4.0577928346456691
11
6.323952244094488
21
-4.0598197244094489
0
LINE
8
BLACK
6
CONTINUOUS
10
6.323952244094488
20
-4.0598197244094489
11
6.3203740157480315
21
-4.0605314960629917
0
LINE
8
BLACK
6
CONTINUOUS
10
6.3203740157480315
20
-4.0605314960629917
11
6.3016732283464565
21
-4.0605314960629917
0
LINE
8
BLACK
6
CONTINUOUS
10
6.3016732283464565
20
-4.0605314960629917
11
6.298095
21
-4.0598197244094489
0
LINE
8
BLACK
6
CONTINUOUS
10
6.298095
20
-4.0598197244094489
11
6.295061496062992
21
-4.0577928346456691
0
LINE
8
BLACK
6
CONTINUOUS
10
6.295061496062992
20
-4.0577928346456691
11
6.2930346062992122
21
-4.0547593307086611
0
LINE
8
BLACK
6
CONTINUOUS
10
6.2930346062992122
20
-4.0547593307086611
11
6.2923228346456694
21
-4.0511811023622046
0
LINE
8
BLACK
6
CONTINUOUS
10
6.2923228346456694
20
-4.0511811023622046
11
6.2923228346456694
21
-4.0275590551181102
0
LINE
8
BLACK
6
CONTINUOUS
10
6.2923228346456694
20
-4.0275590551181102
11
6.2930346062992122
21
-4.0239808267716537
0
LINE
8
BLACK
6
CONTINUOUS
10
6.2930346062992122
20
-4.0239808267716537
11
6.295061496062992
21
-4.0209473228346457
0
LINE
8
BLACK
6
CONTINUOUS
10
6.295061496062992
20
-4.0209473228346457
11
6.298095
21
-4.0189204330708659
0
LINE
8
BLACK
6
CONTINUOUS
10
6.298095
20
-4.0189204330708659
11
6.3016732283464565
21
-4.0182086614173231
0
LINE
8
BLACK
6
CONTINUOUS
10
6.3016732283464565
20
-4.0182086614173231
11
6.3203740157480315
21
-4.0182086614173231
0
LINE
8
BLACK
6
CONTINUOUS
10
6.3203740157480315
20
-4.0182086614173231
11
6.323952244094488
21
-4.0189204330708659
0
LINE
8
BLACK
6
CONTINUOUS
10
6.1816247244094491
20
-4.0401618897637794
11
6.1829020078740156
21
-4.0410153149606298
0
LINE
8
BLACK
6
CONTINUOUS
10
6.1829020078740156
20
-4.0410153149606298
11
6.1837554330708659
21
-4.0422925984251972
0
LINE
8
BLACK
6
CONTINUOUS
10
6.1837554330708659
20
-4.0422925984251972
11
6.1840551181102361
21
-4.043799212598425
0
LINE
8
BLACK
6
CONTINUOUS
10
6.1840551181102361
20
-4.043799212598425
11
6.1840551181102361
21
-4.0516732283464565
0
LINE
8
BLACK
6
CONTINUOUS
10
6.1840551181102361
20
-4.0516732283464565
11
6.1837554330708659
21
-4.0531798425196852
0
LINE
8
BLACK
6
CONTINUOUS
10
6.1837554330708659
20
-4.0531798425196852
11
6.1829020078740156
21
-4.0544571259842517
0
LINE
8
BLACK
6
CONTINUOUS
10
6.1829020078740156
20
-4.0544571259842517
11
6.1816247244094491
21
-4.0553105511811021
0
LINE
8
BLACK
6
CONTINUOUS
10
6.1816247244094491
20
-4.0553105511811021
11
6.1801181102362204
21
-4.0556102362204722
0
LINE
8
BLACK
6
CONTINUOUS
10
6.1801181102362204
20
-4.0556102362204722
11
6.1624015748031491
21
-4.0556102362204722
0
LINE
8
BLACK
6
CONTINUOUS
10
6.1624015748031491
20
-4.0556102362204722
11
6.1608949606299213
21
-4.0553105511811021
0
LINE
8
BLACK
6
CONTINUOUS
10
6.1608949606299213
20
-4.0553105511811021
11
6.1596176771653539
21
-4.0544571259842517
0
LINE
8
BLACK
6
CONTINUOUS
10
6.1596176771653539
20
-4.0544571259842517
11
6.1587642519685035
21
-4.0531798425196852
0
LINE
8
BLACK
6
CONTINUOUS
10
6.1587642519685035
20
-4.0531798425196852
11
6.1584645669291334
21
-4.0516732283464565
0
LINE
8
BLACK
6
CONTINUOUS
10
6.1584645669291334
20
-4.0516732283464565
11
6.1584645669291334
21
-4.043799212598425
0
LINE
8
BLACK
6
CONTINUOUS
10
6.1584645669291334
20
-4.043799212598425
11
6.1587642519685035
21
-4.0422925984251972
0
LINE
8
BLACK
6
CONTINUOUS
10
6.1587642519685035
20
-4.0422925984251972
11
6.1596176771653539
21
-4.0410153149606298
0
LINE
8
BLACK
6
CONTINUOUS
10
6.1596176771653539
20
-4.0410153149606298
11
6.1608949606299213
21
-4.0401618897637794
0
LINE
8
BLACK
6
CONTINUOUS
10
6.1608949606299213
20
-4.0401618897637794
11
6.1624015748031491
21
-4.0398622047244093
0
LINE
8
BLACK
6
CONTINUOUS
10
6.1624015748031491
20
-4.0398622047244093
11
6.1801181102362204
21
-4.0398622047244093
0
LINE
8
BLACK
6
CONTINUOUS
10
6.1801181102362204
20
-4.0398622047244093
11
6.1816247244094491
21
-4.0401618897637794
0
LINE
8
BLACK
6
CONTINUOUS
10
6.2564278740157482
20
-4.0401618897637794
11
6.2577051574803146
21
-4.0410153149606298
0
LINE
8
BLACK
6
CONTINUOUS
10
6.2577051574803146
20
-4.0410153149606298
11
6.258558582677165
21
-4.0422925984251972
0
LINE
8
BLACK
6
CONTINUOUS
10
6.258558582677165
20
-4.0422925984251972
11
6.2588582677165352
21
-4.043799212598425
0
LINE
8
BLACK
6
CONTINUOUS
10
6.2588582677165352
20
-4.043799212598425
11
6.2588582677165352
21
-4.0516732283464565
0
LINE
8
BLACK
6
CONTINUOUS
10
6.2588582677165352
20
-4.0516732283464565
11
6.258558582677165
21
-4.0531798425196852
0
LINE
8
BLACK
6
CONTINUOUS
10
6.258558582677165
20
-4.0531798425196852
11
6.2577051574803146
21
-4.0544571259842517
0
LINE
8
BLACK
6
CONTINUOUS
10
6.2577051574803146
20
-4.0544571259842517
11
6.2564278740157482
21
-4.0553105511811021
0
LINE
8
BLACK
6
CONTINUOUS
10
6.2564278740157482
20
-4.0553105511811021
11
6.2549212598425195
21
-4.0556102362204722
0
LINE
8
BLACK
6
CONTINUOUS
10
6.2549212598425195
20
-4.0556102362204722
11
6.2372047244094491
21
-4.0556102362204722
0
LINE
8
BLACK
6
CONTINUOUS
10
6.2372047244094491
20
-4.0556102362204722
11
6.2356981102362203
21
-4.0553105511811021
0
LINE
8
BLACK
6
CONTINUOUS
10
6.2356981102362203
20
-4.0553105511811021
11
6.234420826771653
21
-4.0544571259842517
0
LINE
8
BLACK
6
CONTINUOUS
10
6.234420826771653
20
-4.0544571259842517
11
6.2335674015748026
21
-4.0531798425196852
0
LINE
8
BLACK
6
CONTINUOUS
10
6.2335674015748026
20
-4.0531798425196852
11
6.2332677165354333
21
-4.0516732283464565
0
LINE
8
BLACK
6
CONTINUOUS
10
6.2332677165354333
20
-4.0516732283464565
11
6.2332677165354333
21
-4.043799212598425
0
LINE
8
BLACK
6
CONTINUOUS
10
6.2332677165354333
20
-4.043799212598425
11
6.2335674015748026
21
-4.0422925984251972
0
LINE
8
BLACK
6
CONTINUOUS
10
6.2335674015748026
20
-4.0422925984251972
11
6.234420826771653
21
-4.0410153149606298
0
LINE
8
BLACK
6
CONTINUOUS
10
6.234420826771653
20
-4.0410153149606298
11
6.2356981102362203
21
-4.0401618897637794
0
LINE
8
BLACK
6
CONTINUOUS
10
6.2356981102362203
20
-4.0401618897637794
11
6.2372047244094491
21
-4.0398622047244093
0
LINE
8
BLACK
6
CONTINUOUS
10
6.2372047244094491
20
-4.0398622047244093
11
6.2549212598425195
21
-4.0398622047244093
0
LINE
8
BLACK
6
CONTINUOUS
10
6.2549212598425195
20
-4.0398622047244093
11
6.2564278740157482
21
-4.0401618897637794
0
LINE
8
BLACK
6
CONTINUOUS
10
5.7353695669291334
20
-3.9839794881889761
11
5.7384030708661413
21
-3.9860063779527559
0
LINE
8
BLACK
6
CONTINUOUS
10
5.7384030708661413
20
-3.9860063779527559
11
5.7404299606299212
21
-3.9890398818897639
0
LINE
8
BLACK
6
CONTINUOUS
10
5.7404299606299212
20
-3.9890398818897639
11
5.7411417322834648
21
-3.9926181102362204
0
LINE
8
BLACK
6
CONTINUOUS
10
5.7411417322834648
20
-3.9926181102362204
11
5.7411417322834648
21
-4.0162401574803148
0
LINE
8
BLACK
6
CONTINUOUS
10
5.7411417322834648
20
-4.0162401574803148
11
5.7404299606299212
21
-4.0198183858267713
0
LINE
8
BLACK
6
CONTINUOUS
10
5.7404299606299212
20
-4.0198183858267713
11
5.7384030708661413
21
-4.0228518897637793
0
LINE
8
BLACK
6
CONTINUOUS
10
5.7384030708661413
20
-4.0228518897637793
11
5.7353695669291334
21
-4.0248787795275591
0
LINE
8
BLACK
6
CONTINUOUS
10
5.7353695669291334
20
-4.0248787795275591
11
5.7317913385826769
21
-4.0255905511811019
0
LINE
8
BLACK
6
CONTINUOUS
10
5.7317913385826769
20
-4.0255905511811019
11
5.7130905511811019
21
-4.0255905511811019
0
LINE
8
BLACK
6
CONTINUOUS
10
5.7130905511811019
20
-4.0255905511811019
11
5.7095123228346454
21
-4.0248787795275591
0
LINE
8
BLACK
6
CONTINUOUS
10
5.7095123228346454
20
-4.0248787795275591
11
5.7064788188976374
21
-4.0228518897637793
0
LINE
8
BLACK
6
CONTINUOUS
10
5.7064788188976374
20
-4.0228518897637793
11
5.7044519291338585
21
-4.0198183858267713
0
LINE
8
BLACK
6
CONTINUOUS
10
5.7044519291338585
20
-4.0198183858267713
11
5.7037401574803148
21
-4.0162401574803148
0
LINE
8
BLACK
6
CONTINUOUS
10
5.7037401574803148
20
-4.0162401574803148
11
5.7037401574803148
21
-3.9926181102362204
0
LINE
8
BLACK
6
CONTINUOUS
10
5.7037401574803148
20
-3.9926181102362204
11
5.7044519291338585
21
-3.9890398818897639
0
LINE
8
BLACK
6
CONTINUOUS
10
5.7044519291338585
20
-3.9890398818897639
11
5.7064788188976374
21
-3.9860063779527559
0
LINE
8
BLACK
6
CONTINUOUS
10
5.7064788188976374
20
-3.9860063779527559
11
5.7095123228346454
21
-3.9839794881889761
0
LINE
8
BLACK
6
CONTINUOUS
10
5.7095123228346454
20
-3.9839794881889761
11
5.7130905511811019
21
-3.9832677165354329
0
LINE
8
BLACK
6
CONTINUOUS
10
5.7130905511811019
20
-3.9832677165354329
11
5.7317913385826769
21
-3.9832677165354329
0
LINE
8
BLACK
6
CONTINUOUS
10
5.7317913385826769
20
-3.9832677165354329
11
5.7353695669291334
21
-3.9839794881889761
0
LINE
8
BLACK
6
CONTINUOUS
10
5.5522987007874018
20
-3.9859479921259839
11
5.5553322047244089
21
-3.9879748818897638
0
LINE
8
BLACK
6
CONTINUOUS
10
5.5553322047244089
20
-3.9879748818897638
11
5.5573590944881888
21
-3.9910083858267718
0
LINE
8
BLACK
6
CONTINUOUS
10
5.5573590944881888
20
-3.9910083858267718
11
5.5580708661417324
21
-3.9945866141732282
0
LINE
8
BLACK
6
CONTINUOUS
10
5.5580708661417324
20
-3.9945866141732282
11
5.5580708661417324
21
-4.0142716535433074
0
LINE
8
BLACK
6
CONTINUOUS
10
5.5580708661417324
20
-4.0142716535433074
11
5.5573590944881888
21
-4.0178498818897639
0
LINE
8
BLACK
6
CONTINUOUS
10
5.5573590944881888
20
-4.0178498818897639
11
5.5553322047244089
21
-4.0208833858267718
0
LINE
8
BLACK
6
CONTINUOUS
10
5.5553322047244089
20
-4.0208833858267718
11
5.5522987007874018
21
-4.0229102755905508
0
LINE
8
BLACK
6
CONTINUOUS
10
5.5522987007874018
20
-4.0229102755905508
11
5.5487204724409445
21
-4.0236220472440944
0
LINE
8
BLACK
6
CONTINUOUS
10
5.5487204724409445
20
-4.0236220472440944
11
5.5300196850393704
21
-4.0236220472440944
0
LINE
8
BLACK
6
CONTINUOUS
10
5.5300196850393704
20
-4.0236220472440944
11
5.526441456692913
21
-4.0229102755905508
0
LINE
8
BLACK
6
CONTINUOUS
10
5.526441456692913
20
-4.0229102755905508
11
5.523407952755905
21
-4.0208833858267718
0
LINE
8
BLACK
6
CONTINUOUS
10
5.523407952755905
20
-4.0208833858267718
11
5.5213810629921261
21
-4.0178498818897639
0
LINE
8
BLACK
6
CONTINUOUS
10
5.5213810629921261
20
-4.0178498818897639
11
5.5206692913385824
21
-4.0142716535433074
0
LINE
8
BLACK
6
CONTINUOUS
10
5.5206692913385824
20
-4.0142716535433074
11
5.5206692913385824
21
-3.9945866141732282
0
LINE
8
BLACK
6
CONTINUOUS
10
5.5206692913385824
20
-3.9945866141732282
11
5.5213810629921261
21
-3.9910083858267718
0
LINE
8
BLACK
6
CONTINUOUS
10
5.5213810629921261
20
-3.9910083858267718
11
5.523407952755905
21
-3.9879748818897638
0
LINE
8
BLACK
6
CONTINUOUS
10
5.523407952755905
20
-3.9879748818897638
11
5.526441456692913
21
-3.9859479921259839
0
LINE
8
BLACK
6
CONTINUOUS
10
5.526441456692913
20
-3.9859479921259839
11
5.5300196850393704
21
-3.9852362204724407
0
LINE
8
BLACK
6
CONTINUOUS
10
5.5300196850393704
20
-3.9852362204724407
11
5.5487204724409445
21
-3.9852362204724407
0
LINE
8
BLACK
6
CONTINUOUS
10
5.5487204724409445
20
-3.9852362204724407
11
5.5522987007874018
21
-3.9859479921259839
0
LINE
8
BLACK
6
CONTINUOUS
10
5.6097743307086612
20
-3.9973469291338581
11
5.6110516141732285
21
-3.9982003543307085
0
LINE
8
BLACK
6
CONTINUOUS
10
5.6110516141732285
20
-3.9982003543307085
11
5.6119050393700789
21
-3.9994776377952754
0
LINE
8
BLACK
6
CONTINUOUS
10
5.6119050393700789
20
-3.9994776377952754
11
5.6122047244094491
21
-4.0009842519685037
0
LINE
8
BLACK
6
CONTINUOUS
10
5.6122047244094491
20
-4.0009842519685037
11
5.6122047244094491
21
-4.018700787401575
0
LINE
8
BLACK
6
CONTINUOUS
10
5.6122047244094491
20
-4.018700787401575
11
5.6119050393700789
21
-4.0202074015748028
0
LINE
8
BLACK
6
CONTINUOUS
10
5.6119050393700789
20
-4.0202074015748028
11
5.6110516141732285
21
-4.0214846850393702
0
LINE
8
BLACK
6
CONTINUOUS
10
5.6110516141732285
20
-4.0214846850393702
11
5.6097743307086612
21
-4.0223381102362206
0
LINE
8
BLACK
6
CONTINUOUS
10
5.6097743307086612
20
-4.0223381102362206
11
5.6082677165354333
21
-4.0226377952755907
0
LINE
8
BLACK
6
CONTINUOUS
10
5.6082677165354333
20
-4.0226377952755907
11
5.6003937007874018
21
-4.0226377952755907
0
LINE
8
BLACK
6
CONTINUOUS
10
5.6003937007874018
20
-4.0226377952755907
11
5.5988870866141731
21
-4.0223381102362206
0
LINE
8
BLACK
6
CONTINUOUS
10
5.5988870866141731
20
-4.0223381102362206
11
5.5976098031496058
21
-4.0214846850393702
0
LINE
8
BLACK
6
CONTINUOUS
10
5.5976098031496058
20
-4.0214846850393702
11
5.5967563779527554
21
-4.0202074015748028
0
LINE
8
BLACK
6
CONTINUOUS
10
5.5967563779527554
20
-4.0202074015748028
11
5.5964566929133861
21
-4.018700787401575
0
LINE
8
BLACK
6
CONTINUOUS
10
5.5964566929133861
20
-4.018700787401575
11
5.5964566929133861
21
-4.0009842519685037
0
LINE
8
BLACK
6
CONTINUOUS
10
5.5964566929133861
20
-4.0009842519685037
11
5.5967563779527554
21
-3.9994776377952754
0
LINE
8
BLACK
6
CONTINUOUS
10
5.5967563779527554
20
-3.9994776377952754
11
5.5976098031496058
21
-3.9982003543307085
0
LINE
8
BLACK
6
CONTINUOUS
10
5.5976098031496058
20
-3.9982003543307085
11
5.5988870866141731
21
-3.9973469291338581
0
LINE
8
BLACK
6
CONTINUOUS
10
5.5988870866141731
20
-3.9973469291338581
11
5.6003937007874018
21
-3.997047244094488
0
LINE
8
BLACK
6
CONTINUOUS
10
5.6003937007874018
20
-3.997047244094488
11
5.6082677165354333
21
-3.997047244094488
0
LINE
8
BLACK
6
CONTINUOUS
10
5.6082677165354333
20
-3.997047244094488
11
5.6097743307086612
21
-3.9973469291338581
0
LINE
8
BLACK
6
CONTINUOUS
10
5.6353648818897639
20
-3.9973469291338581
11
5.6366421653543304
21
-3.9982003543307085
0
LINE
8
BLACK
6
CONTINUOUS
10
5.6366421653543304
20
-3.9982003543307085
11
5.6374955905511808
21
-3.9994776377952754
0
LINE
8
BLACK
6
CONTINUOUS
10
5.6374955905511808
20
-3.9994776377952754
11
5.6377952755905509
21
-4.0009842519685037
0
LINE
8
BLACK
6
CONTINUOUS
10
5.6377952755905509
20
-4.0009842519685037
11
5.6377952755905509
21
-4.018700787401575
0
LINE
8
BLACK
6
CONTINUOUS
10
5.6377952755905509
20
-4.018700787401575
11
5.6374955905511808
21
-4.0202074015748028
0
LINE
8
BLACK
6
CONTINUOUS
10
5.6374955905511808
20
-4.0202074015748028
11
5.6366421653543304
21
-4.0214846850393702
0
LINE
8
BLACK
6
CONTINUOUS
10
5.6366421653543304
20
-4.0214846850393702
11
5.6353648818897639
21
-4.0223381102362206
0
LINE
8
BLACK
6
CONTINUOUS
10
5.6353648818897639
20
-4.0223381102362206
11
5.6338582677165352
21
-4.0226377952755907
0
LINE
8
BLACK
6
CONTINUOUS
10
5.6338582677165352
20
-4.0226377952755907
11
5.6259842519685037
21
-4.0226377952755907
0
LINE
8
BLACK
6
CONTINUOUS
10
5.6259842519685037
20
-4.0226377952755907
11
5.6244776377952759
21
-4.0223381102362206
0
LINE
8
BLACK
6
CONTINUOUS
10
5.6244776377952759
20
-4.0223381102362206
11
5.6232003543307085
21
-4.0214846850393702
0
LINE
8
BLACK
6
CONTINUOUS
10
5.6232003543307085
20
-4.0214846850393702
11
5.6223469291338581
21
-4.0202074015748028
0
LINE
8
BLACK
6
CONTINUOUS
10
5.6223469291338581
20
-4.0202074015748028
11
5.622047244094488
21
-4.018700787401575
0
LINE
8
BLACK
6
CONTINUOUS
10
5.622047244094488
20
-4.018700787401575
11
5.622047244094488
21
-4.0009842519685037
0
LINE
8
BLACK
6
CONTINUOUS
10
5.622047244094488
20
-4.0009842519685037
11
5.6223469291338581
21
-3.9994776377952754
0
LINE
8
BLACK
6
CONTINUOUS
10
5.6223469291338581
20
-3.9994776377952754
11
5.6232003543307085
21
-3.9982003543307085
0
LINE
8
BLACK
6
CONTINUOUS
10
5.6232003543307085
20
-3.9982003543307085
11
5.6244776377952759
21
-3.9973469291338581
0
LINE
8
BLACK
6
CONTINUOUS
10
5.6244776377952759
20
-3.9973469291338581
11
5.6259842519685037
21
-3.997047244094488
0
LINE
8
BLACK
6
CONTINUOUS
10
5.6259842519685037
20
-3.997047244094488
11
5.6338582677165352
21
-3.997047244094488
0
LINE
8
BLACK
6
CONTINUOUS
10
5.6338582677165352
20
-3.997047244094488
11
5.6353648818897639
21
-3.9973469291338581
0
LINE
8
BLACK
6
CONTINUOUS
10
5.6609554330708658
20
-3.9973469291338581
11
5.6622327165354331
21
-3.9982003543307085
0
LINE
8
BLACK
6
CONTINUOUS
10
5.6622327165354331
20
-3.9982003543307085
11
5.6630861417322835
21
-3.9994776377952754
0
LINE
8
BLACK
6
CONTINUOUS
10
5.6630861417322835
20
-3.9994776377952754
11
5.6633858267716537
21
-4.0009842519685037
0
LINE
8
BLACK
6
CONTINUOUS
10
5.6633858267716537
20
-4.0009842519685037
11
5.6633858267716537
21
-4.018700787401575
0
LINE
8
BLACK
6
CONTINUOUS
10
5.6633858267716537
20
-4.018700787401575
11
5.6630861417322835
21
-4.0202074015748028
0
LINE
8
BLACK
6
CONTINUOUS
10
5.6630861417322835
20
-4.0202074015748028
11
5.6622327165354331
21
-4.0214846850393702
0
LINE
8
BLACK
6
CONTINUOUS
10
5.6622327165354331
20
-4.0214846850393702
11
5.6609554330708658
21
-4.0223381102362206
0
LINE
8
BLACK
6
CONTINUOUS
10
5.6609554330708658
20
-4.0223381102362206
11
5.659448818897638
21
-4.0226377952755907
0
LINE
8
BLACK
6
CONTINUOUS
10
5.659448818897638
20
-4.0226377952755907
11
5.6515748031496065
21
-4.0226377952755907
0
LINE
8
BLACK
6
CONTINUOUS
10
5.6515748031496065
20
-4.0226377952755907
11
5.6500681889763777
21
-4.0223381102362206
0
LINE
8
BLACK
6
CONTINUOUS
10
5.6500681889763777
20
-4.0223381102362206
11
5.6487909055118113
21
-4.0214846850393702
0
LINE
8
BLACK
6
CONTINUOUS
10
5.6487909055118113
20
-4.0214846850393702
11
5.6479374803149609
21
-4.0202074015748028
0
LINE
8
BLACK
6
CONTINUOUS
10
5.6479374803149609
20
-4.0202074015748028
11
5.6476377952755907
21
-4.018700787401575
0
LINE
8
BLACK
6
CONTINUOUS
10
5.6476377952755907
20
-4.018700787401575
11
5.6476377952755907
21
-4.0009842519685037
0
LINE
8
BLACK
6
CONTINUOUS
10
5.6476377952755907
20
-4.0009842519685037
11
5.6479374803149609
21
-3.9994776377952754
0
LINE
8
BLACK
6
CONTINUOUS
10
5.6479374803149609
20
-3.9994776377952754
11
5.6487909055118113
21
-3.9982003543307085
0
LINE
8
BLACK
6
CONTINUOUS
10
5.6487909055118113
20
-3.9982003543307085
11
5.6500681889763777
21
-3.9973469291338581
0
LINE
8
BLACK
6
CONTINUOUS
10
5.6500681889763777
20
-3.9973469291338581
11
5.6515748031496065
21
-3.997047244094488
0
LINE
8
BLACK
6
CONTINUOUS
10
5.6515748031496065
20
-3.997047244094488
11
5.659448818897638
21
-3.997047244094488
0
LINE
8
BLACK
6
CONTINUOUS
10
5.659448818897638
20
-3.997047244094488
11
5.6609554330708658
21
-3.9973469291338581
0
LINE
8
BLACK
6
CONTINUOUS
10
5.0193700787401569
20
-4.0067716535433071
11
4.9593700787401573
21
-4.0067716535433071
0
LINE
8
BLACK
6
CONTINUOUS
10
4.9593700787401573
20
-4.0067716535433071
11
4.9593700787401573
21
-3.9467716535433071
0
LINE
8
BLACK
6
CONTINUOUS
10
4.9593700787401573
20
-3.9467716535433071
11
5.0193700787401569
21
-3.9467716535433071
0
LINE
8
BLACK
6
CONTINUOUS
10
5.0193700787401569
20
-3.9467716535433071
11
5.0193700787401569
21
-4.0067716535433071
0
LINE
8
BLACK
6
CONTINUOUS
10
5.1193700787401575
20
-4.0067716535433071
11
5.059370078740157
21
-4.0067716535433071
0
LINE
8
BLACK
6
CONTINUOUS
10
5.059370078740157
20
-4.0067716535433071
11
5.059370078740157
21
-3.9467716535433071
0
LINE
8
BLACK
6
CONTINUOUS
10
5.059370078740157
20
-3.9467716535433071
11
5.1193700787401575
21
-3.9467716535433071
0
LINE
8
BLACK
6
CONTINUOUS
10
5.1193700787401575
20
-3.9467716535433071
11
5.1193700787401575
21
-4.0067716535433071
0
LINE
8
BLACK
6
CONTINUOUS
10
5.94251968503937
20
-3.9984251968503934
11
5.9133858267716537
21
-3.9984251968503934
0
LINE
8
BLACK
6
CONTINUOUS
10
5.9133858267716537
20
-3.9984251968503934
11
5.9133858267716537
21
-3.9433070866141731
0
LINE
8
BLACK
6
CONTINUOUS
10
5.9133858267716537
20
-3.9433070866141731
11
5.94251968503937
21
-3.9433070866141731
0
LINE
8
BLACK
6
CONTINUOUS
10
5.94251968503937
20
-3.9433070866141731
11
5.94251968503937
21
-3.9984251968503934
0
LINE
8
BLACK
6
CONTINUOUS
10
5.9925196850393698
20
-3.9984251968503934
11
5.9633858267716535
21
-3.9984251968503934
0
LINE
8
BLACK
6
CONTINUOUS
10
5.9633858267716535
20
-3.9984251968503934
11
5.9633858267716535
21
-3.9433070866141731
0
LINE
8
BLACK
6
CONTINUOUS
10
5.9633858267716535
20
-3.9433070866141731
11
5.9925196850393698
21
-3.9433070866141731
0
LINE
8
BLACK
6
CONTINUOUS
10
5.9925196850393698
20
-3.9433070866141731
11
5.9925196850393698
21
-3.9984251968503934
0
LINE
8
BLACK
6
CONTINUOUS
10
6.0425196850393696
20
-3.9984251968503934
11
6.0133858267716533
21
-3.9984251968503934
0
LINE
8
BLACK
6
CONTINUOUS
10
6.0133858267716533
20
-3.9984251968503934
11
6.0133858267716533
21
-3.9433070866141731
0
LINE
8
BLACK
6
CONTINUOUS
10
6.0133858267716533
20
-3.9433070866141731
11
6.0425196850393696
21
-3.9433070866141731
0
LINE
8
BLACK
6
CONTINUOUS
10
6.0425196850393696
20
-3.9433070866141731
11
6.0425196850393696
21
-3.9984251968503934
0
LINE
8
BLACK
6
CONTINUOUS
10
5.3278892519685037
20
-3.9587826377952755
11
5.3309227559055117
21
-3.9608095275590549
0
LINE
8
BLACK
6
CONTINUOUS
10
5.3309227559055117
20
-3.9608095275590549
11
5.3329496456692915
21
-3.9638430314960629
0
LINE
8
BLACK
6
CONTINUOUS
10
5.3329496456692915
20
-3.9638430314960629
11
5.3336614173228343
21
-3.9674212598425198
0
LINE
8
BLACK
6
CONTINUOUS
10
5.3336614173228343
20
-3.9674212598425198
11
5.3336614173228343
21
-3.9861220472440944
0
LINE
8
BLACK
6
CONTINUOUS
10
5.3336614173228343
20
-3.9861220472440944
11
5.3329496456692915
21
-3.9897002755905513
0
LINE
8
BLACK
6
CONTINUOUS
10
5.3329496456692915
20
-3.9897002755905513
11
5.3309227559055117
21
-3.9927337795275588
0
LINE
8
BLACK
6
CONTINUOUS
10
5.3309227559055117
20
-3.9927337795275588
11
5.3278892519685037
21
-3.9947606692913387
0
LINE
8
BLACK
6
CONTINUOUS
10
5.3278892519685037
20
-3.9947606692913387
11
5.3243110236220472
21
-3.9954724409448819
0
LINE
8
BLACK
6
CONTINUOUS
10
5.3243110236220472
20
-3.9954724409448819
11
5.3046259842519685
21
-3.9954724409448819
0
LINE
8
BLACK
6
CONTINUOUS
10
5.3046259842519685
20
-3.9954724409448819
11
5.301047755905512
21
-3.9947606692913387
0
LINE
8
BLACK
6
CONTINUOUS
10
5.301047755905512
20
-3.9947606692913387
11
5.2980142519685041
21
-3.9927337795275588
0
LINE
8
BLACK
6
CONTINUOUS
10
5.2980142519685041
20
-3.9927337795275588
11
5.2959873622047242
21
-3.9897002755905513
0
LINE
8
BLACK
6
CONTINUOUS
10
5.2959873622047242
20
-3.9897002755905513
11
5.2952755905511806
21
-3.9861220472440944
0
LINE
8
BLACK
6
CONTINUOUS
10
5.2952755905511806
20
-3.9861220472440944
11
5.2952755905511806
21
-3.9674212598425198
0
LINE
8
BLACK
6
CONTINUOUS
10
5.2952755905511806
20
-3.9674212598425198
11
5.2959873622047242
21
-3.9638430314960629
0
LINE
8
BLACK
6
CONTINUOUS
10
5.2959873622047242
20
-3.9638430314960629
11
5.2980142519685041
21
-3.9608095275590549
0
LINE
8
BLACK
6
CONTINUOUS
10
5.2980142519685041
20
-3.9608095275590549
11
5.301047755905512
21
-3.9587826377952755
0
LINE
8
BLACK
6
CONTINUOUS
10
5.301047755905512
20
-3.9587826377952755
11
5.3046259842519685
21
-3.9580708661417323
0
LINE
8
BLACK
6
CONTINUOUS
10
5.3046259842519685
20
-3.9580708661417323
11
5.3243110236220472
21
-3.9580708661417323
0
LINE
8
BLACK
6
CONTINUOUS
10
5.3243110236220472
20
-3.9580708661417323
11
5.3278892519685037
21
-3.9587826377952755
0
LINE
8
BLACK
6
CONTINUOUS
10
5.3997396456692917
20
-3.9587826377952755
11
5.4027731496062987
21
-3.9608095275590549
0
LINE
8
BLACK
6
CONTINUOUS
10
5.4027731496062987
20
-3.9608095275590549
11
5.4048000393700786
21
-3.9638430314960629
0
LINE
8
BLACK
6
CONTINUOUS
10
5.4048000393700786
20
-3.9638430314960629
11
5.4055118110236222
21
-3.9674212598425198
0
LINE
8
BLACK
6
CONTINUOUS
10
5.4055118110236222
20
-3.9674212598425198
11
5.4055118110236222
21
-3.9861220472440944
0
LINE
8
BLACK
6
CONTINUOUS
10
5.4055118110236222
20
-3.9861220472440944
11
5.4048000393700786
21
-3.9897002755905513
0
LINE
8
BLACK
6
CONTINUOUS
10
5.4048000393700786
20
-3.9897002755905513
11
5.4027731496062987
21
-3.9927337795275588
0
LINE
8
BLACK
6
CONTINUOUS
10
5.4027731496062987
20
-3.9927337795275588
11
5.3997396456692917
21
-3.9947606692913387
0
LINE
8
BLACK
6
CONTINUOUS
10
5.3997396456692917
20
-3.9947606692913387
11
5.3961614173228343
21
-3.9954724409448819
0
LINE
8
BLACK
6
CONTINUOUS
10
5.3961614173228343
20
-3.9954724409448819
11
5.3764763779527556
21
-3.9954724409448819
0
LINE
8
BLACK
6
CONTINUOUS
10
5.3764763779527556
20
-3.9954724409448819
11
5.3728981496062991
21
-3.9947606692913387
0
LINE
8
BLACK
6
CONTINUOUS
10
5.3728981496062991
20
-3.9947606692913387
11
5.3698646456692911
21
-3.9927337795275588
0
LINE
8
BLACK
6
CONTINUOUS
10
5.3698646456692911
20
-3.9927337795275588
11
5.3678377559055113
21
-3.9897002755905513
0
LINE
8
BLACK
6
CONTINUOUS
10
5.3678377559055113
20
-3.9897002755905513
11
5.3671259842519685
21
-3.9861220472440944
0
LINE
8
BLACK
6
CONTINUOUS
10
5.3671259842519685
20
-3.9861220472440944
11
5.3671259842519685
21
-3.9674212598425198
0
LINE
8
BLACK
6
CONTINUOUS
10
5.3671259842519685
20
-3.9674212598425198
11
5.3678377559055113
21
-3.9638430314960629
0
LINE
8
BLACK
6
CONTINUOUS
10
5.3678377559055113
20
-3.9638430314960629
11
5.3698646456692911
21
-3.9608095275590549
0
LINE
8
BLACK
6
CONTINUOUS
10
5.3698646456692911
20
-3.9608095275590549
11
5.3728981496062991
21
-3.9587826377952755
0
LINE
8
BLACK
6
CONTINUOUS
10
5.3728981496062991
20
-3.9587826377952755
11
5.3764763779527556
21
-3.9580708661417323
0
LINE
8
BLACK
6
CONTINUOUS
10
5.3764763779527556
20
-3.9580708661417323
11
5.3961614173228343
21
-3.9580708661417323
0
LINE
8
BLACK
6
CONTINUOUS
10
5.3961614173228343
20
-3.9580708661417323
11
5.3997396456692917
21
-3.9587826377952755
0
LINE
8
BLACK
6
CONTINUOUS
10
5.7353695669291334
20
-3.9160661023622048
11
5.7384030708661413
21
-3.9180929921259842
0
LINE
8
BLACK
6
CONTINUOUS
10
5.7384030708661413
20
-3.9180929921259842
11
5.7404299606299212
21
-3.9211264960629921
0
LINE
8
BLACK
6
CONTINUOUS
10
5.7404299606299212
20
-3.9211264960629921
11
5.7411417322834648
21
-3.9247047244094486
0
LINE
8
BLACK
6
CONTINUOUS
10
5.7411417322834648
20
-3.9247047244094486
11
5.7411417322834648
21
-3.9483267716535431
0
LINE
8
BLACK
6
CONTINUOUS
10
5.7411417322834648
20
-3.9483267716535431
11
5.7404299606299212
21
-3.951905
0
LINE
8
BLACK
6
CONTINUOUS
10
5.7404299606299212
20
-3.951905
11
5.7384030708661413
21
-3.954938503937008
0
LINE
8
BLACK
6
CONTINUOUS
10
5.7384030708661413
20
-3.954938503937008
11
5.7353695669291334
21
-3.9569653937007874
0
LINE
8
BLACK
6
CONTINUOUS
10
5.7353695669291334
20
-3.9569653937007874
11
5.7317913385826769
21
-3.9576771653543306
0
LINE
8
BLACK
6
CONTINUOUS
10
5.7317913385826769
20
-3.9576771653543306
11
5.7130905511811019
21
-3.9576771653543306
0
LINE
8
BLACK
6
CONTINUOUS
10
5.7130905511811019
20
-3.9576771653543306
11
5.7095123228346454
21
-3.9569653937007874
0
LINE
8
BLACK
6
CONTINUOUS
10
5.7095123228346454
20
-3.9569653937007874
11
5.7064788188976374
21
-3.954938503937008
0
LINE
8
BLACK
6
CONTINUOUS
10
5.7064788188976374
20
-3.954938503937008
11
5.7044519291338585
21
-3.951905
0
LINE
8
BLACK
6
CONTINUOUS
10
5.7044519291338585
20
-3.951905
11
5.7037401574803148
21
-3.9483267716535431
0
LINE
8
BLACK
6
CONTINUOUS
10
5.7037401574803148
20
-3.9483267716535431
11
5.7037401574803148
21
-3.9247047244094486
0
LINE
8
BLACK
6
CONTINUOUS
10
5.7037401574803148
20
-3.9247047244094486
11
5.7044519291338585
21
-3.9211264960629921
0
LINE
8
BLACK
6
CONTINUOUS
10
5.7044519291338585
20
-3.9211264960629921
11
5.7064788188976374
21
-3.9180929921259842
0
LINE
8
BLACK
6
CONTINUOUS
10
5.7064788188976374
20
-3.9180929921259842
11
5.7095123228346454
21
-3.9160661023622048
0
LINE
8
BLACK
6
CONTINUOUS
10
5.7095123228346454
20
-3.9160661023622048
11
5.7130905511811019
21
-3.9153543307086611
0
LINE
8
BLACK
6
CONTINUOUS
10
5.7130905511811019
20
-3.9153543307086611
11
5.7317913385826769
21
-3.9153543307086611
0
LINE
8
BLACK
6
CONTINUOUS
10
5.7317913385826769
20
-3.9153543307086611
11
5.7353695669291334
21
-3.9160661023622048
0
LINE
8
BLACK
6
CONTINUOUS
10
5.5522987007874018
20
-3.9140975984251969
11
5.5553322047244089
21
-3.9161244881889763
0
LINE
8
BLACK
6
CONTINUOUS
10
5.5553322047244089
20
-3.9161244881889763
11
5.5573590944881888
21
-3.9191579921259843
0
LINE
8
BLACK
6
CONTINUOUS
10
5.5573590944881888
20
-3.9191579921259843
11
5.5580708661417324
21
-3.9227362204724407
0
LINE
8
BLACK
6
CONTINUOUS
10
5.5580708661417324
20
-3.9227362204724407
11
5.5580708661417324
21
-3.9424212598425195
0
LINE
8
BLACK
6
CONTINUOUS
10
5.5580708661417324
20
-3.9424212598425195
11
5.5573590944881888
21
-3.9459994881889764
0
LINE
8
BLACK
6
CONTINUOUS
10
5.5573590944881888
20
-3.9459994881889764
11
5.5553322047244089
21
-3.9490329921259844
0
LINE
8
BLACK
6
CONTINUOUS
10
5.5553322047244089
20
-3.9490329921259844
11
5.5522987007874018
21
-3.9510598818897638
0
LINE
8
BLACK
6
CONTINUOUS
10
5.5522987007874018
20
-3.9510598818897638
11
5.5487204724409445
21
-3.951771653543307
0
LINE
8
BLACK
6
CONTINUOUS
10
5.5487204724409445
20
-3.951771653543307
11
5.5300196850393704
21
-3.951771653543307
0
LINE
8
BLACK
6
CONTINUOUS
10
5.5300196850393704
20
-3.951771653543307
11
5.526441456692913
21
-3.9510598818897638
0
LINE
8
BLACK
6
CONTINUOUS
10
5.526441456692913
20
-3.9510598818897638
11
5.523407952755905
21
-3.9490329921259844
0
LINE
8
BLACK
6
CONTINUOUS
10
5.523407952755905
20
-3.9490329921259844
11
5.5213810629921261
21
-3.9459994881889764
0
LINE
8
BLACK
6
CONTINUOUS
10
5.5213810629921261
20
-3.9459994881889764
11
5.5206692913385824
21
-3.9424212598425195
0
LINE
8
BLACK
6
CONTINUOUS
10
5.5206692913385824
20
-3.9424212598425195
11
5.5206692913385824
21
-3.9227362204724407
0
LINE
8
BLACK
6
CONTINUOUS
10
5.5206692913385824
20
-3.9227362204724407
11
5.5213810629921261
21
-3.9191579921259843
0
LINE
8
BLACK
6
CONTINUOUS
10
5.5213810629921261
20
-3.9191579921259843
11
5.523407952755905
21
-3.9161244881889763
0
LINE
8
BLACK
6
CONTINUOUS
10
5.523407952755905
20
-3.9161244881889763
11
5.526441456692913
21
-3.9140975984251969
0
LINE
8
BLACK
6
CONTINUOUS
10
5.526441456692913
20
-3.9140975984251969
11
5.5300196850393704
21
-3.9133858267716533
0
LINE
8
BLACK
6
CONTINUOUS
10
5.5300196850393704
20
-3.9133858267716533
11
5.5487204724409445
21
-3.9133858267716533
0
LINE
8
BLACK
6
CONTINUOUS
10
5.5487204724409445
20
-3.9133858267716533
11
5.5522987007874018
21
-3.9140975984251969
0
LINE
8
BLACK
6
CONTINUOUS
10
5.6097743307086612
20
-3.9225437795275591
11
5.6110516141732285
21
-3.9233972047244094
0
LINE
8
BLACK
6
CONTINUOUS
10
5.6110516141732285
20
-3.9233972047244094
11
5.6119050393700789
21
-3.9246744881889764
0
LINE
8
BLACK
6
CONTINUOUS
10
5.6119050393700789
20
-3.9246744881889764
11
5.6122047244094491
21
-3.9261811023622046
0
LINE
8
BLACK
6
CONTINUOUS
10
5.6122047244094491
20
-3.9261811023622046
11
5.6122047244094491
21
-3.9438976377952755
0
LINE
8
BLACK
6
CONTINUOUS
10
5.6122047244094491
20
-3.9438976377952755
11
5.6119050393700789
21
-3.9454042519685038
0
LINE
8
BLACK
6
CONTINUOUS
10
5.6119050393700789
20
-3.9454042519685038
11
5.6110516141732285
21
-3.9466815354330707
0
LINE
8
BLACK
6
CONTINUOUS
10
5.6110516141732285
20
-3.9466815354330707
11
5.6097743307086612
21
-3.947534960629921
0
LINE
8
BLACK
6
CONTINUOUS
10
5.6097743307086612
20
-3.947534960629921
11
5.6082677165354333
21
-3.9478346456692912
0
LINE
8
BLACK
6
CONTINUOUS
10
5.6082677165354333
20
-3.9478346456692912
11
5.6003937007874018
21
-3.9478346456692912
0
LINE
8
BLACK
6
CONTINUOUS
10
5.6003937007874018
20
-3.9478346456692912
11
5.5988870866141731
21
-3.947534960629921
0
LINE
8
BLACK
6
CONTINUOUS
10
5.5988870866141731
20
-3.947534960629921
11
5.5976098031496058
21
-3.9466815354330707
0
LINE
8
BLACK
6
CONTINUOUS
10
5.5976098031496058
20
-3.9466815354330707
11
5.5967563779527554
21
-3.9454042519685038
0
LINE
8
BLACK
6
CONTINUOUS
10
5.5967563779527554
20
-3.9454042519685038
11
5.5964566929133861
21
-3.9438976377952755
0
LINE
8
BLACK
6
CONTINUOUS
10
5.5964566929133861
20
-3.9438976377952755
11
5.5964566929133861
21
-3.9261811023622046
0
LINE
8
BLACK
6
CONTINUOUS
10
5.5964566929133861
20
-3.9261811023622046
11
5.5967563779527554
21
-3.9246744881889764
0
LINE
8
BLACK
6
CONTINUOUS
10
5.5967563779527554
20
-3.9246744881889764
11
5.5976098031496058
21
-3.9233972047244094
0
LINE
8
BLACK
6
CONTINUOUS
10
5.5976098031496058
20
-3.9233972047244094
11
5.5988870866141731
21
-3.9225437795275591
0
LINE
8
BLACK
6
CONTINUOUS
10
5.5988870866141731
20
-3.9225437795275591
11
5.6003937007874018
21
-3.9222440944881889
0
LINE
8
BLACK
6
CONTINUOUS
10
5.6003937007874018
20
-3.9222440944881889
11
5.6082677165354333
21
-3.9222440944881889
0
LINE
8
BLACK
6
CONTINUOUS
10
5.6082677165354333
20
-3.9222440944881889
11
5.6097743307086612
21
-3.9225437795275591
0
LINE
8
BLACK
6
CONTINUOUS
10
5.6609554330708658
20
-3.9225437795275591
11
5.6622327165354331
21
-3.9233972047244094
0
LINE
8
BLACK
6
CONTINUOUS
10
5.6622327165354331
20
-3.9233972047244094
11
5.6630861417322835
21
-3.9246744881889764
0
LINE
8
BLACK
6
CONTINUOUS
10
5.6630861417322835
20
-3.9246744881889764
11
5.6633858267716537
21
-3.9261811023622046
0
LINE
8
BLACK
6
CONTINUOUS
10
5.6633858267716537
20
-3.9261811023622046
11
5.6633858267716537
21
-3.9438976377952755
0
LINE
8
BLACK
6
CONTINUOUS
10
5.6633858267716537
20
-3.9438976377952755
11
5.6630861417322835
21
-3.9454042519685038
0
LINE
8
BLACK
6
CONTINUOUS
10
5.6630861417322835
20
-3.9454042519685038
11
5.6622327165354331
21
-3.9466815354330707
0
LINE
8
BLACK
6
CONTINUOUS
10
5.6622327165354331
20
-3.9466815354330707
11
5.6609554330708658
21
-3.947534960629921
0
LINE
8
BLACK
6
CONTINUOUS
10
5.6609554330708658
20
-3.947534960629921
11
5.659448818897638
21
-3.9478346456692912
0
LINE
8
BLACK
6
CONTINUOUS
10
5.659448818897638
20
-3.9478346456692912
11
5.6515748031496065
21
-3.9478346456692912
0
LINE
8
BLACK
6
CONTINUOUS
10
5.6515748031496065
20
-3.9478346456692912
11
5.6500681889763777
21
-3.947534960629921
0
LINE
8
BLACK
6
CONTINUOUS
10
5.6500681889763777
20
-3.947534960629921
11
5.6487909055118113
21
-3.9466815354330707
0
LINE
8
BLACK
6
CONTINUOUS
10
5.6487909055118113
20
-3.9466815354330707
11
5.6479374803149609
21
-3.9454042519685038
0
LINE
8
BLACK
6
CONTINUOUS
10
5.6479374803149609
20
-3.9454042519685038
11
5.6476377952755907
21
-3.9438976377952755
0
LINE
8
BLACK
6
CONTINUOUS
10
5.6476377952755907
20
-3.9438976377952755
11
5.6476377952755907
21
-3.9261811023622046
0
LINE
8
BLACK
6
CONTINUOUS
10
5.6476377952755907
20
-3.9261811023622046
11
5.6479374803149609
21
-3.9246744881889764
0
LINE
8
BLACK
6
CONTINUOUS
10
5.6479374803149609
20
-3.9246744881889764
11
5.6487909055118113
21
-3.9233972047244094
0
LINE
8
BLACK
6
CONTINUOUS
10
5.6487909055118113
20
-3.9233972047244094
11
5.6500681889763777
21
-3.9225437795275591
0
LINE
8
BLACK
6
CONTINUOUS
10
5.6500681889763777
20
-3.9225437795275591
11
5.6515748031496065
21
-3.9222440944881889
0
LINE
8
BLACK
6
CONTINUOUS
10
5.6515748031496065
20
-3.9222440944881889
11
5.659448818897638
21
-3.9222440944881889
0
LINE
8
BLACK
6
CONTINUOUS
10
5.659448818897638
20
-3.9222440944881889
11
5.6609554330708658
21
-3.9225437795275591
0
LINE
8
BLACK
6
CONTINUOUS
10
5.94251968503937
20
-3.9133858267716533
11
5.9133858267716537
21
-3.9133858267716533
0
LINE
8
BLACK
6
CONTINUOUS
10
5.9133858267716537
20
-3.9133858267716533
11
5.9133858267716537
21
-3.8224409448818895
0
LINE
8
BLACK
6
CONTINUOUS
10
5.9133858267716537
20
-3.8224409448818895
11
5.94251968503937
21
-3.8224409448818895
0
LINE
8
BLACK
6
CONTINUOUS
10
5.94251968503937
20
-3.8224409448818895
11
5.94251968503937
21
-3.9133858267716533
0
LINE
8
BLACK
6
CONTINUOUS
10
5.0193700787401569
20
-3.906771653543307
11
4.9593700787401573
21
-3.906771653543307
0
LINE
8
BLACK
6
CONTINUOUS
10
4.9593700787401573
20
-3.906771653543307
11
4.9593700787401573
21
-3.846771653543307
0
LINE
8
BLACK
6
CONTINUOUS
10
4.9593700787401573
20
-3.846771653543307
11
5.0193700787401569
21
-3.846771653543307
0
LINE
8
BLACK
6
CONTINUOUS
10
5.0193700787401569
20
-3.846771653543307
11
5.0193700787401569
21
-3.906771653543307
0
LINE
8
BLACK
6
CONTINUOUS
10
5.1193700787401575
20
-3.906771653543307
11
5.059370078740157
21
-3.906771653543307
0
LINE
8
BLACK
6
CONTINUOUS
10
5.059370078740157
20
-3.906771653543307
11
5.059370078740157
21
-3.846771653543307
0
LINE
8
BLACK
6
CONTINUOUS
10
5.059370078740157
20
-3.846771653543307
11
5.1193700787401575
21
-3.846771653543307
0
LINE
8
BLACK
6
CONTINUOUS
10
5.1193700787401575
20
-3.846771653543307
11
5.1193700787401575
21
-3.906771653543307
0
LINE
8
BLACK
6
CONTINUOUS
10
5.3278892519685037
20
-3.8587826377952754
11
5.3309227559055117
21
-3.8608095275590548
0
LINE
8
BLACK
6
CONTINUOUS
10
5.3309227559055117
20
-3.8608095275590548
11
5.3329496456692915
21
-3.8638430314960628
0
LINE
8
BLACK
6
CONTINUOUS
10
5.3329496456692915
20
-3.8638430314960628
11
5.3336614173228343
21
-3.8674212598425197
0
LINE
8
BLACK
6
CONTINUOUS
10
5.3336614173228343
20
-3.8674212598425197
11
5.3336614173228343
21
-3.8861220472440943
0
LINE
8
BLACK
6
CONTINUOUS
10
5.3336614173228343
20
-3.8861220472440943
11
5.3329496456692915
21
-3.8897002755905512
0
LINE
8
BLACK
6
CONTINUOUS
10
5.3329496456692915
20
-3.8897002755905512
11
5.3309227559055117
21
-3.8927337795275592
0
LINE
8
BLACK
6
CONTINUOUS
10
5.3309227559055117
20
-3.8927337795275592
11
5.3278892519685037
21
-3.8947606692913386
0
LINE
8
BLACK
6
CONTINUOUS
10
5.3278892519685037
20
-3.8947606692913386
11
5.3243110236220472
21
-3.8954724409448818
0
LINE
8
BLACK
6
CONTINUOUS
10
5.3243110236220472
20
-3.8954724409448818
11
5.3046259842519685
21
-3.8954724409448818
0
LINE
8
BLACK
6
CONTINUOUS
10
5.3046259842519685
20
-3.8954724409448818
11
5.301047755905512
21
-3.8947606692913386
0
LINE
8
BLACK
6
CONTINUOUS
10
5.301047755905512
20
-3.8947606692913386
11
5.2980142519685041
21
-3.8927337795275592
0
LINE
8
BLACK
6
CONTINUOUS
10
5.2980142519685041
20
-3.8927337795275592
11
5.2959873622047242
21
-3.8897002755905512
0
LINE
8
BLACK
6
CONTINUOUS
10
5.2959873622047242
20
-3.8897002755905512
11
5.2952755905511806
21
-3.8861220472440943
0
LINE
8
BLACK
6
CONTINUOUS
10
5.2952755905511806
20
-3.8861220472440943
11
5.2952755905511806
21
-3.8674212598425197
0
LINE
8
BLACK
6
CONTINUOUS
10
5.2952755905511806
20
-3.8674212598425197
11
5.2959873622047242
21
-3.8638430314960628
0
LINE
8
BLACK
6
CONTINUOUS
10
5.2959873622047242
20
-3.8638430314960628
11
5.2980142519685041
21
-3.8608095275590548
0
LINE
8
BLACK
6
CONTINUOUS
10
5.2980142519685041
20
-3.8608095275590548
11
5.301047755905512
21
-3.8587826377952754
0
LINE
8
BLACK
6
CONTINUOUS
10
5.301047755905512
20
-3.8587826377952754
11
5.3046259842519685
21
-3.8580708661417322
0
LINE
8
BLACK
6
CONTINUOUS
10
5.3046259842519685
20
-3.8580708661417322
11
5.3243110236220472
21
-3.8580708661417322
0
LINE
8
BLACK
6
CONTINUOUS
10
5.3243110236220472
20
-3.8580708661417322
11
5.3278892519685037
21
-3.8587826377952754
0
LINE
8
BLACK
6
CONTINUOUS
10
5.3997396456692917
20
-3.8587826377952754
11
5.4027731496062987
21
-3.8608095275590548
0
LINE
8
BLACK
6
CONTINUOUS
10
5.4027731496062987
20
-3.8608095275590548
11
5.4048000393700786
21
-3.8638430314960628
0
LINE
8
BLACK
6
CONTINUOUS
10
5.4048000393700786
20
-3.8638430314960628
11
5.4055118110236222
21
-3.8674212598425197
0
LINE
8
BLACK
6
CONTINUOUS
10
5.4055118110236222
20
-3.8674212598425197
11
5.4055118110236222
21
-3.8861220472440943
0
LINE
8
BLACK
6
CONTINUOUS
10
5.4055118110236222
20
-3.8861220472440943
11
5.4048000393700786
21
-3.8897002755905512
0
LINE
8
BLACK
6
CONTINUOUS
10
5.4048000393700786
20
-3.8897002755905512
11
5.4027731496062987
21
-3.8927337795275592
0
LINE
8
BLACK
6
CONTINUOUS
10
5.4027731496062987
20
-3.8927337795275592
11
5.3997396456692917
21
-3.8947606692913386
0
LINE
8
BLACK
6
CONTINUOUS
10
5.3997396456692917
20
-3.8947606692913386
11
5.3961614173228343
21
-3.8954724409448818
0
LINE
8
BLACK
6
CONTINUOUS
10
5.3961614173228343
20
-3.8954724409448818
11
5.3764763779527556
21
-3.8954724409448818
0
LINE
8
BLACK
6
CONTINUOUS
10
5.3764763779527556
20
-3.8954724409448818
11
5.3728981496062991
21
-3.8947606692913386
0
LINE
8
BLACK
6
CONTINUOUS
10
5.3728981496062991
20
-3.8947606692913386
11
5.3698646456692911
21
-3.8927337795275592
0
LINE
8
BLACK
6
CONTINUOUS
10
5.3698646456692911
20
-3.8927337795275592
11
5.3678377559055113
21
-3.8897002755905512
0
LINE
8
BLACK
6
CONTINUOUS
10
5.3678377559055113
20
-3.8897002755905512
11
5.3671259842519685
21
-3.8861220472440943
0
LINE
8
BLACK
6
CONTINUOUS
10
5.3671259842519685
20
-3.8861220472440943
11
5.3671259842519685
21
-3.8674212598425197
0
LINE
8
BLACK
6
CONTINUOUS
10
5.3671259842519685
20
-3.8674212598425197
11
5.3678377559055113
21
-3.8638430314960628
0
LINE
8
BLACK
6
CONTINUOUS
10
5.3678377559055113
20
-3.8638430314960628
11
5.3698646456692911
21
-3.8608095275590548
0
LINE
8
BLACK
6
CONTINUOUS
10
5.3698646456692911
20
-3.8608095275590548
11
5.3728981496062991
21
-3.8587826377952754
0
LINE
8
BLACK
6
CONTINUOUS
10
5.3728981496062991
20
-3.8587826377952754
11
5.3764763779527556
21
-3.8580708661417322
0
LINE
8
BLACK
6
CONTINUOUS
10
5.3764763779527556
20
-3.8580708661417322
11
5.3961614173228343
21
-3.8580708661417322
0
LINE
8
BLACK
6
CONTINUOUS
10
5.3961614173228343
20
-3.8580708661417322
11
5.3997396456692917
21
-3.8587826377952754
0
LINE
8
BLACK
6
CONTINUOUS
10
5.9925196850393698
20
-3.8775590551181103
11
5.9633858267716535
21
-3.8775590551181103
0
LINE
8
BLACK
6
CONTINUOUS
10
5.9633858267716535
20
-3.8775590551181103
11
5.9633858267716535
21
-3.8224409448818895
0
LINE
8
BLACK
6
CONTINUOUS
10
5.9633858267716535
20
-3.8224409448818895
11
5.9925196850393698
21
-3.8224409448818895
0
LINE
8
BLACK
6
CONTINUOUS
10
5.9925196850393698
20
-3.8224409448818895
11
5.9925196850393698
21
-3.8775590551181103
0
LINE
8
BLACK
6
CONTINUOUS
10
6.0425196850393696
20
-3.8775590551181103
11
6.0133858267716533
21
-3.8775590551181103
0
LINE
8
BLACK
6
CONTINUOUS
10
6.0133858267716533
20
-3.8775590551181103
11
6.0133858267716533
21
-3.8224409448818895
0
LINE
8
BLACK
6
CONTINUOUS
10
6.0133858267716533
20
-3.8224409448818895
11
6.0425196850393696
21
-3.8224409448818895
0
LINE
8
BLACK
6
CONTINUOUS
10
6.0425196850393696
20
-3.8224409448818895
11
6.0425196850393696
21
-3.8775590551181103
0
LINE
8
BLACK
6
CONTINUOUS
10
6.1643760236220473
20
-3.7609173622047245
11
6.172307992125984
21
-3.7634946062992127
0
LINE
8
BLACK
6
CONTINUOUS
10
6.172307992125984
20
-3.7634946062992127
11
6.1797390944881885
21
-3.7672809448818896
0
LINE
8
BLACK
6
CONTINUOUS
10
6.1797390944881885
20
-3.7672809448818896
11
6.1864864173228344
21
-3.772183149606299
0
LINE
8
BLACK
6
CONTINUOUS
10
6.1864864173228344
20
-3.772183149606299
11
6.1923837795275585
21
-3.7780805118110234
0
LINE
8
BLACK
6
CONTINUOUS
10
6.1923837795275585
20
-3.7780805118110234
11
6.1972859842519687
21
-3.7848278346456694
0
LINE
8
BLACK
6
CONTINUOUS
10
6.1972859842519687
20
-3.7848278346456694
11
6.2010723228346452
21
-3.7922589370078739
0
LINE
8
BLACK
6
CONTINUOUS
10
6.2010723228346452
20
-3.7922589370078739
11
6.2036495669291334
21
-3.800190905511811
0
LINE
8
BLACK
6
CONTINUOUS
10
6.2036495669291334
20
-3.800190905511811
11
6.2049542519685037
21
-3.8084283464566928
0
LINE
8
BLACK
6
CONTINUOUS
10
6.2049542519685037
20
-3.8084283464566928
11
6.2049542519685037
21
-3.8167685039370078
0
LINE
8
BLACK
6
CONTINUOUS
10
6.2049542519685037
20
-3.8167685039370078
11
6.2036495669291334
21
-3.8250059448818896
0
LINE
8
BLACK
6
CONTINUOUS
10
6.2036495669291334
20
-3.8250059448818896
11
6.2010723228346452
21
-3.8329379133858268
0
LINE
8
BLACK
6
CONTINUOUS
10
6.2010723228346452
20
-3.8329379133858268
11
6.1972859842519687
21
-3.8403690157480312
0
LINE
8
BLACK
6
CONTINUOUS
10
6.1972859842519687
20
-3.8403690157480312
11
6.1923837795275585
21
-3.8471163385826772
0
LINE
8
BLACK
6
CONTINUOUS
10
6.1923837795275585
20
-3.8471163385826772
11
6.1864864173228344
21
-3.8530137007874017
0
LINE
8
BLACK
6
CONTINUOUS
10
6.1864864173228344
20
-3.8530137007874017
11
6.1797390944881885
21
-3.8579159055118111
0
LINE
8
BLACK
6
CONTINUOUS
10
6.1797390944881885
20
-3.8579159055118111
11
6.172307992125984
21
-3.8617022440944879
0
LINE
8
BLACK
6
CONTINUOUS
10
6.172307992125984
20
-3.8617022440944879
11
6.1643760236220473
21
-3.8642794881889762
0
LINE
8
BLACK
6
CONTINUOUS
10
6.1643760236220473
20
-3.8642794881889762
11
6.1561385826771655
21
-3.8655841732283465
0
LINE
8
BLACK
6
CONTINUOUS
10
6.1561385826771655
20
-3.8655841732283465
11
6.14779842519685
21
-3.8655841732283465
0
LINE
8
BLACK
6
CONTINUOUS
10
6.14779842519685
20
-3.8655841732283465
11
6.1395609842519683
21
-3.8642794881889762
0
LINE
8
BLACK
6
CONTINUOUS
10
6.1395609842519683
20
-3.8642794881889762
11
6.1316290157480315
21
-3.8617022440944879
0
LINE
8
BLACK
6
CONTINUOUS
10
6.1316290157480315
20
-3.8617022440944879
11
6.1241979133858262
21
-3.8579159055118111
0
LINE
8
BLACK
6
CONTINUOUS
10
6.1241979133858262
20
-3.8579159055118111
11
6.1174505905511811
21
-3.8530137007874017
0
LINE
8
BLACK
6
CONTINUOUS
10
6.1174505905511811
20
-3.8530137007874017
11
6.1115532283464562
21
-3.8471163385826772
0
LINE
8
BLACK
6
CONTINUOUS
10
6.1115532283464562
20
-3.8471163385826772
11
6.1066510236220468
21
-3.8403690157480312
0
LINE
8
BLACK
6
CONTINUOUS
10
6.1066510236220468
20
-3.8403690157480312
11
6.1028646850393695
21
-3.8329379133858268
0
LINE
8
BLACK
6
CONTINUOUS
10
6.1028646850393695
20
-3.8329379133858268
11
6.1002874409448822
21
-3.8250059448818896
0
LINE
8
BLACK
6
CONTINUOUS
10
6.1002874409448822
20
-3.8250059448818896
11
6.0989827559055119
21
-3.8167685039370078
0
LINE
8
BLACK
6
CONTINUOUS
10
6.0989827559055119
20
-3.8167685039370078
11
6.0989827559055119
21
-3.8084283464566928
0
LINE
8
BLACK
6
CONTINUOUS
10
6.0989827559055119
20
-3.8084283464566928
11
6.1002874409448822
21
-3.800190905511811
0
LINE
8
BLACK
6
CONTINUOUS
10
6.1002874409448822
20
-3.800190905511811
11
6.1028646850393695
21
-3.7922589370078739
0
LINE
8
BLACK
6
CONTINUOUS
10
6.1028646850393695
20
-3.7922589370078739
11
6.1066510236220468
21
-3.7848278346456694
0
LINE
8
BLACK
6
CONTINUOUS
10
6.1066510236220468
20
-3.7848278346456694
11
6.1115532283464562
21
-3.7780805118110234
0
LINE
8
BLACK
6
CONTINUOUS
10
6.1115532283464562
20
-3.7780805118110234
11
6.1174505905511811
21
-3.772183149606299
0
LINE
8
BLACK
6
CONTINUOUS
10
6.1174505905511811
20
-3.772183149606299
11
6.1241979133858262
21
-3.7672809448818896
0
LINE
8
BLACK
6
CONTINUOUS
10
6.1241979133858262
20
-3.7672809448818896
11
6.1316290157480315
21
-3.7634946062992127
0
LINE
8
BLACK
6
CONTINUOUS
10
6.1316290157480315
20
-3.7634946062992127
11
6.1395609842519683
21
-3.7609173622047245
0
LINE
8
BLACK
6
CONTINUOUS
10
6.1395609842519683
20
-3.7609173622047245
11
6.14779842519685
21
-3.7596126771653542
0
LINE
8
BLACK
6
CONTINUOUS
10
6.14779842519685
20
-3.7596126771653542
11
6.1561385826771655
21
-3.7596126771653542
0
LINE
8
BLACK
6
CONTINUOUS
10
6.1561385826771655
20
-3.7596126771653542
11
6.1643760236220473
21
-3.7609173622047245
0
LINE
8
BLACK
6
CONTINUOUS
10
6.3643760236220475
20
-3.7609173622047245
11
6.3723079921259842
21
-3.7634946062992127
0
LINE
8
BLACK
6
CONTINUOUS
10
6.3723079921259842
20
-3.7634946062992127
11
6.3797390944881887
21
-3.7672809448818896
0
LINE
8
BLACK
6
CONTINUOUS
10
6.3797390944881887
20
-3.7672809448818896
11
6.3864864173228346
21
-3.772183149606299
0
LINE
8
BLACK
6
CONTINUOUS
10
6.3864864173228346
20
-3.772183149606299
11
6.3923837795275587
21
-3.7780805118110234
0
LINE
8
BLACK
6
CONTINUOUS
10
6.3923837795275587
20
-3.7780805118110234
11
6.397285984251968
21
-3.7848278346456694
0
LINE
8
BLACK
6
CONTINUOUS
10
6.397285984251968
20
-3.7848278346456694
11
6.4010723228346453
21
-3.7922589370078739
0
LINE
8
BLACK
6
CONTINUOUS
10
6.4010723228346453
20
-3.7922589370078739
11
6.4036495669291336
21
-3.800190905511811
0
LINE
8
BLACK
6
CONTINUOUS
10
6.4036495669291336
20
-3.800190905511811
11
6.4049542519685039
21
-3.8084283464566928
0
LINE
8
BLACK
6
CONTINUOUS
10
6.4049542519685039
20
-3.8084283464566928
11
6.4049542519685039
21
-3.8167685039370078
0
LINE
8
BLACK
6
CONTINUOUS
10
6.4049542519685039
20
-3.8167685039370078
11
6.4036495669291336
21
-3.8250059448818896
0
LINE
8
BLACK
6
CONTINUOUS
10
6.4036495669291336
20
-3.8250059448818896
11
6.4010723228346453
21
-3.8329379133858268
0
LINE
8
BLACK
6
CONTINUOUS
10
6.4010723228346453
20
-3.8329379133858268
11
6.397285984251968
21
-3.8403690157480312
0
LINE
8
BLACK
6
CONTINUOUS
10
6.397285984251968
20
-3.8403690157480312
11
6.3923837795275587
21
-3.8471163385826772
0
LINE
8
BLACK
6
CONTINUOUS
10
6.3923837795275587
20
-3.8471163385826772
11
6.3864864173228346
21
-3.8530137007874017
0
LINE
8
BLACK
6
CONTINUOUS
10
6.3864864173228346
20
-3.8530137007874017
11
6.3797390944881887
21
-3.8579159055118111
0
LINE
8
BLACK
6
CONTINUOUS
10
6.3797390944881887
20
-3.8579159055118111
11
6.3723079921259842
21
-3.8617022440944879
0
LINE
8
BLACK
6
CONTINUOUS
10
6.3723079921259842
20
-3.8617022440944879
11
6.3643760236220475
21
-3.8642794881889762
0
LINE
8
BLACK
6
CONTINUOUS
10
6.3643760236220475
20
-3.8642794881889762
11
6.3561385826771648
21
-3.8655841732283465
0
LINE
8
BLACK
6
CONTINUOUS
10
6.3561385826771648
20
-3.8655841732283465
11
6.3477984251968502
21
-3.8655841732283465
0
LINE
8
BLACK
6
CONTINUOUS
10
6.3477984251968502
20
-3.8655841732283465
11
6.3395609842519685
21
-3.8642794881889762
0
LINE
8
BLACK
6
CONTINUOUS
10
6.3395609842519685
20
-3.8642794881889762
11
6.3316290157480317
21
-3.8617022440944879
0
LINE
8
BLACK
6
CONTINUOUS
10
6.3316290157480317
20
-3.8617022440944879
11
6.3241979133858264
21
-3.8579159055118111
0
LINE
8
BLACK
6
CONTINUOUS
10
6.3241979133858264
20
-3.8579159055118111
11
6.3174505905511813
21
-3.8530137007874017
0
LINE
8
BLACK
6
CONTINUOUS
10
6.3174505905511813
20
-3.8530137007874017
11
6.3115532283464564
21
-3.8471163385826772
0
LINE
8
BLACK
6
CONTINUOUS
10
6.3115532283464564
20
-3.8471163385826772
11
6.306651023622047
21
-3.8403690157480312
0
LINE
8
BLACK
6
CONTINUOUS
10
6.306651023622047
20
-3.8403690157480312
11
6.3028646850393697
21
-3.8329379133858268
0
LINE
8
BLACK
6
CONTINUOUS
10
6.3028646850393697
20
-3.8329379133858268
11
6.3002874409448815
21
-3.8250059448818896
0
LINE
8
BLACK
6
CONTINUOUS
10
6.3002874409448815
20
-3.8250059448818896
11
6.298982755905512
21
-3.8167685039370078
0
LINE
8
BLACK
6
CONTINUOUS
10
6.298982755905512
20
-3.8167685039370078
11
6.298982755905512
21
-3.8084283464566928
0
LINE
8
BLACK
6
CONTINUOUS
10
6.298982755905512
20
-3.8084283464566928
11
6.3002874409448815
21
-3.800190905511811
0
LINE
8
BLACK
6
CONTINUOUS
10
6.3002874409448815
20
-3.800190905511811
11
6.3028646850393697
21
-3.7922589370078739
0
LINE
8
BLACK
6
CONTINUOUS
10
6.3028646850393697
20
-3.7922589370078739
11
6.306651023622047
21
-3.7848278346456694
0
LINE
8
BLACK
6
CONTINUOUS
10
6.306651023622047
20
-3.7848278346456694
11
6.3115532283464564
21
-3.7780805118110234
0
LINE
8
BLACK
6
CONTINUOUS
10
6.3115532283464564
20
-3.7780805118110234
11
6.3174505905511813
21
-3.772183149606299
0
LINE
8
BLACK
6
CONTINUOUS
10
6.3174505905511813
20
-3.772183149606299
11
6.3241979133858264
21
-3.7672809448818896
0
LINE
8
BLACK
6
CONTINUOUS
10
6.3241979133858264
20
-3.7672809448818896
11
6.3316290157480317
21
-3.7634946062992127
0
LINE
8
BLACK
6
CONTINUOUS
10
6.3316290157480317
20
-3.7634946062992127
11
6.3395609842519685
21
-3.7609173622047245
0
LINE
8
BLACK
6
CONTINUOUS
10
6.3395609842519685
20
-3.7609173622047245
11
6.3477984251968502
21
-3.7596126771653542
0
LINE
8
BLACK
6
CONTINUOUS
10
6.3477984251968502
20
-3.7596126771653542
11
6.3561385826771648
21
-3.7596126771653542
0
LINE
8
BLACK
6
CONTINUOUS
10
6.3561385826771648
20
-3.7596126771653542
11
6.3643760236220475
21
-3.7609173622047245
0
LINE
8
BLACK
6
CONTINUOUS
10
5.6846985039370077
20
-3.8164590551181101
11
5.6891488582677168
21
-3.8190284645669292
0
LINE
8
BLACK
6
CONTINUOUS
10
5.6891488582677168
20
-3.8190284645669292
11
5.692782559055118
21
-3.8226621653543305
0
LINE
8
BLACK
6
CONTINUOUS
10
5.692782559055118
20
-3.8226621653543305
11
5.6953519685039371
21
-3.8271125196850391
0
LINE
8
BLACK
6
CONTINUOUS
10
5.6953519685039371
20
-3.8271125196850391
11
5.6966819685039365
21
-3.8320762598425198
0
LINE
8
BLACK
6
CONTINUOUS
10
5.6966819685039365
20
-3.8320762598425198
11
5.6966819685039365
21
-3.8372150787401575
0
LINE
8
BLACK
6
CONTINUOUS
10
5.6966819685039365
20
-3.8372150787401575
11
5.6953519685039371
21
-3.8421788188976378
0
LINE
8
BLACK
6
CONTINUOUS
10
5.6953519685039371
20
-3.8421788188976378
11
5.692782559055118
21
-3.8466291732283464
0
LINE
8
BLACK
6
CONTINUOUS
10
5.692782559055118
20
-3.8466291732283464
11
5.6891488582677168
21
-3.8502628740157481
0
LINE
8
BLACK
6
CONTINUOUS
10
5.6891488582677168
20
-3.8502628740157481
11
5.6846985039370077
21
-3.8528322834645667
0
LINE
8
BLACK
6
CONTINUOUS
10
5.6846985039370077
20
-3.8528322834645667
11
5.6797347637795275
21
-3.854162283464567
0
LINE
8
BLACK
6
CONTINUOUS
10
5.6797347637795275
20
-3.854162283464567
11
5.6745959448818892
21
-3.854162283464567
0
LINE
8
BLACK
6
CONTINUOUS
10
5.6745959448818892
20
-3.854162283464567
11
5.669632204724409
21
-3.8528322834645667
0
LINE
8
BLACK
6
CONTINUOUS
10
5.669632204724409
20
-3.8528322834645667
11
5.6651818503937008
21
-3.8502628740157481
0
LINE
8
BLACK
6
CONTINUOUS
10
5.6651818503937008
20
-3.8502628740157481
11
5.6615481496062987
21
-3.8466291732283464
0
LINE
8
BLACK
6
CONTINUOUS
10
5.6615481496062987
20
-3.8466291732283464
11
5.6589787401574805
21
-3.8421788188976378
0
LINE
8
BLACK
6
CONTINUOUS
10
5.6589787401574805
20
-3.8421788188976378
11
5.6576487401574802
21
-3.8372150787401575
0
LINE
8
BLACK
6
CONTINUOUS
10
5.6576487401574802
20
-3.8372150787401575
11
5.6576487401574802
21
-3.8320762598425198
0
LINE
8
BLACK
6
CONTINUOUS
10
5.6576487401574802
20
-3.8320762598425198
11
5.6589787401574805
21
-3.8271125196850391
0
LINE
8
BLACK
6
CONTINUOUS
10
5.6589787401574805
20
-3.8271125196850391
11
5.6615481496062987
21
-3.8226621653543305
0
LINE
8
BLACK
6
CONTINUOUS
10
5.6615481496062987
20
-3.8226621653543305
11
5.6651818503937008
21
-3.8190284645669292
0
LINE
8
BLACK
6
CONTINUOUS
10
5.6651818503937008
20
-3.8190284645669292
11
5.669632204724409
21
-3.8164590551181101
0
LINE
8
BLACK
6
CONTINUOUS
10
5.669632204724409
20
-3.8164590551181101
11
5.6745959448818892
21
-3.8151290551181103
0
LINE
8
BLACK
6
CONTINUOUS
10
5.6745959448818892
20
-3.8151290551181103
11
5.6797347637795275
21
-3.8151290551181103
0
LINE
8
BLACK
6
CONTINUOUS
10
5.6797347637795275
20
-3.8151290551181103
11
5.6846985039370077
21
-3.8164590551181101
0
LINE
8
BLACK
6
CONTINUOUS
10
5.2330708661417322
20
-3.8472440944881887
11
5.1937007874015748
21
-3.8472440944881887
0
LINE
8
BLACK
6
CONTINUOUS
10
5.1937007874015748
20
-3.8472440944881887
11
5.1937007874015748
21
-3.6976377952755906
0
LINE
8
BLACK
6
CONTINUOUS
10
5.1937007874015748
20
-3.6976377952755906
11
5.2330708661417322
21
-3.6976377952755906
0
LINE
8
BLACK
6
CONTINUOUS
10
5.2330708661417322
20
-3.6976377952755906
11
5.2330708661417322
21
-3.8472440944881887
0
LINE
8
BLACK
6
CONTINUOUS
10
6.4850393700787397
20
-3.8472440944881887
11
6.4456692913385822
21
-3.8472440944881887
0
LINE
8
BLACK
6
CONTINUOUS
10
6.4456692913385822
20
-3.8472440944881887
11
6.4456692913385822
21
-3.6976377952755906
0
LINE
8
BLACK
6
CONTINUOUS
10
6.4456692913385822
20
-3.6976377952755906
11
6.4850393700787397
21
-3.6976377952755906
0
LINE
8
BLACK
6
CONTINUOUS
10
6.4850393700787397
20
-3.6976377952755906
11
6.4850393700787397
21
-3.8472440944881887
0
LINE
8
BLACK
6
CONTINUOUS
10
5.4948183858267718
20
-3.8009086220472441
11
5.4978518897637798
21
-3.8029355118110235
0
LINE
8
BLACK
6
CONTINUOUS
10
5.4978518897637798
20
-3.8029355118110235
11
5.4998787795275588
21
-3.8059690157480315
0
LINE
8
BLACK
6
CONTINUOUS
10
5.4998787795275588
20
-3.8059690157480315
11
5.5005905511811024
21
-3.809547244094488
0
LINE
8
BLACK
6
CONTINUOUS
10
5.5005905511811024
20
-3.809547244094488
11
5.5005905511811024
21
-3.828248031496063
0
LINE
8
BLACK
6
CONTINUOUS
10
5.5005905511811024
20
-3.828248031496063
11
5.4998787795275588
21
-3.8318262598425195
0
LINE
8
BLACK
6
CONTINUOUS
10
5.4998787795275588
20
-3.8318262598425195
11
5.4978518897637798
21
-3.8348597637795274
0
LINE
8
BLACK
6
CONTINUOUS
10
5.4978518897637798
20
-3.8348597637795274
11
5.4948183858267718
21
-3.8368866535433068
0
LINE
8
BLACK
6
CONTINUOUS
10
5.4948183858267718
20
-3.8368866535433068
11
5.4912401574803145
21
-3.8375984251968505
0
LINE
8
BLACK
6
CONTINUOUS
10
5.4912401574803145
20
-3.8375984251968505
11
5.4715551181102358
21
-3.8375984251968505
0
LINE
8
BLACK
6
CONTINUOUS
10
5.4715551181102358
20
-3.8375984251968505
11
5.4679768897637793
21
-3.8368866535433068
0
LINE
8
BLACK
6
CONTINUOUS
10
5.4679768897637793
20
-3.8368866535433068
11
5.4649433858267713
21
-3.8348597637795274
0
LINE
8
BLACK
6
CONTINUOUS
10
5.4649433858267713
20
-3.8348597637795274
11
5.4629164960629923
21
-3.8318262598425195
0
LINE
8
BLACK
6
CONTINUOUS
10
5.4629164960629923
20
-3.8318262598425195
11
5.4622047244094487
21
-3.828248031496063
0
LINE
8
BLACK
6
CONTINUOUS
10
5.4622047244094487
20
-3.828248031496063
11
5.4622047244094487
21
-3.809547244094488
0
LINE
8
BLACK
6
CONTINUOUS
10
5.4622047244094487
20
-3.809547244094488
11
5.4629164960629923
21
-3.8059690157480315
0
LINE
8
BLACK
6
CONTINUOUS
10
5.4629164960629923
20
-3.8059690157480315
11
5.4649433858267713
21
-3.8029355118110235
0
LINE
8
BLACK
6
CONTINUOUS
10
5.4649433858267713
20
-3.8029355118110235
11
5.4679768897637793
21
-3.8009086220472441
0
LINE
8
BLACK
6
CONTINUOUS
10
5.4679768897637793
20
-3.8009086220472441
11
5.4715551181102358
21
-3.8001968503937009
0
LINE
8
BLACK
6
CONTINUOUS
10
5.4715551181102358
20
-3.8001968503937009
11
5.4912401574803145
21
-3.8001968503937009
0
LINE
8
BLACK
6
CONTINUOUS
10
5.4912401574803145
20
-3.8001968503937009
11
5.4948183858267718
21
-3.8009086220472441
0
LINE
8
BLACK
6
CONTINUOUS
10
5.5666687795275589
20
-3.8009086220472441
11
5.5697022834645669
21
-3.8029355118110235
0
LINE
8
BLACK
6
CONTINUOUS
10
5.5697022834645669
20
-3.8029355118110235
11
5.5717291732283467
21
-3.8059690157480315
0
LINE
8
BLACK
6
CONTINUOUS
10
5.5717291732283467
20
-3.8059690157480315
11
5.5724409448818895
21
-3.809547244094488
0
LINE
8
BLACK
6
CONTINUOUS
10
5.5724409448818895
20
-3.809547244094488
11
5.5724409448818895
21
-3.828248031496063
0
LINE
8
BLACK
6
CONTINUOUS
10
5.5724409448818895
20
-3.828248031496063
11
5.5717291732283467
21
-3.8318262598425195
0
LINE
8
BLACK
6
CONTINUOUS
10
5.5717291732283467
20
-3.8318262598425195
11
5.5697022834645669
21
-3.8348597637795274
0
LINE
8
BLACK
6
CONTINUOUS
10
5.5697022834645669
20
-3.8348597637795274
11
5.5666687795275589
21
-3.8368866535433068
0
LINE
8
BLACK
6
CONTINUOUS
10
5.5666687795275589
20
-3.8368866535433068
11
5.5630905511811024
21
-3.8375984251968505
0
LINE
8
BLACK
6
CONTINUOUS
10
5.5630905511811024
20
-3.8375984251968505
11
5.5434055118110237
21
-3.8375984251968505
0
LINE
8
BLACK
6
CONTINUOUS
10
5.5434055118110237
20
-3.8375984251968505
11
5.5398272834645672
21
-3.8368866535433068
0
LINE
8
BLACK
6
CONTINUOUS
10
5.5398272834645672
20
-3.8368866535433068
11
5.5367937795275592
21
-3.8348597637795274
0
LINE
8
BLACK
6
CONTINUOUS
10
5.5367937795275592
20
-3.8348597637795274
11
5.5347668897637794
21
-3.8318262598425195
0
LINE
8
BLACK
6
CONTINUOUS
10
5.5347668897637794
20
-3.8318262598425195
11
5.5340551181102358
21
-3.828248031496063
0
LINE
8
BLACK
6
CONTINUOUS
10
5.5340551181102358
20
-3.828248031496063
11
5.5340551181102358
21
-3.809547244094488
0
LINE
8
BLACK
6
CONTINUOUS
10
5.5340551181102358
20
-3.809547244094488
11
5.5347668897637794
21
-3.8059690157480315
0
LINE
8
BLACK
6
CONTINUOUS
10
5.5347668897637794
20
-3.8059690157480315
11
5.5367937795275592
21
-3.8029355118110235
0
LINE
8
BLACK
6
CONTINUOUS
10
5.5367937795275592
20
-3.8029355118110235
11
5.5398272834645672
21
-3.8009086220472441
0
LINE
8
BLACK
6
CONTINUOUS
10
5.5398272834645672
20
-3.8009086220472441
11
5.5434055118110237
21
-3.8001968503937009
0
LINE
8
BLACK
6
CONTINUOUS
10
5.5434055118110237
20
-3.8001968503937009
11
5.5630905511811024
21
-3.8001968503937009
0
LINE
8
BLACK
6
CONTINUOUS
10
5.5630905511811024
20
-3.8001968503937009
11
5.5666687795275589
21
-3.8009086220472441
0
LINE
8
BLACK
6
CONTINUOUS
10
5.0193700787401569
20
-3.8067716535433069
11
4.9593700787401573
21
-3.8067716535433069
0
LINE
8
BLACK
6
CONTINUOUS
10
4.9593700787401573
20
-3.8067716535433069
11
4.9593700787401573
21
-3.7467716535433069
0
LINE
8
BLACK
6
CONTINUOUS
10
4.9593700787401573
20
-3.7467716535433069
11
5.0193700787401569
21
-3.7467716535433069
0
LINE
8
BLACK
6
CONTINUOUS
10
5.0193700787401569
20
-3.7467716535433069
11
5.0193700787401569
21
-3.8067716535433069
0
LINE
8
BLACK
6
CONTINUOUS
10
5.1193700787401575
20
-3.8067716535433069
11
5.059370078740157
21
-3.8067716535433069
0
LINE
8
BLACK
6
CONTINUOUS
10
5.059370078740157
20
-3.8067716535433069
11
5.059370078740157
21
-3.7467716535433069
0
LINE
8
BLACK
6
CONTINUOUS
10
5.059370078740157
20
-3.7467716535433069
11
5.1193700787401575
21
-3.7467716535433069
0
LINE
8
BLACK
6
CONTINUOUS
10
5.1193700787401575
20
-3.7467716535433069
11
5.1193700787401575
21
-3.8067716535433069
0
LINE
8
BLACK
6
CONTINUOUS
10
5.9908813779527561
20
-3.7546487795275589
11
5.9939148818897641
21
-3.7566756692913383
0
LINE
8
BLACK
6
CONTINUOUS
10
5.9939148818897641
20
-3.7566756692913383
11
5.995941771653543
21
-3.7597091732283463
0
LINE
8
BLACK
6
CONTINUOUS
10
5.995941771653543
20
-3.7597091732283463
11
5.9966535433070867
21
-3.7632874015748032
0
LINE
8
BLACK
6
CONTINUOUS
10
5.9966535433070867
20
-3.7632874015748032
11
5.9966535433070867
21
-3.7869094488188977
0
LINE
8
BLACK
6
CONTINUOUS
10
5.9966535433070867
20
-3.7869094488188977
11
5.995941771653543
21
-3.7904876771653542
0
LINE
8
BLACK
6
CONTINUOUS
10
5.995941771653543
20
-3.7904876771653542
11
5.9939148818897641
21
-3.7935211811023621
0
LINE
8
BLACK
6
CONTINUOUS
10
5.9939148818897641
20
-3.7935211811023621
11
5.9908813779527561
21
-3.7955480708661415
0
LINE
8
BLACK
6
CONTINUOUS
10
5.9908813779527561
20
-3.7955480708661415
11
5.9873031496062987
21
-3.7962598425196847
0
LINE
8
BLACK
6
CONTINUOUS
10
5.9873031496062987
20
-3.7962598425196847
11
5.9686023622047246
21
-3.7962598425196847
0
LINE
8
BLACK
6
CONTINUOUS
10
5.9686023622047246
20
-3.7962598425196847
11
5.9650241338582672
21
-3.7955480708661415
0
LINE
8
BLACK
6
CONTINUOUS
10
5.9650241338582672
20
-3.7955480708661415
11
5.9619906299212593
21
-3.7935211811023621
0
LINE
8
BLACK
6
CONTINUOUS
10
5.9619906299212593
20
-3.7935211811023621
11
5.9599637401574803
21
-3.7904876771653542
0
LINE
8
BLACK
6
CONTINUOUS
10
5.9599637401574803
20
-3.7904876771653542
11
5.9592519685039367
21
-3.7869094488188977
0
LINE
8
BLACK
6
CONTINUOUS
10
5.9592519685039367
20
-3.7869094488188977
11
5.9592519685039367
21
-3.7632874015748032
0
LINE
8
BLACK
6
CONTINUOUS
10
5.9592519685039367
20
-3.7632874015748032
11
5.9599637401574803
21
-3.7597091732283463
0
LINE
8
BLACK
6
CONTINUOUS
10
5.9599637401574803
20
-3.7597091732283463
11
5.9619906299212593
21
-3.7566756692913383
0
LINE
8
BLACK
6
CONTINUOUS
10
5.9619906299212593
20
-3.7566756692913383
11
5.9650241338582672
21
-3.7546487795275589
0
LINE
8
BLACK
6
CONTINUOUS
10
5.9650241338582672
20
-3.7546487795275589
11
5.9686023622047246
21
-3.7539370078740157
0
LINE
8
BLACK
6
CONTINUOUS
10
5.9686023622047246
20
-3.7539370078740157
11
5.9873031496062987
21
-3.7539370078740157
0
LINE
8
BLACK
6
CONTINUOUS
10
5.9873031496062987
20
-3.7539370078740157
11
5.9908813779527561
21
-3.7546487795275589
0
LINE
8
BLACK
6
CONTINUOUS
10
5.4987553937007876
20
-3.7379164960629923
11
5.5017888976377956
21
-3.7399433858267717
0
LINE
8
BLACK
6
CONTINUOUS
10
5.5017888976377956
20
-3.7399433858267717
11
5.5038157874015745
21
-3.7429768897637796
0
LINE
8
BLACK
6
CONTINUOUS
10
5.5038157874015745
20
-3.7429768897637796
11
5.5045275590551181
21
-3.7465551181102361
0
LINE
8
BLACK
6
CONTINUOUS
10
5.5045275590551181
20
-3.7465551181102361
11
5.5045275590551181
21
-3.7652559055118111
0
LINE
8
BLACK
6
CONTINUOUS
10
5.5045275590551181
20
-3.7652559055118111
11
5.5038157874015745
21
-3.7688341338582676
0
LINE
8
BLACK
6
CONTINUOUS
10
5.5038157874015745
20
-3.7688341338582676
11
5.5017888976377956
21
-3.7718676377952756
0
LINE
8
BLACK
6
CONTINUOUS
10
5.5017888976377956
20
-3.7718676377952756
11
5.4987553937007876
21
-3.773894527559055
0
LINE
8
BLACK
6
CONTINUOUS
10
5.4987553937007876
20
-3.773894527559055
11
5.4951771653543302
21
-3.7746062992125982
0
LINE
8
BLACK
6
CONTINUOUS
10
5.4951771653543302
20
-3.7746062992125982
11
5.4715551181102358
21
-3.7746062992125982
0
LINE
8
BLACK
6
CONTINUOUS
10
5.4715551181102358
20
-3.7746062992125982
11
5.4679768897637793
21
-3.773894527559055
0
LINE
8
BLACK
6
CONTINUOUS
10
5.4679768897637793
20
-3.773894527559055
11
5.4649433858267713
21
-3.7718676377952756
0
LINE
8
BLACK
6
CONTINUOUS
10
5.4649433858267713
20
-3.7718676377952756
11
5.4629164960629923
21
-3.7688341338582676
0
LINE
8
BLACK
6
CONTINUOUS
10
5.4629164960629923
20
-3.7688341338582676
11
5.4622047244094487
21
-3.7652559055118111
0
LINE
8
BLACK
6
CONTINUOUS
10
5.4622047244094487
20
-3.7652559055118111
11
5.4622047244094487
21
-3.7465551181102361
0
LINE
8
BLACK
6
CONTINUOUS
10
5.4622047244094487
20
-3.7465551181102361
11
5.4629164960629923
21
-3.7429768897637796
0
LINE
8
BLACK
6
CONTINUOUS
10
5.4629164960629923
20
-3.7429768897637796
11
5.4649433858267713
21
-3.7399433858267717
0
LINE
8
BLACK
6
CONTINUOUS
10
5.4649433858267713
20
-3.7399433858267717
11
5.4679768897637793
21
-3.7379164960629923
0
LINE
8
BLACK
6
CONTINUOUS
10
5.4679768897637793
20
-3.7379164960629923
11
5.4715551181102358
21
-3.7372047244094486
0
LINE
8
BLACK
6
CONTINUOUS
10
5.4715551181102358
20
-3.7372047244094486
11
5.4951771653543302
21
-3.7372047244094486
0
LINE
8
BLACK
6
CONTINUOUS
10
5.4951771653543302
20
-3.7372047244094486
11
5.4987553937007876
21
-3.7379164960629923
0
LINE
8
BLACK
6
CONTINUOUS
10
5.5666687795275589
20
-3.7379164960629923
11
5.5697022834645669
21
-3.7399433858267717
0
LINE
8
BLACK
6
CONTINUOUS
10
5.5697022834645669
20
-3.7399433858267717
11
5.5717291732283467
21
-3.7429768897637796
0
LINE
8
BLACK
6
CONTINUOUS
10
5.5717291732283467
20
-3.7429768897637796
11
5.5724409448818895
21
-3.7465551181102361
0
LINE
8
BLACK
6
CONTINUOUS
10
5.5724409448818895
20
-3.7465551181102361
11
5.5724409448818895
21
-3.7652559055118111
0
LINE
8
BLACK
6
CONTINUOUS
10
5.5724409448818895
20
-3.7652559055118111
11
5.5717291732283467
21
-3.7688341338582676
0
LINE
8
BLACK
6
CONTINUOUS
10
5.5717291732283467
20
-3.7688341338582676
11
5.5697022834645669
21
-3.7718676377952756
0
LINE
8
BLACK
6
CONTINUOUS
10
5.5697022834645669
20
-3.7718676377952756
11
5.5666687795275589
21
-3.773894527559055
0
LINE
8
BLACK
6
CONTINUOUS
10
5.5666687795275589
20
-3.773894527559055
11
5.5630905511811024
21
-3.7746062992125982
0
LINE
8
BLACK
6
CONTINUOUS
10
5.5630905511811024
20
-3.7746062992125982
11
5.539468503937008
21
-3.7746062992125982
0
LINE
8
BLACK
6
CONTINUOUS
10
5.539468503937008
20
-3.7746062992125982
11
5.5358902755905515
21
-3.773894527559055
0
LINE
8
BLACK
6
CONTINUOUS
10
5.5358902755905515
20
-3.773894527559055
11
5.5328567716535435
21
-3.7718676377952756
0
LINE
8
BLACK
6
CONTINUOUS
10
5.5328567716535435
20
-3.7718676377952756
11
5.5308298818897637
21
-3.7688341338582676
0
LINE
8
BLACK
6
CONTINUOUS
10
5.5308298818897637
20
-3.7688341338582676
11
5.53011811023622
21
-3.7652559055118111
0
LINE
8
BLACK
6
CONTINUOUS
10
5.53011811023622
20
-3.7652559055118111
11
5.53011811023622
21
-3.7465551181102361
0
LINE
8
BLACK
6
CONTINUOUS
10
5.53011811023622
20
-3.7465551181102361
11
5.5308298818897637
21
-3.7429768897637796
0
LINE
8
BLACK
6
CONTINUOUS
10
5.5308298818897637
20
-3.7429768897637796
11
5.5328567716535435
21
-3.7399433858267717
0
LINE
8
BLACK
6
CONTINUOUS
10
5.5328567716535435
20
-3.7399433858267717
11
5.5358902755905515
21
-3.7379164960629923
0
LINE
8
BLACK
6
CONTINUOUS
10
5.5358902755905515
20
-3.7379164960629923
11
5.539468503937008
21
-3.7372047244094486
0
LINE
8
BLACK
6
CONTINUOUS
10
5.539468503937008
20
-3.7372047244094486
11
5.5630905511811024
21
-3.7372047244094486
0
LINE
8
BLACK
6
CONTINUOUS
10
5.5630905511811024
20
-3.7372047244094486
11
5.5666687795275589
21
-3.7379164960629923
0
LINE
8
BLACK
6
CONTINUOUS
10
6.2634569685039372
20
-3.6647455905511812
11
6.2708013385826771
21
-3.6671319291338582
0
LINE
8
BLACK
6
CONTINUOUS
10
6.2708013385826771
20
-3.6671319291338582
11
6.2776820078740156
21
-3.6706377952755904
0
LINE
8
BLACK
6
CONTINUOUS
10
6.2776820078740156
20
-3.6706377952755904
11
6.2839295275590548
21
-3.6751768897637795
0
LINE
8
BLACK
6
CONTINUOUS
10
6.2839295275590548
20
-3.6751768897637795
11
6.2893900393700788
21
-3.6806374015748031
0
LINE
8
BLACK
6
CONTINUOUS
10
6.2893900393700788
20
-3.6806374015748031
11
6.2939291338582679
21
-3.6868849212598422
0
LINE
8
BLACK
6
CONTINUOUS
10
6.2939291338582679
20
-3.6868849212598422
11
6.2974350000000001
21
-3.6937655905511808
0
LINE
8
BLACK
6
CONTINUOUS
10
6.2974350000000001
20
-3.6937655905511808
11
6.2998213385826771
21
-3.7011099606299211
0
LINE
8
BLACK
6
CONTINUOUS
10
6.2998213385826771
20
-3.7011099606299211
11
6.3010294094488186
21
-3.7087372440944879
0
LINE
8
BLACK
6
CONTINUOUS
10
6.3010294094488186
20
-3.7087372440944879
11
6.3010294094488186
21
-3.7164596062992126
0
LINE
8
BLACK
6
CONTINUOUS
10
6.3010294094488186
20
-3.7164596062992126
11
6.2998213385826771
21
-3.7240868897637793
0
LINE
8
BLACK
6
CONTINUOUS
10
6.2998213385826771
20
-3.7240868897637793
11
6.2974350000000001
21
-3.7314312598425197
0
LINE
8
BLACK
6
CONTINUOUS
10
6.2974350000000001
20
-3.7314312598425197
11
6.2939291338582679
21
-3.7383119291338582
0
LINE
8
BLACK
6
CONTINUOUS
10
6.2939291338582679
20
-3.7383119291338582
11
6.2893900393700788
21
-3.7445594488188974
0
LINE
8
BLACK
6
CONTINUOUS
10
6.2893900393700788
20
-3.7445594488188974
11
6.2839295275590548
21
-3.7500199606299214
0
LINE
8
BLACK
6
CONTINUOUS
10
6.2839295275590548
20
-3.7500199606299214
11
6.2776820078740156
21
-3.7545590551181101
0
LINE
8
BLACK
6
CONTINUOUS
10
6.2776820078740156
20
-3.7545590551181101
11
6.2708013385826771
21
-3.7580649212598423
0
LINE
8
BLACK
6
CONTINUOUS
10
6.2708013385826771
20
-3.7580649212598423
11
6.2634569685039372
21
-3.7604512598425197
0
LINE
8
BLACK
6
CONTINUOUS
10
6.2634569685039372
20
-3.7604512598425197
11
6.2558296850393695
21
-3.7616593307086612
0
LINE
8
BLACK
6
CONTINUOUS
10
6.2558296850393695
20
-3.7616593307086612
11
6.2481073228346453
21
-3.7616593307086612
0
LINE
8
BLACK
6
CONTINUOUS
10
6.2481073228346453
20
-3.7616593307086612
11
6.2404800393700786
21
-3.7604512598425197
0
LINE
8
BLACK
6
CONTINUOUS
10
6.2404800393700786
20
-3.7604512598425197
11
6.2331356692913387
21
-3.7580649212598423
0
LINE
8
BLACK
6
CONTINUOUS
10
6.2331356692913387
20
-3.7580649212598423
11
6.2262550000000001
21
-3.7545590551181101
0
LINE
8
BLACK
6
CONTINUOUS
10
6.2262550000000001
20
-3.7545590551181101
11
6.2200074803149601
21
-3.7500199606299214
0
LINE
8
BLACK
6
CONTINUOUS
10
6.2200074803149601
20
-3.7500199606299214
11
6.214546968503937
21
-3.7445594488188974
0
LINE
8
BLACK
6
CONTINUOUS
10
6.214546968503937
20
-3.7445594488188974
11
6.2100078740157478
21
-3.7383119291338582
0
LINE
8
BLACK
6
CONTINUOUS
10
6.2100078740157478
20
-3.7383119291338582
11
6.2065020078740156
21
-3.7314312598425197
0
LINE
8
BLACK
6
CONTINUOUS
10
6.2065020078740156
20
-3.7314312598425197
11
6.2041156692913386
21
-3.7240868897637793
0
LINE
8
BLACK
6
CONTINUOUS
10
6.2041156692913386
20
-3.7240868897637793
11
6.2029075984251971
21
-3.7164596062992126
0
LINE
8
BLACK
6
CONTINUOUS
10
6.2029075984251971
20
-3.7164596062992126
11
6.2029075984251971
21
-3.7087372440944879
0
LINE
8
BLACK
6
CONTINUOUS
10
6.2029075984251971
20
-3.7087372440944879
11
6.2041156692913386
21
-3.7011099606299211
0
LINE
8
BLACK
6
CONTINUOUS
10
6.2041156692913386
20
-3.7011099606299211
11
6.2065020078740156
21
-3.6937655905511808
0
LINE
8
BLACK
6
CONTINUOUS
10
6.2065020078740156
20
-3.6937655905511808
11
6.2100078740157478
21
-3.6868849212598422
0
LINE
8
BLACK
6
CONTINUOUS
10
6.2100078740157478
20
-3.6868849212598422
11
6.214546968503937
21
-3.6806374015748031
0
LINE
8
BLACK
6
CONTINUOUS
10
6.214546968503937
20
-3.6806374015748031
11
6.2200074803149601
21
-3.6751768897637795
0
LINE
8
BLACK
6
CONTINUOUS
10
6.2200074803149601
20
-3.6751768897637795
11
6.2262550000000001
21
-3.6706377952755904
0
LINE
8
BLACK
6
CONTINUOUS
10
6.2262550000000001
20
-3.6706377952755904
11
6.2331356692913387
21
-3.6671319291338582
0
LINE
8
BLACK
6
CONTINUOUS
10
6.2331356692913387
20
-3.6671319291338582
11
6.2404800393700786
21
-3.6647455905511812
0
LINE
8
BLACK
6
CONTINUOUS
10
6.2404800393700786
20
-3.6647455905511812
11
6.2481073228346453
21
-3.6635375196850393
0
LINE
8
BLACK
6
CONTINUOUS
10
6.2481073228346453
20
-3.6635375196850393
11
6.2558296850393695
21
-3.6635375196850393
0
LINE
8
BLACK
6
CONTINUOUS
10
6.2558296850393695
20
-3.6635375196850393
11
6.2634569685039372
21
-3.6647455905511812
0
LINE
8
BLACK
6
CONTINUOUS
10
5.6265066141732278
20
-3.7424256692913387
11
5.6277838976377952
21
-3.7432790944881891
0
LINE
8
BLACK
6
CONTINUOUS
10
5.6277838976377952
20
-3.7432790944881891
11
5.6286373228346456
21
-3.744556377952756
0
LINE
8
BLACK
6
CONTINUOUS
10
5.6286373228346456
20
-3.744556377952756
11
5.6289370078740157
21
-3.7460629921259843
0
LINE
8
BLACK
6
CONTINUOUS
10
5.6289370078740157
20
-3.7460629921259843
11
5.6289370078740157
21
-3.7539370078740157
0
LINE
8
BLACK
6
CONTINUOUS
10
5.6289370078740157
20
-3.7539370078740157
11
5.6286373228346456
21
-3.755443622047244
0
LINE
8
BLACK
6
CONTINUOUS
10
5.6286373228346456
20
-3.755443622047244
11
5.6277838976377952
21
-3.7567209055118109
0
LINE
8
BLACK
6
CONTINUOUS
10
5.6277838976377952
20
-3.7567209055118109
11
5.6265066141732278
21
-3.7575743307086613
0
LINE
8
BLACK
6
CONTINUOUS
10
5.6265066141732278
20
-3.7575743307086613
11
5.625
21
-3.7578740157480315
0
LINE
8
BLACK
6
CONTINUOUS
10
5.625
20
-3.7578740157480315
11
5.6072834645669287
21
-3.7578740157480315
0
LINE
8
BLACK
6
CONTINUOUS
10
5.6072834645669287
20
-3.7578740157480315
11
5.6057768503937009
21
-3.7575743307086613
0
LINE
8
BLACK
6
CONTINUOUS
10
5.6057768503937009
20
-3.7575743307086613
11
5.6044995669291335
21
-3.7567209055118109
0
LINE
8
BLACK
6
CONTINUOUS
10
5.6044995669291335
20
-3.7567209055118109
11
5.6036461417322831
21
-3.755443622047244
0
LINE
8
BLACK
6
CONTINUOUS
10
5.6036461417322831
20
-3.755443622047244
11
5.603346456692913
21
-3.7539370078740157
0
LINE
8
BLACK
6
CONTINUOUS
10
5.603346456692913
20
-3.7539370078740157
11
5.603346456692913
21
-3.7460629921259843
0
LINE
8
BLACK
6
CONTINUOUS
10
5.603346456692913
20
-3.7460629921259843
11
5.6036461417322831
21
-3.744556377952756
0
LINE
8
BLACK
6
CONTINUOUS
10
5.6036461417322831
20
-3.744556377952756
11
5.6044995669291335
21
-3.7432790944881891
0
LINE
8
BLACK
6
CONTINUOUS
10
5.6044995669291335
20
-3.7432790944881891
11
5.6057768503937009
21
-3.7424256692913387
0
LINE
8
BLACK
6
CONTINUOUS
10
5.6057768503937009
20
-3.7424256692913387
11
5.6072834645669287
21
-3.7421259842519685
0
LINE
8
BLACK
6
CONTINUOUS
10
5.6072834645669287
20
-3.7421259842519685
11
5.625
21
-3.7421259842519685
0
LINE
8
BLACK
6
CONTINUOUS
10
5.625
20
-3.7421259842519685
11
5.6265066141732278
21
-3.7424256692913387
0
LINE
8
BLACK
6
CONTINUOUS
10
5.7013097637795278
20
-3.7424256692913387
11
5.7025870472440943
21
-3.7432790944881891
0
LINE
8
BLACK
6
CONTINUOUS
10
5.7025870472440943
20
-3.7432790944881891
11
5.7034404724409447
21
-3.744556377952756
0
LINE
8
BLACK
6
CONTINUOUS
10
5.7034404724409447
20
-3.744556377952756
11
5.7037401574803148
21
-3.7460629921259843
0
LINE
8
BLACK
6
CONTINUOUS
10
5.7037401574803148
20
-3.7460629921259843
11
5.7037401574803148
21
-3.7539370078740157
0
LINE
8
BLACK
6
CONTINUOUS
10
5.7037401574803148
20
-3.7539370078740157
11
5.7034404724409447
21
-3.755443622047244
0
LINE
8
BLACK
6
CONTINUOUS
10
5.7034404724409447
20
-3.755443622047244
11
5.7025870472440943
21
-3.7567209055118109
0
LINE
8
BLACK
6
CONTINUOUS
10
5.7025870472440943
20
-3.7567209055118109
11
5.7013097637795278
21
-3.7575743307086613
0
LINE
8
BLACK
6
CONTINUOUS
10
5.7013097637795278
20
-3.7575743307086613
11
5.6998031496062991
21
-3.7578740157480315
0
LINE
8
BLACK
6
CONTINUOUS
10
5.6998031496062991
20
-3.7578740157480315
11
5.6820866141732278
21
-3.7578740157480315
0
LINE
8
BLACK
6
CONTINUOUS
10
5.6820866141732278
20
-3.7578740157480315
11
5.68058
21
-3.7575743307086613
0
LINE
8
BLACK
6
CONTINUOUS
10
5.68058
20
-3.7575743307086613
11
5.6793027165354326
21
-3.7567209055118109
0
LINE
8
BLACK
6
CONTINUOUS
10
5.6793027165354326
20
-3.7567209055118109
11
5.6784492913385822
21
-3.755443622047244
0
LINE
8
BLACK
6
CONTINUOUS
10
5.6784492913385822
20
-3.755443622047244
11
5.6781496062992121
21
-3.7539370078740157
0
LINE
8
BLACK
6
CONTINUOUS
10
5.6781496062992121
20
-3.7539370078740157
11
5.6781496062992121
21
-3.7460629921259843
0
LINE
8
BLACK
6
CONTINUOUS
10
5.6781496062992121
20
-3.7460629921259843
11
5.6784492913385822
21
-3.744556377952756
0
LINE
8
BLACK
6
CONTINUOUS
10
5.6784492913385822
20
-3.744556377952756
11
5.6793027165354326
21
-3.7432790944881891
0
LINE
8
BLACK
6
CONTINUOUS
10
5.6793027165354326
20
-3.7432790944881891
11
5.68058
21
-3.7424256692913387
0
LINE
8
BLACK
6
CONTINUOUS
10
5.68058
20
-3.7424256692913387
11
5.6820866141732278
21
-3.7421259842519685
0
LINE
8
BLACK
6
CONTINUOUS
10
5.6820866141732278
20
-3.7421259842519685
11
5.6998031496062991
21
-3.7421259842519685
0
LINE
8
BLACK
6
CONTINUOUS
10
5.6998031496062991
20
-3.7421259842519685
11
5.7013097637795278
21
-3.7424256692913387
0
LINE
8
BLACK
6
CONTINUOUS
10
5.6265066141732278
20
-3.7168351181102359
11
5.6277838976377952
21
-3.7176885433070863
0
LINE
8
BLACK
6
CONTINUOUS
10
5.6277838976377952
20
-3.7176885433070863
11
5.6286373228346456
21
-3.7189658267716537
0
LINE
8
BLACK
6
CONTINUOUS
10
5.6286373228346456
20
-3.7189658267716537
11
5.6289370078740157
21
-3.7204724409448819
0
LINE
8
BLACK
6
CONTINUOUS
10
5.6289370078740157
20
-3.7204724409448819
11
5.6289370078740157
21
-3.7283464566929134
0
LINE
8
BLACK
6
CONTINUOUS
10
5.6289370078740157
20
-3.7283464566929134
11
5.6286373228346456
21
-3.7298530708661417
0
LINE
8
BLACK
6
CONTINUOUS
10
5.6286373228346456
20
-3.7298530708661417
11
5.6277838976377952
21
-3.7311303543307086
0
LINE
8
BLACK
6
CONTINUOUS
10
5.6277838976377952
20
-3.7311303543307086
11
5.6265066141732278
21
-3.731983779527559
0
LINE
8
BLACK
6
CONTINUOUS
10
5.6265066141732278
20
-3.731983779527559
11
5.625
21
-3.7322834645669292
0
LINE
8
BLACK
6
CONTINUOUS
10
5.625
20
-3.7322834645669292
11
5.6072834645669287
21
-3.7322834645669292
0
LINE
8
BLACK
6
CONTINUOUS
10
5.6072834645669287
20
-3.7322834645669292
11
5.6057768503937009
21
-3.731983779527559
0
LINE
8
BLACK
6
CONTINUOUS
10
5.6057768503937009
20
-3.731983779527559
11
5.6044995669291335
21
-3.7311303543307086
0
LINE
8
BLACK
6
CONTINUOUS
10
5.6044995669291335
20
-3.7311303543307086
11
5.6036461417322831
21
-3.7298530708661417
0
LINE
8
BLACK
6
CONTINUOUS
10
5.6036461417322831
20
-3.7298530708661417
11
5.603346456692913
21
-3.7283464566929134
0
LINE
8
BLACK
6
CONTINUOUS
10
5.603346456692913
20
-3.7283464566929134
11
5.603346456692913
21
-3.7204724409448819
0
LINE
8
BLACK
6
CONTINUOUS
10
5.603346456692913
20
-3.7204724409448819
11
5.6036461417322831
21
-3.7189658267716537
0
LINE
8
BLACK
6
CONTINUOUS
10
5.6036461417322831
20
-3.7189658267716537
11
5.6044995669291335
21
-3.7176885433070863
0
LINE
8
BLACK
6
CONTINUOUS
10
5.6044995669291335
20
-3.7176885433070863
11
5.6057768503937009
21
-3.7168351181102359
0
LINE
8
BLACK
6
CONTINUOUS
10
5.6057768503937009
20
-3.7168351181102359
11
5.6072834645669287
21
-3.7165354330708662
0
LINE
8
BLACK
6
CONTINUOUS
10
5.6072834645669287
20
-3.7165354330708662
11
5.625
21
-3.7165354330708662
0
LINE
8
BLACK
6
CONTINUOUS
10
5.625
20
-3.7165354330708662
11
5.6265066141732278
21
-3.7168351181102359
0
LINE
8
BLACK
6
CONTINUOUS
10
5.7013097637795278
20
-3.7168351181102359
11
5.7025870472440943
21
-3.7176885433070863
0
LINE
8
BLACK
6
CONTINUOUS
10
5.7025870472440943
20
-3.7176885433070863
11
5.7034404724409447
21
-3.7189658267716537
0
LINE
8
BLACK
6
CONTINUOUS
10
5.7034404724409447
20
-3.7189658267716537
11
5.7037401574803148
21
-3.7204724409448819
0
LINE
8
BLACK
6
CONTINUOUS
10
5.7037401574803148
20
-3.7204724409448819
11
5.7037401574803148
21
-3.7283464566929134
0
LINE
8
BLACK
6
CONTINUOUS
10
5.7037401574803148
20
-3.7283464566929134
11
5.7034404724409447
21
-3.7298530708661417
0
LINE
8
BLACK
6
CONTINUOUS
10
5.7034404724409447
20
-3.7298530708661417
11
5.7025870472440943
21
-3.7311303543307086
0
LINE
8
BLACK
6
CONTINUOUS
10
5.7025870472440943
20
-3.7311303543307086
11
5.7013097637795278
21
-3.731983779527559
0
LINE
8
BLACK
6
CONTINUOUS
10
5.7013097637795278
20
-3.731983779527559
11
5.6998031496062991
21
-3.7322834645669292
0
LINE
8
BLACK
6
CONTINUOUS
10
5.6998031496062991
20
-3.7322834645669292
11
5.6820866141732278
21
-3.7322834645669292
0
LINE
8
BLACK
6
CONTINUOUS
10
5.6820866141732278
20
-3.7322834645669292
11
5.68058
21
-3.731983779527559
0
LINE
8
BLACK
6
CONTINUOUS
10
5.68058
20
-3.731983779527559
11
5.6793027165354326
21
-3.7311303543307086
0
LINE
8
BLACK
6
CONTINUOUS
10
5.6793027165354326
20
-3.7311303543307086
11
5.6784492913385822
21
-3.7298530708661417
0
LINE
8
BLACK
6
CONTINUOUS
10
5.6784492913385822
20
-3.7298530708661417
11
5.6781496062992121
21
-3.7283464566929134
0
LINE
8
BLACK
6
CONTINUOUS
10
5.6781496062992121
20
-3.7283464566929134
11
5.6781496062992121
21
-3.7204724409448819
0
LINE
8
BLACK
6
CONTINUOUS
10
5.6781496062992121
20
-3.7204724409448819
11
5.6784492913385822
21
-3.7189658267716537
0
LINE
8
BLACK
6
CONTINUOUS
10
5.6784492913385822
20
-3.7189658267716537
11
5.6793027165354326
21
-3.7176885433070863
0
LINE
8
BLACK
6
CONTINUOUS
10
5.6793027165354326
20
-3.7176885433070863
11
5.68058
21
-3.7168351181102359
0
LINE
8
BLACK
6
CONTINUOUS
10
5.68058
20
-3.7168351181102359
11
5.6820866141732278
21
-3.7165354330708662
0
LINE
8
BLACK
6
CONTINUOUS
10
5.6820866141732278
20
-3.7165354330708662
11
5.6998031496062991
21
-3.7165354330708662
0
LINE
8
BLACK
6
CONTINUOUS
10
5.6998031496062991
20
-3.7165354330708662
11
5.7013097637795278
21
-3.7168351181102359
0
LINE
8
BLACK
6
CONTINUOUS
10
5.9908813779527561
20
-3.6867353937007872
11
5.9939148818897641
21
-3.688762283464567
0
LINE
8
BLACK
6
CONTINUOUS
10
5.9939148818897641
20
-3.688762283464567
11
5.995941771653543
21
-3.6917957874015745
0
LINE
8
BLACK
6
CONTINUOUS
10
5.995941771653543
20
-3.6917957874015745
11
5.9966535433070867
21
-3.6953740157480315
0
LINE
8
BLACK
6
CONTINUOUS
10
5.9966535433070867
20
-3.6953740157480315
11
5.9966535433070867
21
-3.7189960629921259
0
LINE
8
BLACK
6
CONTINUOUS
10
5.9966535433070867
20
-3.7189960629921259
11
5.995941771653543
21
-3.7225742913385824
0
LINE
8
BLACK
6
CONTINUOUS
10
5.995941771653543
20
-3.7225742913385824
11
5.9939148818897641
21
-3.7256077952755904
0
LINE
8
BLACK
6
CONTINUOUS
10
5.9939148818897641
20
-3.7256077952755904
11
5.9908813779527561
21
-3.7276346850393698
0
LINE
8
BLACK
6
CONTINUOUS
10
5.9908813779527561
20
-3.7276346850393698
11
5.9873031496062987
21
-3.7283464566929134
0
LINE
8
BLACK
6
CONTINUOUS
10
5.9873031496062987
20
-3.7283464566929134
11
5.9686023622047246
21
-3.7283464566929134
0
LINE
8
BLACK
6
CONTINUOUS
10
5.9686023622047246
20
-3.7283464566929134
11
5.9650241338582672
21
-3.7276346850393698
0
LINE
8
BLACK
6
CONTINUOUS
10
5.9650241338582672
20
-3.7276346850393698
11
5.9619906299212593
21
-3.7256077952755904
0
LINE
8
BLACK
6
CONTINUOUS
10
5.9619906299212593
20
-3.7256077952755904
11
5.9599637401574803
21
-3.7225742913385824
0
LINE
8
BLACK
6
CONTINUOUS
10
5.9599637401574803
20
-3.7225742913385824
11
5.9592519685039367
21
-3.7189960629921259
0
LINE
8
BLACK
6
CONTINUOUS
10
5.9592519685039367
20
-3.7189960629921259
11
5.9592519685039367
21
-3.6953740157480315
0
LINE
8
BLACK
6
CONTINUOUS
10
5.9592519685039367
20
-3.6953740157480315
11
5.9599637401574803
21
-3.6917957874015745
0
LINE
8
BLACK
6
CONTINUOUS
10
5.9599637401574803
20
-3.6917957874015745
11
5.9619906299212593
21
-3.688762283464567
0
LINE
8
BLACK
6
CONTINUOUS
10
5.9619906299212593
20
-3.688762283464567
11
5.9650241338582672
21
-3.6867353937007872
0
LINE
8
BLACK
6
CONTINUOUS
10
5.9650241338582672
20
-3.6867353937007872
11
5.9686023622047246
21
-3.686023622047244
0
LINE
8
BLACK
6
CONTINUOUS
10
5.9686023622047246
20
-3.686023622047244
11
5.9873031496062987
21
-3.686023622047244
0
LINE
8
BLACK
6
CONTINUOUS
10
5.9873031496062987
20
-3.686023622047244
11
5.9908813779527561
21
-3.6867353937007872
0
LINE
8
BLACK
6
CONTINUOUS
10
6.051078858267716
20
-3.701236929133858
11
6.0529947244094489
21
-3.702517086614173
0
LINE
8
BLACK
6
CONTINUOUS
10
6.0529947244094489
20
-3.702517086614173
11
6.0542748818897634
21
-3.7044329527559055
0
LINE
8
BLACK
6
CONTINUOUS
10
6.0542748818897634
20
-3.7044329527559055
11
6.0547244094488191
21
-3.7066929133858268
0
LINE
8
BLACK
6
CONTINUOUS
10
6.0547244094488191
20
-3.7066929133858268
11
6.0547244094488191
21
-3.7185039370078741
0
LINE
8
BLACK
6
CONTINUOUS
10
6.0547244094488191
20
-3.7185039370078741
11
6.0542748818897634
21
-3.720763897637795
0
LINE
8
BLACK
6
CONTINUOUS
10
6.0542748818897634
20
-3.720763897637795
11
6.0529947244094489
21
-3.7226797637795275
0
LINE
8
BLACK
6
CONTINUOUS
10
6.0529947244094489
20
-3.7226797637795275
11
6.051078858267716
21
-3.7239599212598424
0
LINE
8
BLACK
6
CONTINUOUS
10
6.051078858267716
20
-3.7239599212598424
11
6.048818897637795
21
-3.7244094488188977
0
LINE
8
BLACK
6
CONTINUOUS
10
6.048818897637795
20
-3.7244094488188977
11
6.033070866141732
21
-3.7244094488188977
0
LINE
8
BLACK
6
CONTINUOUS
10
6.033070866141732
20
-3.7244094488188977
11
6.0308109055118111
21
-3.7239599212598424
0
LINE
8
BLACK
6
CONTINUOUS
10
6.0308109055118111
20
-3.7239599212598424
11
6.0288950393700782
21
-3.7226797637795275
0
LINE
8
BLACK
6
CONTINUOUS
10
6.0288950393700782
20
-3.7226797637795275
11
6.0276148818897637
21
-3.720763897637795
0
LINE
8
BLACK
6
CONTINUOUS
10
6.0276148818897637
20
-3.720763897637795
11
6.0271653543307089
21
-3.7185039370078741
0
LINE
8
BLACK
6
CONTINUOUS
10
6.0271653543307089
20
-3.7185039370078741
11
6.0271653543307089
21
-3.7066929133858268
0
LINE
8
BLACK
6
CONTINUOUS
10
6.0271653543307089
20
-3.7066929133858268
11
6.0276148818897637
21
-3.7044329527559055
0
LINE
8
BLACK
6
CONTINUOUS
10
6.0276148818897637
20
-3.7044329527559055
11
6.0288950393700782
21
-3.702517086614173
0
LINE
8
BLACK
6
CONTINUOUS
10
6.0288950393700782
20
-3.702517086614173
11
6.0308109055118111
21
-3.701236929133858
0
LINE
8
BLACK
6
CONTINUOUS
10
6.0308109055118111
20
-3.701236929133858
11
6.033070866141732
21
-3.7007874015748032
0
LINE
8
BLACK
6
CONTINUOUS
10
6.033070866141732
20
-3.7007874015748032
11
6.048818897637795
21
-3.7007874015748032
0
LINE
8
BLACK
6
CONTINUOUS
10
6.048818897637795
20
-3.7007874015748032
11
6.051078858267716
21
-3.701236929133858
0
LINE
8
BLACK
6
CONTINUOUS
10
5.4948183858267718
20
-3.67492437007874
11
5.4978518897637798
21
-3.6769512598425198
0
LINE
8
BLACK
6
CONTINUOUS
10
5.4978518897637798
20
-3.6769512598425198
11
5.4998787795275588
21
-3.6799847637795273
0
LINE
8
BLACK
6
CONTINUOUS
10
5.4998787795275588
20
-3.6799847637795273
11
5.5005905511811024
21
-3.6835629921259843
0
LINE
8
BLACK
6
CONTINUOUS
10
5.5005905511811024
20
-3.6835629921259843
11
5.5005905511811024
21
-3.7022637795275588
0
LINE
8
BLACK
6
CONTINUOUS
10
5.5005905511811024
20
-3.7022637795275588
11
5.4998787795275588
21
-3.7058420078740157
0
LINE
8
BLACK
6
CONTINUOUS
10
5.4998787795275588
20
-3.7058420078740157
11
5.4978518897637798
21
-3.7088755118110237
0
LINE
8
BLACK
6
CONTINUOUS
10
5.4978518897637798
20
-3.7088755118110237
11
5.4948183858267718
21
-3.7109024015748031
0
LINE
8
BLACK
6
CONTINUOUS
10
5.4948183858267718
20
-3.7109024015748031
11
5.4912401574803145
21
-3.7116141732283463
0
LINE
8
BLACK
6
CONTINUOUS
10
5.4912401574803145
20
-3.7116141732283463
11
5.4715551181102358
21
-3.7116141732283463
0
LINE
8
BLACK
6
CONTINUOUS
10
5.4715551181102358
20
-3.7116141732283463
11
5.4679768897637793
21
-3.7109024015748031
0
LINE
8
BLACK
6
CONTINUOUS
10
5.4679768897637793
20
-3.7109024015748031
11
5.4649433858267713
21
-3.7088755118110237
0
LINE
8
BLACK
6
CONTINUOUS
10
5.4649433858267713
20
-3.7088755118110237
11
5.4629164960629923
21
-3.7058420078740157
0
LINE
8
BLACK
6
CONTINUOUS
10
5.4629164960629923
20
-3.7058420078740157
11
5.4622047244094487
21
-3.7022637795275588
0
LINE
8
BLACK
6
CONTINUOUS
10
5.4622047244094487
20
-3.7022637795275588
11
5.4622047244094487
21
-3.6835629921259843
0
LINE
8
BLACK
6
CONTINUOUS
10
5.4622047244094487
20
-3.6835629921259843
11
5.4629164960629923
21
-3.6799847637795273
0
LINE
8
BLACK
6
CONTINUOUS
10
5.4629164960629923
20
-3.6799847637795273
11
5.4649433858267713
21
-3.6769512598425198
0
LINE
8
BLACK
6
CONTINUOUS
10
5.4649433858267713
20
-3.6769512598425198
11
5.4679768897637793
21
-3.67492437007874
0
LINE
8
BLACK
6
CONTINUOUS
10
5.4679768897637793
20
-3.67492437007874
11
5.4715551181102358
21
-3.6742125984251968
0
LINE
8
BLACK
6
CONTINUOUS
10
5.4715551181102358
20
-3.6742125984251968
11
5.4912401574803145
21
-3.6742125984251968
0
LINE
8
BLACK
6
CONTINUOUS
10
5.4912401574803145
20
-3.6742125984251968
11
5.4948183858267718
21
-3.67492437007874
0
LINE
8
BLACK
6
CONTINUOUS
10
5.5666687795275589
20
-3.67492437007874
11
5.5697022834645669
21
-3.6769512598425198
0
LINE
8
BLACK
6
CONTINUOUS
10
5.5697022834645669
20
-3.6769512598425198
11
5.5717291732283467
21
-3.6799847637795273
0
LINE
8
BLACK
6
CONTINUOUS
10
5.5717291732283467
20
-3.6799847637795273
11
5.5724409448818895
21
-3.6835629921259843
0
LINE
8
BLACK
6
CONTINUOUS
10
5.5724409448818895
20
-3.6835629921259843
11
5.5724409448818895
21
-3.7022637795275588
0
LINE
8
BLACK
6
CONTINUOUS
10
5.5724409448818895
20
-3.7022637795275588
11
5.5717291732283467
21
-3.7058420078740157
0
LINE
8
BLACK
6
CONTINUOUS
10
5.5717291732283467
20
-3.7058420078740157
11
5.5697022834645669
21
-3.7088755118110237
0
LINE
8
BLACK
6
CONTINUOUS
10
5.5697022834645669
20
-3.7088755118110237
11
5.5666687795275589
21
-3.7109024015748031
0
LINE
8
BLACK
6
CONTINUOUS
10
5.5666687795275589
20
-3.7109024015748031
11
5.5630905511811024
21
-3.7116141732283463
0
LINE
8
BLACK
6
CONTINUOUS
10
5.5630905511811024
20
-3.7116141732283463
11
5.5434055118110237
21
-3.7116141732283463
0
LINE
8
BLACK
6
CONTINUOUS
10
5.5434055118110237
20
-3.7116141732283463
11
5.5398272834645672
21
-3.7109024015748031
0
LINE
8
BLACK
6
CONTINUOUS
10
5.5398272834645672
20
-3.7109024015748031
11
5.5367937795275592
21
-3.7088755118110237
0
LINE
8
BLACK
6
CONTINUOUS
10
5.5367937795275592
20
-3.7088755118110237
11
5.5347668897637794
21
-3.7058420078740157
0
LINE
8
BLACK
6
CONTINUOUS
10
5.5347668897637794
20
-3.7058420078740157
11
5.5340551181102358
21
-3.7022637795275588
0
LINE
8
BLACK
6
CONTINUOUS
10
5.5340551181102358
20
-3.7022637795275588
11
5.5340551181102358
21
-3.6835629921259843
0
LINE
8
BLACK
6
CONTINUOUS
10
5.5340551181102358
20
-3.6835629921259843
11
5.5347668897637794
21
-3.6799847637795273
0
LINE
8
BLACK
6
CONTINUOUS
10
5.5347668897637794
20
-3.6799847637795273
11
5.5367937795275592
21
-3.6769512598425198
0
LINE
8
BLACK
6
CONTINUOUS
10
5.5367937795275592
20
-3.6769512598425198
11
5.5398272834645672
21
-3.67492437007874
0
LINE
8
BLACK
6
CONTINUOUS
10
5.5398272834645672
20
-3.67492437007874
11
5.5434055118110237
21
-3.6742125984251968
0
LINE
8
BLACK
6
CONTINUOUS
10
5.5434055118110237
20
-3.6742125984251968
11
5.5630905511811024
21
-3.6742125984251968
0
LINE
8
BLACK
6
CONTINUOUS
10
5.5630905511811024
20
-3.6742125984251968
11
5.5666687795275589
21
-3.67492437007874
0
LINE
8
BLACK
6
CONTINUOUS
10
5.0193700787401569
20
-3.7067716535433068
11
4.9593700787401573
21
-3.7067716535433068
0
LINE
8
BLACK
6
CONTINUOUS
10
4.9593700787401573
20
-3.7067716535433068
11
4.9593700787401573
21
-3.6467716535433068
0
LINE
8
BLACK
6
CONTINUOUS
10
4.9593700787401573
20
-3.6467716535433068
11
5.0193700787401569
21
-3.6467716535433068
0
LINE
8
BLACK
6
CONTINUOUS
10
5.0193700787401569
20
-3.6467716535433068
11
5.0193700787401569
21
-3.7067716535433068
0
LINE
8
BLACK
6
CONTINUOUS
10
5.1193700787401575
20
-3.7067716535433068
11
5.059370078740157
21
-3.7067716535433068
0
LINE
8
BLACK
6
CONTINUOUS
10
5.059370078740157
20
-3.7067716535433068
11
5.059370078740157
21
-3.6467716535433068
0
LINE
8
BLACK
6
CONTINUOUS
10
5.059370078740157
20
-3.6467716535433068
11
5.1193700787401575
21
-3.6467716535433068
0
LINE
8
BLACK
6
CONTINUOUS
10
5.1193700787401575
20
-3.6467716535433068
11
5.1193700787401575
21
-3.7067716535433068
0
LINE
8
BLACK
6
CONTINUOUS
10
5.6265066141732278
20
-3.6912445669291336
11
5.6277838976377952
21
-3.692097992125984
0
LINE
8
BLACK
6
CONTINUOUS
10
5.6277838976377952
20
-3.692097992125984
11
5.6286373228346456
21
-3.6933752755905509
0
LINE
8
BLACK
6
CONTINUOUS
10
5.6286373228346456
20
-3.6933752755905509
11
5.6289370078740157
21
-3.6948818897637796
0
LINE
8
BLACK
6
CONTINUOUS
10
5.6289370078740157
20
-3.6948818897637796
11
5.6289370078740157
21
-3.7027559055118111
0
LINE
8
BLACK
6
CONTINUOUS
10
5.6289370078740157
20
-3.7027559055118111
11
5.6286373228346456
21
-3.7042625196850394
0
LINE
8
BLACK
6
CONTINUOUS
10
5.6286373228346456
20
-3.7042625196850394
11
5.6277838976377952
21
-3.7055398031496063
0
LINE
8
BLACK
6
CONTINUOUS
10
5.6277838976377952
20
-3.7055398031496063
11
5.6265066141732278
21
-3.7063932283464567
0
LINE
8
BLACK
6
CONTINUOUS
10
5.6265066141732278
20
-3.7063932283464567
11
5.625
21
-3.7066929133858268
0
LINE
8
BLACK
6
CONTINUOUS
10
5.625
20
-3.7066929133858268
11
5.6072834645669287
21
-3.7066929133858268
0
LINE
8
BLACK
6
CONTINUOUS
10
5.6072834645669287
20
-3.7066929133858268
11
5.6057768503937009
21
-3.7063932283464567
0
LINE
8
BLACK
6
CONTINUOUS
10
5.6057768503937009
20
-3.7063932283464567
11
5.6044995669291335
21
-3.7055398031496063
0
LINE
8
BLACK
6
CONTINUOUS
10
5.6044995669291335
20
-3.7055398031496063
11
5.6036461417322831
21
-3.7042625196850394
0
LINE
8
BLACK
6
CONTINUOUS
10
5.6036461417322831
20
-3.7042625196850394
11
5.603346456692913
21
-3.7027559055118111
0
LINE
8
BLACK
6
CONTINUOUS
10
5.603346456692913
20
-3.7027559055118111
11
5.603346456692913
21
-3.6948818897637796
0
LINE
8
BLACK
6
CONTINUOUS
10
5.603346456692913
20
-3.6948818897637796
11
5.6036461417322831
21
-3.6933752755905509
0
LINE
8
BLACK
6
CONTINUOUS
10
5.6036461417322831
20
-3.6933752755905509
11
5.6044995669291335
21
-3.692097992125984
0
LINE
8
BLACK
6
CONTINUOUS
10
5.6044995669291335
20
-3.692097992125984
11
5.6057768503937009
21
-3.6912445669291336
0
LINE
8
BLACK
6
CONTINUOUS
10
5.6057768503937009
20
-3.6912445669291336
11
5.6072834645669287
21
-3.6909448818897639
0
LINE
8
BLACK
6
CONTINUOUS
10
5.6072834645669287
20
-3.6909448818897639
11
5.625
21
-3.6909448818897639
0
LINE
8
BLACK
6
CONTINUOUS
10
5.625
20
-3.6909448818897639
11
5.6265066141732278
21
-3.6912445669291336
0
LINE
8
BLACK
6
CONTINUOUS
10
5.7013097637795278
20
-3.6912445669291336
11
5.7025870472440943
21
-3.692097992125984
0
LINE
8
BLACK
6
CONTINUOUS
10
5.7025870472440943
20
-3.692097992125984
11
5.7034404724409447
21
-3.6933752755905509
0
LINE
8
BLACK
6
CONTINUOUS
10
5.7034404724409447
20
-3.6933752755905509
11
5.7037401574803148
21
-3.6948818897637796
0
LINE
8
BLACK
6
CONTINUOUS
10
5.7037401574803148
20
-3.6948818897637796
11
5.7037401574803148
21
-3.7027559055118111
0
LINE
8
BLACK
6
CONTINUOUS
10
5.7037401574803148
20
-3.7027559055118111
11
5.7034404724409447
21
-3.7042625196850394
0
LINE
8
BLACK
6
CONTINUOUS
10
5.7034404724409447
20
-3.7042625196850394
11
5.7025870472440943
21
-3.7055398031496063
0
LINE
8
BLACK
6
CONTINUOUS
10
5.7025870472440943
20
-3.7055398031496063
11
5.7013097637795278
21
-3.7063932283464567
0
LINE
8
BLACK
6
CONTINUOUS
10
5.7013097637795278
20
-3.7063932283464567
11
5.6998031496062991
21
-3.7066929133858268
0
LINE
8
BLACK
6
CONTINUOUS
10
5.6998031496062991
20
-3.7066929133858268
11
5.6820866141732278
21
-3.7066929133858268
0
LINE
8
BLACK
6
CONTINUOUS
10
5.6820866141732278
20
-3.7066929133858268
11
5.68058
21
-3.7063932283464567
0
LINE
8
BLACK
6
CONTINUOUS
10
5.68058
20
-3.7063932283464567
11
5.6793027165354326
21
-3.7055398031496063
0
LINE
8
BLACK
6
CONTINUOUS
10
5.6793027165354326
20
-3.7055398031496063
11
5.6784492913385822
21
-3.7042625196850394
0
LINE
8
BLACK
6
CONTINUOUS
10
5.6784492913385822
20
-3.7042625196850394
11
5.6781496062992121
21
-3.7027559055118111
0
LINE
8
BLACK
6
CONTINUOUS
10
5.6781496062992121
20
-3.7027559055118111
11
5.6781496062992121
21
-3.6948818897637796
0
LINE
8
BLACK
6
CONTINUOUS
10
5.6781496062992121
20
-3.6948818897637796
11
5.6784492913385822
21
-3.6933752755905509
0
LINE
8
BLACK
6
CONTINUOUS
10
5.6784492913385822
20
-3.6933752755905509
11
5.6793027165354326
21
-3.692097992125984
0
LINE
8
BLACK
6
CONTINUOUS
10
5.6793027165354326
20
-3.692097992125984
11
5.68058
21
-3.6912445669291336
0
LINE
8
BLACK
6
CONTINUOUS
10
5.68058
20
-3.6912445669291336
11
5.6820866141732278
21
-3.6909448818897639
0
LINE
8
BLACK
6
CONTINUOUS
10
5.6820866141732278
20
-3.6909448818897639
11
5.6998031496062991
21
-3.6909448818897639
0
LINE
8
BLACK
6
CONTINUOUS
10
5.6998031496062991
20
-3.6909448818897639
11
5.7013097637795278
21
-3.6912445669291336
0
LINE
8
BLACK
6
CONTINUOUS
10
5.3278892519685037
20
-3.6587826377952757
11
5.3309227559055117
21
-3.6608095275590551
0
LINE
8
BLACK
6
CONTINUOUS
10
5.3309227559055117
20
-3.6608095275590551
11
5.3329496456692915
21
-3.6638430314960631
0
LINE
8
BLACK
6
CONTINUOUS
10
5.3329496456692915
20
-3.6638430314960631
11
5.3336614173228343
21
-3.6674212598425195
0
LINE
8
BLACK
6
CONTINUOUS
10
5.3336614173228343
20
-3.6674212598425195
11
5.3336614173228343
21
-3.6861220472440945
0
LINE
8
BLACK
6
CONTINUOUS
10
5.3336614173228343
20
-3.6861220472440945
11
5.3329496456692915
21
-3.689700275590551
0
LINE
8
BLACK
6
CONTINUOUS
10
5.3329496456692915
20
-3.689700275590551
11
5.3309227559055117
21
-3.692733779527559
0
LINE
8
BLACK
6
CONTINUOUS
10
5.3309227559055117
20
-3.692733779527559
11
5.3278892519685037
21
-3.6947606692913384
0
LINE
8
BLACK
6
CONTINUOUS
10
5.3278892519685037
20
-3.6947606692913384
11
5.3243110236220472
21
-3.6954724409448816
0
LINE
8
BLACK
6
CONTINUOUS
10
5.3243110236220472
20
-3.6954724409448816
11
5.3046259842519685
21
-3.6954724409448816
0
LINE
8
BLACK
6
CONTINUOUS
10
5.3046259842519685
20
-3.6954724409448816
11
5.301047755905512
21
-3.6947606692913384
0
LINE
8
BLACK
6
CONTINUOUS
10
5.301047755905512
20
-3.6947606692913384
11
5.2980142519685041
21
-3.692733779527559
0
LINE
8
BLACK
6
CONTINUOUS
10
5.2980142519685041
20
-3.692733779527559
11
5.2959873622047242
21
-3.689700275590551
0
LINE
8
BLACK
6
CONTINUOUS
10
5.2959873622047242
20
-3.689700275590551
11
5.2952755905511806
21
-3.6861220472440945
0
LINE
8
BLACK
6
CONTINUOUS
10
5.2952755905511806
20
-3.6861220472440945
11
5.2952755905511806
21
-3.6674212598425195
0
LINE
8
BLACK
6
CONTINUOUS
10
5.2952755905511806
20
-3.6674212598425195
11
5.2959873622047242
21
-3.6638430314960631
0
LINE
8
BLACK
6
CONTINUOUS
10
5.2959873622047242
20
-3.6638430314960631
11
5.2980142519685041
21
-3.6608095275590551
0
LINE
8
BLACK
6
CONTINUOUS
10
5.2980142519685041
20
-3.6608095275590551
11
5.301047755905512
21
-3.6587826377952757
0
LINE
8
BLACK
6
CONTINUOUS
10
5.301047755905512
20
-3.6587826377952757
11
5.3046259842519685
21
-3.658070866141732
0
LINE
8
BLACK
6
CONTINUOUS
10
5.3046259842519685
20
-3.658070866141732
11
5.3243110236220472
21
-3.658070866141732
0
LINE
8
BLACK
6
CONTINUOUS
10
5.3243110236220472
20
-3.658070866141732
11
5.3278892519685037
21
-3.6587826377952757
0
LINE
8
BLACK
6
CONTINUOUS
10
5.3997396456692917
20
-3.6587826377952757
11
5.4027731496062987
21
-3.6608095275590551
0
LINE
8
BLACK
6
CONTINUOUS
10
5.4027731496062987
20
-3.6608095275590551
11
5.4048000393700786
21
-3.6638430314960631
0
LINE
8
BLACK
6
CONTINUOUS
10
5.4048000393700786
20
-3.6638430314960631
11
5.4055118110236222
21
-3.6674212598425195
0
LINE
8
BLACK
6
CONTINUOUS
10
5.4055118110236222
20
-3.6674212598425195
11
5.4055118110236222
21
-3.6861220472440945
0
LINE
8
BLACK
6
CONTINUOUS
10
5.4055118110236222
20
-3.6861220472440945
11
5.4048000393700786
21
-3.689700275590551
0
LINE
8
BLACK
6
CONTINUOUS
10
5.4048000393700786
20
-3.689700275590551
11
5.4027731496062987
21
-3.692733779527559
0
LINE
8
BLACK
6
CONTINUOUS
10
5.4027731496062987
20
-3.692733779527559
11
5.3997396456692917
21
-3.6947606692913384
0
LINE
8
BLACK
6
CONTINUOUS
10
5.3997396456692917
20
-3.6947606692913384
11
5.3961614173228343
21
-3.6954724409448816
0
LINE
8
BLACK
6
CONTINUOUS
10
5.3961614173228343
20
-3.6954724409448816
11
5.3764763779527556
21
-3.6954724409448816
0
LINE
8
BLACK
6
CONTINUOUS
10
5.3764763779527556
20
-3.6954724409448816
11
5.3728981496062991
21
-3.6947606692913384
0
LINE
8
BLACK
6
CONTINUOUS
10
5.3728981496062991
20
-3.6947606692913384
11
5.3698646456692911
21
-3.692733779527559
0
LINE
8
BLACK
6
CONTINUOUS
10
5.3698646456692911
20
-3.692733779527559
11
5.3678377559055113
21
-3.689700275590551
0
LINE
8
BLACK
6
CONTINUOUS
10
5.3678377559055113
20
-3.689700275590551
11
5.3671259842519685
21
-3.6861220472440945
0
LINE
8
BLACK
6
CONTINUOUS
10
5.3671259842519685
20
-3.6861220472440945
11
5.3671259842519685
21
-3.6674212598425195
0
LINE
8
BLACK
6
CONTINUOUS
10
5.3671259842519685
20
-3.6674212598425195
11
5.3678377559055113
21
-3.6638430314960631
0
LINE
8
BLACK
6
CONTINUOUS
10
5.3678377559055113
20
-3.6638430314960631
11
5.3698646456692911
21
-3.6608095275590551
0
LINE
8
BLACK
6
CONTINUOUS
10
5.3698646456692911
20
-3.6608095275590551
11
5.3728981496062991
21
-3.6587826377952757
0
LINE
8
BLACK
6
CONTINUOUS
10
5.3728981496062991
20
-3.6587826377952757
11
5.3764763779527556
21
-3.658070866141732
0
LINE
8
BLACK
6
CONTINUOUS
10
5.3764763779527556
20
-3.658070866141732
11
5.3961614173228343
21
-3.658070866141732
0
LINE
8
BLACK
6
CONTINUOUS
10
5.3961614173228343
20
-3.658070866141732
11
5.3997396456692917
21
-3.6587826377952757
0
LINE
8
BLACK
6
CONTINUOUS
10
6.051078858267716
20
-3.6461188188976377
11
6.0529947244094489
21
-3.6473989763779526
0
LINE
8
BLACK
6
CONTINUOUS
10
6.0529947244094489
20
-3.6473989763779526
11
6.0542748818897634
21
-3.6493148425196851
0
LINE
8
BLACK
6
CONTINUOUS
10
6.0542748818897634
20
-3.6493148425196851
11
6.0547244094488191
21
-3.651574803149606
0
LINE
8
BLACK
6
CONTINUOUS
10
6.0547244094488191
20
-3.651574803149606
11
6.0547244094488191
21
-3.6633858267716533
0
LINE
8
BLACK
6
CONTINUOUS
10
6.0547244094488191
20
-3.6633858267716533
11
6.0542748818897634
21
-3.6656457874015747
0
LINE
8
BLACK
6
CONTINUOUS
10
6.0542748818897634
20
-3.6656457874015747
11
6.0529947244094489
21
-3.6675616535433071
0
LINE
8
BLACK
6
CONTINUOUS
10
6.0529947244094489
20
-3.6675616535433071
11
6.051078858267716
21
-3.6688418110236221
0
LINE
8
BLACK
6
CONTINUOUS
10
6.051078858267716
20
-3.6688418110236221
11
6.048818897637795
21
-3.6692913385826769
0
LINE
8
BLACK
6
CONTINUOUS
10
6.048818897637795
20
-3.6692913385826769
11
6.033070866141732
21
-3.6692913385826769
0
LINE
8
BLACK
6
CONTINUOUS
10
6.033070866141732
20
-3.6692913385826769
11
6.0308109055118111
21
-3.6688418110236221
0
LINE
8
BLACK
6
CONTINUOUS
10
6.0308109055118111
20
-3.6688418110236221
11
6.0288950393700782
21
-3.6675616535433071
0
LINE
8
BLACK
6
CONTINUOUS
10
6.0288950393700782
20
-3.6675616535433071
11
6.0276148818897637
21
-3.6656457874015747
0
LINE
8
BLACK
6
CONTINUOUS
10
6.0276148818897637
20
-3.6656457874015747
11
6.0271653543307089
21
-3.6633858267716533
0
LINE
8
BLACK
6
CONTINUOUS
10
6.0271653543307089
20
-3.6633858267716533
11
6.0271653543307089
21
-3.651574803149606
0
LINE
8
BLACK
6
CONTINUOUS
10
6.0271653543307089
20
-3.651574803149606
11
6.0276148818897637
21
-3.6493148425196851
0
LINE
8
BLACK
6
CONTINUOUS
10
6.0276148818897637
20
-3.6493148425196851
11
6.0288950393700782
21
-3.6473989763779526
0
LINE
8
BLACK
6
CONTINUOUS
10
6.0288950393700782
20
-3.6473989763779526
11
6.0308109055118111
21
-3.6461188188976377
0
LINE
8
BLACK
6
CONTINUOUS
10
6.0308109055118111
20
-3.6461188188976377
11
6.033070866141732
21
-3.6456692913385824
0
LINE
8
BLACK
6
CONTINUOUS
10
6.033070866141732
20
-3.6456692913385824
11
6.048818897637795
21
-3.6456692913385824
0
LINE
8
BLACK
6
CONTINUOUS
10
6.048818897637795
20
-3.6456692913385824
11
6.051078858267716
21
-3.6461188188976377
0
LINE
8
BLACK
6
CONTINUOUS
10
6.1643760236220473
20
-3.5609173622047243
11
6.172307992125984
21
-3.5634946062992126
0
LINE
8
BLACK
6
CONTINUOUS
10
6.172307992125984
20
-3.5634946062992126
11
6.1797390944881885
21
-3.5672809448818898
0
LINE
8
BLACK
6
CONTINUOUS
10
6.1797390944881885
20
-3.5672809448818898
11
6.1864864173228344
21
-3.5721831496062992
0
LINE
8
BLACK
6
CONTINUOUS
10
6.1864864173228344
20
-3.5721831496062992
11
6.1923837795275585
21
-3.5780805118110237
0
LINE
8
BLACK
6
CONTINUOUS
10
6.1923837795275585
20
-3.5780805118110237
11
6.1972859842519687
21
-3.5848278346456692
0
LINE
8
BLACK
6
CONTINUOUS
10
6.1972859842519687
20
-3.5848278346456692
11
6.2010723228346452
21
-3.5922589370078741
0
LINE
8
BLACK
6
CONTINUOUS
10
6.2010723228346452
20
-3.5922589370078741
11
6.2036495669291334
21
-3.6001909055118109
0
LINE
8
BLACK
6
CONTINUOUS
10
6.2036495669291334
20
-3.6001909055118109
11
6.2049542519685037
21
-3.6084283464566926
0
LINE
8
BLACK
6
CONTINUOUS
10
6.2049542519685037
20
-3.6084283464566926
11
6.2049542519685037
21
-3.6167685039370077
0
LINE
8
BLACK
6
CONTINUOUS
10
6.2049542519685037
20
-3.6167685039370077
11
6.2036495669291334
21
-3.6250059448818899
0
LINE
8
BLACK
6
CONTINUOUS
10
6.2036495669291334
20
-3.6250059448818899
11
6.2010723228346452
21
-3.6329379133858266
0
LINE
8
BLACK
6
CONTINUOUS
10
6.2010723228346452
20
-3.6329379133858266
11
6.1972859842519687
21
-3.6403690157480315
0
LINE
8
BLACK
6
CONTINUOUS
10
6.1972859842519687
20
-3.6403690157480315
11
6.1923837795275585
21
-3.647116338582677
0
LINE
8
BLACK
6
CONTINUOUS
10
6.1923837795275585
20
-3.647116338582677
11
6.1864864173228344
21
-3.6530137007874015
0
LINE
8
BLACK
6
CONTINUOUS
10
6.1864864173228344
20
-3.6530137007874015
11
6.1797390944881885
21
-3.6579159055118109
0
LINE
8
BLACK
6
CONTINUOUS
10
6.1797390944881885
20
-3.6579159055118109
11
6.172307992125984
21
-3.6617022440944882
0
LINE
8
BLACK
6
CONTINUOUS
10
6.172307992125984
20
-3.6617022440944882
11
6.1643760236220473
21
-3.6642794881889764
0
LINE
8
BLACK
6
CONTINUOUS
10
6.1643760236220473
20
-3.6642794881889764
11
6.1561385826771655
21
-3.6655841732283463
0
LINE
8
BLACK
6
CONTINUOUS
10
6.1561385826771655
20
-3.6655841732283463
11
6.14779842519685
21
-3.6655841732283463
0
LINE
8
BLACK
6
CONTINUOUS
10
6.14779842519685
20
-3.6655841732283463
11
6.1395609842519683
21
-3.6642794881889764
0
LINE
8
BLACK
6
CONTINUOUS
10
6.1395609842519683
20
-3.6642794881889764
11
6.1316290157480315
21
-3.6617022440944882
0
LINE
8
BLACK
6
CONTINUOUS
10
6.1316290157480315
20
-3.6617022440944882
11
6.1241979133858262
21
-3.6579159055118109
0
LINE
8
BLACK
6
CONTINUOUS
10
6.1241979133858262
20
-3.6579159055118109
11
6.1174505905511811
21
-3.6530137007874015
0
LINE
8
BLACK
6
CONTINUOUS
10
6.1174505905511811
20
-3.6530137007874015
11
6.1115532283464562
21
-3.647116338582677
0
LINE
8
BLACK
6
CONTINUOUS
10
6.1115532283464562
20
-3.647116338582677
11
6.1066510236220468
21
-3.6403690157480315
0
LINE
8
BLACK
6
CONTINUOUS
10
6.1066510236220468
20
-3.6403690157480315
11
6.1028646850393695
21
-3.6329379133858266
0
LINE
8
BLACK
6
CONTINUOUS
10
6.1028646850393695
20
-3.6329379133858266
11
6.1002874409448822
21
-3.6250059448818899
0
LINE
8
BLACK
6
CONTINUOUS
10
6.1002874409448822
20
-3.6250059448818899
11
6.0989827559055119
21
-3.6167685039370077
0
LINE
8
BLACK
6
CONTINUOUS
10
6.0989827559055119
20
-3.6167685039370077
11
6.0989827559055119
21
-3.6084283464566926
0
LINE
8
BLACK
6
CONTINUOUS
10
6.0989827559055119
20
-3.6084283464566926
11
6.1002874409448822
21
-3.6001909055118109
0
LINE
8
BLACK
6
CONTINUOUS
10
6.1002874409448822
20
-3.6001909055118109
11
6.1028646850393695
21
-3.5922589370078741
0
LINE
8
BLACK
6
CONTINUOUS
10
6.1028646850393695
20
-3.5922589370078741
11
6.1066510236220468
21
-3.5848278346456692
0
LINE
8
BLACK
6
CONTINUOUS
10
6.1066510236220468
20
-3.5848278346456692
11
6.1115532283464562
21
-3.5780805118110237
0
LINE
8
BLACK
6
CONTINUOUS
10
6.1115532283464562
20
-3.5780805118110237
11
6.1174505905511811
21
-3.5721831496062992
0
LINE
8
BLACK
6
CONTINUOUS
10
6.1174505905511811
20
-3.5721831496062992
11
6.1241979133858262
21
-3.5672809448818898
0
LINE
8
BLACK
6
CONTINUOUS
10
6.1241979133858262
20
-3.5672809448818898
11
6.1316290157480315
21
-3.5634946062992126
0
LINE
8
BLACK
6
CONTINUOUS
10
6.1316290157480315
20
-3.5634946062992126
11
6.1395609842519683
21
-3.5609173622047243
0
LINE
8
BLACK
6
CONTINUOUS
10
6.1395609842519683
20
-3.5609173622047243
11
6.14779842519685
21
-3.5596126771653545
0
LINE
8
BLACK
6
CONTINUOUS
10
6.14779842519685
20
-3.5596126771653545
11
6.1561385826771655
21
-3.5596126771653545
0
LINE
8
BLACK
6
CONTINUOUS
10
6.1561385826771655
20
-3.5596126771653545
11
6.1643760236220473
21
-3.5609173622047243
0
LINE
8
BLACK
6
CONTINUOUS
10
6.3643760236220475
20
-3.5609173622047243
11
6.3723079921259842
21
-3.5634946062992126
0
LINE
8
BLACK
6
CONTINUOUS
10
6.3723079921259842
20
-3.5634946062992126
11
6.3797390944881887
21
-3.5672809448818898
0
LINE
8
BLACK
6
CONTINUOUS
10
6.3797390944881887
20
-3.5672809448818898
11
6.3864864173228346
21
-3.5721831496062992
0
LINE
8
BLACK
6
CONTINUOUS
10
6.3864864173228346
20
-3.5721831496062992
11
6.3923837795275587
21
-3.5780805118110237
0
LINE
8
BLACK
6
CONTINUOUS
10
6.3923837795275587
20
-3.5780805118110237
11
6.397285984251968
21
-3.5848278346456692
0
LINE
8
BLACK
6
CONTINUOUS
10
6.397285984251968
20
-3.5848278346456692
11
6.4010723228346453
21
-3.5922589370078741
0
LINE
8
BLACK
6
CONTINUOUS
10
6.4010723228346453
20
-3.5922589370078741
11
6.4036495669291336
21
-3.6001909055118109
0
LINE
8
BLACK
6
CONTINUOUS
10
6.4036495669291336
20
-3.6001909055118109
11
6.4049542519685039
21
-3.6084283464566926
0
LINE
8
BLACK
6
CONTINUOUS
10
6.4049542519685039
20
-3.6084283464566926
11
6.4049542519685039
21
-3.6167685039370077
0
LINE
8
BLACK
6
CONTINUOUS
10
6.4049542519685039
20
-3.6167685039370077
11
6.4036495669291336
21
-3.6250059448818899
0
LINE
8
BLACK
6
CONTINUOUS
10
6.4036495669291336
20
-3.6250059448818899
11
6.4010723228346453
21
-3.6329379133858266
0
LINE
8
BLACK
6
CONTINUOUS
10
6.4010723228346453
20
-3.6329379133858266
11
6.397285984251968
21
-3.6403690157480315
0
LINE
8
BLACK
6
CONTINUOUS
10
6.397285984251968
20
-3.6403690157480315
11
6.3923837795275587
21
-3.647116338582677
0
LINE
8
BLACK
6
CONTINUOUS
10
6.3923837795275587
20
-3.647116338582677
11
6.3864864173228346
21
-3.6530137007874015
0
LINE
8
BLACK
6
CONTINUOUS
10
6.3864864173228346
20
-3.6530137007874015
11
6.3797390944881887
21
-3.6579159055118109
0
LINE
8
BLACK
6
CONTINUOUS
10
6.3797390944881887
20
-3.6579159055118109
11
6.3723079921259842
21
-3.6617022440944882
0
LINE
8
BLACK
6
CONTINUOUS
10
6.3723079921259842
20
-3.6617022440944882
11
6.3643760236220475
21
-3.6642794881889764
0
LINE
8
BLACK
6
CONTINUOUS
10
6.3643760236220475
20
-3.6642794881889764
11
6.3561385826771648
21
-3.6655841732283463
0
LINE
8
BLACK
6
CONTINUOUS
10
6.3561385826771648
20
-3.6655841732283463
11
6.3477984251968502
21
-3.6655841732283463
0
LINE
8
BLACK
6
CONTINUOUS
10
6.3477984251968502
20
-3.6655841732283463
11
6.3395609842519685
21
-3.6642794881889764
0
LINE
8
BLACK
6
CONTINUOUS
10
6.3395609842519685
20
-3.6642794881889764
11
6.3316290157480317
21
-3.6617022440944882
0
LINE
8
BLACK
6
CONTINUOUS
10
6.3316290157480317
20
-3.6617022440944882
11
6.3241979133858264
21
-3.6579159055118109
0
LINE
8
BLACK
6
CONTINUOUS
10
6.3241979133858264
20
-3.6579159055118109
11
6.3174505905511813
21
-3.6530137007874015
0
LINE
8
BLACK
6
CONTINUOUS
10
6.3174505905511813
20
-3.6530137007874015
11
6.3115532283464564
21
-3.647116338582677
0
LINE
8
BLACK
6
CONTINUOUS
10
6.3115532283464564
20
-3.647116338582677
11
6.306651023622047
21
-3.6403690157480315
0
LINE
8
BLACK
6
CONTINUOUS
10
6.306651023622047
20
-3.6403690157480315
11
6.3028646850393697
21
-3.6329379133858266
0
LINE
8
BLACK
6
CONTINUOUS
10
6.3028646850393697
20
-3.6329379133858266
11
6.3002874409448815
21
-3.6250059448818899
0
LINE
8
BLACK
6
CONTINUOUS
10
6.3002874409448815
20
-3.6250059448818899
11
6.298982755905512
21
-3.6167685039370077
0
LINE
8
BLACK
6
CONTINUOUS
10
6.298982755905512
20
-3.6167685039370077
11
6.298982755905512
21
-3.6084283464566926
0
LINE
8
BLACK
6
CONTINUOUS
10
6.298982755905512
20
-3.6084283464566926
11
6.3002874409448815
21
-3.6001909055118109
0
LINE
8
BLACK
6
CONTINUOUS
10
6.3002874409448815
20
-3.6001909055118109
11
6.3028646850393697
21
-3.5922589370078741
0
LINE
8
BLACK
6
CONTINUOUS
10
6.3028646850393697
20
-3.5922589370078741
11
6.306651023622047
21
-3.5848278346456692
0
LINE
8
BLACK
6
CONTINUOUS
10
6.306651023622047
20
-3.5848278346456692
11
6.3115532283464564
21
-3.5780805118110237
0
LINE
8
BLACK
6
CONTINUOUS
10
6.3115532283464564
20
-3.5780805118110237
11
6.3174505905511813
21
-3.5721831496062992
0
LINE
8
BLACK
6
CONTINUOUS
10
6.3174505905511813
20
-3.5721831496062992
11
6.3241979133858264
21
-3.5672809448818898
0
LINE
8
BLACK
6
CONTINUOUS
10
6.3241979133858264
20
-3.5672809448818898
11
6.3316290157480317
21
-3.5634946062992126
0
LINE
8
BLACK
6
CONTINUOUS
10
6.3316290157480317
20
-3.5634946062992126
11
6.3395609842519685
21
-3.5609173622047243
0
LINE
8
BLACK
6
CONTINUOUS
10
6.3395609842519685
20
-3.5609173622047243
11
6.3477984251968502
21
-3.5596126771653545
0
LINE
8
BLACK
6
CONTINUOUS
10
6.3477984251968502
20
-3.5596126771653545
11
6.3561385826771648
21
-3.5596126771653545
0
LINE
8
BLACK
6
CONTINUOUS
10
6.3561385826771648
20
-3.5596126771653545
11
6.3643760236220475
21
-3.5609173622047243
0
LINE
8
BLACK
6
CONTINUOUS
10
5.6389128740157481
20
-3.6158692519685038
11
5.6419463779527561
21
-3.6178961417322832
0
LINE
8
BLACK
6
CONTINUOUS
10
5.6419463779527561
20
-3.6178961417322832
11
5.6439732677165351
21
-3.6209296456692912
0
LINE
8
BLACK
6
CONTINUOUS
10
5.6439732677165351
20
-3.6209296456692912
11
5.6446850393700787
21
-3.6245078740157481
0
LINE
8
BLACK
6
CONTINUOUS
10
5.6446850393700787
20
-3.6245078740157481
11
5.6446850393700787
21
-3.6432086614173227
0
LINE
8
BLACK
6
CONTINUOUS
10
5.6446850393700787
20
-3.6432086614173227
11
5.6439732677165351
21
-3.6467868897637796
0
LINE
8
BLACK
6
CONTINUOUS
10
5.6439732677165351
20
-3.6467868897637796
11
5.6419463779527561
21
-3.6498203937007871
0
LINE
8
BLACK
6
CONTINUOUS
10
5.6419463779527561
20
-3.6498203937007871
11
5.6389128740157481
21
-3.651847283464567
0
LINE
8
BLACK
6
CONTINUOUS
10
5.6389128740157481
20
-3.651847283464567
11
5.6353346456692917
21
-3.6525590551181102
0
LINE
8
BLACK
6
CONTINUOUS
10
5.6353346456692917
20
-3.6525590551181102
11
5.6117125984251963
21
-3.6525590551181102
0
LINE
8
BLACK
6
CONTINUOUS
10
5.6117125984251963
20
-3.6525590551181102
11
5.6081343700787398
21
-3.651847283464567
0
LINE
8
BLACK
6
CONTINUOUS
10
5.6081343700787398
20
-3.651847283464567
11
5.6051008661417319
21
-3.6498203937007871
0
LINE
8
BLACK
6
CONTINUOUS
10
5.6051008661417319
20
-3.6498203937007871
11
5.6030739763779529
21
-3.6467868897637796
0
LINE
8
BLACK
6
CONTINUOUS
10
5.6030739763779529
20
-3.6467868897637796
11
5.6023622047244093
21
-3.6432086614173227
0
LINE
8
BLACK
6
CONTINUOUS
10
5.6023622047244093
20
-3.6432086614173227
11
5.6023622047244093
21
-3.6245078740157481
0
LINE
8
BLACK
6
CONTINUOUS
10
5.6023622047244093
20
-3.6245078740157481
11
5.6030739763779529
21
-3.6209296456692912
0
LINE
8
BLACK
6
CONTINUOUS
10
5.6030739763779529
20
-3.6209296456692912
11
5.6051008661417319
21
-3.6178961417322832
0
LINE
8
BLACK
6
CONTINUOUS
10
5.6051008661417319
20
-3.6178961417322832
11
5.6081343700787398
21
-3.6158692519685038
0
LINE
8
BLACK
6
CONTINUOUS
10
5.6081343700787398
20
-3.6158692519685038
11
5.6117125984251963
21
-3.6151574803149606
0
LINE
8
BLACK
6
CONTINUOUS
10
5.6117125984251963
20
-3.6151574803149606
11
5.6353346456692917
21
-3.6151574803149606
0
LINE
8
BLACK
6
CONTINUOUS
10
5.6353346456692917
20
-3.6151574803149606
11
5.6389128740157481
21
-3.6158692519685038
0
LINE
8
BLACK
6
CONTINUOUS
10
5.7068262598425195
20
-3.6158692519685038
11
5.7098597637795274
21
-3.6178961417322832
0
LINE
8
BLACK
6
CONTINUOUS
10
5.7098597637795274
20
-3.6178961417322832
11
5.7118866535433073
21
-3.6209296456692912
0
LINE
8
BLACK
6
CONTINUOUS
10
5.7118866535433073
20
-3.6209296456692912
11
5.71259842519685
21
-3.6245078740157481
0
LINE
8
BLACK
6
CONTINUOUS
10
5.71259842519685
20
-3.6245078740157481
11
5.71259842519685
21
-3.6432086614173227
0
LINE
8
BLACK
6
CONTINUOUS
10
5.71259842519685
20
-3.6432086614173227
11
5.7118866535433073
21
-3.6467868897637796
0
LINE
8
BLACK
6
CONTINUOUS
10
5.7118866535433073
20
-3.6467868897637796
11
5.7098597637795274
21
-3.6498203937007871
0
LINE
8
BLACK
6
CONTINUOUS
10
5.7098597637795274
20
-3.6498203937007871
11
5.7068262598425195
21
-3.651847283464567
0
LINE
8
BLACK
6
CONTINUOUS
10
5.7068262598425195
20
-3.651847283464567
11
5.703248031496063
21
-3.6525590551181102
0
LINE
8
BLACK
6
CONTINUOUS
10
5.703248031496063
20
-3.6525590551181102
11
5.6796259842519685
21
-3.6525590551181102
0
LINE
8
BLACK
6
CONTINUOUS
10
5.6796259842519685
20
-3.6525590551181102
11
5.676047755905512
21
-3.651847283464567
0
LINE
8
BLACK
6
CONTINUOUS
10
5.676047755905512
20
-3.651847283464567
11
5.6730142519685041
21
-3.6498203937007871
0
LINE
8
BLACK
6
CONTINUOUS
10
5.6730142519685041
20
-3.6498203937007871
11
5.6709873622047242
21
-3.6467868897637796
0
LINE
8
BLACK
6
CONTINUOUS
10
5.6709873622047242
20
-3.6467868897637796
11
5.6702755905511806
21
-3.6432086614173227
0
LINE
8
BLACK
6
CONTINUOUS
10
5.6702755905511806
20
-3.6432086614173227
11
5.6702755905511806
21
-3.6245078740157481
0
LINE
8
BLACK
6
CONTINUOUS
10
5.6702755905511806
20
-3.6245078740157481
11
5.6709873622047242
21
-3.6209296456692912
0
LINE
8
BLACK
6
CONTINUOUS
10
5.6709873622047242
20
-3.6209296456692912
11
5.6730142519685041
21
-3.6178961417322832
0
LINE
8
BLACK
6
CONTINUOUS
10
5.6730142519685041
20
-3.6178961417322832
11
5.676047755905512
21
-3.6158692519685038
0
LINE
8
BLACK
6
CONTINUOUS
10
5.676047755905512
20
-3.6158692519685038
11
5.6796259842519685
21
-3.6151574803149606
0
LINE
8
BLACK
6
CONTINUOUS
10
5.6796259842519685
20
-3.6151574803149606
11
5.703248031496063
21
-3.6151574803149606
0
LINE
8
BLACK
6
CONTINUOUS
10
5.703248031496063
20
-3.6151574803149606
11
5.7068262598425195
21
-3.6158692519685038
0
LINE
8
BLACK
6
CONTINUOUS
10
5.4987553937007876
20
-3.6119322440944881
11
5.5017888976377956
21
-3.6139591338582675
0
LINE
8
BLACK
6
CONTINUOUS
10
5.5017888976377956
20
-3.6139591338582675
11
5.5038157874015745
21
-3.6169926377952755
0
LINE
8
BLACK
6
CONTINUOUS
10
5.5038157874015745
20
-3.6169926377952755
11
5.5045275590551181
21
-3.6205708661417324
0
LINE
8
BLACK
6
CONTINUOUS
10
5.5045275590551181
20
-3.6205708661417324
11
5.5045275590551181
21
-3.639271653543307
0
LINE
8
BLACK
6
CONTINUOUS
10
5.5045275590551181
20
-3.639271653543307
11
5.5038157874015745
21
-3.6428498818897639
0
LINE
8
BLACK
6
CONTINUOUS
10
5.5038157874015745
20
-3.6428498818897639
11
5.5017888976377956
21
-3.6458833858267714
0
LINE
8
BLACK
6
CONTINUOUS
10
5.5017888976377956
20
-3.6458833858267714
11
5.4987553937007876
21
-3.6479102755905513
0
LINE
8
BLACK
6
CONTINUOUS
10
5.4987553937007876
20
-3.6479102755905513
11
5.4951771653543302
21
-3.6486220472440944
0
LINE
8
BLACK
6
CONTINUOUS
10
5.4951771653543302
20
-3.6486220472440944
11
5.4715551181102358
21
-3.6486220472440944
0
LINE
8
BLACK
6
CONTINUOUS
10
5.4715551181102358
20
-3.6486220472440944
11
5.4679768897637793
21
-3.6479102755905513
0
LINE
8
BLACK
6
CONTINUOUS
10
5.4679768897637793
20
-3.6479102755905513
11
5.4649433858267713
21
-3.6458833858267714
0
LINE
8
BLACK
6
CONTINUOUS
10
5.4649433858267713
20
-3.6458833858267714
11
5.4629164960629923
21
-3.6428498818897639
0
LINE
8
BLACK
6
CONTINUOUS
10
5.4629164960629923
20
-3.6428498818897639
11
5.4622047244094487
21
-3.639271653543307
0
LINE
8
BLACK
6
CONTINUOUS
10
5.4622047244094487
20
-3.639271653543307
11
5.4622047244094487
21
-3.6205708661417324
0
LINE
8
BLACK
6
CONTINUOUS
10
5.4622047244094487
20
-3.6205708661417324
11
5.4629164960629923
21
-3.6169926377952755
0
LINE
8
BLACK
6
CONTINUOUS
10
5.4629164960629923
20
-3.6169926377952755
11
5.4649433858267713
21
-3.6139591338582675
0
LINE
8
BLACK
6
CONTINUOUS
10
5.4649433858267713
20
-3.6139591338582675
11
5.4679768897637793
21
-3.6119322440944881
0
LINE
8
BLACK
6
CONTINUOUS
10
5.4679768897637793
20
-3.6119322440944881
11
5.4715551181102358
21
-3.6112204724409449
0
LINE
8
BLACK
6
CONTINUOUS
10
5.4715551181102358
20
-3.6112204724409449
11
5.4951771653543302
21
-3.6112204724409449
0
LINE
8
BLACK
6
CONTINUOUS
10
5.4951771653543302
20
-3.6112204724409449
11
5.4987553937007876
21
-3.6119322440944881
0
LINE
8
BLACK
6
CONTINUOUS
10
5.5666687795275589
20
-3.6119322440944881
11
5.5697022834645669
21
-3.6139591338582675
0
LINE
8
BLACK
6
CONTINUOUS
10
5.5697022834645669
20
-3.6139591338582675
11
5.5717291732283467
21
-3.6169926377952755
0
LINE
8
BLACK
6
CONTINUOUS
10
5.5717291732283467
20
-3.6169926377952755
11
5.5724409448818895
21
-3.6205708661417324
0
LINE
8
BLACK
6
CONTINUOUS
10
5.5724409448818895
20
-3.6205708661417324
11
5.5724409448818895
21
-3.639271653543307
0
LINE
8
BLACK
6
CONTINUOUS
10
5.5724409448818895
20
-3.639271653543307
11
5.5717291732283467
21
-3.6428498818897639
0
LINE
8
BLACK
6
CONTINUOUS
10
5.5717291732283467
20
-3.6428498818897639
11
5.5697022834645669
21
-3.6458833858267714
0
LINE
8
BLACK
6
CONTINUOUS
10
5.5697022834645669
20
-3.6458833858267714
11
5.5666687795275589
21
-3.6479102755905513
0
LINE
8
BLACK
6
CONTINUOUS
10
5.5666687795275589
20
-3.6479102755905513
11
5.5630905511811024
21
-3.6486220472440944
0
LINE
8
BLACK
6
CONTINUOUS
10
5.5630905511811024
20
-3.6486220472440944
11
5.539468503937008
21
-3.6486220472440944
0
LINE
8
BLACK
6
CONTINUOUS
10
5.539468503937008
20
-3.6486220472440944
11
5.5358902755905515
21
-3.6479102755905513
0
LINE
8
BLACK
6
CONTINUOUS
10
5.5358902755905515
20
-3.6479102755905513
11
5.5328567716535435
21
-3.6458833858267714
0
LINE
8
BLACK
6
CONTINUOUS
10
5.5328567716535435
20
-3.6458833858267714
11
5.5308298818897637
21
-3.6428498818897639
0
LINE
8
BLACK
6
CONTINUOUS
10
5.5308298818897637
20
-3.6428498818897639
11
5.53011811023622
21
-3.639271653543307
0
LINE
8
BLACK
6
CONTINUOUS
10
5.53011811023622
20
-3.639271653543307
11
5.53011811023622
21
-3.6205708661417324
0
LINE
8
BLACK
6
CONTINUOUS
10
5.53011811023622
20
-3.6205708661417324
11
5.5308298818897637
21
-3.6169926377952755
0
LINE
8
BLACK
6
CONTINUOUS
10
5.5308298818897637
20
-3.6169926377952755
11
5.5328567716535435
21
-3.6139591338582675
0
LINE
8
BLACK
6
CONTINUOUS
10
5.5328567716535435
20
-3.6139591338582675
11
5.5358902755905515
21
-3.6119322440944881
0
LINE
8
BLACK
6
CONTINUOUS
10
5.5358902755905515
20
-3.6119322440944881
11
5.539468503937008
21
-3.6112204724409449
0
LINE
8
BLACK
6
CONTINUOUS
10
5.539468503937008
20
-3.6112204724409449
11
5.5630905511811024
21
-3.6112204724409449
0
LINE
8
BLACK
6
CONTINUOUS
10
5.5630905511811024
20
-3.6112204724409449
11
5.5666687795275589
21
-3.6119322440944881
0
LINE
8
BLACK
6
CONTINUOUS
10
5.2330708661417322
20
-3.6110236220472438
11
5.1937007874015748
21
-3.6110236220472438
0
LINE
8
BLACK
6
CONTINUOUS
10
5.1937007874015748
20
-3.6110236220472438
11
5.1937007874015748
21
-3.5204724409448818
0
LINE
8
BLACK
6
CONTINUOUS
10
5.1937007874015748
20
-3.5204724409448818
11
5.1937007874015748
21
-3.4811023622047244
0
LINE
8
BLACK
6
CONTINUOUS
10
5.1937007874015748
20
-3.4811023622047244
11
5.2330708661417322
21
-3.4811023622047244
0
LINE
8
BLACK
6
CONTINUOUS
10
5.2330708661417322
20
-3.4811023622047244
11
5.3236220472440943
21
-3.4811023622047244
0
LINE
8
BLACK
6
CONTINUOUS
10
5.3236220472440943
20
-3.4811023622047244
11
5.3236220472440943
21
-3.5204724409448818
0
LINE
8
BLACK
6
CONTINUOUS
10
5.3236220472440943
20
-3.5204724409448818
11
5.2330708661417322
21
-3.5204724409448818
0
LINE
8
BLACK
6
CONTINUOUS
10
5.2330708661417322
20
-3.5204724409448818
11
5.2330708661417322
21
-3.6110236220472438
0
LINE
8
BLACK
6
CONTINUOUS
10
6.4850393700787397
20
-3.6110236220472438
11
6.4456692913385822
21
-3.6110236220472438
0
LINE
8
BLACK
6
CONTINUOUS
10
6.4456692913385822
20
-3.6110236220472438
11
6.4456692913385822
21
-3.5204724409448818
0
LINE
8
BLACK
6
CONTINUOUS
10
6.4456692913385822
20
-3.5204724409448818
11
6.3551181102362202
21
-3.5204724409448818
0
LINE
8
BLACK
6
CONTINUOUS
10
6.3551181102362202
20
-3.5204724409448818
11
6.3551181102362202
21
-3.4811023622047244
0
LINE
8
BLACK
6
CONTINUOUS
10
6.3551181102362202
20
-3.4811023622047244
11
6.4456692913385822
21
-3.4811023622047244
0
LINE
8
BLACK
6
CONTINUOUS
10
6.4456692913385822
20
-3.4811023622047244
11
6.4850393700787397
21
-3.4811023622047244
0
LINE
8
BLACK
6
CONTINUOUS
10
6.4850393700787397
20
-3.4811023622047244
11
6.4850393700787397
21
-3.5204724409448818
0
LINE
8
BLACK
6
CONTINUOUS
10
6.4850393700787397
20
-3.5204724409448818
11
6.4850393700787397
21
-3.6110236220472438
0
LINE
8
BLACK
6
CONTINUOUS
10
5.0193700787401569
20
-3.6067716535433072
11
4.9593700787401573
21
-3.6067716535433072
0
LINE
8
BLACK
6
CONTINUOUS
10
4.9593700787401573
20
-3.6067716535433072
11
4.9593700787401573
21
-3.5467716535433071
0
LINE
8
BLACK
6
CONTINUOUS
10
4.9593700787401573
20
-3.5467716535433071
11
5.0193700787401569
21
-3.5467716535433071
0
LINE
8
BLACK
6
CONTINUOUS
10
5.0193700787401569
20
-3.5467716535433071
11
5.0193700787401569
21
-3.6067716535433072
0
LINE
8
BLACK
6
CONTINUOUS
10
5.1193700787401575
20
-3.6067716535433072
11
5.059370078740157
21
-3.6067716535433072
0
LINE
8
BLACK
6
CONTINUOUS
10
5.059370078740157
20
-3.6067716535433072
11
5.059370078740157
21
-3.5467716535433071
0
LINE
8
BLACK
6
CONTINUOUS
10
5.059370078740157
20
-3.5467716535433071
11
5.1193700787401575
21
-3.5467716535433071
0
LINE
8
BLACK
6
CONTINUOUS
10
5.1193700787401575
20
-3.5467716535433071
11
5.1193700787401575
21
-3.6067716535433072
0
LINE
8
BLACK
6
CONTINUOUS
10
5.3278892519685037
20
-3.5587826377952756
11
5.3309227559055117
21
-3.560809527559055
0
LINE
8
BLACK
6
CONTINUOUS
10
5.3309227559055117
20
-3.560809527559055
11
5.3329496456692915
21
-3.563843031496063
0
LINE
8
BLACK
6
CONTINUOUS
10
5.3329496456692915
20
-3.563843031496063
11
5.3336614173228343
21
-3.5674212598425195
0
LINE
8
BLACK
6
CONTINUOUS
10
5.3336614173228343
20
-3.5674212598425195
11
5.3336614173228343
21
-3.5861220472440944
0
LINE
8
BLACK
6
CONTINUOUS
10
5.3336614173228343
20
-3.5861220472440944
11
5.3329496456692915
21
-3.5897002755905509
0
LINE
8
BLACK
6
CONTINUOUS
10
5.3329496456692915
20
-3.5897002755905509
11
5.3309227559055117
21
-3.5927337795275589
0
LINE
8
BLACK
6
CONTINUOUS
10
5.3309227559055117
20
-3.5927337795275589
11
5.3278892519685037
21
-3.5947606692913383
0
LINE
8
BLACK
6
CONTINUOUS
10
5.3278892519685037
20
-3.5947606692913383
11
5.3243110236220472
21
-3.5954724409448819
0
LINE
8
BLACK
6
CONTINUOUS
10
5.3243110236220472
20
-3.5954724409448819
11
5.3046259842519685
21
-3.5954724409448819
0
LINE
8
BLACK
6
CONTINUOUS
10
5.3046259842519685
20
-3.5954724409448819
11
5.301047755905512
21
-3.5947606692913383
0
LINE
8
BLACK
6
CONTINUOUS
10
5.301047755905512
20
-3.5947606692913383
11
5.2980142519685041
21
-3.5927337795275589
0
LINE
8
BLACK
6
CONTINUOUS
10
5.2980142519685041
20
-3.5927337795275589
11
5.2959873622047242
21
-3.5897002755905509
0
LINE
8
BLACK
6
CONTINUOUS
10
5.2959873622047242
20
-3.5897002755905509
11
5.2952755905511806
21
-3.5861220472440944
0
LINE
8
BLACK
6
CONTINUOUS
10
5.2952755905511806
20
-3.5861220472440944
11
5.2952755905511806
21
-3.5674212598425195
0
LINE
8
BLACK
6
CONTINUOUS
10
5.2952755905511806
20
-3.5674212598425195
11
5.2959873622047242
21
-3.563843031496063
0
LINE
8
BLACK
6
CONTINUOUS
10
5.2959873622047242
20
-3.563843031496063
11
5.2980142519685041
21
-3.560809527559055
0
LINE
8
BLACK
6
CONTINUOUS
10
5.2980142519685041
20
-3.560809527559055
11
5.301047755905512
21
-3.5587826377952756
0
LINE
8
BLACK
6
CONTINUOUS
10
5.301047755905512
20
-3.5587826377952756
11
5.3046259842519685
21
-3.5580708661417324
0
LINE
8
BLACK
6
CONTINUOUS
10
5.3046259842519685
20
-3.5580708661417324
11
5.3243110236220472
21
-3.5580708661417324
0
LINE
8
BLACK
6
CONTINUOUS
10
5.3243110236220472
20
-3.5580708661417324
11
5.3278892519685037
21
-3.5587826377952756
0
LINE
8
BLACK
6
CONTINUOUS
10
5.3997396456692917
20
-3.5587826377952756
11
5.4027731496062987
21
-3.560809527559055
0
LINE
8
BLACK
6
CONTINUOUS
10
5.4027731496062987
20
-3.560809527559055
11
5.4048000393700786
21
-3.563843031496063
0
LINE
8
BLACK
6
CONTINUOUS
10
5.4048000393700786
20
-3.563843031496063
11
5.4055118110236222
21
-3.5674212598425195
0
LINE
8
BLACK
6
CONTINUOUS
10
5.4055118110236222
20
-3.5674212598425195
11
5.4055118110236222
21
-3.5861220472440944
0
LINE
8
BLACK
6
CONTINUOUS
10
5.4055118110236222
20
-3.5861220472440944
11
5.4048000393700786
21
-3.5897002755905509
0
LINE
8
BLACK
6
CONTINUOUS
10
5.4048000393700786
20
-3.5897002755905509
11
5.4027731496062987
21
-3.5927337795275589
0
LINE
8
BLACK
6
CONTINUOUS
10
5.4027731496062987
20
-3.5927337795275589
11
5.3997396456692917
21
-3.5947606692913383
0
LINE
8
BLACK
6
CONTINUOUS
10
5.3997396456692917
20
-3.5947606692913383
11
5.3961614173228343
21
-3.5954724409448819
0
LINE
8
BLACK
6
CONTINUOUS
10
5.3961614173228343
20
-3.5954724409448819
11
5.3764763779527556
21
-3.5954724409448819
0
LINE
8
BLACK
6
CONTINUOUS
10
5.3764763779527556
20
-3.5954724409448819
11
5.3728981496062991
21
-3.5947606692913383
0
LINE
8
BLACK
6
CONTINUOUS
10
5.3728981496062991
20
-3.5947606692913383
11
5.3698646456692911
21
-3.5927337795275589
0
LINE
8
BLACK
6
CONTINUOUS
10
5.3698646456692911
20
-3.5927337795275589
11
5.3678377559055113
21
-3.5897002755905509
0
LINE
8
BLACK
6
CONTINUOUS
10
5.3678377559055113
20
-3.5897002755905509
11
5.3671259842519685
21
-3.5861220472440944
0
LINE
8
BLACK
6
CONTINUOUS
10
5.3671259842519685
20
-3.5861220472440944
11
5.3671259842519685
21
-3.5674212598425195
0
LINE
8
BLACK
6
CONTINUOUS
10
5.3671259842519685
20
-3.5674212598425195
11
5.3678377559055113
21
-3.563843031496063
0
LINE
8
BLACK
6
CONTINUOUS
10
5.3678377559055113
20
-3.563843031496063
11
5.3698646456692911
21
-3.560809527559055
0
LINE
8
BLACK
6
CONTINUOUS
10
5.3698646456692911
20
-3.560809527559055
11
5.3728981496062991
21
-3.5587826377952756
0
LINE
8
BLACK
6
CONTINUOUS
10
5.3728981496062991
20
-3.5587826377952756
11
5.3764763779527556
21
-3.5580708661417324
0
LINE
8
BLACK
6
CONTINUOUS
10
5.3764763779527556
20
-3.5580708661417324
11
5.3961614173228343
21
-3.5580708661417324
0
LINE
8
BLACK
6
CONTINUOUS
10
5.3961614173228343
20
-3.5580708661417324
11
5.3997396456692917
21
-3.5587826377952756
0
LINE
8
BLACK
6
CONTINUOUS
10
5.5598425196850396
20
-3.5204724409448818
11
5.4102362204724406
21
-3.5204724409448818
0
LINE
8
BLACK
6
CONTINUOUS
10
5.4102362204724406
20
-3.5204724409448818
11
5.4102362204724406
21
-3.4811023622047244
0
LINE
8
BLACK
6
CONTINUOUS
10
5.4102362204724406
20
-3.4811023622047244
11
5.5598425196850396
21
-3.4811023622047244
0
LINE
8
BLACK
6
CONTINUOUS
10
5.5598425196850396
20
-3.4811023622047244
11
5.5598425196850396
21
-3.5204724409448818
0
LINE
8
BLACK
6
CONTINUOUS
10
5.7960629921259841
20
-3.5204724409448818
11
5.6464566929133859
21
-3.5204724409448818
0
LINE
8
BLACK
6
CONTINUOUS
10
5.6464566929133859
20
-3.5204724409448818
11
5.6464566929133859
21
-3.4811023622047244
0
LINE
8
BLACK
6
CONTINUOUS
10
5.6464566929133859
20
-3.4811023622047244
11
5.7960629921259841
21
-3.4811023622047244
0
LINE
8
BLACK
6
CONTINUOUS
10
5.7960629921259841
20
-3.4811023622047244
11
5.7960629921259841
21
-3.5204724409448818
0
LINE
8
BLACK
6
CONTINUOUS
10
6.0322834645669294
20
-3.5204724409448818
11
5.8826771653543304
21
-3.5204724409448818
0
LINE
8
BLACK
6
CONTINUOUS
10
5.8826771653543304
20
-3.5204724409448818
11
5.8826771653543304
21
-3.4811023622047244
0
LINE
8
BLACK
6
CONTINUOUS
10
5.8826771653543304
20
-3.4811023622047244
11
6.0322834645669294
21
-3.4811023622047244
0
LINE
8
BLACK
6
CONTINUOUS
10
6.0322834645669294
20
-3.4811023622047244
11
6.0322834645669294
21
-3.5204724409448818
0
LINE
8
BLACK
6
CONTINUOUS
10
6.2685039370078739
20
-3.5204724409448818
11
6.1188976377952757
21
-3.5204724409448818
0
LINE
8
BLACK
6
CONTINUOUS
10
6.1188976377952757
20
-3.5204724409448818
11
6.1188976377952757
21
-3.4811023622047244
0
LINE
8
BLACK
6
CONTINUOUS
10
6.1188976377952757
20
-3.4811023622047244
11
6.2685039370078739
21
-3.4811023622047244
0
LINE
8
BLACK
6
CONTINUOUS
10
6.2685039370078739
20
-3.4811023622047244
11
6.2685039370078739
21
-3.5204724409448818
0
LINE
8
BLACK
6
CONTINUOUS
10
5.059154291338583
20
-3.2103301968503937
11
5.0720672047244095
21
-3.2132774803149604
0
LINE
8
BLACK
6
CONTINUOUS
10
5.0720672047244095
20
-3.2132774803149604
11
5.0845688976377952
21
-3.2176520078740158
0
LINE
8
BLACK
6
CONTINUOUS
10
5.0845688976377952
20
-3.2176520078740158
11
5.0965022440944878
21
-3.2233988188976377
0
LINE
8
BLACK
6
CONTINUOUS
10
5.0965022440944878
20
-3.2233988188976377
11
5.1077170866141728
21
-3.2304455511811021
0
LINE
8
BLACK
6
CONTINUOUS
10
5.1077170866141728
20
-3.2304455511811021
11
5.1180724409448821
21
-3.2387037007874016
0
LINE
8
BLACK
6
CONTINUOUS
10
5.1180724409448821
20
-3.2387037007874016
11
5.1274380314960633
21
-3.2480692913385827
0
LINE
8
BLACK
6
CONTINUOUS
10
5.1274380314960633
20
-3.2480692913385827
11
5.1356961811023618
21
-3.2584246456692911
0
LINE
8
BLACK
6
CONTINUOUS
10
5.1356961811023618
20
-3.2584246456692911
11
5.1427429133858267
21
-3.2696394881889761
0
LINE
8
BLACK
6
CONTINUOUS
10
5.1427429133858267
20
-3.2696394881889761
11
5.1484897244094485
21
-3.2815728346456692
0
LINE
8
BLACK
6
CONTINUOUS
10
5.1484897244094485
20
-3.2815728346456692
11
5.152864251968504
21
-3.2940745275590548
0
LINE
8
BLACK
6
CONTINUOUS
10
5.152864251968504
20
-3.2940745275590548
11
5.1558115354330711
21
-3.3069874409448818
0
LINE
8
BLACK
6
CONTINUOUS
10
5.1558115354330711
20
-3.3069874409448818
11
5.1572944881889766
21
-3.3201491732283466
0
LINE
8
BLACK
6
CONTINUOUS
10
5.1572944881889766
20
-3.3201491732283466
11
5.1572944881889766
21
-3.3333941338582678
0
LINE
8
BLACK
6
CONTINUOUS
10
5.1572944881889766
20
-3.3333941338582678
11
5.1558115354330711
21
-3.3465558661417321
0
LINE
8
BLACK
6
CONTINUOUS
10
5.1558115354330711
20
-3.3465558661417321
11
5.152864251968504
21
-3.3594687795275591
0
LINE
8
BLACK
6
CONTINUOUS
10
5.152864251968504
20
-3.3594687795275591
11
5.1484897244094485
21
-3.3719704724409447
0
LINE
8
BLACK
6
CONTINUOUS
10
5.1484897244094485
20
-3.3719704724409447
11
5.1427429133858267
21
-3.3839038188976378
0
LINE
8
BLACK
6
CONTINUOUS
10
5.1427429133858267
20
-3.3839038188976378
11
5.1356961811023618
21
-3.3951186614173228
0
LINE
8
BLACK
6
CONTINUOUS
10
5.1356961811023618
20
-3.3951186614173228
11
5.1274380314960633
21
-3.4054740157480312
0
LINE
8
BLACK
6
CONTINUOUS
10
5.1274380314960633
20
-3.4054740157480312
11
5.1180724409448821
21
-3.4148396062992123
0
LINE
8
BLACK
6
CONTINUOUS
10
5.1180724409448821
20
-3.4148396062992123
11
5.1077170866141728
21
-3.4230977559055118
0
LINE
8
BLACK
6
CONTINUOUS
10
5.1077170866141728
20
-3.4230977559055118
11
5.0965022440944878
21
-3.4301444881889762
0
LINE
8
BLACK
6
CONTINUOUS
10
5.0965022440944878
20
-3.4301444881889762
11
5.0845688976377952
21
-3.4358912992125985
0
LINE
8
BLACK
6
CONTINUOUS
10
5.0845688976377952
20
-3.4358912992125985
11
5.0720672047244095
21
-3.4402658267716535
0
LINE
8
BLACK
6
CONTINUOUS
10
5.0720672047244095
20
-3.4402658267716535
11
5.059154291338583
21
-3.4432131102362202
0
LINE
8
BLACK
6
CONTINUOUS
10
5.059154291338583
20
-3.4432131102362202
11
5.0459925590551178
21
-3.4446960629921257
0
LINE
8
BLACK
6
CONTINUOUS
10
5.0459925590551178
20
-3.4446960629921257
11
5.032747598425197
21
-3.4446960629921257
0
LINE
8
BLACK
6
CONTINUOUS
10
5.032747598425197
20
-3.4446960629921257
11
5.0195858661417319
21
-3.4432131102362202
0
LINE
8
BLACK
6
CONTINUOUS
10
5.0195858661417319
20
-3.4432131102362202
11
5.0066729527559053
21
-3.4402658267716535
0
LINE
8
BLACK
6
CONTINUOUS
10
5.0066729527559053
20
-3.4402658267716535
11
4.9941712598425196
21
-3.4358912992125985
0
LINE
8
BLACK
6
CONTINUOUS
10
4.9941712598425196
20
-3.4358912992125985
11
4.982237913385827
21
-3.4301444881889762
0
LINE
8
BLACK
6
CONTINUOUS
10
4.982237913385827
20
-3.4301444881889762
11
4.971023070866142
21
-3.4230977559055118
0
LINE
8
BLACK
6
CONTINUOUS
10
4.971023070866142
20
-3.4230977559055118
11
4.9606677165354327
21
-3.4148396062992123
0
LINE
8
BLACK
6
CONTINUOUS
10
4.9606677165354327
20
-3.4148396062992123
11
4.9513021259842516
21
-3.4054740157480312
0
LINE
8
BLACK
6
CONTINUOUS
10
4.9513021259842516
20
-3.4054740157480312
11
4.943043976377953
21
-3.3951186614173228
0
LINE
8
BLACK
6
CONTINUOUS
10
4.943043976377953
20
-3.3951186614173228
11
4.9359972440944881
21
-3.3839038188976378
0
LINE
8
BLACK
6
CONTINUOUS
10
4.9359972440944881
20
-3.3839038188976378
11
4.9302504330708663
21
-3.3719704724409447
0
LINE
8
BLACK
6
CONTINUOUS
10
4.9302504330708663
20
-3.3719704724409447
11
4.9258759055118109
21
-3.3594687795275591
0
LINE
8
BLACK
6
CONTINUOUS
10
4.9258759055118109
20
-3.3594687795275591
11
4.9229286220472437
21
-3.3465558661417321
0
LINE
8
BLACK
6
CONTINUOUS
10
4.9229286220472437
20
-3.3465558661417321
11
4.9214456692913382
21
-3.3333941338582678
0
LINE
8
BLACK
6
CONTINUOUS
10
4.9214456692913382
20
-3.3333941338582678
11
4.9214456692913382
21
-3.3201491732283466
0
LINE
8
BLACK
6
CONTINUOUS
10
4.9214456692913382
20
-3.3201491732283466
11
4.9229286220472437
21
-3.3069874409448818
0
LINE
8
BLACK
6
CONTINUOUS
10
4.9229286220472437
20
-3.3069874409448818
11
4.9258759055118109
21
-3.2940745275590548
0
LINE
8
BLACK
6
CONTINUOUS
10
4.9258759055118109
20
-3.2940745275590548
11
4.9302504330708663
21
-3.2815728346456692
0
LINE
8
BLACK
6
CONTINUOUS
10
4.9302504330708663
20
-3.2815728346456692
11
4.9359972440944881
21
-3.2696394881889761
0
LINE
8
BLACK
6
CONTINUOUS
10
4.9359972440944881
20
-3.2696394881889761
11
4.943043976377953
21
-3.2584246456692911
0
LINE
8
BLACK
6
CONTINUOUS
10
4.943043976377953
20
-3.2584246456692911
11
4.9513021259842516
21
-3.2480692913385827
0
LINE
8
BLACK
6
CONTINUOUS
10
4.9513021259842516
20
-3.2480692913385827
11
4.9606677165354327
21
-3.2387037007874016
0
LINE
8
BLACK
6
CONTINUOUS
10
4.9606677165354327
20
-3.2387037007874016
11
4.971023070866142
21
-3.2304455511811021
0
LINE
8
BLACK
6
CONTINUOUS
10
4.971023070866142
20
-3.2304455511811021
11
4.982237913385827
21
-3.2233988188976377
0
LINE
8
BLACK
6
CONTINUOUS
10
4.982237913385827
20
-3.2233988188976377
11
4.9941712598425196
21
-3.2176520078740158
0
LINE
8
BLACK
6
CONTINUOUS
10
4.9941712598425196
20
-3.2176520078740158
11
5.0066729527559053
21
-3.2132774803149604
0
LINE
8
BLACK
6
CONTINUOUS
10
5.0066729527559053
20
-3.2132774803149604
11
5.0195858661417319
21
-3.2103301968503937
0
LINE
8
BLACK
6
CONTINUOUS
10
5.0195858661417319
20
-3.2103301968503937
11
5.032747598425197
21
-3.2088472440944882
0
LINE
8
BLACK
6
CONTINUOUS
10
5.032747598425197
20
-3.2088472440944882
11
5.0459925590551178
21
-3.2088472440944882
0
LINE
8
BLACK
6
CONTINUOUS
10
5.0459925590551178
20
-3.2088472440944882
11
5.059154291338583
21
-3.2103301968503937
0
LINE
8
BLACK
6
CONTINUOUS
10
6.6591542913385826
20
-3.2103301968503937
11
6.6720672047244092
21
-3.2132774803149604
0
LINE
8
BLACK
6
CONTINUOUS
10
6.6720672047244092
20
-3.2132774803149604
11
6.6845688976377948
21
-3.2176520078740158
0
LINE
8
BLACK
6
CONTINUOUS
10
6.6845688976377948
20
-3.2176520078740158
11
6.6965022440944884
21
-3.2233988188976377
0
LINE
8
BLACK
6
CONTINUOUS
10
6.6965022440944884
20
-3.2233988188976377
11
6.7077170866141733
21
-3.2304455511811021
0
LINE
8
BLACK
6
CONTINUOUS
10
6.7077170866141733
20
-3.2304455511811021
11
6.7180724409448818
21
-3.2387037007874016
0
LINE
8
BLACK
6
CONTINUOUS
10
6.7180724409448818
20
-3.2387037007874016
11
6.7274380314960629
21
-3.2480692913385827
0
LINE
8
BLACK
6
CONTINUOUS
10
6.7274380314960629
20
-3.2480692913385827
11
6.7356961811023623
21
-3.2584246456692911
0
LINE
8
BLACK
6
CONTINUOUS
10
6.7356961811023623
20
-3.2584246456692911
11
6.7427429133858263
21
-3.2696394881889761
0
LINE
8
BLACK
6
CONTINUOUS
10
6.7427429133858263
20
-3.2696394881889761
11
6.7484897244094491
21
-3.2815728346456692
0
LINE
8
BLACK
6
CONTINUOUS
10
6.7484897244094491
20
-3.2815728346456692
11
6.7528642519685036
21
-3.2940745275590548
0
LINE
8
BLACK
6
CONTINUOUS
10
6.7528642519685036
20
-3.2940745275590548
11
6.7558115354330708
21
-3.3069874409448818
0
LINE
8
BLACK
6
CONTINUOUS
10
6.7558115354330708
20
-3.3069874409448818
11
6.7572944881889763
21
-3.3201491732283466
0
LINE
8
BLACK
6
CONTINUOUS
10
6.7572944881889763
20
-3.3201491732283466
11
6.7572944881889763
21
-3.3333941338582678
0
LINE
8
BLACK
6
CONTINUOUS
10
6.7572944881889763
20
-3.3333941338582678
11
6.7558115354330708
21
-3.3465558661417321
0
LINE
8
BLACK
6
CONTINUOUS
10
6.7558115354330708
20
-3.3465558661417321
11
6.7528642519685036
21
-3.3594687795275591
0
LINE
8
BLACK
6
CONTINUOUS
10
6.7528642519685036
20
-3.3594687795275591
11
6.7484897244094491
21
-3.3719704724409447
0
LINE
8
BLACK
6
CONTINUOUS
10
6.7484897244094491
20
-3.3719704724409447
11
6.7427429133858263
21
-3.3839038188976378
0
LINE
8
BLACK
6
CONTINUOUS
10
6.7427429133858263
20
-3.3839038188976378
11
6.7356961811023623
21
-3.3951186614173228
0
LINE
8
BLACK
6
CONTINUOUS
10
6.7356961811023623
20
-3.3951186614173228
11
6.7274380314960629
21
-3.4054740157480312
0
LINE
8
BLACK
6
CONTINUOUS
10
6.7274380314960629
20
-3.4054740157480312
11
6.7180724409448818
21
-3.4148396062992123
0
LINE
8
BLACK
6
CONTINUOUS
10
6.7180724409448818
20
-3.4148396062992123
11
6.7077170866141733
21
-3.4230977559055118
0
LINE
8
BLACK
6
CONTINUOUS
10
6.7077170866141733
20
-3.4230977559055118
11
6.6965022440944884
21
-3.4301444881889762
0
LINE
8
BLACK
6
CONTINUOUS
10
6.6965022440944884
20
-3.4301444881889762
11
6.6845688976377948
21
-3.4358912992125985
0
LINE
8
BLACK
6
CONTINUOUS
10
6.6845688976377948
20
-3.4358912992125985
11
6.6720672047244092
21
-3.4402658267716535
0
LINE
8
BLACK
6
CONTINUOUS
10
6.6720672047244092
20
-3.4402658267716535
11
6.6591542913385826
21
-3.4432131102362202
0
LINE
8
BLACK
6
CONTINUOUS
10
6.6591542913385826
20
-3.4432131102362202
11
6.6459925590551183
21
-3.4446960629921257
0
LINE
8
BLACK
6
CONTINUOUS
10
6.6459925590551183
20
-3.4446960629921257
11
6.6327475984251967
21
-3.4446960629921257
0
LINE
8
BLACK
6
CONTINUOUS
10
6.6327475984251967
20
-3.4446960629921257
11
6.6195858661417324
21
-3.4432131102362202
0
LINE
8
BLACK
6
CONTINUOUS
10
6.6195858661417324
20
-3.4432131102362202
11
6.6066729527559049
21
-3.4402658267716535
0
LINE
8
BLACK
6
CONTINUOUS
10
6.6066729527559049
20
-3.4402658267716535
11
6.5941712598425193
21
-3.4358912992125985
0
LINE
8
BLACK
6
CONTINUOUS
10
6.5941712598425193
20
-3.4358912992125985
11
6.5822379133858266
21
-3.4301444881889762
0
LINE
8
BLACK
6
CONTINUOUS
10
6.5822379133858266
20
-3.4301444881889762
11
6.5710230708661417
21
-3.4230977559055118
0
LINE
8
BLACK
6
CONTINUOUS
10
6.5710230708661417
20
-3.4230977559055118
11
6.5606677165354332
21
-3.4148396062992123
0
LINE
8
BLACK
6
CONTINUOUS
10
6.5606677165354332
20
-3.4148396062992123
11
6.5513021259842521
21
-3.4054740157480312
0
LINE
8
BLACK
6
CONTINUOUS
10
6.5513021259842521
20
-3.4054740157480312
11
6.5430439763779527
21
-3.3951186614173228
0
LINE
8
BLACK
6
CONTINUOUS
10
6.5430439763779527
20
-3.3951186614173228
11
6.5359972440944878
21
-3.3839038188976378
0
LINE
8
BLACK
6
CONTINUOUS
10
6.5359972440944878
20
-3.3839038188976378
11
6.5302504330708659
21
-3.3719704724409447
0
LINE
8
BLACK
6
CONTINUOUS
10
6.5302504330708659
20
-3.3719704724409447
11
6.5258759055118105
21
-3.3594687795275591
0
LINE
8
BLACK
6
CONTINUOUS
10
6.5258759055118105
20
-3.3594687795275591
11
6.5229286220472442
21
-3.3465558661417321
0
LINE
8
BLACK
6
CONTINUOUS
10
6.5229286220472442
20
-3.3465558661417321
11
6.5214456692913387
21
-3.3333941338582678
0
LINE
8
BLACK
6
CONTINUOUS
10
6.5214456692913387
20
-3.3333941338582678
11
6.5214456692913387
21
-3.3201491732283466
0
LINE
8
BLACK
6
CONTINUOUS
10
6.5214456692913387
20
-3.3201491732283466
11
6.5229286220472442
21
-3.3069874409448818
0
LINE
8
BLACK
6
CONTINUOUS
10
6.5229286220472442
20
-3.3069874409448818
11
6.5258759055118105
21
-3.2940745275590548
0
LINE
8
BLACK
6
CONTINUOUS
10
6.5258759055118105
20
-3.2940745275590548
11
6.5302504330708659
21
-3.2815728346456692
0
LINE
8
BLACK
6
CONTINUOUS
10
6.5302504330708659
20
-3.2815728346456692
11
6.5359972440944878
21
-3.2696394881889761
0
LINE
8
BLACK
6
CONTINUOUS
10
6.5359972440944878
20
-3.2696394881889761
11
6.5430439763779527
21
-3.2584246456692911
0
LINE
8
BLACK
6
CONTINUOUS
10
6.5430439763779527
20
-3.2584246456692911
11
6.5513021259842521
21
-3.2480692913385827
0
LINE
8
BLACK
6
CONTINUOUS
10
6.5513021259842521
20
-3.2480692913385827
11
6.5606677165354332
21
-3.2387037007874016
0
LINE
8
BLACK
6
CONTINUOUS
10
6.5606677165354332
20
-3.2387037007874016
11
6.5710230708661417
21
-3.2304455511811021
0
LINE
8
BLACK
6
CONTINUOUS
10
6.5710230708661417
20
-3.2304455511811021
11
6.5822379133858266
21
-3.2233988188976377
0
LINE
8
BLACK
6
CONTINUOUS
10
6.5822379133858266
20
-3.2233988188976377
11
6.5941712598425193
21
-3.2176520078740158
0
LINE
8
BLACK
6
CONTINUOUS
10
6.5941712598425193
20
-3.2176520078740158
11
6.6066729527559049
21
-3.2132774803149604
0
LINE
8
BLACK
6
CONTINUOUS
10
6.6066729527559049
20
-3.2132774803149604
11
6.6195858661417324
21
-3.2103301968503937
0
LINE
8
BLACK
6
CONTINUOUS
10
6.6195858661417324
20
-3.2103301968503937
11
6.6327475984251967
21
-3.2088472440944882
0
LINE
8
BLACK
6
CONTINUOUS
10
6.6327475984251967
20
-3.2088472440944882
11
6.6459925590551183
21
-3.2088472440944882
0
LINE
8
BLACK
6
CONTINUOUS
10
6.6459925590551183
20
-3.2088472440944882
11
6.6591542913385826
21
-3.2103301968503937
0
CIRCLE
8
BLACK
10
6.6393700787401571
20
-4.926771653543307
40
0.0068897637795276
0
CIRCLE
8
BLACK
10
5.6401574803149606
20
-4.9779527559055117
40
0.0068897637795276
0
CIRCLE
8
BLACK
10
5.6401574803149606
20
-4.877952755905512
40
0.0068897637795276
0
CIRCLE
8
BLACK
10
5.7401574803149602
20
-4.9779527559055117
40
0.0068897637795276
0
CIRCLE
8
BLACK
10
5.7401574803149602
20
-4.877952755905512
40
0.0068897637795276
0
CIRCLE
8
BLACK
10
5.8401574803149607
20
-4.9779527559055117
40
0.0068897637795276
0
CIRCLE
8
BLACK
10
5.8401574803149607
20
-4.877952755905512
40
0.0068897637795276
0
CIRCLE
8
BLACK
10
5.0393700787401574
20
-3.326771653543307
40
0.0068897637795276
0
CIRCLE
8
BLACK
10
5.0393700787401574
20
-4.926771653543307
40
0.0068897637795276
0
CIRCLE
8
BLACK
10
6.2519685039370074
20
-3.7125984251968505
40
0.0068897637795276
0
CIRCLE
8
BLACK
10
6.1519685039370078
20
-3.6125984251968504
40
0.0068897637795276
0
CIRCLE
8
BLACK
10
6.1519685039370078
20
-3.8125984251968501
40
0.0068897637795276
0
CIRCLE
8
BLACK
10
6.351968503937008
20
-3.6125984251968504
40
0.0068897637795276
0
CIRCLE
8
BLACK
10
6.351968503937008
20
-3.8125984251968501
40
0.0068897637795276
0
CIRCLE
8
BLACK
10
4.9893700787401576
20
-3.576771653543307
40
0.0068897637795276
0
CIRCLE
8
BLACK
10
5.0893700787401572
20
-3.576771653543307
40
0.0068897637795276
0
CIRCLE
8
BLACK
10
4.9893700787401576
20
-3.676771653543307
40
0.0068897637795276
0
CIRCLE
8
BLACK
10
5.0893700787401572
20
-3.676771653543307
40
0.0068897637795276
0
CIRCLE
8
BLACK
10
4.9893700787401576
20
-3.7767716535433071
40
0.0068897637795276
0
CIRCLE
8
BLACK
10
5.0893700787401572
20
-3.7767716535433071
40
0.0068897637795276
0
CIRCLE
8
BLACK
10
4.9893700787401576
20
-3.8767716535433072
40
0.0068897637795276
0
CIRCLE
8
BLACK
10
5.0893700787401572
20
-3.8767716535433072
40
0.0068897637795276
0
CIRCLE
8
BLACK
10
4.9893700787401576
20
-3.9767716535433069
40
0.0068897637795276
0
CIRCLE
8
BLACK
10
5.0893700787401572
20
-3.9767716535433069
40
0.0068897637795276
0
CIRCLE
8
BLACK
10
4.9893700787401576
20
-4.0767716535433074
40
0.0068897637795276
0
CIRCLE
8
BLACK
10
5.0893700787401572
20
-4.0767716535433074
40
0.0068897637795276
0
CIRCLE
8
BLACK
10
4.9893700787401576
20
-4.176771653543307
40
0.0068897637795276
0
CIRCLE
8
BLACK
10
5.0893700787401572
20
-4.176771653543307
40
0.0068897637795276
0
CIRCLE
8
BLACK
10
4.9893700787401576
20
-4.2767716535433067
40
0.0068897637795276
0
CIRCLE
8
BLACK
10
5.0893700787401572
20
-4.2767716535433067
40
0.0068897637795276
0
CIRCLE
8
BLACK
10
4.9893700787401576
20
-4.3767716535433072
40
0.0068897637795276
0
CIRCLE
8
BLACK
10
5.0893700787401572
20
-4.3767716535433072
40
0.0068897637795276
0
CIRCLE
8
BLACK
10
4.9893700787401576
20
-4.4767716535433069
40
0.0068897637795276
0
CIRCLE
8
BLACK
10
5.0893700787401572
20
-4.4767716535433069
40
0.0068897637795276
0
CIRCLE
8
BLACK
10
4.9893700787401576
20
-4.5767716535433074
40
0.0068897637795276
0
CIRCLE
8
BLACK
10
5.0893700787401572
20
-4.5767716535433074
40
0.0068897637795276
0
CIRCLE
8
BLACK
10
4.9893700787401576
20
-4.676771653543307
40
0.0068897637795276
0
CIRCLE
8
BLACK
10
5.0893700787401572
20
-4.676771653543307
40
0.0068897637795276
0
CIRCLE
8
BLACK
10
6.6393700787401571
20
-3.326771653543307
40
0.0068897637795276
0
CIRCLE
8
WHITE
10
6.6393700787401571
20
-4.926771653543307
40
0.0068897637795276
0
CIRCLE
8
WHITE
10
5.6401574803149606
20
-4.9779527559055117
40
0.0068897637795276
0
CIRCLE
8
WHITE
10
5.6401574803149606
20
-4.877952755905512
40
0.0068897637795276
0
CIRCLE
8
WHITE
10
5.7401574803149602
20
-4.9779527559055117
40
0.0068897637795276
0
CIRCLE
8
WHITE
10
5.7401574803149602
20
-4.877952755905512
40
0.0068897637795276
0
CIRCLE
8
WHITE
10
5.8401574803149607
20
-4.9779527559055117
40
0.0068897637795276
0
CIRCLE
8
WHITE
10
5.8401574803149607
20
-4.877952755905512
40
0.0068897637795276
0
CIRCLE
8
WHITE
10
5.0393700787401574
20
-3.326771653543307
40
0.0068897637795276
0
CIRCLE
8
WHITE
10
5.0393700787401574
20
-4.926771653543307
40
0.0068897637795276
0
CIRCLE
8
WHITE
10
6.2519685039370074
20
-3.7125984251968505
40
0.0068897637795276
0
CIRCLE
8
WHITE
10
6.1519685039370078
20
-3.6125984251968504
40
0.0068897637795276
0
CIRCLE
8
WHITE
10
6.1519685039370078
20
-3.8125984251968501
40
0.0068897637795276
0
CIRCLE
8
WHITE
10
6.351968503937008
20
-3.6125984251968504
40
0.0068897637795276
0
CIRCLE
8
WHITE
10
6.351968503937008
20
-3.8125984251968501
40
0.0068897637795276
0
CIRCLE
8
WHITE
10
4.9893700787401576
20
-3.576771653543307
40
0.0068897637795276
0
CIRCLE
8
WHITE
10
5.0893700787401572
20
-3.576771653543307
40
0.0068897637795276
0
CIRCLE
8
WHITE
10
4.9893700787401576
20
-3.676771653543307
40
0.0068897637795276
0
CIRCLE
8
WHITE
10
5.0893700787401572
20
-3.676771653543307
40
0.0068897637795276
0
CIRCLE
8
WHITE
10
4.9893700787401576
20
-3.7767716535433071
40
0.0068897637795276
0
CIRCLE
8
WHITE
10
5.0893700787401572
20
-3.7767716535433071
40
0.0068897637795276
0
CIRCLE
8
WHITE
10
4.9893700787401576
20
-3.8767716535433072
40
0.0068897637795276
0
CIRCLE
8
WHITE
10
5.0893700787401572
20
-3.8767716535433072
40
0.0068897637795276
0
CIRCLE
8
WHITE
10
4.9893700787401576
20
-3.9767716535433069
40
0.0068897637795276
0
CIRCLE
8
WHITE
10
5.0893700787401572
20
-3.9767716535433069
40
0.0068897637795276
0
CIRCLE
8
WHITE
10
4.9893700787401576
20
-4.0767716535433074
40
0.0068897637795276
0
CIRCLE
8
WHITE
10
5.0893700787401572
20
-4.0767716535433074
40
0.0068897637795276
0
CIRCLE
8
WHITE
10
4.9893700787401576
20
-4.176771653543307
40
0.0068897637795276
0
CIRCLE
8
WHITE
10
5.0893700787401572
20
-4.176771653543307
40
0.0068897637795276
0
CIRCLE
8
WHITE
10
4.9893700787401576
20
-4.2767716535433067
40
0.0068897637795276
0
CIRCLE
8
WHITE
10
5.0893700787401572
20
-4.2767716535433067
40
0.0068897637795276
0
CIRCLE
8
WHITE
10
4.9893700787401576
20
-4.3767716535433072
40
0.0068897637795276
0
CIRCLE
8
WHITE
10
5.0893700787401572
20
-4.3767716535433072
40
0.0068897637795276
0
CIRCLE
8
WHITE
10
4.9893700787401576
20
-4.4767716535433069
40
0.0068897637795276
0
CIRCLE
8
WHITE
10
5.0893700787401572
20
-4.4767716535433069
40
0.0068897637795276
0
CIRCLE
8
WHITE
10
4.9893700787401576
20
-4.5767716535433074
40
0.0068897637795276
0
CIRCLE
8
WHITE
10
5.0893700787401572
20
-4.5767716535433074
40
0.0068897637795276
0
CIRCLE
8
WHITE
10
4.9893700787401576
20
-4.676771653543307
40
0.0068897637795276
0
CIRCLE
8
WHITE
10
5.0893700787401572
20
-4.676771653543307
40
0.0068897637795276
0
CIRCLE
8
WHITE
10
6.6393700787401571
20
-3.326771653543307
40
0.0068897637795276
  0
ENDSEC
  0
EOF
