  0
SECTION
  2
HEADER
  9
$ANGBASE
  50
0.0
  9
$ANGDIR
  70
1
  9
$MEASUREMENT
  70
0
  0
ENDSEC
  0
SECTION
  2
TABLES
  0
TABLE
  2
LTYPE
  70
4
  0
LTYPE
  5
40F
  2
CONTINUOUS
  70
0
  3
Solid line
  72
65
  73
0
  40
0.0
  0
LTYPE
  5
410
  2
DASHDOT
 70
0
  3
Dash Dot ____ _ ____ _
 72
65
 73
4
 40
2.0
 49
1.25
 49
-0.25
 49
0.25
 49
-0.25
  0
LTYPE
  5
411
  2
DASHED
 70
0
  3
Dashed __ __ __ __ __
 72
65
 73
2
 40
0.75
 49
0.5
 49
-0.25
  0
LTYPE
  5
43B
  2
DOTTED
 70
0
  3
Dotted .  .  .  .
 72
65
 73
2
 40
0.2
 49
0.0
 49
-0.2
  0
ENDTAB
  0
TABLE
  2
STYLE
  70
4
  0
STYLE
  2
KICAD
  70
0
  40
0
  41
1
  42
1
  50
0
  71
0
  3
isocp.shx
  0
STYLE
  2
KICADB
  70
0
  40
0
  41
1
  42
1
  50
0
  71
0
  3
isocp.shx
  0
STYLE
  2
KICADI
  70
0
  40
0
  41
1
  42
1
  50
15
  71
0
  3
isocp.shx
  0
STYLE
  2
KICADBI
  70
0
  40
0
  41
1
  42
1
  50
15
  71
0
  3
isocp.shx
  0
ENDTAB
  0
TABLE
  2
LAYER
  70
1
  0
LAYER
  2
BLACK
  70
0
  62
7
  6
CONTINUOUS
  0
ENDTAB
  0
ENDSEC
  0
SECTION
  2
ENTITIES
0
LINE
8
BLACK
6
CONTINUOUS
10
5.8907335433070864
20
-4.8250567322834641
11
5.8917979527559057
21
-4.8254976377952756
0
LINE
8
BLACK
6
CONTINUOUS
10
5.8917979527559057
20
-4.8254976377952756
11
5.8926125984251971
21
-4.8263122834645671
0
LINE
8
BLACK
6
CONTINUOUS
10
5.8926125984251971
20
-4.8263122834645671
11
5.8930535039370078
21
-4.8273766929133854
0
LINE
8
BLACK
6
CONTINUOUS
10
5.8930535039370078
20
-4.8273766929133854
11
5.8931102362204726
21
-4.8279527559055113
0
LINE
8
BLACK
6
CONTINUOUS
10
5.8931102362204726
20
-4.8279527559055113
11
5.8931102362204726
21
-5.0279527559055115
0
LINE
8
BLACK
6
CONTINUOUS
10
5.8931102362204726
20
-5.0279527559055115
11
5.8930535039370078
21
-5.0285288188976374
0
LINE
8
BLACK
6
CONTINUOUS
10
5.8930535039370078
20
-5.0285288188976374
11
5.8926125984251971
21
-5.0295932283464566
0
LINE
8
BLACK
6
CONTINUOUS
10
5.8926125984251971
20
-5.0295932283464566
11
5.8917979527559057
21
-5.0304078740157481
0
LINE
8
BLACK
6
CONTINUOUS
10
5.8917979527559057
20
-5.0304078740157481
11
5.8907335433070864
21
-5.0308487795275587
0
LINE
8
BLACK
6
CONTINUOUS
10
5.8907335433070864
20
-5.0308487795275587
11
5.8901574803149606
21
-5.0309055118110235
0
LINE
8
BLACK
6
CONTINUOUS
10
5.8901574803149606
20
-5.0309055118110235
11
5.6901574803149604
21
-5.0309055118110235
0
LINE
8
BLACK
6
CONTINUOUS
10
5.6901574803149604
20
-5.0309055118110235
11
5.6895814173228345
21
-5.0308487795275587
0
LINE
8
BLACK
6
CONTINUOUS
10
5.6895814173228345
20
-5.0308487795275587
11
5.6885170078740153
21
-5.0304078740157481
0
LINE
8
BLACK
6
CONTINUOUS
10
5.6885170078740153
20
-5.0304078740157481
11
5.6877023622047247
21
-5.0295932283464566
0
LINE
8
BLACK
6
CONTINUOUS
10
5.6877023622047247
20
-5.0295932283464566
11
5.6872614566929132
21
-5.0285288188976374
0
LINE
8
BLACK
6
CONTINUOUS
10
5.6872614566929132
20
-5.0285288188976374
11
5.6872614566929132
21
-5.0273766929133856
0
LINE
8
BLACK
6
CONTINUOUS
10
5.6872614566929132
20
-5.0273766929133856
11
5.6877023622047247
21
-5.0263122834645664
0
LINE
8
BLACK
6
CONTINUOUS
10
5.6877023622047247
20
-5.0263122834645664
11
5.6885170078740153
21
-5.0254976377952758
0
LINE
8
BLACK
6
CONTINUOUS
10
5.6885170078740153
20
-5.0254976377952758
11
5.6895814173228345
21
-5.0250567322834643
0
LINE
8
BLACK
6
CONTINUOUS
10
5.6895814173228345
20
-5.0250567322834643
11
5.6901574803149604
21
-5.0249999999999995
0
LINE
8
BLACK
6
CONTINUOUS
10
5.6901574803149604
20
-5.0249999999999995
11
5.8872047244094485
21
-5.0249999999999995
0
LINE
8
BLACK
6
CONTINUOUS
10
5.8872047244094485
20
-5.0249999999999995
11
5.8872047244094485
21
-4.8309055118110233
0
LINE
8
BLACK
6
CONTINUOUS
10
5.8872047244094485
20
-4.8309055118110233
11
5.5931102362204719
21
-4.8309055118110233
0
LINE
8
BLACK
6
CONTINUOUS
10
5.5931102362204719
20
-4.8309055118110233
11
5.5931102362204719
21
-5.0279527559055115
0
LINE
8
BLACK
6
CONTINUOUS
10
5.5931102362204719
20
-5.0279527559055115
11
5.593053503937008
21
-5.0285288188976374
0
LINE
8
BLACK
6
CONTINUOUS
10
5.593053503937008
20
-5.0285288188976374
11
5.5926125984251964
21
-5.0295932283464566
0
LINE
8
BLACK
6
CONTINUOUS
10
5.5926125984251964
20
-5.0295932283464566
11
5.591797952755905
21
-5.0304078740157481
0
LINE
8
BLACK
6
CONTINUOUS
10
5.591797952755905
20
-5.0304078740157481
11
5.5907335433070866
21
-5.0308487795275587
0
LINE
8
BLACK
6
CONTINUOUS
10
5.5907335433070866
20
-5.0308487795275587
11
5.5895814173228349
21
-5.0308487795275587
0
LINE
8
BLACK
6
CONTINUOUS
10
5.5895814173228349
20
-5.0308487795275587
11
5.5885170078740156
21
-5.0304078740157481
0
LINE
8
BLACK
6
CONTINUOUS
10
5.5885170078740156
20
-5.0304078740157481
11
5.5877023622047242
21
-5.0295932283464566
0
LINE
8
BLACK
6
CONTINUOUS
10
5.5877023622047242
20
-5.0295932283464566
11
5.5872614566929135
21
-5.0285288188976374
0
LINE
8
BLACK
6
CONTINUOUS
10
5.5872614566929135
20
-5.0285288188976374
11
5.5872047244094487
21
-5.0279527559055115
0
LINE
8
BLACK
6
CONTINUOUS
10
5.5872047244094487
20
-5.0279527559055115
11
5.5872047244094487
21
-4.8279527559055113
0
LINE
8
BLACK
6
CONTINUOUS
10
5.5872047244094487
20
-4.8279527559055113
11
5.5872614566929135
21
-4.8273766929133854
0
LINE
8
BLACK
6
CONTINUOUS
10
5.5872614566929135
20
-4.8273766929133854
11
5.5877023622047242
21
-4.8263122834645671
0
LINE
8
BLACK
6
CONTINUOUS
10
5.5877023622047242
20
-4.8263122834645671
11
5.5885170078740156
21
-4.8254976377952756
0
LINE
8
BLACK
6
CONTINUOUS
10
5.5885170078740156
20
-4.8254976377952756
11
5.5895814173228349
21
-4.8250567322834641
0
LINE
8
BLACK
6
CONTINUOUS
10
5.5895814173228349
20
-4.8250567322834641
11
5.5901574803149607
21
-4.8250000000000002
0
LINE
8
BLACK
6
CONTINUOUS
10
5.5901574803149607
20
-4.8250000000000002
11
5.8901574803149606
21
-4.8250000000000002
0
LINE
8
BLACK
6
CONTINUOUS
10
5.8901574803149606
20
-4.8250000000000002
11
5.8907335433070864
21
-4.8250567322834641
0
LINE
8
BLACK
6
CONTINUOUS
10
5.5605314960629917
20
-4.9659467716535435
11
5.5608267716535433
21
-4.9661417322834644
0
LINE
8
BLACK
6
CONTINUOUS
10
5.5608267716535433
20
-4.9661417322834644
11
5.5765748031496063
21
-4.9779527559055117
0
LINE
8
BLACK
6
CONTINUOUS
10
5.5765748031496063
20
-4.9779527559055117
11
5.5776787007874011
21
-4.9796442125984255
0
LINE
8
BLACK
6
CONTINUOUS
10
5.5776787007874011
20
-4.9796442125984255
11
5.5774371259842521
21
-4.9816494881889763
0
LINE
8
BLACK
6
CONTINUOUS
10
5.5774371259842521
20
-4.9816494881889763
11
5.5765748031496063
21
-4.9826771653543309
0
LINE
8
BLACK
6
CONTINUOUS
10
5.5765748031496063
20
-4.9826771653543309
11
5.5608267716535433
21
-4.9944881889763781
0
LINE
8
BLACK
6
CONTINUOUS
10
5.5608267716535433
20
-4.9944881889763781
11
5.5588938976377955
21
-4.9950743307086611
0
LINE
8
BLACK
6
CONTINUOUS
10
5.5588938976377955
20
-4.9950743307086611
11
5.5570364566929129
21
-4.9942809055118111
0
LINE
8
BLACK
6
CONTINUOUS
10
5.5570364566929129
20
-4.9942809055118111
11
5.5561235433070868
21
-4.9924791732283467
0
LINE
8
BLACK
6
CONTINUOUS
10
5.5561235433070868
20
-4.9924791732283467
11
5.5561023622047241
21
-4.9921259842519685
0
LINE
8
BLACK
6
CONTINUOUS
10
5.5561023622047241
20
-4.9921259842519685
11
5.5561023622047241
21
-4.9685039370078741
0
LINE
8
BLACK
6
CONTINUOUS
10
5.5561023622047241
20
-4.9685039370078741
11
5.5567931889763775
21
-4.9666059448818896
0
LINE
8
BLACK
6
CONTINUOUS
10
5.5567931889763775
20
-4.9666059448818896
11
5.5585423622047241
21
-4.9655960236220471
0
LINE
8
BLACK
6
CONTINUOUS
10
5.5585423622047241
20
-4.9655960236220471
11
5.5605314960629917
21
-4.9659467716535435
0
LINE
8
BLACK
6
CONTINUOUS
10
5.5396981889763781
20
-4.9040338188976378
11
5.5405128346456696
21
-4.9048484645669292
0
LINE
8
BLACK
6
CONTINUOUS
10
5.5405128346456696
20
-4.9048484645669292
11
5.5409537401574802
21
-4.9059128740157476
0
LINE
8
BLACK
6
CONTINUOUS
10
5.5409537401574802
20
-4.9059128740157476
11
5.541010472440945
21
-4.9064889370078735
0
LINE
8
BLACK
6
CONTINUOUS
10
5.541010472440945
20
-4.9064889370078735
11
5.541010472440945
21
-4.9346103937007877
0
LINE
8
BLACK
6
CONTINUOUS
10
5.541010472440945
20
-4.9346103937007877
11
5.5409817322834645
21
-4.9349019685039366
0
LINE
8
BLACK
6
CONTINUOUS
10
5.5409817322834645
20
-4.9349019685039366
11
5.5409872834645668
21
-4.9349797244094491
0
LINE
8
BLACK
6
CONTINUOUS
10
5.5409872834645668
20
-4.9349797244094491
11
5.5409640157480311
21
-4.9350819685039369
0
LINE
8
BLACK
6
CONTINUOUS
10
5.5409640157480311
20
-4.9350819685039369
11
5.5409537401574802
21
-4.9351864566929136
0
LINE
8
BLACK
6
CONTINUOUS
10
5.5409537401574802
20
-4.9351864566929136
11
5.5409238582677167
21
-4.9352585039370078
0
LINE
8
BLACK
6
CONTINUOUS
10
5.5409238582677167
20
-4.9352585039370078
11
5.540858937007874
21
-4.9355441732283465
0
LINE
8
BLACK
6
CONTINUOUS
10
5.540858937007874
20
-4.9355441732283465
11
5.5389841732283465
21
-4.9411684251968504
0
LINE
8
BLACK
6
CONTINUOUS
10
5.5389841732283465
20
-4.9411684251968504
11
5.5387481889763777
21
-4.9416970078740157
0
LINE
8
BLACK
6
CONTINUOUS
10
5.5387481889763777
20
-4.9416970078740157
11
5.5386786614173227
21
-4.9417771259842516
0
LINE
8
BLACK
6
CONTINUOUS
10
5.5386786614173227
20
-4.9417771259842516
11
5.5386381102362208
21
-4.9418751181102358
0
LINE
8
BLACK
6
CONTINUOUS
10
5.5386381102362208
20
-4.9418751181102358
11
5.5382709055118111
21
-4.9423225590551176
0
LINE
8
BLACK
6
CONTINUOUS
10
5.5382709055118111
20
-4.9423225590551176
11
5.5345213385826773
21
-4.9460721653543303
0
LINE
8
BLACK
6
CONTINUOUS
10
5.5345213385826773
20
-4.9460721653543303
11
5.5340738976377954
21
-4.9464393700787399
0
LINE
8
BLACK
6
CONTINUOUS
10
5.5340738976377954
20
-4.9464393700787399
11
5.5339758267716537
21
-4.9464799606299215
0
LINE
8
BLACK
6
CONTINUOUS
10
5.5339758267716537
20
-4.9464799606299215
11
5.5338957086614169
21
-4.9465494881889764
0
LINE
8
BLACK
6
CONTINUOUS
10
5.5338957086614169
20
-4.9465494881889764
11
5.5333671653543304
21
-4.9467854724409444
0
LINE
8
BLACK
6
CONTINUOUS
10
5.5333671653543304
20
-4.9467854724409444
11
5.5277428740157477
21
-4.9486602362204719
0
LINE
8
BLACK
6
CONTINUOUS
10
5.5277428740157477
20
-4.9486602362204719
11
5.5274572834645666
21
-4.9487251574803146
0
LINE
8
BLACK
6
CONTINUOUS
10
5.5274572834645666
20
-4.9487251574803146
11
5.5273851968503935
21
-4.948755039370079
0
LINE
8
BLACK
6
CONTINUOUS
10
5.5273851968503935
20
-4.948755039370079
11
5.5272806692913381
21
-4.9487653149606299
0
LINE
8
BLACK
6
CONTINUOUS
10
5.5272806692913381
20
-4.9487653149606299
11
5.5271784251968503
21
-4.9487885826771656
0
LINE
8
BLACK
6
CONTINUOUS
10
5.5271784251968503
20
-4.9487885826771656
11
5.5271006692913387
21
-4.9487830314960632
0
LINE
8
BLACK
6
CONTINUOUS
10
5.5271006692913387
20
-4.9487830314960632
11
5.5268091338582677
21
-4.9488117716535429
0
LINE
8
BLACK
6
CONTINUOUS
10
5.5268091338582677
20
-4.9488117716535429
11
5.5230596062992126
21
-4.9488117716535429
0
LINE
8
BLACK
6
CONTINUOUS
10
5.5230596062992126
20
-4.9488117716535429
11
5.5224835433070867
21
-4.948755039370079
0
LINE
8
BLACK
6
CONTINUOUS
10
5.5224835433070867
20
-4.948755039370079
11
5.5214191338582674
21
-4.9483141338582675
0
LINE
8
BLACK
6
CONTINUOUS
10
5.5214191338582674
20
-4.9483141338582675
11
5.520604488188976
21
-4.947499488188976
0
LINE
8
BLACK
6
CONTINUOUS
10
5.520604488188976
20
-4.947499488188976
11
5.5201635826771653
21
-4.9464350787401576
0
LINE
8
BLACK
6
CONTINUOUS
10
5.5201635826771653
20
-4.9464350787401576
11
5.5201635826771653
21
-4.945282952755905
0
LINE
8
BLACK
6
CONTINUOUS
10
5.5201635826771653
20
-4.945282952755905
11
5.520604488188976
21
-4.9442185433070867
0
LINE
8
BLACK
6
CONTINUOUS
10
5.520604488188976
20
-4.9442185433070867
11
5.5214191338582674
21
-4.9434038976377952
0
LINE
8
BLACK
6
CONTINUOUS
10
5.5214191338582674
20
-4.9434038976377952
11
5.5224835433070867
21
-4.9429629921259846
0
LINE
8
BLACK
6
CONTINUOUS
10
5.5224835433070867
20
-4.9429629921259846
11
5.5230596062992126
21
-4.9429062598425197
0
LINE
8
BLACK
6
CONTINUOUS
10
5.5230596062992126
20
-4.9429062598425197
11
5.5263299999999997
21
-4.9429062598425197
0
LINE
8
BLACK
6
CONTINUOUS
10
5.5263299999999997
20
-4.9429062598425197
11
5.5308383858267716
21
-4.9414034251968504
0
LINE
8
BLACK
6
CONTINUOUS
10
5.5308383858267716
20
-4.9414034251968504
11
5.5336021259842516
21
-4.9386396456692916
0
LINE
8
BLACK
6
CONTINUOUS
10
5.5336021259842516
20
-4.9386396456692916
11
5.535104960629921
21
-4.9341312598425198
0
LINE
8
BLACK
6
CONTINUOUS
10
5.535104960629921
20
-4.9341312598425198
11
5.535104960629921
21
-4.9064889370078735
0
LINE
8
BLACK
6
CONTINUOUS
10
5.535104960629921
20
-4.9064889370078735
11
5.5351616929133858
21
-4.9059128740157476
0
LINE
8
BLACK
6
CONTINUOUS
10
5.5351616929133858
20
-4.9059128740157476
11
5.5356025984251964
21
-4.9048484645669292
0
LINE
8
BLACK
6
CONTINUOUS
10
5.5356025984251964
20
-4.9048484645669292
11
5.5364172440944879
21
-4.9040338188976378
0
LINE
8
BLACK
6
CONTINUOUS
10
5.5364172440944879
20
-4.9040338188976378
11
5.5374816535433071
21
-4.9035929133858263
0
LINE
8
BLACK
6
CONTINUOUS
10
5.5374816535433071
20
-4.9035929133858263
11
5.5386337795275589
21
-4.9035929133858263
0
LINE
8
BLACK
6
CONTINUOUS
10
5.5386337795275589
20
-4.9035929133858263
11
5.5396981889763781
21
-4.9040338188976378
0
LINE
8
BLACK
6
CONTINUOUS
10
5.5705048031496061
20
-4.9035929133858263
11
5.5706027952755903
21
-4.9036335039370078
0
LINE
8
BLACK
6
CONTINUOUS
10
5.5706027952755903
20
-4.9036335039370078
11
5.5707086220472437
21
-4.9036410236220469
0
LINE
8
BLACK
6
CONTINUOUS
10
5.5707086220472437
20
-4.9036410236220469
11
5.5712492519685037
21
-4.9038479133858264
0
LINE
8
BLACK
6
CONTINUOUS
10
5.5712492519685037
20
-4.9038479133858264
11
5.5749987795275588
21
-4.9057226771653539
0
LINE
8
BLACK
6
CONTINUOUS
10
5.5749987795275588
20
-4.9057226771653539
11
5.5752467716535428
21
-4.9058787401574806
0
LINE
8
BLACK
6
CONTINUOUS
10
5.5752467716535428
20
-4.9058787401574806
11
5.5753187401574804
21
-4.9059085826771653
0
LINE
8
BLACK
6
CONTINUOUS
10
5.5753187401574804
20
-4.9059085826771653
11
5.5753996850393701
21
-4.9059750393700785
0
LINE
8
BLACK
6
CONTINUOUS
10
5.5753996850393701
20
-4.9059750393700785
11
5.5754886614173227
21
-4.906031023622047
0
LINE
8
BLACK
6
CONTINUOUS
10
5.5754886614173227
20
-4.906031023622047
11
5.5755398031496064
21
-4.9060899999999998
0
LINE
8
BLACK
6
CONTINUOUS
10
5.5755398031496064
20
-4.9060899999999998
11
5.5757661811023622
21
-4.906275787401575
0
LINE
8
BLACK
6
CONTINUOUS
10
5.5757661811023622
20
-4.906275787401575
11
5.5776409448818898
21
-4.9081505511811025
0
LINE
8
BLACK
6
CONTINUOUS
10
5.5776409448818898
20
-4.9081505511811025
11
5.5778266929133853
21
-4.9083768897637796
0
LINE
8
BLACK
6
CONTINUOUS
10
5.5778266929133853
20
-4.9083768897637796
11
5.5778857086614169
21
-4.9084280708661412
0
LINE
8
BLACK
6
CONTINUOUS
10
5.5778857086614169
20
-4.9084280708661412
11
5.5779416535433066
21
-4.9085170078740159
0
LINE
8
BLACK
6
CONTINUOUS
10
5.5779416535433066
20
-4.9085170078740159
11
5.5780081496062994
21
-4.9085979921259844
0
LINE
8
BLACK
6
CONTINUOUS
10
5.5780081496062994
20
-4.9085979921259844
11
5.5780379527559054
21
-4.9086699212598424
0
LINE
8
BLACK
6
CONTINUOUS
10
5.5780379527559054
20
-4.9086699212598424
11
5.57819405511811
21
-4.908917952755905
0
LINE
8
BLACK
6
CONTINUOUS
10
5.57819405511811
20
-4.908917952755905
11
5.5800688188976375
21
-4.9126674803149601
0
LINE
8
BLACK
6
CONTINUOUS
10
5.5800688188976375
20
-4.9126674803149601
11
5.580275708661417
21
-4.9132080708661414
0
LINE
8
BLACK
6
CONTINUOUS
10
5.580275708661417
20
-4.9132080708661414
11
5.580283228346457
21
-4.9133139370078736
0
LINE
8
BLACK
6
CONTINUOUS
10
5.580283228346457
20
-4.9133139370078736
11
5.5803238188976376
21
-4.9134119291338578
0
LINE
8
BLACK
6
CONTINUOUS
10
5.5803238188976376
20
-4.9134119291338578
11
5.5803805511811024
21
-4.9139879921259846
0
LINE
8
BLACK
6
CONTINUOUS
10
5.5803805511811024
20
-4.9139879921259846
11
5.5803805511811024
21
-4.9177375196850397
0
LINE
8
BLACK
6
CONTINUOUS
10
5.5803805511811024
20
-4.9177375196850397
11
5.5803518110236219
21
-4.9180290944881886
0
LINE
8
BLACK
6
CONTINUOUS
10
5.5803518110236219
20
-4.9180290944881886
11
5.5803573622047242
21
-4.9181068503937011
0
LINE
8
BLACK
6
CONTINUOUS
10
5.5803573622047242
20
-4.9181068503937011
11
5.5803340944881885
21
-4.9182090944881889
0
LINE
8
BLACK
6
CONTINUOUS
10
5.5803340944881885
20
-4.9182090944881889
11
5.5803238188976376
21
-4.9183135826771656
0
LINE
8
BLACK
6
CONTINUOUS
10
5.5803238188976376
20
-4.9183135826771656
11
5.5802939370078741
21
-4.9183856299212598
0
LINE
8
BLACK
6
CONTINUOUS
10
5.5802939370078741
20
-4.9183856299212598
11
5.5802290157480314
21
-4.9186712992125985
0
LINE
8
BLACK
6
CONTINUOUS
10
5.5802290157480314
20
-4.9186712992125985
11
5.5783542519685039
21
-4.9242955511811024
0
LINE
8
BLACK
6
CONTINUOUS
10
5.5783542519685039
20
-4.9242955511811024
11
5.5781182677165351
21
-4.9248241338582677
0
LINE
8
BLACK
6
CONTINUOUS
10
5.5781182677165351
20
-4.9248241338582677
11
5.5780487795275588
21
-4.9249042125984248
0
LINE
8
BLACK
6
CONTINUOUS
10
5.5780487795275588
20
-4.9249042125984248
11
5.5780081889763782
21
-4.9250022834645666
0
LINE
8
BLACK
6
CONTINUOUS
10
5.5780081889763782
20
-4.9250022834645666
11
5.5776409448818898
21
-4.9254497244094484
0
LINE
8
BLACK
6
CONTINUOUS
10
5.5776409448818898
20
-4.9254497244094484
11
5.5601844488188972
21
-4.9429062598425197
0
LINE
8
BLACK
6
CONTINUOUS
10
5.5601844488188972
20
-4.9429062598425197
11
5.5774277952755904
21
-4.9429062598425197
0
LINE
8
BLACK
6
CONTINUOUS
10
5.5774277952755904
20
-4.9429062598425197
11
5.5780038582677163
21
-4.9429629921259846
0
LINE
8
BLACK
6
CONTINUOUS
10
5.5780038582677163
20
-4.9429629921259846
11
5.5790682677165355
21
-4.9434038976377952
0
LINE
8
BLACK
6
CONTINUOUS
10
5.5790682677165355
20
-4.9434038976377952
11
5.579882913385827
21
-4.9442185433070867
0
LINE
8
BLACK
6
CONTINUOUS
10
5.579882913385827
20
-4.9442185433070867
11
5.5803238188976376
21
-4.945282952755905
0
LINE
8
BLACK
6
CONTINUOUS
10
5.5803238188976376
20
-4.945282952755905
11
5.5803238188976376
21
-4.9464350787401576
0
LINE
8
BLACK
6
CONTINUOUS
10
5.5803238188976376
20
-4.9464350787401576
11
5.579882913385827
21
-4.947499488188976
0
LINE
8
BLACK
6
CONTINUOUS
10
5.579882913385827
20
-4.947499488188976
11
5.5790682677165355
21
-4.9483141338582675
0
LINE
8
BLACK
6
CONTINUOUS
10
5.5790682677165355
20
-4.9483141338582675
11
5.5780038582677163
21
-4.948755039370079
0
LINE
8
BLACK
6
CONTINUOUS
10
5.5780038582677163
20
-4.948755039370079
11
5.5774277952755904
21
-4.9488117716535429
0
LINE
8
BLACK
6
CONTINUOUS
10
5.5774277952755904
20
-4.9488117716535429
11
5.5530558661417322
21
-4.9488117716535429
0
LINE
8
BLACK
6
CONTINUOUS
10
5.5530558661417322
20
-4.9488117716535429
11
5.5524798031496063
21
-4.948755039370079
0
LINE
8
BLACK
6
CONTINUOUS
10
5.5524798031496063
20
-4.948755039370079
11
5.5514153937007871
21
-4.9483141338582675
0
LINE
8
BLACK
6
CONTINUOUS
10
5.5514153937007871
20
-4.9483141338582675
11
5.5506007480314956
21
-4.947499488188976
0
LINE
8
BLACK
6
CONTINUOUS
10
5.5506007480314956
20
-4.947499488188976
11
5.550159842519685
21
-4.9464350787401576
0
LINE
8
BLACK
6
CONTINUOUS
10
5.550159842519685
20
-4.9464350787401576
11
5.550159842519685
21
-4.945282952755905
0
LINE
8
BLACK
6
CONTINUOUS
10
5.550159842519685
20
-4.945282952755905
11
5.5506007480314956
21
-4.9442185433070867
0
LINE
8
BLACK
6
CONTINUOUS
10
5.5506007480314956
20
-4.9442185433070867
11
5.5509679527559053
21
-4.9437711023622049
0
LINE
8
BLACK
6
CONTINUOUS
10
5.5509679527559053
20
-4.9437711023622049
11
5.572972204724409
21
-4.9217667716535436
0
LINE
8
BLACK
6
CONTINUOUS
10
5.572972204724409
20
-4.9217667716535436
11
5.5744750393700784
21
-4.9172583858267718
0
LINE
8
BLACK
6
CONTINUOUS
10
5.5744750393700784
20
-4.9172583858267718
11
5.5744750393700784
21
-4.9146850393700783
0
LINE
8
BLACK
6
CONTINUOUS
10
5.5744750393700784
20
-4.9146850393700783
11
5.5731262992125981
21
-4.9119875590551176
0
LINE
8
BLACK
6
CONTINUOUS
10
5.5731262992125981
20
-4.9119875590551176
11
5.5719291732283462
21
-4.9107904330708658
0
LINE
8
BLACK
6
CONTINUOUS
10
5.5719291732283462
20
-4.9107904330708658
11
5.5692316929133856
21
-4.9094416929133855
0
LINE
8
BLACK
6
CONTINUOUS
10
5.5692316929133856
20
-4.9094416929133855
11
5.561251968503937
21
-4.9094416929133855
0
LINE
8
BLACK
6
CONTINUOUS
10
5.561251968503937
20
-4.9094416929133855
11
5.5585544881889764
21
-4.9107904330708658
0
LINE
8
BLACK
6
CONTINUOUS
10
5.5585544881889764
20
-4.9107904330708658
11
5.5570185433070867
21
-4.9123263779527555
0
LINE
8
BLACK
6
CONTINUOUS
10
5.5570185433070867
20
-4.9123263779527555
11
5.5565711023622049
21
-4.9126935826771652
0
LINE
8
BLACK
6
CONTINUOUS
10
5.5565711023622049
20
-4.9126935826771652
11
5.5555066535433069
21
-4.9131344881889767
0
LINE
8
BLACK
6
CONTINUOUS
10
5.5555066535433069
20
-4.9131344881889767
11
5.5543546062992126
21
-4.9131344881889767
0
LINE
8
BLACK
6
CONTINUOUS
10
5.5543546062992126
20
-4.9131344881889767
11
5.5532901574803146
21
-4.9126935826771652
0
LINE
8
BLACK
6
CONTINUOUS
10
5.5532901574803146
20
-4.9126935826771652
11
5.5524755118110232
21
-4.9118789370078737
0
LINE
8
BLACK
6
CONTINUOUS
10
5.5524755118110232
20
-4.9118789370078737
11
5.5520346062992125
21
-4.9108144881889766
0
LINE
8
BLACK
6
CONTINUOUS
10
5.5520346062992125
20
-4.9108144881889766
11
5.5520346062992125
21
-4.9096624409448815
0
LINE
8
BLACK
6
CONTINUOUS
10
5.5520346062992125
20
-4.9096624409448815
11
5.5524755118110232
21
-4.9085979921259844
0
LINE
8
BLACK
6
CONTINUOUS
10
5.5524755118110232
20
-4.9085979921259844
11
5.5528427165354328
21
-4.9081505511811025
0
LINE
8
BLACK
6
CONTINUOUS
10
5.5528427165354328
20
-4.9081505511811025
11
5.5547174803149604
21
-4.906275787401575
0
LINE
8
BLACK
6
CONTINUOUS
10
5.5547174803149604
20
-4.906275787401575
11
5.5549438188976374
21
-4.9060899999999998
0
LINE
8
BLACK
6
CONTINUOUS
10
5.5549438188976374
20
-4.9060899999999998
11
5.5549949999999999
21
-4.906031023622047
0
LINE
8
BLACK
6
CONTINUOUS
10
5.5549949999999999
20
-4.906031023622047
11
5.5550839370078737
21
-4.9059750393700785
0
LINE
8
BLACK
6
CONTINUOUS
10
5.5550839370078737
20
-4.9059750393700785
11
5.5551649212598422
21
-4.9059085826771653
0
LINE
8
BLACK
6
CONTINUOUS
10
5.5551649212598422
20
-4.9059085826771653
11
5.5552368503937011
21
-4.9058787401574806
0
LINE
8
BLACK
6
CONTINUOUS
10
5.5552368503937011
20
-4.9058787401574806
11
5.5554848818897637
21
-4.9057226771653539
0
LINE
8
BLACK
6
CONTINUOUS
10
5.5554848818897637
20
-4.9057226771653539
11
5.5592344094488189
21
-4.9038479133858264
0
LINE
8
BLACK
6
CONTINUOUS
10
5.5592344094488189
20
-4.9038479133858264
11
5.5597750000000001
21
-4.9036410236220469
0
LINE
8
BLACK
6
CONTINUOUS
10
5.5597750000000001
20
-4.9036410236220469
11
5.5598808661417323
21
-4.9036334645669291
0
LINE
8
BLACK
6
CONTINUOUS
10
5.5598808661417323
20
-4.9036334645669291
11
5.5599788582677165
21
-4.9035929133858263
0
LINE
8
BLACK
6
CONTINUOUS
10
5.5599788582677165
20
-4.9035929133858263
11
5.5605549212598424
21
-4.9035361811023623
0
LINE
8
BLACK
6
CONTINUOUS
10
5.5605549212598424
20
-4.9035361811023623
11
5.5699287401574802
21
-4.9035361811023623
0
LINE
8
BLACK
6
CONTINUOUS
10
5.5699287401574802
20
-4.9035361811023623
11
5.5705048031496061
21
-4.9035929133858263
0
LINE
8
BLACK
6
CONTINUOUS
10
5.657055590551181
20
-4.7841824015748031
11
5.6574964566929129
21
-4.7843650000000002
0
LINE
8
BLACK
6
CONTINUOUS
10
5.6574964566929129
20
-4.7843650000000002
11
5.6581199606299215
21
-4.784623267716535
0
LINE
8
BLACK
6
CONTINUOUS
10
5.6581199606299215
20
-4.784623267716535
11
5.6585674015748033
21
-4.7849904724409447
0
LINE
8
BLACK
6
CONTINUOUS
10
5.6585674015748033
20
-4.7849904724409447
11
5.6604422047244096
21
-4.7868652362204722
0
LINE
8
BLACK
6
CONTINUOUS
10
5.6604422047244096
20
-4.7868652362204722
11
5.6608094488188971
21
-4.7873127165354328
0
LINE
8
BLACK
6
CONTINUOUS
10
5.6608094488188971
20
-4.7873127165354328
11
5.6608499999999999
21
-4.7874106692913383
0
LINE
8
BLACK
6
CONTINUOUS
10
5.6608499999999999
20
-4.7874106692913383
11
5.6609195669291337
21
-4.7874908661417326
0
LINE
8
BLACK
6
CONTINUOUS
10
5.6609195669291337
20
-4.7874908661417326
11
5.6611555511811025
21
-4.7880194488188978
0
LINE
8
BLACK
6
CONTINUOUS
10
5.6611555511811025
20
-4.7880194488188978
11
5.66303031496063
21
-4.7936437007874018
0
LINE
8
BLACK
6
CONTINUOUS
10
5.66303031496063
20
-4.7936437007874018
11
5.6630952362204727
21
-4.7939293307086617
0
LINE
8
BLACK
6
CONTINUOUS
10
5.6630952362204727
20
-4.7939293307086617
11
5.6631251181102362
21
-4.7940014173228347
0
LINE
8
BLACK
6
CONTINUOUS
10
5.6631251181102362
20
-4.7940014173228347
11
5.6631353937007871
21
-4.7941058661417317
0
LINE
8
BLACK
6
CONTINUOUS
10
5.6631353937007871
20
-4.7941058661417317
11
5.6631586614173228
21
-4.7942081496062992
0
LINE
8
BLACK
6
CONTINUOUS
10
5.6631586614173228
20
-4.7942081496062992
11
5.6631531102362205
21
-4.794285866141732
0
LINE
8
BLACK
6
CONTINUOUS
10
5.6631531102362205
20
-4.794285866141732
11
5.663181850393701
21
-4.7945774803149606
0
LINE
8
BLACK
6
CONTINUOUS
10
5.663181850393701
20
-4.7945774803149606
11
5.663181850393701
21
-4.7983270078740157
0
LINE
8
BLACK
6
CONTINUOUS
10
5.663181850393701
20
-4.7983270078740157
11
5.6631531102362205
21
-4.7986185826771655
0
LINE
8
BLACK
6
CONTINUOUS
10
5.6631531102362205
20
-4.7986185826771655
11
5.6631586614173228
21
-4.7986963385826771
0
LINE
8
BLACK
6
CONTINUOUS
10
5.6631586614173228
20
-4.7986963385826771
11
5.6631353937007871
21
-4.7987985826771649
0
LINE
8
BLACK
6
CONTINUOUS
10
5.6631353937007871
20
-4.7987985826771649
11
5.6631251181102362
21
-4.7989030708661415
0
LINE
8
BLACK
6
CONTINUOUS
10
5.6631251181102362
20
-4.7989030708661415
11
5.6630952362204727
21
-4.7989751181102358
0
LINE
8
BLACK
6
CONTINUOUS
10
5.6630952362204727
20
-4.7989751181102358
11
5.66303031496063
21
-4.7992607874015745
0
LINE
8
BLACK
6
CONTINUOUS
10
5.66303031496063
20
-4.7992607874015745
11
5.6611555511811025
21
-4.8048850393700784
0
LINE
8
BLACK
6
CONTINUOUS
10
5.6611555511811025
20
-4.8048850393700784
11
5.6609195669291337
21
-4.8054136220472436
0
LINE
8
BLACK
6
CONTINUOUS
10
5.6609195669291337
20
-4.8054136220472436
11
5.6608500787401574
21
-4.8054937007874017
0
LINE
8
BLACK
6
CONTINUOUS
10
5.6608500787401574
20
-4.8054937007874017
11
5.6608094881889759
21
-4.8055917716535435
0
LINE
8
BLACK
6
CONTINUOUS
10
5.6608094881889759
20
-4.8055917716535435
11
5.6604422440944884
21
-4.8060392125984253
0
LINE
8
BLACK
6
CONTINUOUS
10
5.6604422440944884
20
-4.8060392125984253
11
5.6566926771653545
21
-4.8097887401574804
0
LINE
8
BLACK
6
CONTINUOUS
10
5.6566926771653545
20
-4.8097887401574804
11
5.6564662992125987
21
-4.8099744881889759
0
LINE
8
BLACK
6
CONTINUOUS
10
5.6564662992125987
20
-4.8099744881889759
11
5.656415157480315
21
-4.8100335039370075
0
LINE
8
BLACK
6
CONTINUOUS
10
5.656415157480315
20
-4.8100335039370075
11
5.6563262204724412
21
-4.8100894488188972
0
LINE
8
BLACK
6
CONTINUOUS
10
5.6563262204724412
20
-4.8100894488188972
11
5.656245196850394
21
-4.8101559842519688
0
LINE
8
BLACK
6
CONTINUOUS
10
5.656245196850394
20
-4.8101559842519688
11
5.6561731496062988
21
-4.8101857874015748
0
LINE
8
BLACK
6
CONTINUOUS
10
5.6561731496062988
20
-4.8101857874015748
11
5.6559252755905511
21
-4.8103418503937005
0
LINE
8
BLACK
6
CONTINUOUS
10
5.6559252755905511
20
-4.8103418503937005
11
5.652175748031496
21
-4.8122166141732281
0
LINE
8
BLACK
6
CONTINUOUS
10
5.652175748031496
20
-4.8122166141732281
11
5.652133622047244
21
-4.8122327165354326
0
LINE
8
BLACK
6
CONTINUOUS
10
5.652133622047244
20
-4.8122327165354326
11
5.6521164960629919
21
-4.8122454330708662
0
LINE
8
BLACK
6
CONTINUOUS
10
5.6521164960629919
20
-4.8122454330708662
11
5.6518745275590554
21
-4.8123318503937007
0
LINE
8
BLACK
6
CONTINUOUS
10
5.6518745275590554
20
-4.8123318503937007
11
5.651635118110236
21
-4.8124235039370076
0
LINE
8
BLACK
6
CONTINUOUS
10
5.651635118110236
20
-4.8124235039370076
11
5.6516138582677167
21
-4.8124250000000002
0
LINE
8
BLACK
6
CONTINUOUS
10
5.6516138582677167
20
-4.8124250000000002
11
5.6515713779527559
21
-4.8124401968503934
0
LINE
8
BLACK
6
CONTINUOUS
10
5.6515713779527559
20
-4.8124401968503934
11
5.6440723228346457
21
-4.8143149606299209
0
LINE
8
BLACK
6
CONTINUOUS
10
5.6440723228346457
20
-4.8143149606299209
11
5.6439724409448822
21
-4.8143297244094487
0
LINE
8
BLACK
6
CONTINUOUS
10
5.6439724409448822
20
-4.8143297244094487
11
5.6439322440944881
21
-4.8143463779527558
0
LINE
8
BLACK
6
CONTINUOUS
10
5.6439322440944881
20
-4.8143463779527558
11
5.6437151968503931
21
-4.8143677165354326
0
LINE
8
BLACK
6
CONTINUOUS
10
5.6437151968503931
20
-4.8143677165354326
11
5.6434997244094482
21
-4.8143996062992125
0
LINE
8
BLACK
6
CONTINUOUS
10
5.6434997244094482
20
-4.8143996062992125
11
5.6434566929133858
21
-4.8143931889763776
0
LINE
8
BLACK
6
CONTINUOUS
10
5.6434566929133858
20
-4.8143931889763776
11
5.6433561811023623
21
-4.8144031102362206
0
LINE
8
BLACK
6
CONTINUOUS
10
5.6433561811023623
20
-4.8144031102362206
11
5.6377318897637796
21
-4.8144031102362206
0
LINE
8
BLACK
6
CONTINUOUS
10
5.6377318897637796
20
-4.8144031102362206
11
5.6376313385826773
21
-4.8143931889763776
0
LINE
8
BLACK
6
CONTINUOUS
10
5.6376313385826773
20
-4.8143931889763776
11
5.6375883464566927
21
-4.8143996062992125
0
LINE
8
BLACK
6
CONTINUOUS
10
5.6375883464566927
20
-4.8143996062992125
11
5.6373728346456691
21
-4.8143677165354326
0
LINE
8
BLACK
6
CONTINUOUS
10
5.6373728346456691
20
-4.8143677165354326
11
5.6371558267716537
21
-4.8143463779527558
0
LINE
8
BLACK
6
CONTINUOUS
10
5.6371558267716537
20
-4.8143463779527558
11
5.6371155905511809
21
-4.8143297244094487
0
LINE
8
BLACK
6
CONTINUOUS
10
5.6371155905511809
20
-4.8143297244094487
11
5.6370157480314962
21
-4.8143149606299209
0
LINE
8
BLACK
6
CONTINUOUS
10
5.6370157480314962
20
-4.8143149606299209
11
5.629516692913386
21
-4.8124401968503934
0
LINE
8
BLACK
6
CONTINUOUS
10
5.629516692913386
20
-4.8124401968503934
11
5.6294741732283464
21
-4.8124250000000002
0
LINE
8
BLACK
6
CONTINUOUS
10
5.6294741732283464
20
-4.8124250000000002
11
5.6294529133858262
21
-4.8124235039370076
0
LINE
8
BLACK
6
CONTINUOUS
10
5.6294529133858262
20
-4.8124235039370076
11
5.6292131496062989
21
-4.8123317322834644
0
LINE
8
BLACK
6
CONTINUOUS
10
5.6292131496062989
20
-4.8123317322834644
11
5.6289715748031499
21
-4.8122454330708662
0
LINE
8
BLACK
6
CONTINUOUS
10
5.6289715748031499
20
-4.8122454330708662
11
5.6289544094488191
21
-4.8122327165354326
0
LINE
8
BLACK
6
CONTINUOUS
10
5.6289544094488191
20
-4.8122327165354326
11
5.6289123228346458
21
-4.8122166141732281
0
LINE
8
BLACK
6
CONTINUOUS
10
5.6289123228346458
20
-4.8122166141732281
11
5.6251627952755907
21
-4.8103418503937005
0
LINE
8
BLACK
6
CONTINUOUS
10
5.6251627952755907
20
-4.8103418503937005
11
5.6249149606299209
21
-4.8101858267716535
0
LINE
8
BLACK
6
CONTINUOUS
10
5.6249149606299209
20
-4.8101858267716535
11
5.6248428346456691
21
-4.8101559842519688
0
LINE
8
BLACK
6
CONTINUOUS
10
5.6248428346456691
20
-4.8101559842519688
11
5.6247616535433069
21
-4.8100893700787397
0
LINE
8
BLACK
6
CONTINUOUS
10
5.6247616535433069
20
-4.8100893700787397
11
5.6246729133858269
21
-4.8100335039370075
0
LINE
8
BLACK
6
CONTINUOUS
10
5.6246729133858269
20
-4.8100335039370075
11
5.6246217716535432
21
-4.8099745669291334
0
LINE
8
BLACK
6
CONTINUOUS
10
5.6246217716535432
20
-4.8099745669291334
11
5.6243953937007873
21
-4.8097887401574804
0
LINE
8
BLACK
6
CONTINUOUS
10
5.6243953937007873
20
-4.8097887401574804
11
5.6206458661417322
21
-4.8060392125984253
0
LINE
8
BLACK
6
CONTINUOUS
10
5.6206458661417322
20
-4.8060392125984253
11
5.6202786614173226
21
-4.8055917716535435
0
LINE
8
BLACK
6
CONTINUOUS
10
5.6202786614173226
20
-4.8055917716535435
11
5.6202380314960632
21
-4.8054937007874017
0
LINE
8
BLACK
6
CONTINUOUS
10
5.6202380314960632
20
-4.8054937007874017
11
5.6201685433070869
21
-4.8054135826771649
0
LINE
8
BLACK
6
CONTINUOUS
10
5.6201685433070869
20
-4.8054135826771649
11
5.6199325590551181
21
-4.8048850393700784
0
LINE
8
BLACK
6
CONTINUOUS
10
5.6199325590551181
20
-4.8048850393700784
11
5.6180577952755906
21
-4.7992607480314957
0
LINE
8
BLACK
6
CONTINUOUS
10
5.6180577952755906
20
-4.7992607480314957
11
5.6179928346456691
21
-4.7989751574803146
0
LINE
8
BLACK
6
CONTINUOUS
10
5.6179928346456691
20
-4.7989751574803146
11
5.6179629921259844
21
-4.7989030708661415
0
LINE
8
BLACK
6
CONTINUOUS
10
5.6179629921259844
20
-4.7989030708661415
11
5.6179526771653538
21
-4.7987985433070861
0
LINE
8
BLACK
6
CONTINUOUS
10
5.6179526771653538
20
-4.7987985433070861
11
5.6179294488188978
21
-4.7986962992125983
0
LINE
8
BLACK
6
CONTINUOUS
10
5.6179294488188978
20
-4.7986962992125983
11
5.6179349606299214
21
-4.7986185433070867
0
LINE
8
BLACK
6
CONTINUOUS
10
5.6179349606299214
20
-4.7986185433070867
11
5.6179062598425196
21
-4.7983270078740157
0
LINE
8
BLACK
6
CONTINUOUS
10
5.6179062598425196
20
-4.7983270078740157
11
5.6179062598425196
21
-4.792702716535433
0
LINE
8
BLACK
6
CONTINUOUS
10
5.6179062598425196
20
-4.792702716535433
11
5.6179629921259844
21
-4.7921266535433071
0
LINE
8
BLACK
6
CONTINUOUS
10
5.6179629921259844
20
-4.7921266535433071
11
5.618003582677165
21
-4.7920286220472441
0
LINE
8
BLACK
6
CONTINUOUS
10
5.618003582677165
20
-4.7920286220472441
11
5.618011102362205
21
-4.7919228346456695
0
LINE
8
BLACK
6
CONTINUOUS
10
5.618011102362205
20
-4.7919228346456695
11
5.6182179921259845
21
-4.7913822047244095
0
LINE
8
BLACK
6
CONTINUOUS
10
5.6182179921259845
20
-4.7913822047244095
11
5.620092755905512
21
-4.7876326771653543
0
LINE
8
BLACK
6
CONTINUOUS
10
5.620092755905512
20
-4.7876326771653543
11
5.6204011023622042
21
-4.7871427952755905
0
LINE
8
BLACK
6
CONTINUOUS
10
5.6204011023622042
20
-4.7871427952755905
11
5.6212714960629917
21
-4.7863879527559057
0
LINE
8
BLACK
6
CONTINUOUS
10
5.6212714960629917
20
-4.7863879527559057
11
5.6223644488188977
21
-4.7860236220472441
0
LINE
8
BLACK
6
CONTINUOUS
10
5.6223644488188977
20
-4.7860236220472441
11
5.6235136614173227
21
-4.7861052755905513
0
LINE
8
BLACK
6
CONTINUOUS
10
5.6235136614173227
20
-4.7861052755905513
11
5.6245441732283465
21
-4.7866205511811026
0
LINE
8
BLACK
6
CONTINUOUS
10
5.6245441732283465
20
-4.7866205511811026
11
5.6252990157480314
21
-4.7874909055118113
0
LINE
8
BLACK
6
CONTINUOUS
10
5.6252990157480314
20
-4.7874909055118113
11
5.625663346456693
21
-4.7885838976377952
0
LINE
8
BLACK
6
CONTINUOUS
10
5.625663346456693
20
-4.7885838976377952
11
5.6255816929133857
21
-4.7897331102362202
0
LINE
8
BLACK
6
CONTINUOUS
10
5.6255816929133857
20
-4.7897331102362202
11
5.6253748031496063
21
-4.7902737007874014
0
LINE
8
BLACK
6
CONTINUOUS
10
5.6253748031496063
20
-4.7902737007874014
11
5.6238117716535436
21
-4.7933997637795276
0
LINE
8
BLACK
6
CONTINUOUS
10
5.6238117716535436
20
-4.7933997637795276
11
5.6238117716535436
21
-4.797847834645669
0
LINE
8
BLACK
6
CONTINUOUS
10
5.6238117716535436
20
-4.797847834645669
11
5.6253145669291333
21
-4.8023562598425196
0
LINE
8
BLACK
6
CONTINUOUS
10
5.6253145669291333
20
-4.8023562598425196
11
5.6282324015748033
21
-4.8052740944881887
0
LINE
8
BLACK
6
CONTINUOUS
10
5.6282324015748033
20
-4.8052740944881887
11
5.6312633858267711
21
-4.8067895669291341
0
LINE
8
BLACK
6
CONTINUOUS
10
5.6312633858267711
20
-4.8067895669291341
11
5.6380954330708661
21
-4.8084975984251965
0
LINE
8
BLACK
6
CONTINUOUS
10
5.6380954330708661
20
-4.8084975984251965
11
5.6429926377952757
21
-4.8084975984251965
0
LINE
8
BLACK
6
CONTINUOUS
10
5.6429926377952757
20
-4.8084975984251965
11
5.6498246850393699
21
-4.8067895669291341
0
LINE
8
BLACK
6
CONTINUOUS
10
5.6498246850393699
20
-4.8067895669291341
11
5.6528556692913385
21
-4.8052740551181099
0
LINE
8
BLACK
6
CONTINUOUS
10
5.6528556692913385
20
-4.8052740551181099
11
5.6557735433070864
21
-4.8023562204724408
0
LINE
8
BLACK
6
CONTINUOUS
10
5.6557735433070864
20
-4.8023562204724408
11
5.657276338582677
21
-4.7978478740157477
0
LINE
8
BLACK
6
CONTINUOUS
10
5.657276338582677
20
-4.7978478740157477
11
5.657276338582677
21
-4.7950566141732285
0
LINE
8
BLACK
6
CONTINUOUS
10
5.657276338582677
20
-4.7950566141732285
11
5.6557735433070864
21
-4.7905482283464567
0
LINE
8
BLACK
6
CONTINUOUS
10
5.6557735433070864
20
-4.7905482283464567
11
5.6552564566929133
21
-4.7900311811023624
0
LINE
8
BLACK
6
CONTINUOUS
10
5.6552564566929133
20
-4.7900311811023624
11
5.6463089370078743
21
-4.7900311811023624
0
LINE
8
BLACK
6
CONTINUOUS
10
5.6463089370078743
20
-4.7900311811023624
11
5.6463089370078743
21
-4.7945774803149606
0
LINE
8
BLACK
6
CONTINUOUS
10
5.6463089370078743
20
-4.7945774803149606
11
5.6462522047244095
21
-4.7951535433070864
0
LINE
8
BLACK
6
CONTINUOUS
10
5.6462522047244095
20
-4.7951535433070864
11
5.6458112992125979
21
-4.7962179527559057
0
LINE
8
BLACK
6
CONTINUOUS
10
5.6458112992125979
20
-4.7962179527559057
11
5.6449966535433074
21
-4.7970325984251971
0
LINE
8
BLACK
6
CONTINUOUS
10
5.6449966535433074
20
-4.7970325984251971
11
5.6439322440944881
21
-4.7974735039370078
0
LINE
8
BLACK
6
CONTINUOUS
10
5.6439322440944881
20
-4.7974735039370078
11
5.6427801181102364
21
-4.7974735039370078
0
LINE
8
BLACK
6
CONTINUOUS
10
5.6427801181102364
20
-4.7974735039370078
11
5.6417157086614171
21
-4.7970325984251971
0
LINE
8
BLACK
6
CONTINUOUS
10
5.6417157086614171
20
-4.7970325984251971
11
5.6409010629921257
21
-4.7962179527559057
0
LINE
8
BLACK
6
CONTINUOUS
10
5.6409010629921257
20
-4.7962179527559057
11
5.640460157480315
21
-4.7951535433070864
0
LINE
8
BLACK
6
CONTINUOUS
10
5.640460157480315
20
-4.7951535433070864
11
5.6404034251968502
21
-4.7945774803149606
0
LINE
8
BLACK
6
CONTINUOUS
10
5.6404034251968502
20
-4.7945774803149606
11
5.6404034251968502
21
-4.7870784251968503
0
LINE
8
BLACK
6
CONTINUOUS
10
5.6404034251968502
20
-4.7870784251968503
11
5.640460157480315
21
-4.7865023622047245
0
LINE
8
BLACK
6
CONTINUOUS
10
5.640460157480315
20
-4.7865023622047245
11
5.6409010629921257
21
-4.7854379527559052
0
LINE
8
BLACK
6
CONTINUOUS
10
5.6409010629921257
20
-4.7854379527559052
11
5.6417157086614171
21
-4.7846233070866138
0
LINE
8
BLACK
6
CONTINUOUS
10
5.6417157086614171
20
-4.7846233070866138
11
5.6427801181102364
21
-4.7841824015748031
0
LINE
8
BLACK
6
CONTINUOUS
10
5.6427801181102364
20
-4.7841824015748031
11
5.6433561811023623
21
-4.7841256692913383
0
LINE
8
BLACK
6
CONTINUOUS
10
5.6433561811023623
20
-4.7841256692913383
11
5.6564795275590551
21
-4.7841256692913383
0
LINE
8
BLACK
6
CONTINUOUS
10
5.6564795275590551
20
-4.7841256692913383
11
5.657055590551181
21
-4.7841824015748031
0
LINE
8
BLACK
6
CONTINUOUS
10
5.8578429921259838
20
-4.7841824015748031
11
5.8582838582677166
21
-4.7843650000000002
0
LINE
8
BLACK
6
CONTINUOUS
10
5.8582838582677166
20
-4.7843650000000002
11
5.8589073622047243
21
-4.784623267716535
0
LINE
8
BLACK
6
CONTINUOUS
10
5.8589073622047243
20
-4.784623267716535
11
5.8593548031496061
21
-4.7849904724409447
0
LINE
8
BLACK
6
CONTINUOUS
10
5.8593548031496061
20
-4.7849904724409447
11
5.8612296062992124
21
-4.7868652362204722
0
LINE
8
BLACK
6
CONTINUOUS
10
5.8612296062992124
20
-4.7868652362204722
11
5.8615968503937008
21
-4.7873127165354328
0
LINE
8
BLACK
6
CONTINUOUS
10
5.8615968503937008
20
-4.7873127165354328
11
5.8616374015748027
21
-4.7874106692913383
0
LINE
8
BLACK
6
CONTINUOUS
10
5.8616374015748027
20
-4.7874106692913383
11
5.8617069685039365
21
-4.7874908661417326
0
LINE
8
BLACK
6
CONTINUOUS
10
5.8617069685039365
20
-4.7874908661417326
11
5.8619429527559053
21
-4.7880194488188978
0
LINE
8
BLACK
6
CONTINUOUS
10
5.8619429527559053
20
-4.7880194488188978
11
5.8638177165354328
21
-4.7936437007874018
0
LINE
8
BLACK
6
CONTINUOUS
10
5.8638177165354328
20
-4.7936437007874018
11
5.8638826377952755
21
-4.7939293307086617
0
LINE
8
BLACK
6
CONTINUOUS
10
5.8638826377952755
20
-4.7939293307086617
11
5.863912519685039
21
-4.7940014173228347
0
LINE
8
BLACK
6
CONTINUOUS
10
5.863912519685039
20
-4.7940014173228347
11
5.8639227952755908
21
-4.7941058661417317
0
LINE
8
BLACK
6
CONTINUOUS
10
5.8639227952755908
20
-4.7941058661417317
11
5.8639460629921256
21
-4.7942081496062992
0
LINE
8
BLACK
6
CONTINUOUS
10
5.8639460629921256
20
-4.7942081496062992
11
5.8639405118110233
21
-4.794285866141732
0
LINE
8
BLACK
6
CONTINUOUS
10
5.8639405118110233
20
-4.794285866141732
11
5.8639692519685038
21
-4.7945774803149606
0
LINE
8
BLACK
6
CONTINUOUS
10
5.8639692519685038
20
-4.7945774803149606
11
5.8639692519685038
21
-4.7983270078740157
0
LINE
8
BLACK
6
CONTINUOUS
10
5.8639692519685038
20
-4.7983270078740157
11
5.8639405118110233
21
-4.7986185826771655
0
LINE
8
BLACK
6
CONTINUOUS
10
5.8639405118110233
20
-4.7986185826771655
11
5.8639460629921256
21
-4.7986963385826771
0
LINE
8
BLACK
6
CONTINUOUS
10
5.8639460629921256
20
-4.7986963385826771
11
5.8639227952755908
21
-4.7987985826771649
0
LINE
8
BLACK
6
CONTINUOUS
10
5.8639227952755908
20
-4.7987985826771649
11
5.863912519685039
21
-4.7989030708661415
0
LINE
8
BLACK
6
CONTINUOUS
10
5.863912519685039
20
-4.7989030708661415
11
5.8638826377952755
21
-4.7989751181102358
0
LINE
8
BLACK
6
CONTINUOUS
10
5.8638826377952755
20
-4.7989751181102358
11
5.8638177165354328
21
-4.7992607874015745
0
LINE
8
BLACK
6
CONTINUOUS
10
5.8638177165354328
20
-4.7992607874015745
11
5.8619429527559053
21
-4.8048850393700784
0
LINE
8
BLACK
6
CONTINUOUS
10
5.8619429527559053
20
-4.8048850393700784
11
5.8617069685039365
21
-4.8054136220472436
0
LINE
8
BLACK
6
CONTINUOUS
10
5.8617069685039365
20
-4.8054136220472436
11
5.8616374803149602
21
-4.8054937007874017
0
LINE
8
BLACK
6
CONTINUOUS
10
5.8616374803149602
20
-4.8054937007874017
11
5.8615968897637796
21
-4.8055917716535435
0
LINE
8
BLACK
6
CONTINUOUS
10
5.8615968897637796
20
-4.8055917716535435
11
5.8612296456692912
21
-4.8060392125984253
0
LINE
8
BLACK
6
CONTINUOUS
10
5.8612296456692912
20
-4.8060392125984253
11
5.8574800787401573
21
-4.8097887401574804
0
LINE
8
BLACK
6
CONTINUOUS
10
5.8574800787401573
20
-4.8097887401574804
11
5.8572537007874015
21
-4.8099744881889759
0
LINE
8
BLACK
6
CONTINUOUS
10
5.8572537007874015
20
-4.8099744881889759
11
5.8572025590551178
21
-4.8100335039370075
0
LINE
8
BLACK
6
CONTINUOUS
10
5.8572025590551178
20
-4.8100335039370075
11
5.857113622047244
21
-4.8100894488188972
0
LINE
8
BLACK
6
CONTINUOUS
10
5.857113622047244
20
-4.8100894488188972
11
5.8570325984251967
21
-4.8101559842519688
0
LINE
8
BLACK
6
CONTINUOUS
10
5.8570325984251967
20
-4.8101559842519688
11
5.8569605511811025
21
-4.8101857874015748
0
LINE
8
BLACK
6
CONTINUOUS
10
5.8569605511811025
20
-4.8101857874015748
11
5.8567126771653539
21
-4.8103418503937005
0
LINE
8
BLACK
6
CONTINUOUS
10
5.8567126771653539
20
-4.8103418503937005
11
5.8529631496062988
21
-4.8122166141732281
0
LINE
8
BLACK
6
CONTINUOUS
10
5.8529631496062988
20
-4.8122166141732281
11
5.8529210236220468
21
-4.8122327165354326
0
LINE
8
BLACK
6
CONTINUOUS
10
5.8529210236220468
20
-4.8122327165354326
11
5.8529038976377947
21
-4.8122454330708662
0
LINE
8
BLACK
6
CONTINUOUS
10
5.8529038976377947
20
-4.8122454330708662
11
5.8526619291338582
21
-4.8123318503937007
0
LINE
8
BLACK
6
CONTINUOUS
10
5.8526619291338582
20
-4.8123318503937007
11
5.8524225196850388
21
-4.8124235039370076
0
LINE
8
BLACK
6
CONTINUOUS
10
5.8524225196850388
20
-4.8124235039370076
11
5.8524012598425195
21
-4.8124250000000002
0
LINE
8
BLACK
6
CONTINUOUS
10
5.8524012598425195
20
-4.8124250000000002
11
5.8523587795275587
21
-4.8124401968503934
0
LINE
8
BLACK
6
CONTINUOUS
10
5.8523587795275587
20
-4.8124401968503934
11
5.8448597244094485
21
-4.8143149606299209
0
LINE
8
BLACK
6
CONTINUOUS
10
5.8448597244094485
20
-4.8143149606299209
11
5.8447598425196849
21
-4.8143297244094487
0
LINE
8
BLACK
6
CONTINUOUS
10
5.8447598425196849
20
-4.8143297244094487
11
5.8447196456692909
21
-4.8143463779527558
0
LINE
8
BLACK
6
CONTINUOUS
10
5.8447196456692909
20
-4.8143463779527558
11
5.8445025984251968
21
-4.8143677165354326
0
LINE
8
BLACK
6
CONTINUOUS
10
5.8445025984251968
20
-4.8143677165354326
11
5.8442871259842519
21
-4.8143996062992125
0
LINE
8
BLACK
6
CONTINUOUS
10
5.8442871259842519
20
-4.8143996062992125
11
5.8442440944881886
21
-4.8143931889763776
0
LINE
8
BLACK
6
CONTINUOUS
10
5.8442440944881886
20
-4.8143931889763776
11
5.844143582677165
21
-4.8144031102362206
0
LINE
8
BLACK
6
CONTINUOUS
10
5.844143582677165
20
-4.8144031102362206
11
5.8385192913385824
21
-4.8144031102362206
0
LINE
8
BLACK
6
CONTINUOUS
10
5.8385192913385824
20
-4.8144031102362206
11
5.8384187401574801
21
-4.8143931889763776
0
LINE
8
BLACK
6
CONTINUOUS
10
5.8384187401574801
20
-4.8143931889763776
11
5.8383757480314955
21
-4.8143996062992125
0
LINE
8
BLACK
6
CONTINUOUS
10
5.8383757480314955
20
-4.8143996062992125
11
5.8381602362204719
21
-4.8143677165354326
0
LINE
8
BLACK
6
CONTINUOUS
10
5.8381602362204719
20
-4.8143677165354326
11
5.8379432283464565
21
-4.8143463779527558
0
LINE
8
BLACK
6
CONTINUOUS
10
5.8379432283464565
20
-4.8143463779527558
11
5.8379029921259837
21
-4.8143297244094487
0
LINE
8
BLACK
6
CONTINUOUS
10
5.8379029921259837
20
-4.8143297244094487
11
5.837803149606299
21
-4.8143149606299209
0
LINE
8
BLACK
6
CONTINUOUS
10
5.837803149606299
20
-4.8143149606299209
11
5.8303040944881888
21
-4.8124401968503934
0
LINE
8
BLACK
6
CONTINUOUS
10
5.8303040944881888
20
-4.8124401968503934
11
5.8302615748031492
21
-4.8124250000000002
0
LINE
8
BLACK
6
CONTINUOUS
10
5.8302615748031492
20
-4.8124250000000002
11
5.8302403149606299
21
-4.8124235039370076
0
LINE
8
BLACK
6
CONTINUOUS
10
5.8302403149606299
20
-4.8124235039370076
11
5.8300005511811026
21
-4.8123317322834644
0
LINE
8
BLACK
6
CONTINUOUS
10
5.8300005511811026
20
-4.8123317322834644
11
5.8297589763779527
21
-4.8122454330708662
0
LINE
8
BLACK
6
CONTINUOUS
10
5.8297589763779527
20
-4.8122454330708662
11
5.8297418110236219
21
-4.8122327165354326
0
LINE
8
BLACK
6
CONTINUOUS
10
5.8297418110236219
20
-4.8122327165354326
11
5.8296997244094486
21
-4.8122166141732281
0
LINE
8
BLACK
6
CONTINUOUS
10
5.8296997244094486
20
-4.8122166141732281
11
5.8259501968503935
21
-4.8103418503937005
0
LINE
8
BLACK
6
CONTINUOUS
10
5.8259501968503935
20
-4.8103418503937005
11
5.8257023622047246
21
-4.8101858267716535
0
LINE
8
BLACK
6
CONTINUOUS
10
5.8257023622047246
20
-4.8101858267716535
11
5.8256302362204719
21
-4.8101559842519688
0
LINE
8
BLACK
6
CONTINUOUS
10
5.8256302362204719
20
-4.8101559842519688
11
5.8255490551181097
21
-4.8100893700787397
0
LINE
8
BLACK
6
CONTINUOUS
10
5.8255490551181097
20
-4.8100893700787397
11
5.8254603149606297
21
-4.8100335039370075
0
LINE
8
BLACK
6
CONTINUOUS
10
5.8254603149606297
20
-4.8100335039370075
11
5.8254091732283459
21
-4.8099745669291334
0
LINE
8
BLACK
6
CONTINUOUS
10
5.8254091732283459
20
-4.8099745669291334
11
5.8251827952755901
21
-4.8097887401574804
0
LINE
8
BLACK
6
CONTINUOUS
10
5.8251827952755901
20
-4.8097887401574804
11
5.821433267716535
21
-4.8060392125984253
0
LINE
8
BLACK
6
CONTINUOUS
10
5.821433267716535
20
-4.8060392125984253
11
5.8210660629921263
21
-4.8055917716535435
0
LINE
8
BLACK
6
CONTINUOUS
10
5.8210660629921263
20
-4.8055917716535435
11
5.821025433070866
21
-4.8054937007874017
0
LINE
8
BLACK
6
CONTINUOUS
10
5.821025433070866
20
-4.8054937007874017
11
5.8209559448818897
21
-4.8054135826771649
0
LINE
8
BLACK
6
CONTINUOUS
10
5.8209559448818897
20
-4.8054135826771649
11
5.8207199606299209
21
-4.8048850393700784
0
LINE
8
BLACK
6
CONTINUOUS
10
5.8207199606299209
20
-4.8048850393700784
11
5.8188451968503934
21
-4.7992607480314957
0
LINE
8
BLACK
6
CONTINUOUS
10
5.8188451968503934
20
-4.7992607480314957
11
5.8187802362204719
21
-4.7989751574803146
0
LINE
8
BLACK
6
CONTINUOUS
10
5.8187802362204719
20
-4.7989751574803146
11
5.8187503937007872
21
-4.7989030708661415
0
LINE
8
BLACK
6
CONTINUOUS
10
5.8187503937007872
20
-4.7989030708661415
11
5.8187400787401575
21
-4.7987985433070861
0
LINE
8
BLACK
6
CONTINUOUS
10
5.8187400787401575
20
-4.7987985433070861
11
5.8187168503937006
21
-4.7986962992125983
0
LINE
8
BLACK
6
CONTINUOUS
10
5.8187168503937006
20
-4.7986962992125983
11
5.8187223622047242
21
-4.7986185433070867
0
LINE
8
BLACK
6
CONTINUOUS
10
5.8187223622047242
20
-4.7986185433070867
11
5.8186936614173224
21
-4.7983270078740157
0
LINE
8
BLACK
6
CONTINUOUS
10
5.8186936614173224
20
-4.7983270078740157
11
5.8186936614173224
21
-4.792702716535433
0
LINE
8
BLACK
6
CONTINUOUS
10
5.8186936614173224
20
-4.792702716535433
11
5.8187503937007872
21
-4.7921266535433071
0
LINE
8
BLACK
6
CONTINUOUS
10
5.8187503937007872
20
-4.7921266535433071
11
5.8187909842519687
21
-4.7920286220472441
0
LINE
8
BLACK
6
CONTINUOUS
10
5.8187909842519687
20
-4.7920286220472441
11
5.8187985039370078
21
-4.7919228346456695
0
LINE
8
BLACK
6
CONTINUOUS
10
5.8187985039370078
20
-4.7919228346456695
11
5.8190053937007873
21
-4.7913822047244095
0
LINE
8
BLACK
6
CONTINUOUS
10
5.8190053937007873
20
-4.7913822047244095
11
5.8208801574803148
21
-4.7876326771653543
0
LINE
8
BLACK
6
CONTINUOUS
10
5.8208801574803148
20
-4.7876326771653543
11
5.8211885039370079
21
-4.7871427952755905
0
LINE
8
BLACK
6
CONTINUOUS
10
5.8211885039370079
20
-4.7871427952755905
11
5.8220588976377954
21
-4.7863879527559057
0
LINE
8
BLACK
6
CONTINUOUS
10
5.8220588976377954
20
-4.7863879527559057
11
5.8231518503937005
21
-4.7860236220472441
0
LINE
8
BLACK
6
CONTINUOUS
10
5.8231518503937005
20
-4.7860236220472441
11
5.8243010629921255
21
-4.7861052755905513
0
LINE
8
BLACK
6
CONTINUOUS
10
5.8243010629921255
20
-4.7861052755905513
11
5.8253315748031493
21
-4.7866205511811026
0
LINE
8
BLACK
6
CONTINUOUS
10
5.8253315748031493
20
-4.7866205511811026
11
5.8260864173228342
21
-4.7874909055118113
0
LINE
8
BLACK
6
CONTINUOUS
10
5.8260864173228342
20
-4.7874909055118113
11
5.8264507480314958
21
-4.7885838976377952
0
LINE
8
BLACK
6
CONTINUOUS
10
5.8264507480314958
20
-4.7885838976377952
11
5.8263690944881885
21
-4.7897331102362202
0
LINE
8
BLACK
6
CONTINUOUS
10
5.8263690944881885
20
-4.7897331102362202
11
5.826162204724409
21
-4.7902737007874014
0
LINE
8
BLACK
6
CONTINUOUS
10
5.826162204724409
20
-4.7902737007874014
11
5.8245991732283464
21
-4.7933997637795276
0
LINE
8
BLACK
6
CONTINUOUS
10
5.8245991732283464
20
-4.7933997637795276
11
5.8245991732283464
21
-4.797847834645669
0
LINE
8
BLACK
6
CONTINUOUS
10
5.8245991732283464
20
-4.797847834645669
11
5.826101968503937
21
-4.8023562598425196
0
LINE
8
BLACK
6
CONTINUOUS
10
5.826101968503937
20
-4.8023562598425196
11
5.8290198031496061
21
-4.8052740944881887
0
LINE
8
BLACK
6
CONTINUOUS
10
5.8290198031496061
20
-4.8052740944881887
11
5.8320507874015748
21
-4.8067895669291341
0
LINE
8
BLACK
6
CONTINUOUS
10
5.8320507874015748
20
-4.8067895669291341
11
5.8388828346456689
21
-4.8084975984251965
0
LINE
8
BLACK
6
CONTINUOUS
10
5.8388828346456689
20
-4.8084975984251965
11
5.8437800393700785
21
-4.8084975984251965
0
LINE
8
BLACK
6
CONTINUOUS
10
5.8437800393700785
20
-4.8084975984251965
11
5.8506120866141735
21
-4.8067895669291341
0
LINE
8
BLACK
6
CONTINUOUS
10
5.8506120866141735
20
-4.8067895669291341
11
5.8536430708661413
21
-4.8052740551181099
0
LINE
8
BLACK
6
CONTINUOUS
10
5.8536430708661413
20
-4.8052740551181099
11
5.8565609448818901
21
-4.8023562204724408
0
LINE
8
BLACK
6
CONTINUOUS
10
5.8565609448818901
20
-4.8023562204724408
11
5.8580637401574798
21
-4.7978478740157477
0
LINE
8
BLACK
6
CONTINUOUS
10
5.8580637401574798
20
-4.7978478740157477
11
5.8580637401574798
21
-4.7950566141732285
0
LINE
8
BLACK
6
CONTINUOUS
10
5.8580637401574798
20
-4.7950566141732285
11
5.8565609448818901
21
-4.7905482283464567
0
LINE
8
BLACK
6
CONTINUOUS
10
5.8565609448818901
20
-4.7905482283464567
11
5.8560438582677161
21
-4.7900311811023624
0
LINE
8
BLACK
6
CONTINUOUS
10
5.8560438582677161
20
-4.7900311811023624
11
5.8470963385826771
21
-4.7900311811023624
0
LINE
8
BLACK
6
CONTINUOUS
10
5.8470963385826771
20
-4.7900311811023624
11
5.8470963385826771
21
-4.7945774803149606
0
LINE
8
BLACK
6
CONTINUOUS
10
5.8470963385826771
20
-4.7945774803149606
11
5.8470396062992123
21
-4.7951535433070864
0
LINE
8
BLACK
6
CONTINUOUS
10
5.8470396062992123
20
-4.7951535433070864
11
5.8465987007874016
21
-4.7962179527559057
0
LINE
8
BLACK
6
CONTINUOUS
10
5.8465987007874016
20
-4.7962179527559057
11
5.8457840551181102
21
-4.7970325984251971
0
LINE
8
BLACK
6
CONTINUOUS
10
5.8457840551181102
20
-4.7970325984251971
11
5.8447196456692909
21
-4.7974735039370078
0
LINE
8
BLACK
6
CONTINUOUS
10
5.8447196456692909
20
-4.7974735039370078
11
5.8435675196850392
21
-4.7974735039370078
0
LINE
8
BLACK
6
CONTINUOUS
10
5.8435675196850392
20
-4.7974735039370078
11
5.8425031102362199
21
-4.7970325984251971
0
LINE
8
BLACK
6
CONTINUOUS
10
5.8425031102362199
20
-4.7970325984251971
11
5.8416884645669294
21
-4.7962179527559057
0
LINE
8
BLACK
6
CONTINUOUS
10
5.8416884645669294
20
-4.7962179527559057
11
5.8412475590551178
21
-4.7951535433070864
0
LINE
8
BLACK
6
CONTINUOUS
10
5.8412475590551178
20
-4.7951535433070864
11
5.841190826771653
21
-4.7945774803149606
0
LINE
8
BLACK
6
CONTINUOUS
10
5.841190826771653
20
-4.7945774803149606
11
5.841190826771653
21
-4.7870784251968503
0
LINE
8
BLACK
6
CONTINUOUS
10
5.841190826771653
20
-4.7870784251968503
11
5.8412475590551178
21
-4.7865023622047245
0
LINE
8
BLACK
6
CONTINUOUS
10
5.8412475590551178
20
-4.7865023622047245
11
5.8416884645669294
21
-4.7854379527559052
0
LINE
8
BLACK
6
CONTINUOUS
10
5.8416884645669294
20
-4.7854379527559052
11
5.8425031102362199
21
-4.7846233070866138
0
LINE
8
BLACK
6
CONTINUOUS
10
5.8425031102362199
20
-4.7846233070866138
11
5.8435675196850392
21
-4.7841824015748031
0
LINE
8
BLACK
6
CONTINUOUS
10
5.8435675196850392
20
-4.7841824015748031
11
5.844143582677165
21
-4.7841256692913383
0
LINE
8
BLACK
6
CONTINUOUS
10
5.844143582677165
20
-4.7841256692913383
11
5.8572669291338579
21
-4.7841256692913383
0
LINE
8
BLACK
6
CONTINUOUS
10
5.8572669291338579
20
-4.7841256692913383
11
5.8578429921259838
21
-4.7841824015748031
0
LINE
8
BLACK
6
CONTINUOUS
10
5.7517312598425194
20
-4.7821201574803149
11
5.7518292519685037
21
-4.7821607480314956
0
LINE
8
BLACK
6
CONTINUOUS
10
5.7518292519685037
20
-4.7821607480314956
11
5.7519350787401571
21
-4.7821682677165356
0
LINE
8
BLACK
6
CONTINUOUS
10
5.7519350787401571
20
-4.7821682677165356
11
5.7524757086614171
21
-4.7823751574803151
0
LINE
8
BLACK
6
CONTINUOUS
10
5.7524757086614171
20
-4.7823751574803151
11
5.7562252362204722
21
-4.7842499212598426
0
LINE
8
BLACK
6
CONTINUOUS
10
5.7562252362204722
20
-4.7842499212598426
11
5.7564731102362208
21
-4.7844059448818896
0
LINE
8
BLACK
6
CONTINUOUS
10
5.7564731102362208
20
-4.7844059448818896
11
5.756545157480315
21
-4.7844357874015744
0
LINE
8
BLACK
6
CONTINUOUS
10
5.756545157480315
20
-4.7844357874015744
11
5.7566261811023622
21
-4.7845022834645672
0
LINE
8
BLACK
6
CONTINUOUS
10
5.7566261811023622
20
-4.7845022834645672
11
5.7567151181102361
21
-4.7845582677165357
0
LINE
8
BLACK
6
CONTINUOUS
10
5.7567151181102361
20
-4.7845582677165357
11
5.7567662598425198
21
-4.7846172440944885
0
LINE
8
BLACK
6
CONTINUOUS
10
5.7567662598425198
20
-4.7846172440944885
11
5.7569925984251968
21
-4.784802992125984
0
LINE
8
BLACK
6
CONTINUOUS
10
5.7569925984251968
20
-4.784802992125984
11
5.7588674015748031
21
-4.7866777559055116
0
LINE
8
BLACK
6
CONTINUOUS
10
5.7588674015748031
20
-4.7866777559055116
11
5.7590531496062987
21
-4.7869040944881887
0
LINE
8
BLACK
6
CONTINUOUS
10
5.7590531496062987
20
-4.7869040944881887
11
5.759112204724409
21
-4.7869553149606299
0
LINE
8
BLACK
6
CONTINUOUS
10
5.759112204724409
20
-4.7869553149606299
11
5.7591681889763775
21
-4.7870442519685037
0
LINE
8
BLACK
6
CONTINUOUS
10
5.7591681889763775
20
-4.7870442519685037
11
5.7592346456692916
21
-4.7871252362204721
0
LINE
8
BLACK
6
CONTINUOUS
10
5.7592346456692916
20
-4.7871252362204721
11
5.7592644488188975
21
-4.787197165354331
0
LINE
8
BLACK
6
CONTINUOUS
10
5.7592644488188975
20
-4.787197165354331
11
5.7594205511811021
21
-4.7874451968503937
0
LINE
8
BLACK
6
CONTINUOUS
10
5.7594205511811021
20
-4.7874451968503937
11
5.7612953149606296
21
-4.7911947244094488
0
LINE
8
BLACK
6
CONTINUOUS
10
5.7612953149606296
20
-4.7911947244094488
11
5.7615022047244091
21
-4.7917353149606301
0
LINE
8
BLACK
6
CONTINUOUS
10
5.7615022047244091
20
-4.7917353149606301
11
5.7615097244094491
21
-4.7918411811023622
0
LINE
8
BLACK
6
CONTINUOUS
10
5.7615097244094491
20
-4.7918411811023622
11
5.7615503149606297
21
-4.7919391732283465
0
LINE
8
BLACK
6
CONTINUOUS
10
5.7615503149606297
20
-4.7919391732283465
11
5.7616070472440946
21
-4.7925152362204724
0
LINE
8
BLACK
6
CONTINUOUS
10
5.7616070472440946
20
-4.7925152362204724
11
5.7616070472440946
21
-4.8037638188976377
0
LINE
8
BLACK
6
CONTINUOUS
10
5.7616070472440946
20
-4.8037638188976377
11
5.7615503149606297
21
-4.8043398818897636
0
LINE
8
BLACK
6
CONTINUOUS
10
5.7615503149606297
20
-4.8043398818897636
11
5.7615097244094491
21
-4.8044378346456691
0
LINE
8
BLACK
6
CONTINUOUS
10
5.7615097244094491
20
-4.8044378346456691
11
5.7615022047244091
21
-4.80454374015748
0
LINE
8
BLACK
6
CONTINUOUS
10
5.7615022047244091
20
-4.80454374015748
11
5.7612953149606296
21
-4.8050843307086613
0
LINE
8
BLACK
6
CONTINUOUS
10
5.7612953149606296
20
-4.8050843307086613
11
5.7594205511811021
21
-4.8088338582677164
0
LINE
8
BLACK
6
CONTINUOUS
10
5.7594205511811021
20
-4.8088338582677164
11
5.7592644488188975
21
-4.8090818503937003
0
LINE
8
BLACK
6
CONTINUOUS
10
5.7592644488188975
20
-4.8090818503937003
11
5.7592346456692916
21
-4.8091538188976379
0
LINE
8
BLACK
6
CONTINUOUS
10
5.7592346456692916
20
-4.8091538188976379
11
5.7591681889763775
21
-4.8092347637795276
0
LINE
8
BLACK
6
CONTINUOUS
10
5.7591681889763775
20
-4.8092347637795276
11
5.759112204724409
21
-4.8093237401574802
0
LINE
8
BLACK
6
CONTINUOUS
10
5.759112204724409
20
-4.8093237401574802
11
5.7590531496062987
21
-4.8093749212598427
0
LINE
8
BLACK
6
CONTINUOUS
10
5.7590531496062987
20
-4.8093749212598427
11
5.7588674015748031
21
-4.8096012992125985
0
LINE
8
BLACK
6
CONTINUOUS
10
5.7588674015748031
20
-4.8096012992125985
11
5.7569925984251968
21
-4.811476062992126
0
LINE
8
BLACK
6
CONTINUOUS
10
5.7569925984251968
20
-4.811476062992126
11
5.756545157480315
21
-4.8118432677165357
0
LINE
8
BLACK
6
CONTINUOUS
10
5.756545157480315
20
-4.8118432677165357
11
5.7554807480314958
21
-4.8122841338582676
0
LINE
8
BLACK
6
CONTINUOUS
10
5.7554807480314958
20
-4.8122841338582676
11
5.7543286614173228
21
-4.8122841338582676
0
LINE
8
BLACK
6
CONTINUOUS
10
5.7543286614173228
20
-4.8122841338582676
11
5.7532642519685036
21
-4.8118432283464569
0
LINE
8
BLACK
6
CONTINUOUS
10
5.7532642519685036
20
-4.8118432283464569
11
5.7524495669291333
21
-4.8110285433070867
0
LINE
8
BLACK
6
CONTINUOUS
10
5.7524495669291333
20
-4.8110285433070867
11
5.7520087007874015
21
-4.8099641338582675
0
LINE
8
BLACK
6
CONTINUOUS
10
5.7520087007874015
20
-4.8099641338582675
11
5.7520087007874015
21
-4.8088120472440945
0
LINE
8
BLACK
6
CONTINUOUS
10
5.7520087007874015
20
-4.8088120472440945
11
5.7524496062992121
21
-4.8077476377952753
0
LINE
8
BLACK
6
CONTINUOUS
10
5.7524496062992121
20
-4.8077476377952753
11
5.7528168503937005
21
-4.8073001574803147
0
LINE
8
BLACK
6
CONTINUOUS
10
5.7528168503937005
20
-4.8073001574803147
11
5.7543527952755902
21
-4.805764212598425
0
LINE
8
BLACK
6
CONTINUOUS
10
5.7543527952755902
20
-4.805764212598425
11
5.7557015354330705
21
-4.8030667716535431
0
LINE
8
BLACK
6
CONTINUOUS
10
5.7557015354330705
20
-4.8030667716535431
11
5.7557015354330705
21
-4.793212283464567
0
LINE
8
BLACK
6
CONTINUOUS
10
5.7557015354330705
20
-4.793212283464567
11
5.7543527952755902
21
-4.7905148031496063
0
LINE
8
BLACK
6
CONTINUOUS
10
5.7543527952755902
20
-4.7905148031496063
11
5.7531556299212596
21
-4.7893176771653545
0
LINE
8
BLACK
6
CONTINUOUS
10
5.7531556299212596
20
-4.7893176771653545
11
5.750458149606299
21
-4.7879689370078742
0
LINE
8
BLACK
6
CONTINUOUS
10
5.750458149606299
20
-4.7879689370078742
11
5.7424784251968504
21
-4.7879689370078742
0
LINE
8
BLACK
6
CONTINUOUS
10
5.7424784251968504
20
-4.7879689370078742
11
5.7397809448818897
21
-4.7893176771653545
0
LINE
8
BLACK
6
CONTINUOUS
10
5.7397809448818897
20
-4.7893176771653545
11
5.7385838188976379
21
-4.7905148031496063
0
LINE
8
BLACK
6
CONTINUOUS
10
5.7385838188976379
20
-4.7905148031496063
11
5.7372350787401576
21
-4.793212283464567
0
LINE
8
BLACK
6
CONTINUOUS
10
5.7372350787401576
20
-4.793212283464567
11
5.7372350787401576
21
-4.798139527559055
0
LINE
8
BLACK
6
CONTINUOUS
10
5.7372350787401576
20
-4.798139527559055
11
5.7372050393700782
21
-4.7984441732283463
0
LINE
8
BLACK
6
CONTINUOUS
10
5.7372050393700782
20
-4.7984441732283463
11
5.7372102362204727
21
-4.7985216535433066
0
LINE
8
BLACK
6
CONTINUOUS
10
5.7372102362204727
20
-4.7985216535433066
11
5.7371921653543305
21
-4.7985749999999996
0
LINE
8
BLACK
6
CONTINUOUS
10
5.7371921653543305
20
-4.7985749999999996
11
5.7371783464566928
21
-4.7987155905511809
0
LINE
8
BLACK
6
CONTINUOUS
10
5.7371783464566928
20
-4.7987155905511809
11
5.736994724409449
21
-4.7991587795275592
0
LINE
8
BLACK
6
CONTINUOUS
10
5.736994724409449
20
-4.7991587795275592
11
5.7368411417322838
21
-4.7996130314960626
0
LINE
8
BLACK
6
CONTINUOUS
10
5.7368411417322838
20
-4.7996130314960626
11
5.7367755511811023
21
-4.7996879921259845
0
LINE
8
BLACK
6
CONTINUOUS
10
5.7367755511811023
20
-4.7996879921259845
11
5.7367374409448821
21
-4.7997800000000002
0
LINE
8
BLACK
6
CONTINUOUS
10
5.7367374409448821
20
-4.7997800000000002
11
5.7363984251968505
21
-4.800118976377953
0
LINE
8
BLACK
6
CONTINUOUS
10
5.7363984251968505
20
-4.800118976377953
11
5.7360824803149608
21
-4.8004801181102357
0
LINE
8
BLACK
6
CONTINUOUS
10
5.7360824803149608
20
-4.8004801181102357
11
5.7359931102362207
21
-4.8005242913385828
0
LINE
8
BLACK
6
CONTINUOUS
10
5.7359931102362207
20
-4.8005242913385828
11
5.7359227952755907
21
-4.8005946456692916
0
LINE
8
BLACK
6
CONTINUOUS
10
5.7359227952755907
20
-4.8005946456692916
11
5.7354798425196849
21
-4.8007781102362204
0
LINE
8
BLACK
6
CONTINUOUS
10
5.7354798425196849
20
-4.8007781102362204
11
5.7350497244094489
21
-4.8009908267716535
0
LINE
8
BLACK
6
CONTINUOUS
10
5.7350497244094489
20
-4.8009908267716535
11
5.7349503543307083
21
-4.8009974409448821
0
LINE
8
BLACK
6
CONTINUOUS
10
5.7349503543307083
20
-4.8009974409448821
11
5.7348583858267714
21
-4.8010355511811023
0
LINE
8
BLACK
6
CONTINUOUS
10
5.7348583858267714
20
-4.8010355511811023
11
5.7343786614173231
21
-4.8010355511811023
0
LINE
8
BLACK
6
CONTINUOUS
10
5.7343786614173231
20
-4.8010355511811023
11
5.733900196850394
21
-4.8010674409448821
0
LINE
8
BLACK
6
CONTINUOUS
10
5.733900196850394
20
-4.8010674409448821
11
5.7338059055118107
21
-4.8010355511811023
0
LINE
8
BLACK
6
CONTINUOUS
10
5.7338059055118107
20
-4.8010355511811023
11
5.7337062598425197
21
-4.8010355511811023
0
LINE
8
BLACK
6
CONTINUOUS
10
5.7337062598425197
20
-4.8010355511811023
11
5.7332630314960626
21
-4.8008519291338585
0
LINE
8
BLACK
6
CONTINUOUS
10
5.7332630314960626
20
-4.8008519291338585
11
5.732808818897638
21
-4.8006983464566932
0
LINE
8
BLACK
6
CONTINUOUS
10
5.732808818897638
20
-4.8006983464566932
11
5.7326939370078742
21
-4.800616220472441
0
LINE
8
BLACK
6
CONTINUOUS
10
5.7326939370078742
20
-4.800616220472441
11
5.7326418503937004
21
-4.8005946456692916
0
LINE
8
BLACK
6
CONTINUOUS
10
5.7326418503937004
20
-4.8005946456692916
11
5.7325868897637795
21
-4.8005396850393698
0
LINE
8
BLACK
6
CONTINUOUS
10
5.7325868897637795
20
-4.8005396850393698
11
5.7323379133858268
21
-4.8003616929133859
0
LINE
8
BLACK
6
CONTINUOUS
10
5.7323379133858268
20
-4.8003616929133859
11
5.7222369685039371
21
-4.7915233464566924
0
LINE
8
BLACK
6
CONTINUOUS
10
5.7222369685039371
20
-4.7915233464566924
11
5.7222369685039371
21
-4.8093881102362204
0
LINE
8
BLACK
6
CONTINUOUS
10
5.7222369685039371
20
-4.8093881102362204
11
5.7221802362204723
21
-4.8099641732283462
0
LINE
8
BLACK
6
CONTINUOUS
10
5.7221802362204723
20
-4.8099641732283462
11
5.7217393307086617
21
-4.8110285826771655
0
LINE
8
BLACK
6
CONTINUOUS
10
5.7217393307086617
20
-4.8110285826771655
11
5.7209246850393702
21
-4.8118432283464569
0
LINE
8
BLACK
6
CONTINUOUS
10
5.7209246850393702
20
-4.8118432283464569
11
5.719860275590551
21
-4.8122841338582676
0
LINE
8
BLACK
6
CONTINUOUS
10
5.719860275590551
20
-4.8122841338582676
11
5.7187081496062993
21
-4.8122841338582676
0
LINE
8
BLACK
6
CONTINUOUS
10
5.7187081496062993
20
-4.8122841338582676
11
5.71764374015748
21
-4.8118432283464569
0
LINE
8
BLACK
6
CONTINUOUS
10
5.71764374015748
20
-4.8118432283464569
11
5.7168290944881885
21
-4.8110285826771655
0
LINE
8
BLACK
6
CONTINUOUS
10
5.7168290944881885
20
-4.8110285826771655
11
5.7163881889763779
21
-4.8099641732283462
0
LINE
8
BLACK
6
CONTINUOUS
10
5.7163881889763779
20
-4.8099641732283462
11
5.7163314566929131
21
-4.8093881102362204
0
LINE
8
BLACK
6
CONTINUOUS
10
5.7163314566929131
20
-4.8093881102362204
11
5.7163314566929131
21
-4.7850161811023622
0
LINE
8
BLACK
6
CONTINUOUS
10
5.7163314566929131
20
-4.7850161811023622
11
5.7163614566929128
21
-4.7847114960629922
0
LINE
8
BLACK
6
CONTINUOUS
10
5.7163614566929128
20
-4.7847114960629922
11
5.716356299212598
21
-4.7846340551181097
0
LINE
8
BLACK
6
CONTINUOUS
10
5.716356299212598
20
-4.7846340551181097
11
5.7163743307086614
21
-4.7845806692913389
0
LINE
8
BLACK
6
CONTINUOUS
10
5.7163743307086614
20
-4.7845806692913389
11
5.7163881889763779
21
-4.7844401181102363
0
LINE
8
BLACK
6
CONTINUOUS
10
5.7163881889763779
20
-4.7844401181102363
11
5.7165717716535429
21
-4.7839968897637792
0
LINE
8
BLACK
6
CONTINUOUS
10
5.7165717716535429
20
-4.7839968897637792
11
5.7167253937007869
21
-4.7835426771653546
0
LINE
8
BLACK
6
CONTINUOUS
10
5.7167253937007869
20
-4.7835426771653546
11
5.7167909448818897
21
-4.7834676771653539
0
LINE
8
BLACK
6
CONTINUOUS
10
5.7167909448818897
20
-4.7834676771653539
11
5.7168290944881885
21
-4.783375708661417
0
LINE
8
BLACK
6
CONTINUOUS
10
5.7168290944881885
20
-4.783375708661417
11
5.7171680708661414
21
-4.7830366929133854
0
LINE
8
BLACK
6
CONTINUOUS
10
5.7171680708661414
20
-4.7830366929133854
11
5.7174840551181099
21
-4.7826755905511806
0
LINE
8
BLACK
6
CONTINUOUS
10
5.7174840551181099
20
-4.7826755905511806
11
5.7175733858267712
21
-4.7826313779527556
0
LINE
8
BLACK
6
CONTINUOUS
10
5.7175733858267712
20
-4.7826313779527556
11
5.71764374015748
21
-4.7825610629921256
0
LINE
8
BLACK
6
CONTINUOUS
10
5.71764374015748
20
-4.7825610629921256
11
5.718086653543307
21
-4.7823775590551181
0
LINE
8
BLACK
6
CONTINUOUS
10
5.718086653543307
20
-4.7823775590551181
11
5.7185168110236217
21
-4.7821648818897637
0
LINE
8
BLACK
6
CONTINUOUS
10
5.7185168110236217
20
-4.7821648818897637
11
5.7186161417322836
21
-4.7821582283464563
0
LINE
8
BLACK
6
CONTINUOUS
10
5.7186161417322836
20
-4.7821582283464563
11
5.7187081496062993
21
-4.7821201574803149
0
LINE
8
BLACK
6
CONTINUOUS
10
5.7187081496062993
20
-4.7821201574803149
11
5.7191878740157476
21
-4.7821201574803149
0
LINE
8
BLACK
6
CONTINUOUS
10
5.7191878740157476
20
-4.7821201574803149
11
5.7196663385826767
21
-4.7820882677165351
0
LINE
8
BLACK
6
CONTINUOUS
10
5.7196663385826767
20
-4.7820882677165351
11
5.71976062992126
21
-4.7821201574803149
0
LINE
8
BLACK
6
CONTINUOUS
10
5.71976062992126
20
-4.7821201574803149
11
5.719860275590551
21
-4.7821201574803149
0
LINE
8
BLACK
6
CONTINUOUS
10
5.719860275590551
20
-4.7821201574803149
11
5.7203034645669293
21
-4.7823037401574799
0
LINE
8
BLACK
6
CONTINUOUS
10
5.7203034645669293
20
-4.7823037401574799
11
5.7207577165354326
21
-4.7824573622047239
0
LINE
8
BLACK
6
CONTINUOUS
10
5.7207577165354326
20
-4.7824573622047239
11
5.7208725590551177
21
-4.7825394488188975
0
LINE
8
BLACK
6
CONTINUOUS
10
5.7208725590551177
20
-4.7825394488188975
11
5.7209246850393702
21
-4.7825610629921256
0
LINE
8
BLACK
6
CONTINUOUS
10
5.7209246850393702
20
-4.7825610629921256
11
5.7209796062992124
21
-4.7826159842519687
0
LINE
8
BLACK
6
CONTINUOUS
10
5.7209796062992124
20
-4.7826159842519687
11
5.7212286220472439
21
-4.7827940157480313
0
LINE
8
BLACK
6
CONTINUOUS
10
5.7212286220472439
20
-4.7827940157480313
11
5.7314376377952758
21
-4.7917268897637797
0
LINE
8
BLACK
6
CONTINUOUS
10
5.7314376377952758
20
-4.7917268897637797
11
5.7316412992125985
21
-4.7911947244094488
0
LINE
8
BLACK
6
CONTINUOUS
10
5.7316412992125985
20
-4.7911947244094488
11
5.733516062992126
21
-4.7874451968503937
0
LINE
8
BLACK
6
CONTINUOUS
10
5.733516062992126
20
-4.7874451968503937
11
5.7336721259842518
21
-4.787197165354331
0
LINE
8
BLACK
6
CONTINUOUS
10
5.7336721259842518
20
-4.787197165354331
11
5.7337019685039365
21
-4.7871252362204721
0
LINE
8
BLACK
6
CONTINUOUS
10
5.7337019685039365
20
-4.7871252362204721
11
5.7337684251968506
21
-4.7870442519685037
0
LINE
8
BLACK
6
CONTINUOUS
10
5.7337684251968506
20
-4.7870442519685037
11
5.7338244094488191
21
-4.7869553149606299
0
LINE
8
BLACK
6
CONTINUOUS
10
5.7338244094488191
20
-4.7869553149606299
11
5.7338833858267719
21
-4.7869041338582674
0
LINE
8
BLACK
6
CONTINUOUS
10
5.7338833858267719
20
-4.7869041338582674
11
5.7340691732283462
21
-4.7866777952755903
0
LINE
8
BLACK
6
CONTINUOUS
10
5.7340691732283462
20
-4.7866777952755903
11
5.7359439370078737
21
-4.7848030314960628
0
LINE
8
BLACK
6
CONTINUOUS
10
5.7359439370078737
20
-4.7848030314960628
11
5.7361702755905508
21
-4.7846172440944885
0
LINE
8
BLACK
6
CONTINUOUS
10
5.7361702755905508
20
-4.7846172440944885
11
5.7362214566929133
21
-4.7845582677165357
0
LINE
8
BLACK
6
CONTINUOUS
10
5.7362214566929133
20
-4.7845582677165357
11
5.7363103937007871
21
-4.7845022834645672
0
LINE
8
BLACK
6
CONTINUOUS
10
5.7363103937007871
20
-4.7845022834645672
11
5.7363913779527556
21
-4.7844358267716531
0
LINE
8
BLACK
6
CONTINUOUS
10
5.7363913779527556
20
-4.7844358267716531
11
5.7364633070866144
21
-4.7844059842519684
0
LINE
8
BLACK
6
CONTINUOUS
10
5.7364633070866144
20
-4.7844059842519684
11
5.7367113385826771
21
-4.7842499212598426
0
LINE
8
BLACK
6
CONTINUOUS
10
5.7367113385826771
20
-4.7842499212598426
11
5.7404608661417322
21
-4.7823751574803151
0
LINE
8
BLACK
6
CONTINUOUS
10
5.7404608661417322
20
-4.7823751574803151
11
5.7410014566929135
21
-4.7821682677165356
0
LINE
8
BLACK
6
CONTINUOUS
10
5.7410014566929135
20
-4.7821682677165356
11
5.7411073228346456
21
-4.7821607086614168
0
LINE
8
BLACK
6
CONTINUOUS
10
5.7411073228346456
20
-4.7821607086614168
11
5.7412053149606299
21
-4.7821201574803149
0
LINE
8
BLACK
6
CONTINUOUS
10
5.7412053149606299
20
-4.7821201574803149
11
5.7417813779527558
21
-4.7820634251968501
0
LINE
8
BLACK
6
CONTINUOUS
10
5.7417813779527558
20
-4.7820634251968501
11
5.7511551968503936
21
-4.7820634251968501
0
LINE
8
BLACK
6
CONTINUOUS
10
5.7511551968503936
20
-4.7820634251968501
11
5.7517312598425194
21
-4.7821201574803149
0
LINE
8
BLACK
6
CONTINUOUS
10
5.7202179527559052
20
-4.7447196456692913
11
5.7595880314960626
21
-4.7578429921259842
0
LINE
8
BLACK
6
CONTINUOUS
10
5.7595880314960626
20
-4.7578429921259842
11
5.7601165748031491
21
-4.758078976377953
0
LINE
8
BLACK
6
CONTINUOUS
10
5.7601165748031491
20
-4.758078976377953
11
5.7602759055118105
21
-4.7582171653543304
0
LINE
8
BLACK
6
CONTINUOUS
10
5.7602759055118105
20
-4.7582171653543304
11
5.7604646456692912
21
-4.7583115354330712
0
LINE
8
BLACK
6
CONTINUOUS
10
5.7604646456692912
20
-4.7583115354330712
11
5.7607073228346453
21
-4.7585913385826775
0
LINE
8
BLACK
6
CONTINUOUS
10
5.7607073228346453
20
-4.7585913385826775
11
5.7609869291338578
21
-4.7588338582677165
0
LINE
8
BLACK
6
CONTINUOUS
10
5.7609869291338578
20
-4.7588338582677165
11
5.7610812204724411
21
-4.7590224803149601
0
LINE
8
BLACK
6
CONTINUOUS
10
5.7610812204724411
20
-4.7590224803149601
11
5.7612195275590548
21
-4.7591819291338577
0
LINE
8
BLACK
6
CONTINUOUS
10
5.7612195275590548
20
-4.7591819291338577
11
5.7613366141732278
21
-4.7595331889763779
0
LINE
8
BLACK
6
CONTINUOUS
10
5.7613366141732278
20
-4.7595331889763779
11
5.7615021653543304
21
-4.7598642913385829
0
LINE
8
BLACK
6
CONTINUOUS
10
5.7615021653543304
20
-4.7598642913385829
11
5.7615170866141732
21
-4.7600746850393696
0
LINE
8
BLACK
6
CONTINUOUS
10
5.7615170866141732
20
-4.7600746850393696
11
5.7615838582677164
21
-4.7602749212598425
0
LINE
8
BLACK
6
CONTINUOUS
10
5.7615838582677164
20
-4.7602749212598425
11
5.7615575984251963
21
-4.7606442125984252
0
LINE
8
BLACK
6
CONTINUOUS
10
5.7615575984251963
20
-4.7606442125984252
11
5.7615838582677164
21
-4.7610135039370078
0
LINE
8
BLACK
6
CONTINUOUS
10
5.7615838582677164
20
-4.7610135039370078
11
5.7615170866141732
21
-4.7612137007874011
0
LINE
8
BLACK
6
CONTINUOUS
10
5.7615170866141732
20
-4.7612137007874011
11
5.7615021653543304
21
-4.7614241338582675
0
LINE
8
BLACK
6
CONTINUOUS
10
5.7615021653543304
20
-4.7614241338582675
11
5.7613366141732278
21
-4.7617551968503937
0
LINE
8
BLACK
6
CONTINUOUS
10
5.7613366141732278
20
-4.7617551968503937
11
5.7612195275590548
21
-4.7621064960629917
0
LINE
8
BLACK
6
CONTINUOUS
10
5.7612195275590548
20
-4.7621064960629917
11
5.7610812204724411
21
-4.7622659055118106
0
LINE
8
BLACK
6
CONTINUOUS
10
5.7610812204724411
20
-4.7622659055118106
11
5.7609869291338578
21
-4.7624545669291338
0
LINE
8
BLACK
6
CONTINUOUS
10
5.7609869291338578
20
-4.7624545669291338
11
5.7607073228346453
21
-4.7626970472440942
0
LINE
8
BLACK
6
CONTINUOUS
10
5.7607073228346453
20
-4.7626970472440942
11
5.7604646456692912
21
-4.7629768897637792
0
LINE
8
BLACK
6
CONTINUOUS
10
5.7604646456692912
20
-4.7629768897637792
11
5.7602759055118105
21
-4.7630712204724412
0
LINE
8
BLACK
6
CONTINUOUS
10
5.7602759055118105
20
-4.7630712204724412
11
5.7601165748031491
21
-4.7632094488188974
0
LINE
8
BLACK
6
CONTINUOUS
10
5.7601165748031491
20
-4.7632094488188974
11
5.7595880314960626
21
-4.7634454330708662
0
LINE
8
BLACK
6
CONTINUOUS
10
5.7595880314960626
20
-4.7634454330708662
11
5.7202179527559052
21
-4.7765687795275591
0
LINE
8
BLACK
6
CONTINUOUS
10
5.7202179527559052
20
-4.7765687795275591
11
5.7196535039370078
21
-4.7766971259842519
0
LINE
8
BLACK
6
CONTINUOUS
10
5.7196535039370078
20
-4.7766971259842519
11
5.7185042913385828
21
-4.7766154330708659
0
LINE
8
BLACK
6
CONTINUOUS
10
5.7185042913385828
20
-4.7766154330708659
11
5.7174738582677165
21
-4.7761002362204721
0
LINE
8
BLACK
6
CONTINUOUS
10
5.7174738582677165
20
-4.7761002362204721
11
5.7167189763779529
21
-4.7752298818897634
0
LINE
8
BLACK
6
CONTINUOUS
10
5.7167189763779529
20
-4.7752298818897634
11
5.7163546456692913
21
-4.7741368503937007
0
LINE
8
BLACK
6
CONTINUOUS
10
5.7163546456692913
20
-4.7741368503937007
11
5.7164363385826773
21
-4.7729876377952758
0
LINE
8
BLACK
6
CONTINUOUS
10
5.7164363385826773
20
-4.7729876377952758
11
5.7169515354330711
21
-4.7719572047244094
0
LINE
8
BLACK
6
CONTINUOUS
10
5.7169515354330711
20
-4.7719572047244094
11
5.7178218897637798
21
-4.7712023228346458
0
LINE
8
BLACK
6
CONTINUOUS
10
5.7178218897637798
20
-4.7712023228346458
11
5.7183504724409451
21
-4.770966338582677
0
LINE
8
BLACK
6
CONTINUOUS
10
5.7183504724409451
20
-4.770966338582677
11
5.7493168503937007
21
-4.7606442125984252
0
LINE
8
BLACK
6
CONTINUOUS
10
5.7493168503937007
20
-4.7606442125984252
11
5.7183504724409451
21
-4.7503220866141733
0
LINE
8
BLACK
6
CONTINUOUS
10
5.7183504724409451
20
-4.7503220866141733
11
5.7178218897637798
21
-4.7500861023622045
0
LINE
8
BLACK
6
CONTINUOUS
10
5.7178218897637798
20
-4.7500861023622045
11
5.7169515354330711
21
-4.7493312204724409
0
LINE
8
BLACK
6
CONTINUOUS
10
5.7169515354330711
20
-4.7493312204724409
11
5.7164363385826773
21
-4.7483007874015746
0
LINE
8
BLACK
6
CONTINUOUS
10
5.7164363385826773
20
-4.7483007874015746
11
5.7163546456692913
21
-4.7471515748031496
0
LINE
8
BLACK
6
CONTINUOUS
10
5.7163546456692913
20
-4.7471515748031496
11
5.7167189763779529
21
-4.7460585433070861
0
LINE
8
BLACK
6
CONTINUOUS
10
5.7167189763779529
20
-4.7460585433070861
11
5.7174738582677165
21
-4.7451881889763783
0
LINE
8
BLACK
6
CONTINUOUS
10
5.7174738582677165
20
-4.7451881889763783
11
5.7185042913385828
21
-4.7446729921259845
0
LINE
8
BLACK
6
CONTINUOUS
10
5.7185042913385828
20
-4.7446729921259845
11
5.7196535039370078
21
-4.7445912992125985
0
LINE
8
BLACK
6
CONTINUOUS
10
5.7196535039370078
20
-4.7445912992125985
11
5.7202179527559052
21
-4.7447196456692913
0
LINE
8
BLACK
6
CONTINUOUS
10
5.6603772440944882
20
-4.7447701574803149
11
5.6604353543307084
21
-4.7447627952755909
0
LINE
8
BLACK
6
CONTINUOUS
10
5.6604353543307084
20
-4.7447627952755909
11
5.660510551181102
21
-4.7447833070866139
0
LINE
8
BLACK
6
CONTINUOUS
10
5.660510551181102
20
-4.7447833070866139
11
5.6608051574803149
21
-4.7448123228346457
0
LINE
8
BLACK
6
CONTINUOUS
10
5.6608051574803149
20
-4.7448123228346457
11
5.6611679527559051
21
-4.7449625984251966
0
LINE
8
BLACK
6
CONTINUOUS
10
5.6611679527559051
20
-4.7449625984251966
11
5.6615468503937008
21
-4.7450659448818895
0
LINE
8
BLACK
6
CONTINUOUS
10
5.6615468503937008
20
-4.7450659448818895
11
5.6616956692913387
21
-4.7451811811023621
0
LINE
8
BLACK
6
CONTINUOUS
10
5.6616956692913387
20
-4.7451811811023621
11
5.6618695669291341
21
-4.7452532283464564
0
LINE
8
BLACK
6
CONTINUOUS
10
5.6618695669291341
20
-4.7452532283464564
11
5.6621471259842515
21
-4.7455307874015746
0
LINE
8
BLACK
6
CONTINUOUS
10
5.6621471259842515
20
-4.7455307874015746
11
5.6624577559055114
21
-4.745771338582677
0
LINE
8
BLACK
6
CONTINUOUS
10
5.6624577559055114
20
-4.745771338582677
11
5.6625511811023621
21
-4.7459348425196852
0
LINE
8
BLACK
6
CONTINUOUS
10
5.6625511811023621
20
-4.7459348425196852
11
5.6626842125984247
21
-4.7460678740157478
0
LINE
8
BLACK
6
CONTINUOUS
10
5.6626842125984247
20
-4.7460678740157478
11
5.6628344488188977
21
-4.7464305511811027
0
LINE
8
BLACK
6
CONTINUOUS
10
5.6628344488188977
20
-4.7464305511811027
11
5.66302937007874
21
-4.7467716929133861
0
LINE
8
BLACK
6
CONTINUOUS
10
5.66302937007874
20
-4.7467716929133861
11
5.663053070866142
21
-4.7469584251968504
0
LINE
8
BLACK
6
CONTINUOUS
10
5.663053070866142
20
-4.7469584251968504
11
5.6631251181102362
21
-4.7471322834645671
0
LINE
8
BLACK
6
CONTINUOUS
10
5.6631251181102362
20
-4.7471322834645671
11
5.6631251181102362
21
-4.7475249606299208
0
LINE
8
BLACK
6
CONTINUOUS
10
5.6631251181102362
20
-4.7475249606299208
11
5.6631746456692911
21
-4.7479146062992124
0
LINE
8
BLACK
6
CONTINUOUS
10
5.6631746456692911
20
-4.7479146062992124
11
5.6631251181102362
21
-4.7480961811023619
0
LINE
8
BLACK
6
CONTINUOUS
10
5.6631251181102362
20
-4.7480961811023619
11
5.6631251181102362
21
-4.7482844094488188
0
LINE
8
BLACK
6
CONTINUOUS
10
5.6631251181102362
20
-4.7482844094488188
11
5.6629748031496066
21
-4.7486472440944878
0
LINE
8
BLACK
6
CONTINUOUS
10
5.6629748031496066
20
-4.7486472440944878
11
5.6628714960629916
21
-4.7490260629921259
0
LINE
8
BLACK
6
CONTINUOUS
10
5.6628714960629916
20
-4.7490260629921259
11
5.6627562598425198
21
-4.7491748425196851
0
LINE
8
BLACK
6
CONTINUOUS
10
5.6627562598425198
20
-4.7491748425196851
11
5.6626842125984247
21
-4.749348818897638
0
LINE
8
BLACK
6
CONTINUOUS
10
5.6626842125984247
20
-4.749348818897638
11
5.6624065748031498
21
-4.7496264173228342
0
LINE
8
BLACK
6
CONTINUOUS
10
5.6624065748031498
20
-4.7496264173228342
11
5.662166102362205
21
-4.7499370078740153
0
LINE
8
BLACK
6
CONTINUOUS
10
5.662166102362205
20
-4.7499370078740153
11
5.6619245669291338
21
-4.7501084251968502
0
LINE
8
BLACK
6
CONTINUOUS
10
5.6619245669291338
20
-4.7501084251968502
11
5.6618695669291341
21
-4.7501634645669286
0
LINE
8
BLACK
6
CONTINUOUS
10
5.6618695669291341
20
-4.7501634645669286
11
5.6618155118110236
21
-4.750185826771653
0
LINE
8
BLACK
6
CONTINUOUS
10
5.6618155118110236
20
-4.750185826771653
11
5.6616940944881886
21
-4.7502720472440947
0
LINE
8
BLACK
6
CONTINUOUS
10
5.6616940944881886
20
-4.7502720472440947
11
5.6319777952755903
21
-4.7672527559055116
0
LINE
8
BLACK
6
CONTINUOUS
10
5.6319777952755903
20
-4.7672527559055116
11
5.660229094488189
21
-4.7672527559055116
0
LINE
8
BLACK
6
CONTINUOUS
10
5.660229094488189
20
-4.7672527559055116
11
5.6608051574803149
21
-4.7673094881889764
0
LINE
8
BLACK
6
CONTINUOUS
10
5.6608051574803149
20
-4.7673094881889764
11
5.6618695669291341
21
-4.767750393700787
0
LINE
8
BLACK
6
CONTINUOUS
10
5.6618695669291341
20
-4.767750393700787
11
5.6626842125984247
21
-4.7685650393700785
0
LINE
8
BLACK
6
CONTINUOUS
10
5.6626842125984247
20
-4.7685650393700785
11
5.6631251181102362
21
-4.7696294488188977
0
LINE
8
BLACK
6
CONTINUOUS
10
5.6631251181102362
20
-4.7696294488188977
11
5.6631251181102362
21
-4.7707815748031495
0
LINE
8
BLACK
6
CONTINUOUS
10
5.6631251181102362
20
-4.7707815748031495
11
5.6626842125984247
21
-4.7718459842519687
0
LINE
8
BLACK
6
CONTINUOUS
10
5.6626842125984247
20
-4.7718459842519687
11
5.6618695669291341
21
-4.7726606299212602
0
LINE
8
BLACK
6
CONTINUOUS
10
5.6618695669291341
20
-4.7726606299212602
11
5.6608051574803149
21
-4.7731015354330708
0
LINE
8
BLACK
6
CONTINUOUS
10
5.6608051574803149
20
-4.7731015354330708
11
5.660229094488189
21
-4.7731582677165356
0
LINE
8
BLACK
6
CONTINUOUS
10
5.660229094488189
20
-4.7731582677165356
11
5.6208590157480316
21
-4.7731582677165356
0
LINE
8
BLACK
6
CONTINUOUS
10
5.6208590157480316
20
-4.7731582677165356
11
5.6207108267716537
21
-4.7731436614173228
0
LINE
8
BLACK
6
CONTINUOUS
10
5.6207108267716537
20
-4.7731436614173228
11
5.6206527559055113
21
-4.7731510629921257
0
LINE
8
BLACK
6
CONTINUOUS
10
5.6206527559055113
20
-4.7731510629921257
11
5.6205775196850389
21
-4.7731305118110239
0
LINE
8
BLACK
6
CONTINUOUS
10
5.6205775196850389
20
-4.7731305118110239
11
5.6202829527559057
21
-4.7731015354330708
0
LINE
8
BLACK
6
CONTINUOUS
10
5.6202829527559057
20
-4.7731015354330708
11
5.6199201181102358
21
-4.7729512204724411
0
LINE
8
BLACK
6
CONTINUOUS
10
5.6199201181102358
20
-4.7729512204724411
11
5.6195412598425198
21
-4.772847913385827
0
LINE
8
BLACK
6
CONTINUOUS
10
5.6195412598425198
20
-4.772847913385827
11
5.6193924015748031
21
-4.7727326377952757
0
LINE
8
BLACK
6
CONTINUOUS
10
5.6193924015748031
20
-4.7727326377952757
11
5.6192185433070865
21
-4.7726606299212602
0
LINE
8
BLACK
6
CONTINUOUS
10
5.6192185433070865
20
-4.7726606299212602
11
5.6189409448818894
21
-4.7723830314960631
0
LINE
8
BLACK
6
CONTINUOUS
10
5.6189409448818894
20
-4.7723830314960631
11
5.6186303543307083
21
-4.7721425196850396
0
LINE
8
BLACK
6
CONTINUOUS
10
5.6186303543307083
20
-4.7721425196850396
11
5.6185368897637797
21
-4.7719789763779525
0
LINE
8
BLACK
6
CONTINUOUS
10
5.6185368897637797
20
-4.7719789763779525
11
5.618403897637795
21
-4.7718459842519687
0
LINE
8
BLACK
6
CONTINUOUS
10
5.618403897637795
20
-4.7718459842519687
11
5.6182536220472441
21
-4.7714832677165351
0
LINE
8
BLACK
6
CONTINUOUS
10
5.6182536220472441
20
-4.7714832677165351
11
5.6180587401574797
21
-4.7711421653543304
0
LINE
8
BLACK
6
CONTINUOUS
10
5.6180587401574797
20
-4.7711421653543304
11
5.6180349999999999
21
-4.7709553937007874
0
LINE
8
BLACK
6
CONTINUOUS
10
5.6180349999999999
20
-4.7709553937007874
11
5.6179629921259844
21
-4.7707815748031495
0
LINE
8
BLACK
6
CONTINUOUS
10
5.6179629921259844
20
-4.7707815748031495
11
5.6179629921259844
21
-4.7703888582677161
0
LINE
8
BLACK
6
CONTINUOUS
10
5.6179629921259844
20
-4.7703888582677161
11
5.6179134645669286
21
-4.7699992519685042
0
LINE
8
BLACK
6
CONTINUOUS
10
5.6179134645669286
20
-4.7699992519685042
11
5.6179629921259844
21
-4.7698176377952759
0
LINE
8
BLACK
6
CONTINUOUS
10
5.6179629921259844
20
-4.7698176377952759
11
5.6179629921259844
21
-4.7696294488188977
0
LINE
8
BLACK
6
CONTINUOUS
10
5.6179629921259844
20
-4.7696294488188977
11
5.6181132677165353
21
-4.7692666141732278
0
LINE
8
BLACK
6
CONTINUOUS
10
5.6181132677165353
20
-4.7692666141732278
11
5.6182166141732282
21
-4.7688877559055118
0
LINE
8
BLACK
6
CONTINUOUS
10
5.6182166141732282
20
-4.7688877559055118
11
5.6183318503937008
21
-4.7687388976377951
0
LINE
8
BLACK
6
CONTINUOUS
10
5.6183318503937008
20
-4.7687388976377951
11
5.618403897637795
21
-4.7685650393700785
0
LINE
8
BLACK
6
CONTINUOUS
10
5.618403897637795
20
-4.7685650393700785
11
5.6186814566929133
21
-4.7682874409448814
0
LINE
8
BLACK
6
CONTINUOUS
10
5.6186814566929133
20
-4.7682874409448814
11
5.6189220078740156
21
-4.7679768503937003
0
LINE
8
BLACK
6
CONTINUOUS
10
5.6189220078740156
20
-4.7679768503937003
11
5.6191634251968505
21
-4.7678054724409451
0
LINE
8
BLACK
6
CONTINUOUS
10
5.6191634251968505
20
-4.7678054724409451
11
5.6192185433070865
21
-4.767750393700787
0
LINE
8
BLACK
6
CONTINUOUS
10
5.6192185433070865
20
-4.767750393700787
11
5.6192726377952757
21
-4.7677279527559051
0
LINE
8
BLACK
6
CONTINUOUS
10
5.6192726377952757
20
-4.7677279527559051
11
5.6193940551181099
21
-4.7676418110236218
0
LINE
8
BLACK
6
CONTINUOUS
10
5.6193940551181099
20
-4.7676418110236218
11
5.6491103149606294
21
-4.750661102362205
0
LINE
8
BLACK
6
CONTINUOUS
10
5.6491103149606294
20
-4.750661102362205
11
5.6208590157480316
21
-4.750661102362205
0
LINE
8
BLACK
6
CONTINUOUS
10
5.6208590157480316
20
-4.750661102362205
11
5.6202829527559057
21
-4.7506043700787401
0
LINE
8
BLACK
6
CONTINUOUS
10
5.6202829527559057
20
-4.7506043700787401
11
5.6192185433070865
21
-4.7501634645669286
0
LINE
8
BLACK
6
CONTINUOUS
10
5.6192185433070865
20
-4.7501634645669286
11
5.618403897637795
21
-4.749348818897638
0
LINE
8
BLACK
6
CONTINUOUS
10
5.618403897637795
20
-4.749348818897638
11
5.6179629921259844
21
-4.7482844094488188
0
LINE
8
BLACK
6
CONTINUOUS
10
5.6179629921259844
20
-4.7482844094488188
11
5.6179629921259844
21
-4.7471322834645671
0
LINE
8
BLACK
6
CONTINUOUS
10
5.6179629921259844
20
-4.7471322834645671
11
5.618403897637795
21
-4.7460678740157478
0
LINE
8
BLACK
6
CONTINUOUS
10
5.618403897637795
20
-4.7460678740157478
11
5.6192185433070865
21
-4.7452532283464564
0
LINE
8
BLACK
6
CONTINUOUS
10
5.6192185433070865
20
-4.7452532283464564
11
5.6202829527559057
21
-4.7448123228346457
0
LINE
8
BLACK
6
CONTINUOUS
10
5.6202829527559057
20
-4.7448123228346457
11
5.6208590157480316
21
-4.7447555905511809
0
LINE
8
BLACK
6
CONTINUOUS
10
5.6208590157480316
20
-4.7447555905511809
11
5.660229094488189
21
-4.7447555905511809
0
LINE
8
BLACK
6
CONTINUOUS
10
5.660229094488189
20
-4.7447555905511809
11
5.6603772440944882
21
-4.7447701574803149
0
LINE
8
BLACK
6
CONTINUOUS
10
5.861164645669291
20
-4.7447701574803149
11
5.8612227559055121
21
-4.7447627952755909
0
LINE
8
BLACK
6
CONTINUOUS
10
5.8612227559055121
20
-4.7447627952755909
11
5.8612979527559057
21
-4.7447833070866139
0
LINE
8
BLACK
6
CONTINUOUS
10
5.8612979527559057
20
-4.7447833070866139
11
5.8615925590551177
21
-4.7448123228346457
0
LINE
8
BLACK
6
CONTINUOUS
10
5.8615925590551177
20
-4.7448123228346457
11
5.8619553543307088
21
-4.7449625984251966
0
LINE
8
BLACK
6
CONTINUOUS
10
5.8619553543307088
20
-4.7449625984251966
11
5.8623342519685036
21
-4.7450659448818895
0
LINE
8
BLACK
6
CONTINUOUS
10
5.8623342519685036
20
-4.7450659448818895
11
5.8624830708661415
21
-4.7451811811023621
0
LINE
8
BLACK
6
CONTINUOUS
10
5.8624830708661415
20
-4.7451811811023621
11
5.8626569685039369
21
-4.7452532283464564
0
LINE
8
BLACK
6
CONTINUOUS
10
5.8626569685039369
20
-4.7452532283464564
11
5.8629345275590552
21
-4.7455307874015746
0
LINE
8
BLACK
6
CONTINUOUS
10
5.8629345275590552
20
-4.7455307874015746
11
5.8632451574803151
21
-4.745771338582677
0
LINE
8
BLACK
6
CONTINUOUS
10
5.8632451574803151
20
-4.745771338582677
11
5.8633385826771649
21
-4.7459348425196852
0
LINE
8
BLACK
6
CONTINUOUS
10
5.8633385826771649
20
-4.7459348425196852
11
5.8634716141732284
21
-4.7460678740157478
0
LINE
8
BLACK
6
CONTINUOUS
10
5.8634716141732284
20
-4.7460678740157478
11
5.8636218503937005
21
-4.7464305511811027
0
LINE
8
BLACK
6
CONTINUOUS
10
5.8636218503937005
20
-4.7464305511811027
11
5.8638167716535428
21
-4.7467716929133861
0
LINE
8
BLACK
6
CONTINUOUS
10
5.8638167716535428
20
-4.7467716929133861
11
5.8638404724409448
21
-4.7469584251968504
0
LINE
8
BLACK
6
CONTINUOUS
10
5.8638404724409448
20
-4.7469584251968504
11
5.863912519685039
21
-4.7471322834645671
0
LINE
8
BLACK
6
CONTINUOUS
10
5.863912519685039
20
-4.7471322834645671
11
5.863912519685039
21
-4.7475249606299208
0
LINE
8
BLACK
6
CONTINUOUS
10
5.863912519685039
20
-4.7475249606299208
11
5.8639620472440948
21
-4.7479146062992124
0
LINE
8
BLACK
6
CONTINUOUS
10
5.8639620472440948
20
-4.7479146062992124
11
5.863912519685039
21
-4.7480961811023619
0
LINE
8
BLACK
6
CONTINUOUS
10
5.863912519685039
20
-4.7480961811023619
11
5.863912519685039
21
-4.7482844094488188
0
LINE
8
BLACK
6
CONTINUOUS
10
5.863912519685039
20
-4.7482844094488188
11
5.8637622047244093
21
-4.7486472440944878
0
LINE
8
BLACK
6
CONTINUOUS
10
5.8637622047244093
20
-4.7486472440944878
11
5.8636588976377952
21
-4.7490260629921259
0
LINE
8
BLACK
6
CONTINUOUS
10
5.8636588976377952
20
-4.7490260629921259
11
5.8635436614173226
21
-4.7491748425196851
0
LINE
8
BLACK
6
CONTINUOUS
10
5.8635436614173226
20
-4.7491748425196851
11
5.8634716141732284
21
-4.749348818897638
0
LINE
8
BLACK
6
CONTINUOUS
10
5.8634716141732284
20
-4.749348818897638
11
5.8631939763779526
21
-4.7496264173228342
0
LINE
8
BLACK
6
CONTINUOUS
10
5.8631939763779526
20
-4.7496264173228342
11
5.8629535039370078
21
-4.7499370078740153
0
LINE
8
BLACK
6
CONTINUOUS
10
5.8629535039370078
20
-4.7499370078740153
11
5.8627119685039366
21
-4.7501084251968502
0
LINE
8
BLACK
6
CONTINUOUS
10
5.8627119685039366
20
-4.7501084251968502
11
5.8626569685039369
21
-4.7501634645669286
0
LINE
8
BLACK
6
CONTINUOUS
10
5.8626569685039369
20
-4.7501634645669286
11
5.8626029133858264
21
-4.750185826771653
0
LINE
8
BLACK
6
CONTINUOUS
10
5.8626029133858264
20
-4.750185826771653
11
5.8624814960629923
21
-4.7502720472440947
0
LINE
8
BLACK
6
CONTINUOUS
10
5.8624814960629923
20
-4.7502720472440947
11
5.832765196850394
21
-4.7672527559055116
0
LINE
8
BLACK
6
CONTINUOUS
10
5.832765196850394
20
-4.7672527559055116
11
5.8610164960629918
21
-4.7672527559055116
0
LINE
8
BLACK
6
CONTINUOUS
10
5.8610164960629918
20
-4.7672527559055116
11
5.8615925590551177
21
-4.7673094881889764
0
LINE
8
BLACK
6
CONTINUOUS
10
5.8615925590551177
20
-4.7673094881889764
11
5.8626569685039369
21
-4.767750393700787
0
LINE
8
BLACK
6
CONTINUOUS
10
5.8626569685039369
20
-4.767750393700787
11
5.8634716141732284
21
-4.7685650393700785
0
LINE
8
BLACK
6
CONTINUOUS
10
5.8634716141732284
20
-4.7685650393700785
11
5.863912519685039
21
-4.7696294488188977
0
LINE
8
BLACK
6
CONTINUOUS
10
5.863912519685039
20
-4.7696294488188977
11
5.863912519685039
21
-4.7707815748031495
0
LINE
8
BLACK
6
CONTINUOUS
10
5.863912519685039
20
-4.7707815748031495
11
5.8634716141732284
21
-4.7718459842519687
0
LINE
8
BLACK
6
CONTINUOUS
10
5.8634716141732284
20
-4.7718459842519687
11
5.8626569685039369
21
-4.7726606299212602
0
LINE
8
BLACK
6
CONTINUOUS
10
5.8626569685039369
20
-4.7726606299212602
11
5.8615925590551177
21
-4.7731015354330708
0
LINE
8
BLACK
6
CONTINUOUS
10
5.8615925590551177
20
-4.7731015354330708
11
5.8610164960629918
21
-4.7731582677165356
0
LINE
8
BLACK
6
CONTINUOUS
10
5.8610164960629918
20
-4.7731582677165356
11
5.8216464173228344
21
-4.7731582677165356
0
LINE
8
BLACK
6
CONTINUOUS
10
5.8216464173228344
20
-4.7731582677165356
11
5.8214982283464565
21
-4.7731436614173228
0
LINE
8
BLACK
6
CONTINUOUS
10
5.8214982283464565
20
-4.7731436614173228
11
5.821440157480315
21
-4.7731510629921257
0
LINE
8
BLACK
6
CONTINUOUS
10
5.821440157480315
20
-4.7731510629921257
11
5.8213649212598426
21
-4.7731305118110239
0
LINE
8
BLACK
6
CONTINUOUS
10
5.8213649212598426
20
-4.7731305118110239
11
5.8210703543307085
21
-4.7731015354330708
0
LINE
8
BLACK
6
CONTINUOUS
10
5.8210703543307085
20
-4.7731015354330708
11
5.8207075196850395
21
-4.7729512204724411
0
LINE
8
BLACK
6
CONTINUOUS
10
5.8207075196850395
20
-4.7729512204724411
11
5.8203286614173226
21
-4.772847913385827
0
LINE
8
BLACK
6
CONTINUOUS
10
5.8203286614173226
20
-4.772847913385827
11
5.8201798031496059
21
-4.7727326377952757
0
LINE
8
BLACK
6
CONTINUOUS
10
5.8201798031496059
20
-4.7727326377952757
11
5.8200059448818893
21
-4.7726606299212602
0
LINE
8
BLACK
6
CONTINUOUS
10
5.8200059448818893
20
-4.7726606299212602
11
5.8197283464566931
21
-4.7723830314960631
0
LINE
8
BLACK
6
CONTINUOUS
10
5.8197283464566931
20
-4.7723830314960631
11
5.819417755905512
21
-4.7721425196850396
0
LINE
8
BLACK
6
CONTINUOUS
10
5.819417755905512
20
-4.7721425196850396
11
5.8193242913385825
21
-4.7719789763779525
0
LINE
8
BLACK
6
CONTINUOUS
10
5.8193242913385825
20
-4.7719789763779525
11
5.8191912992125987
21
-4.7718459842519687
0
LINE
8
BLACK
6
CONTINUOUS
10
5.8191912992125987
20
-4.7718459842519687
11
5.8190410236220469
21
-4.7714832677165351
0
LINE
8
BLACK
6
CONTINUOUS
10
5.8190410236220469
20
-4.7714832677165351
11
5.8188461417322834
21
-4.7711421653543304
0
LINE
8
BLACK
6
CONTINUOUS
10
5.8188461417322834
20
-4.7711421653543304
11
5.8188224015748027
21
-4.7709553937007874
0
LINE
8
BLACK
6
CONTINUOUS
10
5.8188224015748027
20
-4.7709553937007874
11
5.8187503937007872
21
-4.7707815748031495
0
LINE
8
BLACK
6
CONTINUOUS
10
5.8187503937007872
20
-4.7707815748031495
11
5.8187503937007872
21
-4.7703888582677161
0
LINE
8
BLACK
6
CONTINUOUS
10
5.8187503937007872
20
-4.7703888582677161
11
5.8187008661417323
21
-4.7699992519685042
0
LINE
8
BLACK
6
CONTINUOUS
10
5.8187008661417323
20
-4.7699992519685042
11
5.8187503937007872
21
-4.7698176377952759
0
LINE
8
BLACK
6
CONTINUOUS
10
5.8187503937007872
20
-4.7698176377952759
11
5.8187503937007872
21
-4.7696294488188977
0
LINE
8
BLACK
6
CONTINUOUS
10
5.8187503937007872
20
-4.7696294488188977
11
5.8189006692913381
21
-4.7692666141732278
0
LINE
8
BLACK
6
CONTINUOUS
10
5.8189006692913381
20
-4.7692666141732278
11
5.8190040157480309
21
-4.7688877559055118
0
LINE
8
BLACK
6
CONTINUOUS
10
5.8190040157480309
20
-4.7688877559055118
11
5.8191192519685035
21
-4.7687388976377951
0
LINE
8
BLACK
6
CONTINUOUS
10
5.8191192519685035
20
-4.7687388976377951
11
5.8191912992125987
21
-4.7685650393700785
0
LINE
8
BLACK
6
CONTINUOUS
10
5.8191912992125987
20
-4.7685650393700785
11
5.8194688582677161
21
-4.7682874409448814
0
LINE
8
BLACK
6
CONTINUOUS
10
5.8194688582677161
20
-4.7682874409448814
11
5.8197094094488184
21
-4.7679768503937003
0
LINE
8
BLACK
6
CONTINUOUS
10
5.8197094094488184
20
-4.7679768503937003
11
5.8199508267716533
21
-4.7678054724409451
0
LINE
8
BLACK
6
CONTINUOUS
10
5.8199508267716533
20
-4.7678054724409451
11
5.8200059448818893
21
-4.767750393700787
0
LINE
8
BLACK
6
CONTINUOUS
10
5.8200059448818893
20
-4.767750393700787
11
5.8200600393700785
21
-4.7677279527559051
0
LINE
8
BLACK
6
CONTINUOUS
10
5.8200600393700785
20
-4.7677279527559051
11
5.8201814566929135
21
-4.7676418110236218
0
LINE
8
BLACK
6
CONTINUOUS
10
5.8201814566929135
20
-4.7676418110236218
11
5.8498977165354331
21
-4.750661102362205
0
LINE
8
BLACK
6
CONTINUOUS
10
5.8498977165354331
20
-4.750661102362205
11
5.8216464173228344
21
-4.750661102362205
0
LINE
8
BLACK
6
CONTINUOUS
10
5.8216464173228344
20
-4.750661102362205
11
5.8210703543307085
21
-4.7506043700787401
0
LINE
8
BLACK
6
CONTINUOUS
10
5.8210703543307085
20
-4.7506043700787401
11
5.8200059448818893
21
-4.7501634645669286
0
LINE
8
BLACK
6
CONTINUOUS
10
5.8200059448818893
20
-4.7501634645669286
11
5.8191912992125987
21
-4.749348818897638
0
LINE
8
BLACK
6
CONTINUOUS
10
5.8191912992125987
20
-4.749348818897638
11
5.8187503937007872
21
-4.7482844094488188
0
LINE
8
BLACK
6
CONTINUOUS
10
5.8187503937007872
20
-4.7482844094488188
11
5.8187503937007872
21
-4.7471322834645671
0
LINE
8
BLACK
6
CONTINUOUS
10
5.8187503937007872
20
-4.7471322834645671
11
5.8191912992125987
21
-4.7460678740157478
0
LINE
8
BLACK
6
CONTINUOUS
10
5.8191912992125987
20
-4.7460678740157478
11
5.8200059448818893
21
-4.7452532283464564
0
LINE
8
BLACK
6
CONTINUOUS
10
5.8200059448818893
20
-4.7452532283464564
11
5.8210703543307085
21
-4.7448123228346457
0
LINE
8
BLACK
6
CONTINUOUS
10
5.8210703543307085
20
-4.7448123228346457
11
5.8216464173228344
21
-4.7447555905511809
0
LINE
8
BLACK
6
CONTINUOUS
10
5.8216464173228344
20
-4.7447555905511809
11
5.8610164960629918
21
-4.7447555905511809
0
LINE
8
BLACK
6
CONTINUOUS
10
5.8610164960629918
20
-4.7447555905511809
11
5.861164645669291
21
-4.7447701574803149
0
LINE
8
BLACK
6
CONTINUOUS
10
5.7517312598425194
20
-4.7108790551181103
11
5.7518292519685037
21
-4.710919645669291
0
LINE
8
BLACK
6
CONTINUOUS
10
5.7518292519685037
20
-4.710919645669291
11
5.7519350787401571
21
-4.710927165354331
0
LINE
8
BLACK
6
CONTINUOUS
10
5.7519350787401571
20
-4.710927165354331
11
5.7524757086614171
21
-4.7111340551181105
0
LINE
8
BLACK
6
CONTINUOUS
10
5.7524757086614171
20
-4.7111340551181105
11
5.7562252362204722
21
-4.713008818897638
0
LINE
8
BLACK
6
CONTINUOUS
10
5.7562252362204722
20
-4.713008818897638
11
5.7564731102362208
21
-4.713164842519685
0
LINE
8
BLACK
6
CONTINUOUS
10
5.7564731102362208
20
-4.713164842519685
11
5.756545157480315
21
-4.7131946850393698
0
LINE
8
BLACK
6
CONTINUOUS
10
5.756545157480315
20
-4.7131946850393698
11
5.7566261811023622
21
-4.7132611811023617
0
LINE
8
BLACK
6
CONTINUOUS
10
5.7566261811023622
20
-4.7132611811023617
11
5.7567151181102361
21
-4.7133171653543302
0
LINE
8
BLACK
6
CONTINUOUS
10
5.7567151181102361
20
-4.7133171653543302
11
5.7567662598425198
21
-4.713376141732283
0
LINE
8
BLACK
6
CONTINUOUS
10
5.7567662598425198
20
-4.713376141732283
11
5.7569925984251968
21
-4.7135618897637794
0
LINE
8
BLACK
6
CONTINUOUS
10
5.7569925984251968
20
-4.7135618897637794
11
5.7588674015748031
21
-4.715436653543307
0
LINE
8
BLACK
6
CONTINUOUS
10
5.7588674015748031
20
-4.715436653543307
11
5.7590531496062987
21
-4.7156629921259841
0
LINE
8
BLACK
6
CONTINUOUS
10
5.7590531496062987
20
-4.7156629921259841
11
5.759112204724409
21
-4.7157142125984253
0
LINE
8
BLACK
6
CONTINUOUS
10
5.759112204724409
20
-4.7157142125984253
11
5.7591681889763775
21
-4.7158031496062991
0
LINE
8
BLACK
6
CONTINUOUS
10
5.7591681889763775
20
-4.7158031496062991
11
5.7592346456692916
21
-4.7158841338582675
0
LINE
8
BLACK
6
CONTINUOUS
10
5.7592346456692916
20
-4.7158841338582675
11
5.7592644488188975
21
-4.7159560629921256
0
LINE
8
BLACK
6
CONTINUOUS
10
5.7592644488188975
20
-4.7159560629921256
11
5.7594205511811021
21
-4.7162040944881891
0
LINE
8
BLACK
6
CONTINUOUS
10
5.7594205511811021
20
-4.7162040944881891
11
5.7612953149606296
21
-4.7199536220472442
0
LINE
8
BLACK
6
CONTINUOUS
10
5.7612953149606296
20
-4.7199536220472442
11
5.7615022047244091
21
-4.7204942125984255
0
LINE
8
BLACK
6
CONTINUOUS
10
5.7615022047244091
20
-4.7204942125984255
11
5.7615097244094491
21
-4.7206000787401576
0
LINE
8
BLACK
6
CONTINUOUS
10
5.7615097244094491
20
-4.7206000787401576
11
5.7615503149606297
21
-4.7206980708661419
0
LINE
8
BLACK
6
CONTINUOUS
10
5.7615503149606297
20
-4.7206980708661419
11
5.7616070472440946
21
-4.7212741338582678
0
LINE
8
BLACK
6
CONTINUOUS
10
5.7616070472440946
20
-4.7212741338582678
11
5.7616070472440946
21
-4.7325227165354331
0
LINE
8
BLACK
6
CONTINUOUS
10
5.7616070472440946
20
-4.7325227165354331
11
5.7615503149606297
21
-4.733098779527559
0
LINE
8
BLACK
6
CONTINUOUS
10
5.7615503149606297
20
-4.733098779527559
11
5.7615097244094491
21
-4.7331967322834645
0
LINE
8
BLACK
6
CONTINUOUS
10
5.7615097244094491
20
-4.7331967322834645
11
5.7615022047244091
21
-4.7333026377952754
0
LINE
8
BLACK
6
CONTINUOUS
10
5.7615022047244091
20
-4.7333026377952754
11
5.7612953149606296
21
-4.7338432283464567
0
LINE
8
BLACK
6
CONTINUOUS
10
5.7612953149606296
20
-4.7338432283464567
11
5.7594205511811021
21
-4.7375927559055118
0
LINE
8
BLACK
6
CONTINUOUS
10
5.7594205511811021
20
-4.7375927559055118
11
5.7592644488188975
21
-4.7378407480314957
0
LINE
8
BLACK
6
CONTINUOUS
10
5.7592644488188975
20
-4.7378407480314957
11
5.7592346456692916
21
-4.7379127165354333
0
LINE
8
BLACK
6
CONTINUOUS
10
5.7592346456692916
20
-4.7379127165354333
11
5.7591681889763775
21
-4.737993661417323
0
LINE
8
BLACK
6
CONTINUOUS
10
5.7591681889763775
20
-4.737993661417323
11
5.759112204724409
21
-4.7380826377952756
0
LINE
8
BLACK
6
CONTINUOUS
10
5.759112204724409
20
-4.7380826377952756
11
5.7590531496062987
21
-4.7381338188976381
0
LINE
8
BLACK
6
CONTINUOUS
10
5.7590531496062987
20
-4.7381338188976381
11
5.7588674015748031
21
-4.7383601968503939
0
LINE
8
BLACK
6
CONTINUOUS
10
5.7588674015748031
20
-4.7383601968503939
11
5.7569925984251968
21
-4.7402349606299214
0
LINE
8
BLACK
6
CONTINUOUS
10
5.7569925984251968
20
-4.7402349606299214
11
5.756545157480315
21
-4.7406021653543302
0
LINE
8
BLACK
6
CONTINUOUS
10
5.756545157480315
20
-4.7406021653543302
11
5.7554807480314958
21
-4.741043031496063
0
LINE
8
BLACK
6
CONTINUOUS
10
5.7554807480314958
20
-4.741043031496063
11
5.7543286614173228
21
-4.741043031496063
0
LINE
8
BLACK
6
CONTINUOUS
10
5.7543286614173228
20
-4.741043031496063
11
5.7532642519685036
21
-4.7406021259842515
0
LINE
8
BLACK
6
CONTINUOUS
10
5.7532642519685036
20
-4.7406021259842515
11
5.7524495669291333
21
-4.7397874409448821
0
LINE
8
BLACK
6
CONTINUOUS
10
5.7524495669291333
20
-4.7397874409448821
11
5.7520087007874015
21
-4.7387230314960629
0
LINE
8
BLACK
6
CONTINUOUS
10
5.7520087007874015
20
-4.7387230314960629
11
5.7520087007874015
21
-4.7375709448818899
0
LINE
8
BLACK
6
CONTINUOUS
10
5.7520087007874015
20
-4.7375709448818899
11
5.7524496062992121
21
-4.7365065354330707
0
LINE
8
BLACK
6
CONTINUOUS
10
5.7524496062992121
20
-4.7365065354330707
11
5.7528168503937005
21
-4.7360590551181101
0
LINE
8
BLACK
6
CONTINUOUS
10
5.7528168503937005
20
-4.7360590551181101
11
5.7543527952755902
21
-4.7345231102362204
0
LINE
8
BLACK
6
CONTINUOUS
10
5.7543527952755902
20
-4.7345231102362204
11
5.7557015354330705
21
-4.7318256692913385
0
LINE
8
BLACK
6
CONTINUOUS
10
5.7557015354330705
20
-4.7318256692913385
11
5.7557015354330705
21
-4.7219711811023624
0
LINE
8
BLACK
6
CONTINUOUS
10
5.7557015354330705
20
-4.7219711811023624
11
5.7543527952755902
21
-4.7192737007874017
0
LINE
8
BLACK
6
CONTINUOUS
10
5.7543527952755902
20
-4.7192737007874017
11
5.7531556299212596
21
-4.7180765748031499
0
LINE
8
BLACK
6
CONTINUOUS
10
5.7531556299212596
20
-4.7180765748031499
11
5.750458149606299
21
-4.7167278346456696
0
LINE
8
BLACK
6
CONTINUOUS
10
5.750458149606299
20
-4.7167278346456696
11
5.7424784251968504
21
-4.7167278346456696
0
LINE
8
BLACK
6
CONTINUOUS
10
5.7424784251968504
20
-4.7167278346456696
11
5.7397809448818897
21
-4.7180765748031499
0
LINE
8
BLACK
6
CONTINUOUS
10
5.7397809448818897
20
-4.7180765748031499
11
5.7385838188976379
21
-4.7192737007874017
0
LINE
8
BLACK
6
CONTINUOUS
10
5.7385838188976379
20
-4.7192737007874017
11
5.7372350787401576
21
-4.7219711811023624
0
LINE
8
BLACK
6
CONTINUOUS
10
5.7372350787401576
20
-4.7219711811023624
11
5.7372350787401576
21
-4.7268984251968504
0
LINE
8
BLACK
6
CONTINUOUS
10
5.7372350787401576
20
-4.7268984251968504
11
5.7372050393700782
21
-4.7272030708661417
0
LINE
8
BLACK
6
CONTINUOUS
10
5.7372050393700782
20
-4.7272030708661417
11
5.7372102362204727
21
-4.727280551181102
0
LINE
8
BLACK
6
CONTINUOUS
10
5.7372102362204727
20
-4.727280551181102
11
5.7371921653543305
21
-4.727333897637795
0
LINE
8
BLACK
6
CONTINUOUS
10
5.7371921653543305
20
-4.727333897637795
11
5.7371783464566928
21
-4.7274744881889763
0
LINE
8
BLACK
6
CONTINUOUS
10
5.7371783464566928
20
-4.7274744881889763
11
5.736994724409449
21
-4.7279176771653546
0
LINE
8
BLACK
6
CONTINUOUS
10
5.736994724409449
20
-4.7279176771653546
11
5.7368411417322838
21
-4.728371929133858
0
LINE
8
BLACK
6
CONTINUOUS
10
5.7368411417322838
20
-4.728371929133858
11
5.7367755511811023
21
-4.728446889763779
0
LINE
8
BLACK
6
CONTINUOUS
10
5.7367755511811023
20
-4.728446889763779
11
5.7367374409448821
21
-4.7285388976377956
0
LINE
8
BLACK
6
CONTINUOUS
10
5.7367374409448821
20
-4.7285388976377956
11
5.7363984251968505
21
-4.7288778740157476
0
LINE
8
BLACK
6
CONTINUOUS
10
5.7363984251968505
20
-4.7288778740157476
11
5.7360824803149608
21
-4.7292390157480311
0
LINE
8
BLACK
6
CONTINUOUS
10
5.7360824803149608
20
-4.7292390157480311
11
5.7359931102362207
21
-4.7292831889763782
0
LINE
8
BLACK
6
CONTINUOUS
10
5.7359931102362207
20
-4.7292831889763782
11
5.7359227952755907
21
-4.7293535433070861
0
LINE
8
BLACK
6
CONTINUOUS
10
5.7359227952755907
20
-4.7293535433070861
11
5.7354798425196849
21
-4.7295370078740158
0
LINE
8
BLACK
6
CONTINUOUS
10
5.7354798425196849
20
-4.7295370078740158
11
5.7350497244094489
21
-4.7297497244094489
0
LINE
8
BLACK
6
CONTINUOUS
10
5.7350497244094489
20
-4.7297497244094489
11
5.7349503543307083
21
-4.7297563385826766
0
LINE
8
BLACK
6
CONTINUOUS
10
5.7349503543307083
20
-4.7297563385826766
11
5.7348583858267714
21
-4.7297944488188977
0
LINE
8
BLACK
6
CONTINUOUS
10
5.7348583858267714
20
-4.7297944488188977
11
5.7343786614173231
21
-4.7297944488188977
0
LINE
8
BLACK
6
CONTINUOUS
10
5.7343786614173231
20
-4.7297944488188977
11
5.733900196850394
21
-4.7298263385826766
0
LINE
8
BLACK
6
CONTINUOUS
10
5.733900196850394
20
-4.7298263385826766
11
5.7338059055118107
21
-4.7297944488188977
0
LINE
8
BLACK
6
CONTINUOUS
10
5.7338059055118107
20
-4.7297944488188977
11
5.7337062598425197
21
-4.7297944488188977
0
LINE
8
BLACK
6
CONTINUOUS
10
5.7337062598425197
20
-4.7297944488188977
11
5.7332630314960626
21
-4.729610826771653
0
LINE
8
BLACK
6
CONTINUOUS
10
5.7332630314960626
20
-4.729610826771653
11
5.732808818897638
21
-4.7294572440944878
0
LINE
8
BLACK
6
CONTINUOUS
10
5.732808818897638
20
-4.7294572440944878
11
5.7326939370078742
21
-4.7293751181102364
0
LINE
8
BLACK
6
CONTINUOUS
10
5.7326939370078742
20
-4.7293751181102364
11
5.7326418503937004
21
-4.7293535433070861
0
LINE
8
BLACK
6
CONTINUOUS
10
5.7326418503937004
20
-4.7293535433070861
11
5.7325868897637795
21
-4.7292985826771652
0
LINE
8
BLACK
6
CONTINUOUS
10
5.7325868897637795
20
-4.7292985826771652
11
5.7323379133858268
21
-4.7291205905511813
0
LINE
8
BLACK
6
CONTINUOUS
10
5.7323379133858268
20
-4.7291205905511813
11
5.7222369685039371
21
-4.7202822440944878
0
LINE
8
BLACK
6
CONTINUOUS
10
5.7222369685039371
20
-4.7202822440944878
11
5.7222369685039371
21
-4.7381470078740158
0
LINE
8
BLACK
6
CONTINUOUS
10
5.7222369685039371
20
-4.7381470078740158
11
5.7221802362204723
21
-4.7387230708661416
0
LINE
8
BLACK
6
CONTINUOUS
10
5.7221802362204723
20
-4.7387230708661416
11
5.7217393307086617
21
-4.7397874803149609
0
LINE
8
BLACK
6
CONTINUOUS
10
5.7217393307086617
20
-4.7397874803149609
11
5.7209246850393702
21
-4.7406021259842515
0
LINE
8
BLACK
6
CONTINUOUS
10
5.7209246850393702
20
-4.7406021259842515
11
5.719860275590551
21
-4.741043031496063
0
LINE
8
BLACK
6
CONTINUOUS
10
5.719860275590551
20
-4.741043031496063
11
5.7187081496062993
21
-4.741043031496063
0
LINE
8
BLACK
6
CONTINUOUS
10
5.7187081496062993
20
-4.741043031496063
11
5.71764374015748
21
-4.7406021259842515
0
LINE
8
BLACK
6
CONTINUOUS
10
5.71764374015748
20
-4.7406021259842515
11
5.7168290944881885
21
-4.7397874803149609
0
LINE
8
BLACK
6
CONTINUOUS
10
5.7168290944881885
20
-4.7397874803149609
11
5.7163881889763779
21
-4.7387230708661416
0
LINE
8
BLACK
6
CONTINUOUS
10
5.7163881889763779
20
-4.7387230708661416
11
5.7163314566929131
21
-4.7381470078740158
0
LINE
8
BLACK
6
CONTINUOUS
10
5.7163314566929131
20
-4.7381470078740158
11
5.7163314566929131
21
-4.7137750787401576
0
LINE
8
BLACK
6
CONTINUOUS
10
5.7163314566929131
20
-4.7137750787401576
11
5.7163614566929128
21
-4.7134703937007876
0
LINE
8
BLACK
6
CONTINUOUS
10
5.7163614566929128
20
-4.7134703937007876
11
5.716356299212598
21
-4.7133929527559051
0
LINE
8
BLACK
6
CONTINUOUS
10
5.716356299212598
20
-4.7133929527559051
11
5.7163743307086614
21
-4.7133395669291334
0
LINE
8
BLACK
6
CONTINUOUS
10
5.7163743307086614
20
-4.7133395669291334
11
5.7163881889763779
21
-4.7131990157480317
0
LINE
8
BLACK
6
CONTINUOUS
10
5.7163881889763779
20
-4.7131990157480317
11
5.7165717716535429
21
-4.7127557874015746
0
LINE
8
BLACK
6
CONTINUOUS
10
5.7165717716535429
20
-4.7127557874015746
11
5.7167253937007869
21
-4.7123015748031492
0
LINE
8
BLACK
6
CONTINUOUS
10
5.7167253937007869
20
-4.7123015748031492
11
5.7167909448818897
21
-4.7122265748031493
0
LINE
8
BLACK
6
CONTINUOUS
10
5.7167909448818897
20
-4.7122265748031493
11
5.7168290944881885
21
-4.7121346062992124
0
LINE
8
BLACK
6
CONTINUOUS
10
5.7168290944881885
20
-4.7121346062992124
11
5.7171680708661414
21
-4.7117955905511808
0
LINE
8
BLACK
6
CONTINUOUS
10
5.7171680708661414
20
-4.7117955905511808
11
5.7174840551181099
21
-4.711434488188976
0
LINE
8
BLACK
6
CONTINUOUS
10
5.7174840551181099
20
-4.711434488188976
11
5.7175733858267712
21
-4.711390275590551
0
LINE
8
BLACK
6
CONTINUOUS
10
5.7175733858267712
20
-4.711390275590551
11
5.71764374015748
21
-4.711319960629921
0
LINE
8
BLACK
6
CONTINUOUS
10
5.71764374015748
20
-4.711319960629921
11
5.718086653543307
21
-4.7111364566929135
0
LINE
8
BLACK
6
CONTINUOUS
10
5.718086653543307
20
-4.7111364566929135
11
5.7185168110236217
21
-4.7109237795275591
0
LINE
8
BLACK
6
CONTINUOUS
10
5.7185168110236217
20
-4.7109237795275591
11
5.7186161417322836
21
-4.7109171259842517
0
LINE
8
BLACK
6
CONTINUOUS
10
5.7186161417322836
20
-4.7109171259842517
11
5.7187081496062993
21
-4.7108790551181103
0
LINE
8
BLACK
6
CONTINUOUS
10
5.7187081496062993
20
-4.7108790551181103
11
5.7191878740157476
21
-4.7108790551181103
0
LINE
8
BLACK
6
CONTINUOUS
10
5.7191878740157476
20
-4.7108790551181103
11
5.7196663385826767
21
-4.7108471653543305
0
LINE
8
BLACK
6
CONTINUOUS
10
5.7196663385826767
20
-4.7108471653543305
11
5.71976062992126
21
-4.7108790551181103
0
LINE
8
BLACK
6
CONTINUOUS
10
5.71976062992126
20
-4.7108790551181103
11
5.719860275590551
21
-4.7108790551181103
0
LINE
8
BLACK
6
CONTINUOUS
10
5.719860275590551
20
-4.7108790551181103
11
5.7203034645669293
21
-4.7110626377952753
0
LINE
8
BLACK
6
CONTINUOUS
10
5.7203034645669293
20
-4.7110626377952753
11
5.7207577165354326
21
-4.7112162598425193
0
LINE
8
BLACK
6
CONTINUOUS
10
5.7207577165354326
20
-4.7112162598425193
11
5.7208725590551177
21
-4.7112983464566929
0
LINE
8
BLACK
6
CONTINUOUS
10
5.7208725590551177
20
-4.7112983464566929
11
5.7209246850393702
21
-4.711319960629921
0
LINE
8
BLACK
6
CONTINUOUS
10
5.7209246850393702
20
-4.711319960629921
11
5.7209796062992124
21
-4.7113748818897641
0
LINE
8
BLACK
6
CONTINUOUS
10
5.7209796062992124
20
-4.7113748818897641
11
5.7212286220472439
21
-4.7115529133858267
0
LINE
8
BLACK
6
CONTINUOUS
10
5.7212286220472439
20
-4.7115529133858267
11
5.7314376377952758
21
-4.7204857874015751
0
LINE
8
BLACK
6
CONTINUOUS
10
5.7314376377952758
20
-4.7204857874015751
11
5.7316412992125985
21
-4.7199536220472442
0
LINE
8
BLACK
6
CONTINUOUS
10
5.7316412992125985
20
-4.7199536220472442
11
5.733516062992126
21
-4.7162040944881891
0
LINE
8
BLACK
6
CONTINUOUS
10
5.733516062992126
20
-4.7162040944881891
11
5.7336721259842518
21
-4.7159560629921256
0
LINE
8
BLACK
6
CONTINUOUS
10
5.7336721259842518
20
-4.7159560629921256
11
5.7337019685039365
21
-4.7158841338582675
0
LINE
8
BLACK
6
CONTINUOUS
10
5.7337019685039365
20
-4.7158841338582675
11
5.7337684251968506
21
-4.7158031496062991
0
LINE
8
BLACK
6
CONTINUOUS
10
5.7337684251968506
20
-4.7158031496062991
11
5.7338244094488191
21
-4.7157142125984253
0
LINE
8
BLACK
6
CONTINUOUS
10
5.7338244094488191
20
-4.7157142125984253
11
5.7338833858267719
21
-4.7156630314960628
0
LINE
8
BLACK
6
CONTINUOUS
10
5.7338833858267719
20
-4.7156630314960628
11
5.7340691732283462
21
-4.7154366929133857
0
LINE
8
BLACK
6
CONTINUOUS
10
5.7340691732283462
20
-4.7154366929133857
11
5.7359439370078737
21
-4.7135619291338582
0
LINE
8
BLACK
6
CONTINUOUS
10
5.7359439370078737
20
-4.7135619291338582
11
5.7361702755905508
21
-4.713376141732283
0
LINE
8
BLACK
6
CONTINUOUS
10
5.7361702755905508
20
-4.713376141732283
11
5.7362214566929133
21
-4.7133171653543302
0
LINE
8
BLACK
6
CONTINUOUS
10
5.7362214566929133
20
-4.7133171653543302
11
5.7363103937007871
21
-4.7132611811023617
0
LINE
8
BLACK
6
CONTINUOUS
10
5.7363103937007871
20
-4.7132611811023617
11
5.7363913779527556
21
-4.7131947244094485
0
LINE
8
BLACK
6
CONTINUOUS
10
5.7363913779527556
20
-4.7131947244094485
11
5.7364633070866144
21
-4.7131648818897638
0
LINE
8
BLACK
6
CONTINUOUS
10
5.7364633070866144
20
-4.7131648818897638
11
5.7367113385826771
21
-4.713008818897638
0
LINE
8
BLACK
6
CONTINUOUS
10
5.7367113385826771
20
-4.713008818897638
11
5.7404608661417322
21
-4.7111340551181105
0
LINE
8
BLACK
6
CONTINUOUS
10
5.7404608661417322
20
-4.7111340551181105
11
5.7410014566929135
21
-4.710927165354331
0
LINE
8
BLACK
6
CONTINUOUS
10
5.7410014566929135
20
-4.710927165354331
11
5.7411073228346456
21
-4.7109196062992122
0
LINE
8
BLACK
6
CONTINUOUS
10
5.7411073228346456
20
-4.7109196062992122
11
5.7412053149606299
21
-4.7108790551181103
0
LINE
8
BLACK
6
CONTINUOUS
10
5.7412053149606299
20
-4.7108790551181103
11
5.7417813779527558
21
-4.7108223228346455
0
LINE
8
BLACK
6
CONTINUOUS
10
5.7417813779527558
20
-4.7108223228346455
11
5.7511551968503936
21
-4.7108223228346455
0
LINE
8
BLACK
6
CONTINUOUS
10
5.7511551968503936
20
-4.7108223228346455
11
5.7517312598425194
21
-4.7108790551181103
0
LINE
8
BLACK
6
CONTINUOUS
10
5.6434566929133858
20
-4.7035206299212593
11
5.6434997244094482
21
-4.703514251968504
0
LINE
8
BLACK
6
CONTINUOUS
10
5.6434997244094482
20
-4.703514251968504
11
5.6437151968503931
21
-4.7035461023622043
0
LINE
8
BLACK
6
CONTINUOUS
10
5.6437151968503931
20
-4.7035461023622043
11
5.6439322440944881
21
-4.7035674803149607
0
LINE
8
BLACK
6
CONTINUOUS
10
5.6439322440944881
20
-4.7035674803149607
11
5.6439724409448822
21
-4.703584094488189
0
LINE
8
BLACK
6
CONTINUOUS
10
5.6439724409448822
20
-4.703584094488189
11
5.6440723228346457
21
-4.7035988976377956
0
LINE
8
BLACK
6
CONTINUOUS
10
5.6440723228346457
20
-4.7035988976377956
11
5.6515713779527559
21
-4.7054736614173232
0
LINE
8
BLACK
6
CONTINUOUS
10
5.6515713779527559
20
-4.7054736614173232
11
5.6516138582677167
21
-4.7054888188976376
0
LINE
8
BLACK
6
CONTINUOUS
10
5.6516138582677167
20
-4.7054888188976376
11
5.651635118110236
21
-4.7054903543307089
0
LINE
8
BLACK
6
CONTINUOUS
10
5.651635118110236
20
-4.7054903543307089
11
5.6518745275590554
21
-4.7055819685039371
0
LINE
8
BLACK
6
CONTINUOUS
10
5.6518745275590554
20
-4.7055819685039371
11
5.6521164960629919
21
-4.7056684251968504
0
LINE
8
BLACK
6
CONTINUOUS
10
5.6521164960629919
20
-4.7056684251968504
11
5.652133622047244
21
-4.7056811023622043
0
LINE
8
BLACK
6
CONTINUOUS
10
5.652133622047244
20
-4.7056811023622043
11
5.652175748031496
21
-4.7056972440944884
0
LINE
8
BLACK
6
CONTINUOUS
10
5.652175748031496
20
-4.7056972440944884
11
5.6559252755905511
21
-4.707572007874016
0
LINE
8
BLACK
6
CONTINUOUS
10
5.6559252755905511
20
-4.707572007874016
11
5.6561731496062988
21
-4.707728031496063
0
LINE
8
BLACK
6
CONTINUOUS
10
5.6561731496062988
20
-4.707728031496063
11
5.656245196850394
21
-4.7077578740157477
0
LINE
8
BLACK
6
CONTINUOUS
10
5.656245196850394
20
-4.7077578740157477
11
5.6563262204724412
21
-4.7078243700787397
0
LINE
8
BLACK
6
CONTINUOUS
10
5.6563262204724412
20
-4.7078243700787397
11
5.656415157480315
21
-4.7078803543307082
0
LINE
8
BLACK
6
CONTINUOUS
10
5.656415157480315
20
-4.7078803543307082
11
5.6564662992125987
21
-4.707939330708661
0
LINE
8
BLACK
6
CONTINUOUS
10
5.6564662992125987
20
-4.707939330708661
11
5.6566926771653545
21
-4.7081251181102362
0
LINE
8
BLACK
6
CONTINUOUS
10
5.6566926771653545
20
-4.7081251181102362
11
5.6604422440944884
21
-4.7118746456692913
0
LINE
8
BLACK
6
CONTINUOUS
10
5.6604422440944884
20
-4.7118746456692913
11
5.6608094881889759
21
-4.7123220866141731
0
LINE
8
BLACK
6
CONTINUOUS
10
5.6608094881889759
20
-4.7123220866141731
11
5.6608500787401574
21
-4.7124201181102361
0
LINE
8
BLACK
6
CONTINUOUS
10
5.6608500787401574
20
-4.7124201181102361
11
5.6609195669291337
21
-4.712500236220472
0
LINE
8
BLACK
6
CONTINUOUS
10
5.6609195669291337
20
-4.712500236220472
11
5.6611555511811025
21
-4.7130288188976373
0
LINE
8
BLACK
6
CONTINUOUS
10
5.6611555511811025
20
-4.7130288188976373
11
5.66303031496063
21
-4.7186530708661421
0
LINE
8
BLACK
6
CONTINUOUS
10
5.66303031496063
20
-4.7186530708661421
11
5.6630952362204727
21
-4.7189387007874011
0
LINE
8
BLACK
6
CONTINUOUS
10
5.6630952362204727
20
-4.7189387007874011
11
5.6631251181102362
21
-4.719010787401575
0
LINE
8
BLACK
6
CONTINUOUS
10
5.6631251181102362
20
-4.719010787401575
11
5.6631353937007871
21
-4.719115236220472
0
LINE
8
BLACK
6
CONTINUOUS
10
5.6631353937007871
20
-4.719115236220472
11
5.6631586614173228
21
-4.7192175196850394
0
LINE
8
BLACK
6
CONTINUOUS
10
5.6631586614173228
20
-4.7192175196850394
11
5.6631531102362205
21
-4.7192952362204723
0
LINE
8
BLACK
6
CONTINUOUS
10
5.6631531102362205
20
-4.7192952362204723
11
5.663181850393701
21
-4.7195868503937008
0
LINE
8
BLACK
6
CONTINUOUS
10
5.663181850393701
20
-4.7195868503937008
11
5.663181850393701
21
-4.7289606692913386
0
LINE
8
BLACK
6
CONTINUOUS
10
5.663181850393701
20
-4.7289606692913386
11
5.6631251181102362
21
-4.7295367322834645
0
LINE
8
BLACK
6
CONTINUOUS
10
5.6631251181102362
20
-4.7295367322834645
11
5.6626842125984247
21
-4.7306011417322837
0
LINE
8
BLACK
6
CONTINUOUS
10
5.6626842125984247
20
-4.7306011417322837
11
5.6618695669291341
21
-4.7314157874015743
0
LINE
8
BLACK
6
CONTINUOUS
10
5.6618695669291341
20
-4.7314157874015743
11
5.6608051574803149
21
-4.7318566929133858
0
LINE
8
BLACK
6
CONTINUOUS
10
5.6608051574803149
20
-4.7318566929133858
11
5.660229094488189
21
-4.7319134251968507
0
LINE
8
BLACK
6
CONTINUOUS
10
5.660229094488189
20
-4.7319134251968507
11
5.6208590157480316
21
-4.7319134251968507
0
LINE
8
BLACK
6
CONTINUOUS
10
5.6208590157480316
20
-4.7319134251968507
11
5.6202829527559057
21
-4.7318566929133858
0
LINE
8
BLACK
6
CONTINUOUS
10
5.6202829527559057
20
-4.7318566929133858
11
5.6192185433070865
21
-4.7314157874015743
0
LINE
8
BLACK
6
CONTINUOUS
10
5.6192185433070865
20
-4.7314157874015743
11
5.618403897637795
21
-4.7306011417322837
0
LINE
8
BLACK
6
CONTINUOUS
10
5.618403897637795
20
-4.7306011417322837
11
5.6179629921259844
21
-4.7295367322834645
0
LINE
8
BLACK
6
CONTINUOUS
10
5.6179629921259844
20
-4.7295367322834645
11
5.6179062598425196
21
-4.7289606692913386
0
LINE
8
BLACK
6
CONTINUOUS
10
5.6179062598425196
20
-4.7289606692913386
11
5.6179062598425196
21
-4.7195868503937008
0
LINE
8
BLACK
6
CONTINUOUS
10
5.6179062598425196
20
-4.7195868503937008
11
5.6179349606299214
21
-4.7192952755905511
0
LINE
8
BLACK
6
CONTINUOUS
10
5.6179349606299214
20
-4.7192952755905511
11
5.6179294488188978
21
-4.7192175590551182
0
LINE
8
BLACK
6
CONTINUOUS
10
5.6179294488188978
20
-4.7192175590551182
11
5.6179526771653538
21
-4.7191152755905508
0
LINE
8
BLACK
6
CONTINUOUS
10
5.6179526771653538
20
-4.7191152755905508
11
5.6179629921259844
21
-4.719010787401575
0
LINE
8
BLACK
6
CONTINUOUS
10
5.6179629921259844
20
-4.719010787401575
11
5.6179928346456691
21
-4.7189386614173223
0
LINE
8
BLACK
6
CONTINUOUS
10
5.6179928346456691
20
-4.7189386614173223
11
5.6180577952755906
21
-4.7186531102362208
0
LINE
8
BLACK
6
CONTINUOUS
10
5.6180577952755906
20
-4.7186531102362208
11
5.6199325590551181
21
-4.7130288188976373
0
LINE
8
BLACK
6
CONTINUOUS
10
5.6199325590551181
20
-4.7130288188976373
11
5.6201685433070869
21
-4.7125002755905507
0
LINE
8
BLACK
6
CONTINUOUS
10
5.6201685433070869
20
-4.7125002755905507
11
5.6202380314960632
21
-4.7124201181102361
0
LINE
8
BLACK
6
CONTINUOUS
10
5.6202380314960632
20
-4.7124201181102361
11
5.6202786614173226
21
-4.7123220866141731
0
LINE
8
BLACK
6
CONTINUOUS
10
5.6202786614173226
20
-4.7123220866141731
11
5.6206458661417322
21
-4.7118746456692913
0
LINE
8
BLACK
6
CONTINUOUS
10
5.6206458661417322
20
-4.7118746456692913
11
5.6243953937007873
21
-4.7081251181102362
0
LINE
8
BLACK
6
CONTINUOUS
10
5.6243953937007873
20
-4.7081251181102362
11
5.6246217716535432
21
-4.7079392519685035
0
LINE
8
BLACK
6
CONTINUOUS
10
5.6246217716535432
20
-4.7079392519685035
11
5.6246729133858269
21
-4.7078803543307082
0
LINE
8
BLACK
6
CONTINUOUS
10
5.6246729133858269
20
-4.7078803543307082
11
5.6247616535433069
21
-4.7078244488188972
0
LINE
8
BLACK
6
CONTINUOUS
10
5.6247616535433069
20
-4.7078244488188972
11
5.6248428346456691
21
-4.7077578740157477
0
LINE
8
BLACK
6
CONTINUOUS
10
5.6248428346456691
20
-4.7077578740157477
11
5.6249149606299209
21
-4.7077279921259843
0
LINE
8
BLACK
6
CONTINUOUS
10
5.6249149606299209
20
-4.7077279921259843
11
5.6251627952755907
21
-4.707572007874016
0
LINE
8
BLACK
6
CONTINUOUS
10
5.6251627952755907
20
-4.707572007874016
11
5.6289123228346458
21
-4.7056972440944884
0
LINE
8
BLACK
6
CONTINUOUS
10
5.6289123228346458
20
-4.7056972440944884
11
5.6289544094488191
21
-4.7056811023622043
0
LINE
8
BLACK
6
CONTINUOUS
10
5.6289544094488191
20
-4.7056811023622043
11
5.6289715748031499
21
-4.7056684251968504
0
LINE
8
BLACK
6
CONTINUOUS
10
5.6289715748031499
20
-4.7056684251968504
11
5.6292131496062989
21
-4.7055820866141733
0
LINE
8
BLACK
6
CONTINUOUS
10
5.6292131496062989
20
-4.7055820866141733
11
5.6294529133858262
21
-4.7054903543307089
0
LINE
8
BLACK
6
CONTINUOUS
10
5.6294529133858262
20
-4.7054903543307089
11
5.6294741732283464
21
-4.7054888188976376
0
LINE
8
BLACK
6
CONTINUOUS
10
5.6294741732283464
20
-4.7054888188976376
11
5.629516692913386
21
-4.7054736614173232
0
LINE
8
BLACK
6
CONTINUOUS
10
5.629516692913386
20
-4.7054736614173232
11
5.6370157480314962
21
-4.7035988976377956
0
LINE
8
BLACK
6
CONTINUOUS
10
5.6370157480314962
20
-4.7035988976377956
11
5.6371155905511809
21
-4.703584094488189
0
LINE
8
BLACK
6
CONTINUOUS
10
5.6371155905511809
20
-4.703584094488189
11
5.6371558267716537
21
-4.7035674803149607
0
LINE
8
BLACK
6
CONTINUOUS
10
5.6371558267716537
20
-4.7035674803149607
11
5.6373728346456691
21
-4.7035461023622043
0
LINE
8
BLACK
6
CONTINUOUS
10
5.6373728346456691
20
-4.7035461023622043
11
5.6375883464566927
21
-4.703514251968504
0
LINE
8
BLACK
6
CONTINUOUS
10
5.6375883464566927
20
-4.703514251968504
11
5.6376313385826773
21
-4.7035206299212593
0
LINE
8
BLACK
6
CONTINUOUS
10
5.6376313385826773
20
-4.7035206299212593
11
5.6377318897637796
21
-4.7035107480314959
0
LINE
8
BLACK
6
CONTINUOUS
10
5.6377318897637796
20
-4.7035107480314959
11
5.6433561811023623
21
-4.7035107480314959
0
LINE
8
BLACK
6
CONTINUOUS
10
5.6433561811023623
20
-4.7035107480314959
11
5.6434566929133858
21
-4.7035206299212593
0
LINE
8
BLACK
6
CONTINUOUS
10
5.6312633858267711
20
-4.7111242519685037
11
5.6282324015748033
21
-4.7126397637795279
0
LINE
8
BLACK
6
CONTINUOUS
10
5.6282324015748033
20
-4.7126397637795279
11
5.6253145669291333
21
-4.7155575590551182
0
LINE
8
BLACK
6
CONTINUOUS
10
5.6253145669291333
20
-4.7155575590551182
11
5.6238117716535436
21
-4.7200659842519688
0
LINE
8
BLACK
6
CONTINUOUS
10
5.6238117716535436
20
-4.7200659842519688
11
5.6238117716535436
21
-4.7260079133858266
0
LINE
8
BLACK
6
CONTINUOUS
10
5.6238117716535436
20
-4.7260079133858266
11
5.657276338582677
21
-4.7260079133858266
0
LINE
8
BLACK
6
CONTINUOUS
10
5.657276338582677
20
-4.7260079133858266
11
5.657276338582677
21
-4.7200659842519688
0
LINE
8
BLACK
6
CONTINUOUS
10
5.657276338582677
20
-4.7200659842519688
11
5.6557735433070864
21
-4.715557598425197
0
LINE
8
BLACK
6
CONTINUOUS
10
5.6557735433070864
20
-4.715557598425197
11
5.6528556692913385
21
-4.7126397637795279
0
LINE
8
BLACK
6
CONTINUOUS
10
5.6528556692913385
20
-4.7126397637795279
11
5.6498246850393699
21
-4.7111242519685037
0
LINE
8
BLACK
6
CONTINUOUS
10
5.6498246850393699
20
-4.7111242519685037
11
5.6429926377952757
21
-4.70941625984252
0
LINE
8
BLACK
6
CONTINUOUS
10
5.6429926377952757
20
-4.70941625984252
11
5.6380954330708661
21
-4.70941625984252
0
LINE
8
BLACK
6
CONTINUOUS
10
5.6380954330708661
20
-4.70941625984252
11
5.6312633858267711
21
-4.7111242519685037
0
LINE
8
BLACK
6
CONTINUOUS
10
5.8442440944881886
20
-4.7035206299212593
11
5.8442871259842519
21
-4.703514251968504
0
LINE
8
BLACK
6
CONTINUOUS
10
5.8442871259842519
20
-4.703514251968504
11
5.8445025984251968
21
-4.7035461023622043
0
LINE
8
BLACK
6
CONTINUOUS
10
5.8445025984251968
20
-4.7035461023622043
11
5.8447196456692909
21
-4.7035674803149607
0
LINE
8
BLACK
6
CONTINUOUS
10
5.8447196456692909
20
-4.7035674803149607
11
5.8447598425196849
21
-4.703584094488189
0
LINE
8
BLACK
6
CONTINUOUS
10
5.8447598425196849
20
-4.703584094488189
11
5.8448597244094485
21
-4.7035988976377956
0
LINE
8
BLACK
6
CONTINUOUS
10
5.8448597244094485
20
-4.7035988976377956
11
5.8523587795275587
21
-4.7054736614173232
0
LINE
8
BLACK
6
CONTINUOUS
10
5.8523587795275587
20
-4.7054736614173232
11
5.8524012598425195
21
-4.7054888188976376
0
LINE
8
BLACK
6
CONTINUOUS
10
5.8524012598425195
20
-4.7054888188976376
11
5.8524225196850388
21
-4.7054903543307089
0
LINE
8
BLACK
6
CONTINUOUS
10
5.8524225196850388
20
-4.7054903543307089
11
5.8526619291338582
21
-4.7055819685039371
0
LINE
8
BLACK
6
CONTINUOUS
10
5.8526619291338582
20
-4.7055819685039371
11
5.8529038976377947
21
-4.7056684251968504
0
LINE
8
BLACK
6
CONTINUOUS
10
5.8529038976377947
20
-4.7056684251968504
11
5.8529210236220468
21
-4.7056811023622043
0
LINE
8
BLACK
6
CONTINUOUS
10
5.8529210236220468
20
-4.7056811023622043
11
5.8529631496062988
21
-4.7056972440944884
0
LINE
8
BLACK
6
CONTINUOUS
10
5.8529631496062988
20
-4.7056972440944884
11
5.8567126771653539
21
-4.707572007874016
0
LINE
8
BLACK
6
CONTINUOUS
10
5.8567126771653539
20
-4.707572007874016
11
5.8569605511811025
21
-4.707728031496063
0
LINE
8
BLACK
6
CONTINUOUS
10
5.8569605511811025
20
-4.707728031496063
11
5.8570325984251967
21
-4.7077578740157477
0
LINE
8
BLACK
6
CONTINUOUS
10
5.8570325984251967
20
-4.7077578740157477
11
5.857113622047244
21
-4.7078243700787397
0
LINE
8
BLACK
6
CONTINUOUS
10
5.857113622047244
20
-4.7078243700787397
11
5.8572025590551178
21
-4.7078803543307082
0
LINE
8
BLACK
6
CONTINUOUS
10
5.8572025590551178
20
-4.7078803543307082
11
5.8572537007874015
21
-4.707939330708661
0
LINE
8
BLACK
6
CONTINUOUS
10
5.8572537007874015
20
-4.707939330708661
11
5.8574800787401573
21
-4.7081251181102362
0
LINE
8
BLACK
6
CONTINUOUS
10
5.8574800787401573
20
-4.7081251181102362
11
5.8612296456692912
21
-4.7118746456692913
0
LINE
8
BLACK
6
CONTINUOUS
10
5.8612296456692912
20
-4.7118746456692913
11
5.8615968897637796
21
-4.7123220866141731
0
LINE
8
BLACK
6
CONTINUOUS
10
5.8615968897637796
20
-4.7123220866141731
11
5.8616374803149602
21
-4.7124201181102361
0
LINE
8
BLACK
6
CONTINUOUS
10
5.8616374803149602
20
-4.7124201181102361
11
5.8617069685039365
21
-4.712500236220472
0
LINE
8
BLACK
6
CONTINUOUS
10
5.8617069685039365
20
-4.712500236220472
11
5.8619429527559053
21
-4.7130288188976373
0
LINE
8
BLACK
6
CONTINUOUS
10
5.8619429527559053
20
-4.7130288188976373
11
5.8638177165354328
21
-4.7186530708661421
0
LINE
8
BLACK
6
CONTINUOUS
10
5.8638177165354328
20
-4.7186530708661421
11
5.8638826377952755
21
-4.7189387007874011
0
LINE
8
BLACK
6
CONTINUOUS
10
5.8638826377952755
20
-4.7189387007874011
11
5.863912519685039
21
-4.719010787401575
0
LINE
8
BLACK
6
CONTINUOUS
10
5.863912519685039
20
-4.719010787401575
11
5.8639227952755908
21
-4.719115236220472
0
LINE
8
BLACK
6
CONTINUOUS
10
5.8639227952755908
20
-4.719115236220472
11
5.8639460629921256
21
-4.7192175196850394
0
LINE
8
BLACK
6
CONTINUOUS
10
5.8639460629921256
20
-4.7192175196850394
11
5.8639405118110233
21
-4.7192952362204723
0
LINE
8
BLACK
6
CONTINUOUS
10
5.8639405118110233
20
-4.7192952362204723
11
5.8639692519685038
21
-4.7195868503937008
0
LINE
8
BLACK
6
CONTINUOUS
10
5.8639692519685038
20
-4.7195868503937008
11
5.8639692519685038
21
-4.7289606692913386
0
LINE
8
BLACK
6
CONTINUOUS
10
5.8639692519685038
20
-4.7289606692913386
11
5.863912519685039
21
-4.7295367322834645
0
LINE
8
BLACK
6
CONTINUOUS
10
5.863912519685039
20
-4.7295367322834645
11
5.8634716141732284
21
-4.7306011417322837
0
LINE
8
BLACK
6
CONTINUOUS
10
5.8634716141732284
20
-4.7306011417322837
11
5.8626569685039369
21
-4.7314157874015743
0
LINE
8
BLACK
6
CONTINUOUS
10
5.8626569685039369
20
-4.7314157874015743
11
5.8615925590551177
21
-4.7318566929133858
0
LINE
8
BLACK
6
CONTINUOUS
10
5.8615925590551177
20
-4.7318566929133858
11
5.8610164960629918
21
-4.7319134251968507
0
LINE
8
BLACK
6
CONTINUOUS
10
5.8610164960629918
20
-4.7319134251968507
11
5.8216464173228344
21
-4.7319134251968507
0
LINE
8
BLACK
6
CONTINUOUS
10
5.8216464173228344
20
-4.7319134251968507
11
5.8210703543307085
21
-4.7318566929133858
0
LINE
8
BLACK
6
CONTINUOUS
10
5.8210703543307085
20
-4.7318566929133858
11
5.8200059448818893
21
-4.7314157874015743
0
LINE
8
BLACK
6
CONTINUOUS
10
5.8200059448818893
20
-4.7314157874015743
11
5.8191912992125987
21
-4.7306011417322837
0
LINE
8
BLACK
6
CONTINUOUS
10
5.8191912992125987
20
-4.7306011417322837
11
5.8187503937007872
21
-4.7295367322834645
0
LINE
8
BLACK
6
CONTINUOUS
10
5.8187503937007872
20
-4.7295367322834645
11
5.8186936614173224
21
-4.7289606692913386
0
LINE
8
BLACK
6
CONTINUOUS
10
5.8186936614173224
20
-4.7289606692913386
11
5.8186936614173224
21
-4.7195868503937008
0
LINE
8
BLACK
6
CONTINUOUS
10
5.8186936614173224
20
-4.7195868503937008
11
5.8187223622047242
21
-4.7192952755905511
0
LINE
8
BLACK
6
CONTINUOUS
10
5.8187223622047242
20
-4.7192952755905511
11
5.8187168503937006
21
-4.7192175590551182
0
LINE
8
BLACK
6
CONTINUOUS
10
5.8187168503937006
20
-4.7192175590551182
11
5.8187400787401575
21
-4.7191152755905508
0
LINE
8
BLACK
6
CONTINUOUS
10
5.8187400787401575
20
-4.7191152755905508
11
5.8187503937007872
21
-4.719010787401575
0
LINE
8
BLACK
6
CONTINUOUS
10
5.8187503937007872
20
-4.719010787401575
11
5.8187802362204719
21
-4.7189386614173223
0
LINE
8
BLACK
6
CONTINUOUS
10
5.8187802362204719
20
-4.7189386614173223
11
5.8188451968503934
21
-4.7186531102362208
0
LINE
8
BLACK
6
CONTINUOUS
10
5.8188451968503934
20
-4.7186531102362208
11
5.8207199606299209
21
-4.7130288188976373
0
LINE
8
BLACK
6
CONTINUOUS
10
5.8207199606299209
20
-4.7130288188976373
11
5.8209559448818897
21
-4.7125002755905507
0
LINE
8
BLACK
6
CONTINUOUS
10
5.8209559448818897
20
-4.7125002755905507
11
5.821025433070866
21
-4.7124201181102361
0
LINE
8
BLACK
6
CONTINUOUS
10
5.821025433070866
20
-4.7124201181102361
11
5.8210660629921263
21
-4.7123220866141731
0
LINE
8
BLACK
6
CONTINUOUS
10
5.8210660629921263
20
-4.7123220866141731
11
5.821433267716535
21
-4.7118746456692913
0
LINE
8
BLACK
6
CONTINUOUS
10
5.821433267716535
20
-4.7118746456692913
11
5.8251827952755901
21
-4.7081251181102362
0
LINE
8
BLACK
6
CONTINUOUS
10
5.8251827952755901
20
-4.7081251181102362
11
5.8254091732283459
21
-4.7079392519685035
0
LINE
8
BLACK
6
CONTINUOUS
10
5.8254091732283459
20
-4.7079392519685035
11
5.8254603149606297
21
-4.7078803543307082
0
LINE
8
BLACK
6
CONTINUOUS
10
5.8254603149606297
20
-4.7078803543307082
11
5.8255490551181097
21
-4.7078244488188972
0
LINE
8
BLACK
6
CONTINUOUS
10
5.8255490551181097
20
-4.7078244488188972
11
5.8256302362204719
21
-4.7077578740157477
0
LINE
8
BLACK
6
CONTINUOUS
10
5.8256302362204719
20
-4.7077578740157477
11
5.8257023622047246
21
-4.7077279921259843
0
LINE
8
BLACK
6
CONTINUOUS
10
5.8257023622047246
20
-4.7077279921259843
11
5.8259501968503935
21
-4.707572007874016
0
LINE
8
BLACK
6
CONTINUOUS
10
5.8259501968503935
20
-4.707572007874016
11
5.8296997244094486
21
-4.7056972440944884
0
LINE
8
BLACK
6
CONTINUOUS
10
5.8296997244094486
20
-4.7056972440944884
11
5.8297418110236219
21
-4.7056811023622043
0
LINE
8
BLACK
6
CONTINUOUS
10
5.8297418110236219
20
-4.7056811023622043
11
5.8297589763779527
21
-4.7056684251968504
0
LINE
8
BLACK
6
CONTINUOUS
10
5.8297589763779527
20
-4.7056684251968504
11
5.8300005511811026
21
-4.7055820866141733
0
LINE
8
BLACK
6
CONTINUOUS
10
5.8300005511811026
20
-4.7055820866141733
11
5.8302403149606299
21
-4.7054903543307089
0
LINE
8
BLACK
6
CONTINUOUS
10
5.8302403149606299
20
-4.7054903543307089
11
5.8302615748031492
21
-4.7054888188976376
0
LINE
8
BLACK
6
CONTINUOUS
10
5.8302615748031492
20
-4.7054888188976376
11
5.8303040944881888
21
-4.7054736614173232
0
LINE
8
BLACK
6
CONTINUOUS
10
5.8303040944881888
20
-4.7054736614173232
11
5.837803149606299
21
-4.7035988976377956
0
LINE
8
BLACK
6
CONTINUOUS
10
5.837803149606299
20
-4.7035988976377956
11
5.8379029921259837
21
-4.703584094488189
0
LINE
8
BLACK
6
CONTINUOUS
10
5.8379029921259837
20
-4.703584094488189
11
5.8379432283464565
21
-4.7035674803149607
0
LINE
8
BLACK
6
CONTINUOUS
10
5.8379432283464565
20
-4.7035674803149607
11
5.8381602362204719
21
-4.7035461023622043
0
LINE
8
BLACK
6
CONTINUOUS
10
5.8381602362204719
20
-4.7035461023622043
11
5.8383757480314955
21
-4.703514251968504
0
LINE
8
BLACK
6
CONTINUOUS
10
5.8383757480314955
20
-4.703514251968504
11
5.8384187401574801
21
-4.7035206299212593
0
LINE
8
BLACK
6
CONTINUOUS
10
5.8384187401574801
20
-4.7035206299212593
11
5.8385192913385824
21
-4.7035107480314959
0
LINE
8
BLACK
6
CONTINUOUS
10
5.8385192913385824
20
-4.7035107480314959
11
5.844143582677165
21
-4.7035107480314959
0
LINE
8
BLACK
6
CONTINUOUS
10
5.844143582677165
20
-4.7035107480314959
11
5.8442440944881886
21
-4.7035206299212593
0
LINE
8
BLACK
6
CONTINUOUS
10
5.8320507874015748
20
-4.7111242519685037
11
5.8290198031496061
21
-4.7126397637795279
0
LINE
8
BLACK
6
CONTINUOUS
10
5.8290198031496061
20
-4.7126397637795279
11
5.826101968503937
21
-4.7155575590551182
0
LINE
8
BLACK
6
CONTINUOUS
10
5.826101968503937
20
-4.7155575590551182
11
5.8245991732283464
21
-4.7200659842519688
0
LINE
8
BLACK
6
CONTINUOUS
10
5.8245991732283464
20
-4.7200659842519688
11
5.8245991732283464
21
-4.7260079133858266
0
LINE
8
BLACK
6
CONTINUOUS
10
5.8245991732283464
20
-4.7260079133858266
11
5.8580637401574798
21
-4.7260079133858266
0
LINE
8
BLACK
6
CONTINUOUS
10
5.8580637401574798
20
-4.7260079133858266
11
5.8580637401574798
21
-4.7200659842519688
0
LINE
8
BLACK
6
CONTINUOUS
10
5.8580637401574798
20
-4.7200659842519688
11
5.8565609448818901
21
-4.715557598425197
0
LINE
8
BLACK
6
CONTINUOUS
10
5.8565609448818901
20
-4.715557598425197
11
5.8536430708661413
21
-4.7126397637795279
0
LINE
8
BLACK
6
CONTINUOUS
10
5.8536430708661413
20
-4.7126397637795279
11
5.8506120866141735
21
-4.7111242519685037
0
LINE
8
BLACK
6
CONTINUOUS
10
5.8506120866141735
20
-4.7111242519685037
11
5.8437800393700785
21
-4.70941625984252
0
LINE
8
BLACK
6
CONTINUOUS
10
5.8437800393700785
20
-4.70941625984252
11
5.8388828346456689
21
-4.70941625984252
0
LINE
8
BLACK
6
CONTINUOUS
10
5.8388828346456689
20
-4.70941625984252
11
5.8320507874015748
21
-4.7111242519685037
0
LINE
8
BLACK
6
CONTINUOUS
10
5.1399461417322829
20
-3.5238756299212599
11
5.1410105511811022
21
-3.524316535433071
0
LINE
8
BLACK
6
CONTINUOUS
10
5.1410105511811022
20
-3.524316535433071
11
5.1418251968503936
21
-3.525131181102362
0
LINE
8
BLACK
6
CONTINUOUS
10
5.1418251968503936
20
-3.525131181102362
11
5.1422661023622043
21
-3.5261955905511808
0
LINE
8
BLACK
6
CONTINUOUS
10
5.1422661023622043
20
-3.5261955905511808
11
5.1423228346456691
21
-3.5267716535433071
0
LINE
8
BLACK
6
CONTINUOUS
10
5.1423228346456691
20
-3.5267716535433071
11
5.1423228346456691
21
-4.7267716535433069
0
LINE
8
BLACK
6
CONTINUOUS
10
5.1423228346456691
20
-4.7267716535433069
11
5.1422661023622043
21
-4.7273477165354327
0
LINE
8
BLACK
6
CONTINUOUS
10
5.1422661023622043
20
-4.7273477165354327
11
5.1418251968503936
21
-4.728412125984252
0
LINE
8
BLACK
6
CONTINUOUS
10
5.1418251968503936
20
-4.728412125984252
11
5.1410105511811022
21
-4.7292267716535434
0
LINE
8
BLACK
6
CONTINUOUS
10
5.1410105511811022
20
-4.7292267716535434
11
5.1399461417322829
21
-4.7296676771653541
0
LINE
8
BLACK
6
CONTINUOUS
10
5.1399461417322829
20
-4.7296676771653541
11
5.1393700787401571
21
-4.7297244094488189
0
LINE
8
BLACK
6
CONTINUOUS
10
5.1393700787401571
20
-4.7297244094488189
11
4.9393700787401578
21
-4.7297244094488189
0
LINE
8
BLACK
6
CONTINUOUS
10
4.9393700787401578
20
-4.7297244094488189
11
4.938794015748031
21
-4.7296676771653541
0
LINE
8
BLACK
6
CONTINUOUS
10
4.938794015748031
20
-4.7296676771653541
11
4.9377296062992126
21
-4.7292267716535434
0
LINE
8
BLACK
6
CONTINUOUS
10
4.9377296062992126
20
-4.7292267716535434
11
4.9369149606299212
21
-4.728412125984252
0
LINE
8
BLACK
6
CONTINUOUS
10
4.9369149606299212
20
-4.728412125984252
11
4.9364740551181105
21
-4.7273477165354327
0
LINE
8
BLACK
6
CONTINUOUS
10
4.9364740551181105
20
-4.7273477165354327
11
4.9364173228346457
21
-4.7267716535433069
0
LINE
8
BLACK
6
CONTINUOUS
10
4.9364173228346457
20
-4.7267716535433069
11
4.9364173228346457
21
-3.6267716535433072
0
LINE
8
BLACK
6
CONTINUOUS
10
4.9364173228346457
20
-3.6267716535433072
11
4.9364740551181105
21
-3.6261955905511809
0
LINE
8
BLACK
6
CONTINUOUS
10
4.9364740551181105
20
-3.6261955905511809
11
4.9369149606299212
21
-3.6251311811023621
0
LINE
8
BLACK
6
CONTINUOUS
10
4.9369149606299212
20
-3.6251311811023621
11
4.9377296062992126
21
-3.6243165354330706
0
LINE
8
BLACK
6
CONTINUOUS
10
4.9377296062992126
20
-3.6243165354330706
11
4.938794015748031
21
-3.6238756299212596
0
LINE
8
BLACK
6
CONTINUOUS
10
4.938794015748031
20
-3.6238756299212596
11
4.9399461417322836
21
-3.6238756299212596
0
LINE
8
BLACK
6
CONTINUOUS
10
4.9399461417322836
20
-3.6238756299212596
11
4.941010551181102
21
-3.6243165354330706
0
LINE
8
BLACK
6
CONTINUOUS
10
4.941010551181102
20
-3.6243165354330706
11
4.9418251968503935
21
-3.6251311811023621
0
LINE
8
BLACK
6
CONTINUOUS
10
4.9418251968503935
20
-3.6251311811023621
11
4.942266102362205
21
-3.6261955905511809
0
LINE
8
BLACK
6
CONTINUOUS
10
4.942266102362205
20
-3.6261955905511809
11
4.9423228346456689
21
-3.6267716535433072
0
LINE
8
BLACK
6
CONTINUOUS
10
4.9423228346456689
20
-3.6267716535433072
11
4.9423228346456689
21
-4.7238188976377948
0
LINE
8
BLACK
6
CONTINUOUS
10
4.9423228346456689
20
-4.7238188976377948
11
5.1364173228346459
21
-4.7238188976377948
0
LINE
8
BLACK
6
CONTINUOUS
10
5.1364173228346459
20
-4.7238188976377948
11
5.1364173228346459
21
-3.5297244094488187
0
LINE
8
BLACK
6
CONTINUOUS
10
5.1364173228346459
20
-3.5297244094488187
11
4.9393700787401578
21
-3.5297244094488187
0
LINE
8
BLACK
6
CONTINUOUS
10
4.9393700787401578
20
-3.5297244094488187
11
4.938794015748031
21
-3.5296676771653543
0
LINE
8
BLACK
6
CONTINUOUS
10
4.938794015748031
20
-3.5296676771653543
11
4.9377296062992126
21
-3.5292267716535433
0
LINE
8
BLACK
6
CONTINUOUS
10
4.9377296062992126
20
-3.5292267716535433
11
4.9369149606299212
21
-3.5284121259842518
0
LINE
8
BLACK
6
CONTINUOUS
10
4.9369149606299212
20
-3.5284121259842518
11
4.9364740551181105
21
-3.527347716535433
0
LINE
8
BLACK
6
CONTINUOUS
10
4.9364740551181105
20
-3.527347716535433
11
4.9364740551181105
21
-3.5261955905511808
0
LINE
8
BLACK
6
CONTINUOUS
10
4.9364740551181105
20
-3.5261955905511808
11
4.9369149606299212
21
-3.525131181102362
0
LINE
8
BLACK
6
CONTINUOUS
10
4.9369149606299212
20
-3.525131181102362
11
4.9377296062992126
21
-3.524316535433071
0
LINE
8
BLACK
6
CONTINUOUS
10
4.9377296062992126
20
-3.524316535433071
11
4.938794015748031
21
-3.5238756299212599
0
LINE
8
BLACK
6
CONTINUOUS
10
4.938794015748031
20
-3.5238756299212599
11
4.9393700787401578
21
-3.5238188976377951
0
LINE
8
BLACK
6
CONTINUOUS
10
4.9393700787401578
20
-3.5238188976377951
11
5.1393700787401571
21
-3.5238188976377951
0
LINE
8
BLACK
6
CONTINUOUS
10
5.1393700787401571
20
-3.5238188976377951
11
5.1399461417322829
21
-3.5238756299212599
0
LINE
8
BLACK
6
CONTINUOUS
10
5.2993618503937006
20
-4.6961908661417322
11
5.3004262598425198
21
-4.6966317716535428
0
LINE
8
BLACK
6
CONTINUOUS
10
5.3004262598425198
20
-4.6966317716535428
11
5.3012409055118113
21
-4.6974464173228343
0
LINE
8
BLACK
6
CONTINUOUS
10
5.3012409055118113
20
-4.6974464173228343
11
5.3016818110236219
21
-4.6985108267716535
0
LINE
8
BLACK
6
CONTINUOUS
10
5.3016818110236219
20
-4.6985108267716535
11
5.3016818110236219
21
-4.6996629527559053
0
LINE
8
BLACK
6
CONTINUOUS
10
5.3016818110236219
20
-4.6996629527559053
11
5.3012409055118113
21
-4.7007273622047245
0
LINE
8
BLACK
6
CONTINUOUS
10
5.3012409055118113
20
-4.7007273622047245
11
5.3004262598425198
21
-4.701542007874016
0
LINE
8
BLACK
6
CONTINUOUS
10
5.3004262598425198
20
-4.701542007874016
11
5.2993618503937006
21
-4.7019829133858266
0
LINE
8
BLACK
6
CONTINUOUS
10
5.2993618503937006
20
-4.7019829133858266
11
5.2987857874015747
21
-4.7020396456692914
0
LINE
8
BLACK
6
CONTINUOUS
10
5.2987857874015747
20
-4.7020396456692914
11
5.2687895669291338
21
-4.7020396456692914
0
LINE
8
BLACK
6
CONTINUOUS
10
5.2687895669291338
20
-4.7020396456692914
11
5.2682135039370079
21
-4.7019829133858266
0
LINE
8
BLACK
6
CONTINUOUS
10
5.2682135039370079
20
-4.7019829133858266
11
5.2671490944881887
21
-4.701542007874016
0
LINE
8
BLACK
6
CONTINUOUS
10
5.2671490944881887
20
-4.701542007874016
11
5.2663344488188972
21
-4.7007273622047245
0
LINE
8
BLACK
6
CONTINUOUS
10
5.2663344488188972
20
-4.7007273622047245
11
5.2658935433070866
21
-4.6996629527559053
0
LINE
8
BLACK
6
CONTINUOUS
10
5.2658935433070866
20
-4.6996629527559053
11
5.2658935433070866
21
-4.6985108267716535
0
LINE
8
BLACK
6
CONTINUOUS
10
5.2658935433070866
20
-4.6985108267716535
11
5.2663344488188972
21
-4.6974464173228343
0
LINE
8
BLACK
6
CONTINUOUS
10
5.2663344488188972
20
-4.6974464173228343
11
5.2671490944881887
21
-4.6966317716535428
0
LINE
8
BLACK
6
CONTINUOUS
10
5.2671490944881887
20
-4.6966317716535428
11
5.2682135039370079
21
-4.6961908661417322
0
LINE
8
BLACK
6
CONTINUOUS
10
5.2682135039370079
20
-4.6961908661417322
11
5.2687895669291338
21
-4.6961341338582674
0
LINE
8
BLACK
6
CONTINUOUS
10
5.2687895669291338
20
-4.6961341338582674
11
5.2987857874015747
21
-4.6961341338582674
0
LINE
8
BLACK
6
CONTINUOUS
10
5.2987857874015747
20
-4.6961341338582674
11
5.2993618503937006
21
-4.6961908661417322
0
LINE
8
BLACK
6
CONTINUOUS
10
5.2149974015748031
20
-4.6530712598425197
11
5.2150953937007873
21
-4.6531118503937003
0
LINE
8
BLACK
6
CONTINUOUS
10
5.2150953937007873
20
-4.6531118503937003
11
5.2152012204724407
21
-4.6531193700787403
0
LINE
8
BLACK
6
CONTINUOUS
10
5.2152012204724407
20
-4.6531193700787403
11
5.2157418503937008
21
-4.6533262598425198
0
LINE
8
BLACK
6
CONTINUOUS
10
5.2157418503937008
20
-4.6533262598425198
11
5.2194913779527559
21
-4.6552010236220474
0
LINE
8
BLACK
6
CONTINUOUS
10
5.2194913779527559
20
-4.6552010236220474
11
5.2197393700787398
21
-4.6553570866141731
0
LINE
8
BLACK
6
CONTINUOUS
10
5.2197393700787398
20
-4.6553570866141731
11
5.2198113385826774
21
-4.6553869291338579
0
LINE
8
BLACK
6
CONTINUOUS
10
5.2198113385826774
20
-4.6553869291338579
11
5.2198922834645671
21
-4.6554533858267719
0
LINE
8
BLACK
6
CONTINUOUS
10
5.2198922834645671
20
-4.6554533858267719
11
5.2199812598425197
21
-4.6555093700787404
0
LINE
8
BLACK
6
CONTINUOUS
10
5.2199812598425197
20
-4.6555093700787404
11
5.2200324015748034
21
-4.6555683464566924
0
LINE
8
BLACK
6
CONTINUOUS
10
5.2200324015748034
20
-4.6555683464566924
11
5.2202587795275592
21
-4.6557541338582675
0
LINE
8
BLACK
6
CONTINUOUS
10
5.2202587795275592
20
-4.6557541338582675
11
5.2221335433070868
21
-4.6576288976377951
0
LINE
8
BLACK
6
CONTINUOUS
10
5.2221335433070868
20
-4.6576288976377951
11
5.2223192913385823
21
-4.6578552362204722
0
LINE
8
BLACK
6
CONTINUOUS
10
5.2223192913385823
20
-4.6578552362204722
11
5.2223783070866139
21
-4.6579064173228346
0
LINE
8
BLACK
6
CONTINUOUS
10
5.2223783070866139
20
-4.6579064173228346
11
5.2224342519685036
21
-4.6579953543307084
0
LINE
8
BLACK
6
CONTINUOUS
10
5.2224342519685036
20
-4.6579953543307084
11
5.2225007480314956
21
-4.6580763385826769
0
LINE
8
BLACK
6
CONTINUOUS
10
5.2225007480314956
20
-4.6580763385826769
11
5.2225305511811024
21
-4.6581482677165349
0
LINE
8
BLACK
6
CONTINUOUS
10
5.2225305511811024
20
-4.6581482677165349
11
5.222686653543307
21
-4.6583962992125985
0
LINE
8
BLACK
6
CONTINUOUS
10
5.222686653543307
20
-4.6583962992125985
11
5.2245614173228345
21
-4.6621458267716536
0
LINE
8
BLACK
6
CONTINUOUS
10
5.2245614173228345
20
-4.6621458267716536
11
5.224768307086614
21
-4.6626864173228348
0
LINE
8
BLACK
6
CONTINUOUS
10
5.224768307086614
20
-4.6626864173228348
11
5.2247758267716531
21
-4.662792283464567
0
LINE
8
BLACK
6
CONTINUOUS
10
5.2247758267716531
20
-4.662792283464567
11
5.2248164173228346
21
-4.6628902755905512
0
LINE
8
BLACK
6
CONTINUOUS
10
5.2248164173228346
20
-4.6628902755905512
11
5.2248731496062994
21
-4.6634663385826771
0
LINE
8
BLACK
6
CONTINUOUS
10
5.2248731496062994
20
-4.6634663385826771
11
5.2248731496062994
21
-4.6672158661417322
0
LINE
8
BLACK
6
CONTINUOUS
10
5.2248731496062994
20
-4.6672158661417322
11
5.2248444094488189
21
-4.667507440944882
0
LINE
8
BLACK
6
CONTINUOUS
10
5.2248444094488189
20
-4.667507440944882
11
5.2248499606299212
21
-4.6675851968503936
0
LINE
8
BLACK
6
CONTINUOUS
10
5.2248499606299212
20
-4.6675851968503936
11
5.2248266929133855
21
-4.6676874409448814
0
LINE
8
BLACK
6
CONTINUOUS
10
5.2248266929133855
20
-4.6676874409448814
11
5.2248164173228346
21
-4.6677919291338581
0
LINE
8
BLACK
6
CONTINUOUS
10
5.2248164173228346
20
-4.6677919291338581
11
5.2247865354330711
21
-4.6678639763779524
0
LINE
8
BLACK
6
CONTINUOUS
10
5.2247865354330711
20
-4.6678639763779524
11
5.2247216141732284
21
-4.668149645669291
0
LINE
8
BLACK
6
CONTINUOUS
10
5.2247216141732284
20
-4.668149645669291
11
5.2228468503937009
21
-4.6737738976377949
0
LINE
8
BLACK
6
CONTINUOUS
10
5.2228468503937009
20
-4.6737738976377949
11
5.2226108661417321
21
-4.6743024803149602
0
LINE
8
BLACK
6
CONTINUOUS
10
5.2226108661417321
20
-4.6743024803149602
11
5.2225413779527559
21
-4.6743825590551182
0
LINE
8
BLACK
6
CONTINUOUS
10
5.2225413779527559
20
-4.6743825590551182
11
5.2225007874015743
21
-4.67448062992126
0
LINE
8
BLACK
6
CONTINUOUS
10
5.2225007874015743
20
-4.67448062992126
11
5.2221335433070868
21
-4.6749280708661418
0
LINE
8
BLACK
6
CONTINUOUS
10
5.2221335433070868
20
-4.6749280708661418
11
5.2046770472440942
21
-4.6923846062992123
0
LINE
8
BLACK
6
CONTINUOUS
10
5.2046770472440942
20
-4.6923846062992123
11
5.2219203937007874
21
-4.6923846062992123
0
LINE
8
BLACK
6
CONTINUOUS
10
5.2219203937007874
20
-4.6923846062992123
11
5.2224964566929133
21
-4.6924413385826771
0
LINE
8
BLACK
6
CONTINUOUS
10
5.2224964566929133
20
-4.6924413385826771
11
5.2235608661417325
21
-4.6928822440944877
0
LINE
8
BLACK
6
CONTINUOUS
10
5.2235608661417325
20
-4.6928822440944877
11
5.2243755118110231
21
-4.6936968897637792
0
LINE
8
BLACK
6
CONTINUOUS
10
5.2243755118110231
20
-4.6936968897637792
11
5.2248164173228346
21
-4.6947612992125984
0
LINE
8
BLACK
6
CONTINUOUS
10
5.2248164173228346
20
-4.6947612992125984
11
5.2248164173228346
21
-4.6959134251968502
0
LINE
8
BLACK
6
CONTINUOUS
10
5.2248164173228346
20
-4.6959134251968502
11
5.2243755118110231
21
-4.6969778346456694
0
LINE
8
BLACK
6
CONTINUOUS
10
5.2243755118110231
20
-4.6969778346456694
11
5.2235608661417325
21
-4.6977924803149609
0
LINE
8
BLACK
6
CONTINUOUS
10
5.2235608661417325
20
-4.6977924803149609
11
5.2224964566929133
21
-4.6982333858267715
0
LINE
8
BLACK
6
CONTINUOUS
10
5.2224964566929133
20
-4.6982333858267715
11
5.2219203937007874
21
-4.6982901181102363
0
LINE
8
BLACK
6
CONTINUOUS
10
5.2219203937007874
20
-4.6982901181102363
11
5.1975484645669292
21
-4.6982901181102363
0
LINE
8
BLACK
6
CONTINUOUS
10
5.1975484645669292
20
-4.6982901181102363
11
5.1969724015748033
21
-4.6982333858267715
0
LINE
8
BLACK
6
CONTINUOUS
10
5.1969724015748033
20
-4.6982333858267715
11
5.1959079921259841
21
-4.6977924803149609
0
LINE
8
BLACK
6
CONTINUOUS
10
5.1959079921259841
20
-4.6977924803149609
11
5.1950933464566926
21
-4.6969778346456694
0
LINE
8
BLACK
6
CONTINUOUS
10
5.1950933464566926
20
-4.6969778346456694
11
5.194652440944882
21
-4.6959134251968502
0
LINE
8
BLACK
6
CONTINUOUS
10
5.194652440944882
20
-4.6959134251968502
11
5.194652440944882
21
-4.6947612992125984
0
LINE
8
BLACK
6
CONTINUOUS
10
5.194652440944882
20
-4.6947612992125984
11
5.1950933464566926
21
-4.6936968897637792
0
LINE
8
BLACK
6
CONTINUOUS
10
5.1950933464566926
20
-4.6936968897637792
11
5.1954605511811023
21
-4.6932494488188974
0
LINE
8
BLACK
6
CONTINUOUS
10
5.1954605511811023
20
-4.6932494488188974
11
5.217464803149606
21
-4.6712451181102361
0
LINE
8
BLACK
6
CONTINUOUS
10
5.217464803149606
20
-4.6712451181102361
11
5.2189676377952754
21
-4.6667367322834643
0
LINE
8
BLACK
6
CONTINUOUS
10
5.2189676377952754
20
-4.6667367322834643
11
5.2189676377952754
21
-4.6641633858267717
0
LINE
8
BLACK
6
CONTINUOUS
10
5.2189676377952754
20
-4.6641633858267717
11
5.2176188976377951
21
-4.6614659055118111
0
LINE
8
BLACK
6
CONTINUOUS
10
5.2176188976377951
20
-4.6614659055118111
11
5.2164217716535433
21
-4.6602687795275592
0
LINE
8
BLACK
6
CONTINUOUS
10
5.2164217716535433
20
-4.6602687795275592
11
5.2137242913385826
21
-4.6589200393700789
0
LINE
8
BLACK
6
CONTINUOUS
10
5.2137242913385826
20
-4.6589200393700789
11
5.205744566929134
21
-4.6589200393700789
0
LINE
8
BLACK
6
CONTINUOUS
10
5.205744566929134
20
-4.6589200393700789
11
5.2030470866141734
21
-4.6602687795275592
0
LINE
8
BLACK
6
CONTINUOUS
10
5.2030470866141734
20
-4.6602687795275592
11
5.2015111417322837
21
-4.6618047244094489
0
LINE
8
BLACK
6
CONTINUOUS
10
5.2015111417322837
20
-4.6618047244094489
11
5.2010637007874019
21
-4.6621719291338586
0
LINE
8
BLACK
6
CONTINUOUS
10
5.2010637007874019
20
-4.6621719291338586
11
5.1999992519685039
21
-4.6626128346456692
0
LINE
8
BLACK
6
CONTINUOUS
10
5.1999992519685039
20
-4.6626128346456692
11
5.1988472047244096
21
-4.6626128346456692
0
LINE
8
BLACK
6
CONTINUOUS
10
5.1988472047244096
20
-4.6626128346456692
11
5.1977827559055116
21
-4.6621719291338586
0
LINE
8
BLACK
6
CONTINUOUS
10
5.1977827559055116
20
-4.6621719291338586
11
5.1969681102362202
21
-4.6613572834645671
0
LINE
8
BLACK
6
CONTINUOUS
10
5.1969681102362202
20
-4.6613572834645671
11
5.1965272047244095
21
-4.6602928346456691
0
LINE
8
BLACK
6
CONTINUOUS
10
5.1965272047244095
20
-4.6602928346456691
11
5.1965272047244095
21
-4.6591407874015749
0
LINE
8
BLACK
6
CONTINUOUS
10
5.1965272047244095
20
-4.6591407874015749
11
5.1969681102362202
21
-4.6580763385826769
0
LINE
8
BLACK
6
CONTINUOUS
10
5.1969681102362202
20
-4.6580763385826769
11
5.1973353149606298
21
-4.6576288976377951
0
LINE
8
BLACK
6
CONTINUOUS
10
5.1973353149606298
20
-4.6576288976377951
11
5.1992100787401574
21
-4.6557541338582675
0
LINE
8
BLACK
6
CONTINUOUS
10
5.1992100787401574
20
-4.6557541338582675
11
5.1994364173228345
21
-4.6555683464566924
0
LINE
8
BLACK
6
CONTINUOUS
10
5.1994364173228345
20
-4.6555683464566924
11
5.1994875984251969
21
-4.6555093700787404
0
LINE
8
BLACK
6
CONTINUOUS
10
5.1994875984251969
20
-4.6555093700787404
11
5.1995765354330707
21
-4.6554533858267719
0
LINE
8
BLACK
6
CONTINUOUS
10
5.1995765354330707
20
-4.6554533858267719
11
5.1996575196850392
21
-4.6553869291338579
0
LINE
8
BLACK
6
CONTINUOUS
10
5.1996575196850392
20
-4.6553869291338579
11
5.1997294488188972
21
-4.6553570866141731
0
LINE
8
BLACK
6
CONTINUOUS
10
5.1997294488188972
20
-4.6553570866141731
11
5.1999774803149608
21
-4.6552010236220474
0
LINE
8
BLACK
6
CONTINUOUS
10
5.1999774803149608
20
-4.6552010236220474
11
5.2037270078740159
21
-4.6533262598425198
0
LINE
8
BLACK
6
CONTINUOUS
10
5.2037270078740159
20
-4.6533262598425198
11
5.2042675984251971
21
-4.6531193700787403
0
LINE
8
BLACK
6
CONTINUOUS
10
5.2042675984251971
20
-4.6531193700787403
11
5.2043734645669293
21
-4.6531118110236216
0
LINE
8
BLACK
6
CONTINUOUS
10
5.2043734645669293
20
-4.6531118110236216
11
5.2044714566929136
21
-4.6530712598425197
0
LINE
8
BLACK
6
CONTINUOUS
10
5.2044714566929136
20
-4.6530712598425197
11
5.2050475196850394
21
-4.6530145275590549
0
LINE
8
BLACK
6
CONTINUOUS
10
5.2050475196850394
20
-4.6530145275590549
11
5.2144213385826772
21
-4.6530145275590549
0
LINE
8
BLACK
6
CONTINUOUS
10
5.2144213385826772
20
-4.6530145275590549
11
5.2149974015748031
21
-4.6530712598425197
0
LINE
8
BLACK
6
CONTINUOUS
10
5.2540829527559056
20
-4.6530432283464567
11
5.2541607086614173
21
-4.6530377165354331
0
LINE
8
BLACK
6
CONTINUOUS
10
5.2541607086614173
20
-4.6530377165354331
11
5.254262952755905
21
-4.65306094488189
0
LINE
8
BLACK
6
CONTINUOUS
10
5.254262952755905
20
-4.65306094488189
11
5.2543674803149605
21
-4.6530712598425197
0
LINE
8
BLACK
6
CONTINUOUS
10
5.2543674803149605
20
-4.6530712598425197
11
5.2544395669291335
21
-4.6531011023622044
0
LINE
8
BLACK
6
CONTINUOUS
10
5.2544395669291335
20
-4.6531011023622044
11
5.2547251574803147
21
-4.6531660629921259
0
LINE
8
BLACK
6
CONTINUOUS
10
5.2547251574803147
20
-4.6531660629921259
11
5.2603494488188973
21
-4.6550408267716534
0
LINE
8
BLACK
6
CONTINUOUS
10
5.2603494488188973
20
-4.6550408267716534
11
5.2608779921259838
21
-4.6552768110236222
0
LINE
8
BLACK
6
CONTINUOUS
10
5.2608779921259838
20
-4.6552768110236222
11
5.2609581102362206
21
-4.6553462992125985
0
LINE
8
BLACK
6
CONTINUOUS
10
5.2609581102362206
20
-4.6553462992125985
11
5.2610561811023624
21
-4.6553869291338579
0
LINE
8
BLACK
6
CONTINUOUS
10
5.2610561811023624
20
-4.6553869291338579
11
5.2615036220472442
21
-4.6557541338582675
0
LINE
8
BLACK
6
CONTINUOUS
10
5.2615036220472442
20
-4.6557541338582675
11
5.2633783858267718
21
-4.6576288976377951
0
LINE
8
BLACK
6
CONTINUOUS
10
5.2633783858267718
20
-4.6576288976377951
11
5.2637455905511814
21
-4.6580763385826769
0
LINE
8
BLACK
6
CONTINUOUS
10
5.2637455905511814
20
-4.6580763385826769
11
5.264186496062992
21
-4.6591407480314961
0
LINE
8
BLACK
6
CONTINUOUS
10
5.264186496062992
20
-4.6591407480314961
11
5.264186496062992
21
-4.6602928346456691
0
LINE
8
BLACK
6
CONTINUOUS
10
5.264186496062992
20
-4.6602928346456691
11
5.2637455905511814
21
-4.6613572440944884
0
LINE
8
BLACK
6
CONTINUOUS
10
5.2637455905511814
20
-4.6613572440944884
11
5.2629309055118112
21
-4.6621719291338586
0
LINE
8
BLACK
6
CONTINUOUS
10
5.2629309055118112
20
-4.6621719291338586
11
5.2618664960629919
21
-4.6626128346456692
0
LINE
8
BLACK
6
CONTINUOUS
10
5.2618664960629919
20
-4.6626128346456692
11
5.260714409448819
21
-4.6626128346456692
0
LINE
8
BLACK
6
CONTINUOUS
10
5.260714409448819
20
-4.6626128346456692
11
5.2596499999999997
21
-4.6621719291338586
0
LINE
8
BLACK
6
CONTINUOUS
10
5.2596499999999997
20
-4.6621719291338586
11
5.2592025590551179
21
-4.6618047244094489
0
LINE
8
BLACK
6
CONTINUOUS
10
5.2592025590551179
20
-4.6618047244094489
11
5.2578206692913385
21
-4.6604228346456695
0
LINE
8
BLACK
6
CONTINUOUS
10
5.2578206692913385
20
-4.6604228346456695
11
5.2533122834645667
21
-4.6589200393700789
0
LINE
8
BLACK
6
CONTINUOUS
10
5.2533122834645667
20
-4.6589200393700789
11
5.2505210236220474
21
-4.6589200393700789
0
LINE
8
BLACK
6
CONTINUOUS
10
5.2505210236220474
20
-4.6589200393700789
11
5.2460126377952756
21
-4.6604228346456695
0
LINE
8
BLACK
6
CONTINUOUS
10
5.2460126377952756
20
-4.6604228346456695
11
5.2430948031496065
21
-4.6633406692913386
0
LINE
8
BLACK
6
CONTINUOUS
10
5.2430948031496065
20
-4.6633406692913386
11
5.2415792913385824
21
-4.6663716535433073
0
LINE
8
BLACK
6
CONTINUOUS
10
5.2415792913385824
20
-4.6663716535433073
11
5.2398712992125986
21
-4.6732037007874014
0
LINE
8
BLACK
6
CONTINUOUS
10
5.2398712992125986
20
-4.6732037007874014
11
5.2398712992125986
21
-4.678100905511811
0
LINE
8
BLACK
6
CONTINUOUS
10
5.2398712992125986
20
-4.678100905511811
11
5.2415792913385824
21
-4.6849329527559052
0
LINE
8
BLACK
6
CONTINUOUS
10
5.2415792913385824
20
-4.6849329527559052
11
5.2430948031496065
21
-4.6879639370078738
0
LINE
8
BLACK
6
CONTINUOUS
10
5.2430948031496065
20
-4.6879639370078738
11
5.2460126377952756
21
-4.6908818110236217
0
LINE
8
BLACK
6
CONTINUOUS
10
5.2460126377952756
20
-4.6908818110236217
11
5.2505210236220474
21
-4.6923846062992123
0
LINE
8
BLACK
6
CONTINUOUS
10
5.2505210236220474
20
-4.6923846062992123
11
5.2533122834645667
21
-4.6923846062992123
0
LINE
8
BLACK
6
CONTINUOUS
10
5.2533122834645667
20
-4.6923846062992123
11
5.2578206692913385
21
-4.6908817716535429
0
LINE
8
BLACK
6
CONTINUOUS
10
5.2578206692913385
20
-4.6908817716535429
11
5.2592025196850392
21
-4.6894999212598423
0
LINE
8
BLACK
6
CONTINUOUS
10
5.2592025196850392
20
-4.6894999212598423
11
5.2596499999999997
21
-4.6891326771653539
0
LINE
8
BLACK
6
CONTINUOUS
10
5.2596499999999997
20
-4.6891326771653539
11
5.260714409448819
21
-4.6886917716535432
0
LINE
8
BLACK
6
CONTINUOUS
10
5.260714409448819
20
-4.6886917716535432
11
5.2618664960629919
21
-4.6886917716535432
0
LINE
8
BLACK
6
CONTINUOUS
10
5.2618664960629919
20
-4.6886917716535432
11
5.2629309055118112
21
-4.6891326377952751
0
LINE
8
BLACK
6
CONTINUOUS
10
5.2629309055118112
20
-4.6891326377952751
11
5.2637455905511814
21
-4.6899473228346453
0
LINE
8
BLACK
6
CONTINUOUS
10
5.2637455905511814
20
-4.6899473228346453
11
5.264186496062992
21
-4.6910117322834646
0
LINE
8
BLACK
6
CONTINUOUS
10
5.264186496062992
20
-4.6910117322834646
11
5.264186496062992
21
-4.6921638188976376
0
LINE
8
BLACK
6
CONTINUOUS
10
5.264186496062992
20
-4.6921638188976376
11
5.2637456299212602
21
-4.6932282283464568
0
LINE
8
BLACK
6
CONTINUOUS
10
5.2637456299212602
20
-4.6932282283464568
11
5.2633783858267718
21
-4.6936757086614174
0
LINE
8
BLACK
6
CONTINUOUS
10
5.2633783858267718
20
-4.6936757086614174
11
5.261503661417323
21
-4.6955504724409449
0
LINE
8
BLACK
6
CONTINUOUS
10
5.261503661417323
20
-4.6955504724409449
11
5.2610561811023624
21
-4.6959177165354333
0
LINE
8
BLACK
6
CONTINUOUS
10
5.2610561811023624
20
-4.6959177165354333
11
5.2609581102362206
21
-4.695958307086614
0
LINE
8
BLACK
6
CONTINUOUS
10
5.2609581102362206
20
-4.695958307086614
11
5.2608779921259838
21
-4.696027834645669
0
LINE
8
BLACK
6
CONTINUOUS
10
5.2608779921259838
20
-4.696027834645669
11
5.2603494488188973
21
-4.6962638188976378
0
LINE
8
BLACK
6
CONTINUOUS
10
5.2603494488188973
20
-4.6962638188976378
11
5.2547251574803147
21
-4.6981385826771653
0
LINE
8
BLACK
6
CONTINUOUS
10
5.2547251574803147
20
-4.6981385826771653
11
5.2544395669291335
21
-4.698203503937008
0
LINE
8
BLACK
6
CONTINUOUS
10
5.2544395669291335
20
-4.698203503937008
11
5.2543674803149605
21
-4.6982333858267715
0
LINE
8
BLACK
6
CONTINUOUS
10
5.2543674803149605
20
-4.6982333858267715
11
5.254262952755905
21
-4.6982436614173224
0
LINE
8
BLACK
6
CONTINUOUS
10
5.254262952755905
20
-4.6982436614173224
11
5.2541607086614173
21
-4.6982669291338581
0
LINE
8
BLACK
6
CONTINUOUS
10
5.2541607086614173
20
-4.6982669291338581
11
5.2540829527559056
21
-4.6982613779527558
0
LINE
8
BLACK
6
CONTINUOUS
10
5.2540829527559056
20
-4.6982613779527558
11
5.2537914173228346
21
-4.6982901181102363
0
LINE
8
BLACK
6
CONTINUOUS
10
5.2537914173228346
20
-4.6982901181102363
11
5.2500418897637795
21
-4.6982901181102363
0
LINE
8
BLACK
6
CONTINUOUS
10
5.2500418897637795
20
-4.6982901181102363
11
5.249750275590551
21
-4.6982613779527558
0
LINE
8
BLACK
6
CONTINUOUS
10
5.249750275590551
20
-4.6982613779527558
11
5.2496725590551181
21
-4.6982669291338581
0
LINE
8
BLACK
6
CONTINUOUS
10
5.2496725590551181
20
-4.6982669291338581
11
5.2495702755905507
21
-4.6982436614173224
0
LINE
8
BLACK
6
CONTINUOUS
10
5.2495702755905507
20
-4.6982436614173224
11
5.2494658267716536
21
-4.6982333858267715
0
LINE
8
BLACK
6
CONTINUOUS
10
5.2494658267716536
20
-4.6982333858267715
11
5.2493937401574806
21
-4.698203503937008
0
LINE
8
BLACK
6
CONTINUOUS
10
5.2493937401574806
20
-4.698203503937008
11
5.2491081102362207
21
-4.6981385826771653
0
LINE
8
BLACK
6
CONTINUOUS
10
5.2491081102362207
20
-4.6981385826771653
11
5.2434838582677168
21
-4.6962638188976378
0
LINE
8
BLACK
6
CONTINUOUS
10
5.2434838582677168
20
-4.6962638188976378
11
5.2429552755905506
21
-4.696027834645669
0
LINE
8
BLACK
6
CONTINUOUS
10
5.2429552755905506
20
-4.696027834645669
11
5.2428751574803147
21
-4.6959583464566927
0
LINE
8
BLACK
6
CONTINUOUS
10
5.2428751574803147
20
-4.6959583464566927
11
5.2427771259842517
21
-4.6959177559055121
0
LINE
8
BLACK
6
CONTINUOUS
10
5.2427771259842517
20
-4.6959177559055121
11
5.2423296850393699
21
-4.6955505118110237
0
LINE
8
BLACK
6
CONTINUOUS
10
5.2423296850393699
20
-4.6955505118110237
11
5.2385801574803148
21
-4.6918009448818898
0
LINE
8
BLACK
6
CONTINUOUS
10
5.2385801574803148
20
-4.6918009448818898
11
5.2383943700787396
21
-4.691574566929134
0
LINE
8
BLACK
6
CONTINUOUS
10
5.2383943700787396
20
-4.691574566929134
11
5.2383353937007877
21
-4.6915234251968503
0
LINE
8
BLACK
6
CONTINUOUS
10
5.2383353937007877
20
-4.6915234251968503
11
5.2382794094488192
21
-4.6914344881889765
0
LINE
8
BLACK
6
CONTINUOUS
10
5.2382794094488192
20
-4.6914344881889765
11
5.2382129133858264
21
-4.6913534645669293
0
LINE
8
BLACK
6
CONTINUOUS
10
5.2382129133858264
20
-4.6913534645669293
11
5.2381830708661417
21
-4.6912814173228341
0
LINE
8
BLACK
6
CONTINUOUS
10
5.2381830708661417
20
-4.6912814173228341
11
5.2380270472440946
21
-4.6910335433070864
0
LINE
8
BLACK
6
CONTINUOUS
10
5.2380270472440946
20
-4.6910335433070864
11
5.2361522834645671
21
-4.6872840157480313
0
LINE
8
BLACK
6
CONTINUOUS
10
5.2361522834645671
20
-4.6872840157480313
11
5.2361361417322829
21
-4.6872418897637793
0
LINE
8
BLACK
6
CONTINUOUS
10
5.2361361417322829
20
-4.6872418897637793
11
5.236123464566929
21
-4.6872247637795272
0
LINE
8
BLACK
6
CONTINUOUS
10
5.236123464566929
20
-4.6872247637795272
11
5.2360370078740157
21
-4.6869827952755907
0
LINE
8
BLACK
6
CONTINUOUS
10
5.2360370078740157
20
-4.6869827952755907
11
5.2359453937007876
21
-4.6867433858267713
0
LINE
8
BLACK
6
CONTINUOUS
10
5.2359453937007876
20
-4.6867433858267713
11
5.2359438582677162
21
-4.686722125984252
0
LINE
8
BLACK
6
CONTINUOUS
10
5.2359438582677162
20
-4.686722125984252
11
5.2359287007874018
21
-4.6866796456692912
0
LINE
8
BLACK
6
CONTINUOUS
10
5.2359287007874018
20
-4.6866796456692912
11
5.2340539370078742
21
-4.679180590551181
0
LINE
8
BLACK
6
CONTINUOUS
10
5.2340539370078742
20
-4.679180590551181
11
5.2340391338582677
21
-4.6790807086614175
0
LINE
8
BLACK
6
CONTINUOUS
10
5.2340391338582677
20
-4.6790807086614175
11
5.2340225196850394
21
-4.6790405118110234
0
LINE
8
BLACK
6
CONTINUOUS
10
5.2340225196850394
20
-4.6790405118110234
11
5.2340011417322829
21
-4.6788234645669293
0
LINE
8
BLACK
6
CONTINUOUS
10
5.2340011417322829
20
-4.6788234645669293
11
5.2339692913385827
21
-4.6786079921259844
0
LINE
8
BLACK
6
CONTINUOUS
10
5.2339692913385827
20
-4.6786079921259844
11
5.2339756692913388
21
-4.6785649606299211
0
LINE
8
BLACK
6
CONTINUOUS
10
5.2339756692913388
20
-4.6785649606299211
11
5.2339657874015746
21
-4.6784644488188976
0
LINE
8
BLACK
6
CONTINUOUS
10
5.2339657874015746
20
-4.6784644488188976
11
5.2339657874015746
21
-4.6728401574803149
0
LINE
8
BLACK
6
CONTINUOUS
10
5.2339657874015746
20
-4.6728401574803149
11
5.2339756692913388
21
-4.6727396062992126
0
LINE
8
BLACK
6
CONTINUOUS
10
5.2339756692913388
20
-4.6727396062992126
11
5.2339692913385827
21
-4.672696614173228
0
LINE
8
BLACK
6
CONTINUOUS
10
5.2339692913385827
20
-4.672696614173228
11
5.2340011417322829
21
-4.6724811023622044
0
LINE
8
BLACK
6
CONTINUOUS
10
5.2340011417322829
20
-4.6724811023622044
11
5.2340225196850394
21
-4.672264094488189
0
LINE
8
BLACK
6
CONTINUOUS
10
5.2340225196850394
20
-4.672264094488189
11
5.2340391338582677
21
-4.6722238582677162
0
LINE
8
BLACK
6
CONTINUOUS
10
5.2340391338582677
20
-4.6722238582677162
11
5.2340539370078742
21
-4.6721240157480315
0
LINE
8
BLACK
6
CONTINUOUS
10
5.2340539370078742
20
-4.6721240157480315
11
5.2359287007874018
21
-4.6646249606299213
0
LINE
8
BLACK
6
CONTINUOUS
10
5.2359287007874018
20
-4.6646249606299213
11
5.2359438582677162
21
-4.6645824409448817
0
LINE
8
BLACK
6
CONTINUOUS
10
5.2359438582677162
20
-4.6645824409448817
11
5.2359453937007876
21
-4.6645612204724411
0
LINE
8
BLACK
6
CONTINUOUS
10
5.2359453937007876
20
-4.6645612204724411
11
5.2360370078740157
21
-4.664321771653543
0
LINE
8
BLACK
6
CONTINUOUS
10
5.2360370078740157
20
-4.664321771653543
11
5.236123464566929
21
-4.6640798425196852
0
LINE
8
BLACK
6
CONTINUOUS
10
5.236123464566929
20
-4.6640798425196852
11
5.2361361417322829
21
-4.6640626771653544
0
LINE
8
BLACK
6
CONTINUOUS
10
5.2361361417322829
20
-4.6640626771653544
11
5.2361522834645671
21
-4.6640205905511811
0
LINE
8
BLACK
6
CONTINUOUS
10
5.2361522834645671
20
-4.6640205905511811
11
5.2380270472440946
21
-4.660271062992126
0
LINE
8
BLACK
6
CONTINUOUS
10
5.2380270472440946
20
-4.660271062992126
11
5.2381831102362204
21
-4.6600230314960625
0
LINE
8
BLACK
6
CONTINUOUS
10
5.2381831102362204
20
-4.6600230314960625
11
5.2382129527559051
21
-4.6599511023622044
0
LINE
8
BLACK
6
CONTINUOUS
10
5.2382129527559051
20
-4.6599511023622044
11
5.2382794094488192
21
-4.659870118110236
0
LINE
8
BLACK
6
CONTINUOUS
10
5.2382794094488192
20
-4.659870118110236
11
5.2383353937007877
21
-4.6597811811023622
0
LINE
8
BLACK
6
CONTINUOUS
10
5.2383353937007877
20
-4.6597811811023622
11
5.2383943700787396
21
-4.6597299999999997
0
LINE
8
BLACK
6
CONTINUOUS
10
5.2383943700787396
20
-4.6597299999999997
11
5.2385801574803148
21
-4.6595036614173226
0
LINE
8
BLACK
6
CONTINUOUS
10
5.2385801574803148
20
-4.6595036614173226
11
5.2423296850393699
21
-4.6557541338582675
0
LINE
8
BLACK
6
CONTINUOUS
10
5.2423296850393699
20
-4.6557541338582675
11
5.2427771259842517
21
-4.6553868897637791
0
LINE
8
BLACK
6
CONTINUOUS
10
5.2427771259842517
20
-4.6553868897637791
11
5.2428751574803147
21
-4.6553462598425197
0
LINE
8
BLACK
6
CONTINUOUS
10
5.2428751574803147
20
-4.6553462598425197
11
5.2429552755905506
21
-4.6552768110236222
0
LINE
8
BLACK
6
CONTINUOUS
10
5.2429552755905506
20
-4.6552768110236222
11
5.2434838582677168
21
-4.6550408267716534
0
LINE
8
BLACK
6
CONTINUOUS
10
5.2434838582677168
20
-4.6550408267716534
11
5.2491081102362207
21
-4.6531660629921259
0
LINE
8
BLACK
6
CONTINUOUS
10
5.2491081102362207
20
-4.6531660629921259
11
5.2493937401574806
21
-4.6531011023622044
0
LINE
8
BLACK
6
CONTINUOUS
10
5.2493937401574806
20
-4.6531011023622044
11
5.2494658267716536
21
-4.6530712598425197
0
LINE
8
BLACK
6
CONTINUOUS
10
5.2494658267716536
20
-4.6530712598425197
11
5.2495702755905507
21
-4.65306094488189
0
LINE
8
BLACK
6
CONTINUOUS
10
5.2495702755905507
20
-4.65306094488189
11
5.2496725590551181
21
-4.6530377165354331
0
LINE
8
BLACK
6
CONTINUOUS
10
5.2496725590551181
20
-4.6530377165354331
11
5.249750275590551
21
-4.6530432283464567
0
LINE
8
BLACK
6
CONTINUOUS
10
5.249750275590551
20
-4.6530432283464567
11
5.2500418897637795
21
-4.6530145275590549
0
LINE
8
BLACK
6
CONTINUOUS
10
5.2500418897637795
20
-4.6530145275590549
11
5.2537914173228346
21
-4.6530145275590549
0
LINE
8
BLACK
6
CONTINUOUS
10
5.2537914173228346
20
-4.6530145275590549
11
5.2540829527559056
21
-4.6530432283464567
0
LINE
8
BLACK
6
CONTINUOUS
10
5.3234492913385827
20
-4.6530432283464567
11
5.3235270472440943
21
-4.6530377165354331
0
LINE
8
BLACK
6
CONTINUOUS
10
5.3235270472440943
20
-4.6530377165354331
11
5.323629291338583
21
-4.65306094488189
0
LINE
8
BLACK
6
CONTINUOUS
10
5.323629291338583
20
-4.65306094488189
11
5.3237338188976375
21
-4.6530712598425197
0
LINE
8
BLACK
6
CONTINUOUS
10
5.3237338188976375
20
-4.6530712598425197
11
5.3238059055118105
21
-4.6531011023622044
0
LINE
8
BLACK
6
CONTINUOUS
10
5.3238059055118105
20
-4.6531011023622044
11
5.3240914960629917
21
-4.6531660629921259
0
LINE
8
BLACK
6
CONTINUOUS
10
5.3240914960629917
20
-4.6531660629921259
11
5.3297157874015744
21
-4.6550408267716534
0
LINE
8
BLACK
6
CONTINUOUS
10
5.3297157874015744
20
-4.6550408267716534
11
5.3302443307086609
21
-4.6552768110236222
0
LINE
8
BLACK
6
CONTINUOUS
10
5.3302443307086609
20
-4.6552768110236222
11
5.3311146850393696
21
-4.6560316929133858
0
LINE
8
BLACK
6
CONTINUOUS
10
5.3311146850393696
20
-4.6560316929133858
11
5.3316299212598421
21
-4.6570621259842522
0
LINE
8
BLACK
6
CONTINUOUS
10
5.3316299212598421
20
-4.6570621259842522
11
5.3317116141732281
21
-4.6582113385826771
0
LINE
8
BLACK
6
CONTINUOUS
10
5.3317116141732281
20
-4.6582113385826771
11
5.3313472834645665
21
-4.659304330708661
0
LINE
8
BLACK
6
CONTINUOUS
10
5.3313472834645665
20
-4.659304330708661
11
5.330592401574803
21
-4.6601747244094485
0
LINE
8
BLACK
6
CONTINUOUS
10
5.330592401574803
20
-4.6601747244094485
11
5.3295619291338578
21
-4.6606899212598423
0
LINE
8
BLACK
6
CONTINUOUS
10
5.3295619291338578
20
-4.6606899212598423
11
5.3284127165354329
21
-4.6607716141732283
0
LINE
8
BLACK
6
CONTINUOUS
10
5.3284127165354329
20
-4.6607716141732283
11
5.3278482677165355
21
-4.6606432677165355
0
LINE
8
BLACK
6
CONTINUOUS
10
5.3278482677165355
20
-4.6606432677165355
11
5.3226786220472437
21
-4.6589200393700789
0
LINE
8
BLACK
6
CONTINUOUS
10
5.3226786220472437
20
-4.6589200393700789
11
5.3144809842519685
21
-4.6589200393700789
0
LINE
8
BLACK
6
CONTINUOUS
10
5.3144809842519685
20
-4.6589200393700789
11
5.3117835039370078
21
-4.6602687795275592
0
LINE
8
BLACK
6
CONTINUOUS
10
5.3117835039370078
20
-4.6602687795275592
11
5.310586377952756
21
-4.6614659055118111
0
LINE
8
BLACK
6
CONTINUOUS
10
5.310586377952756
20
-4.6614659055118111
11
5.3092376377952757
21
-4.6641633858267717
0
LINE
8
BLACK
6
CONTINUOUS
10
5.3092376377952757
20
-4.6641633858267717
11
5.3092376377952757
21
-4.6665188188976376
0
LINE
8
BLACK
6
CONTINUOUS
10
5.3092376377952757
20
-4.6665188188976376
11
5.310586377952756
21
-4.6692162992125983
0
LINE
8
BLACK
6
CONTINUOUS
10
5.310586377952756
20
-4.6692162992125983
11
5.3117835039370078
21
-4.6704134251968501
0
LINE
8
BLACK
6
CONTINUOUS
10
5.3117835039370078
20
-4.6704134251968501
11
5.3148144881889765
21
-4.6719288976377955
0
LINE
8
BLACK
6
CONTINUOUS
10
5.3148144881889765
20
-4.6719288976377955
11
5.3219991338582675
21
-4.6737250787401576
0
LINE
8
BLACK
6
CONTINUOUS
10
5.3219991338582675
20
-4.6737250787401576
11
5.3220416141732283
21
-4.6737402362204721
0
LINE
8
BLACK
6
CONTINUOUS
10
5.3220416141732283
20
-4.6737402362204721
11
5.3220628740157476
21
-4.6737417716535434
0
LINE
8
BLACK
6
CONTINUOUS
10
5.3220628740157476
20
-4.6737417716535434
11
5.322302283464567
21
-4.6738333858267715
0
LINE
8
BLACK
6
CONTINUOUS
10
5.322302283464567
20
-4.6738333858267715
11
5.3225442519685036
21
-4.6739198425196848
0
LINE
8
BLACK
6
CONTINUOUS
10
5.3225442519685036
20
-4.6739198425196848
11
5.3225613779527556
21
-4.6739325196850396
0
LINE
8
BLACK
6
CONTINUOUS
10
5.3225613779527556
20
-4.6739325196850396
11
5.3226035039370077
21
-4.6739486614173229
0
LINE
8
BLACK
6
CONTINUOUS
10
5.3226035039370077
20
-4.6739486614173229
11
5.3263530314960628
21
-4.6758234251968505
0
LINE
8
BLACK
6
CONTINUOUS
10
5.3263530314960628
20
-4.6758234251968505
11
5.3266010236220467
21
-4.6759794881889762
0
LINE
8
BLACK
6
CONTINUOUS
10
5.3266010236220467
20
-4.6759794881889762
11
5.3266729921259843
21
-4.676009330708661
0
LINE
8
BLACK
6
CONTINUOUS
10
5.3266729921259843
20
-4.676009330708661
11
5.326753937007874
21
-4.676075787401575
0
LINE
8
BLACK
6
CONTINUOUS
10
5.326753937007874
20
-4.676075787401575
11
5.3268429133858266
21
-4.6761317716535435
0
LINE
8
BLACK
6
CONTINUOUS
10
5.3268429133858266
20
-4.6761317716535435
11
5.3268940551181103
21
-4.6761907480314964
0
LINE
8
BLACK
6
CONTINUOUS
10
5.3268940551181103
20
-4.6761907480314964
11
5.3271204330708661
21
-4.6763765354330706
0
LINE
8
BLACK
6
CONTINUOUS
10
5.3271204330708661
20
-4.6763765354330706
11
5.3289951968503937
21
-4.6782512992125982
0
LINE
8
BLACK
6
CONTINUOUS
10
5.3289951968503937
20
-4.6782512992125982
11
5.3291809448818892
21
-4.6784776377952753
0
LINE
8
BLACK
6
CONTINUOUS
10
5.3291809448818892
20
-4.6784776377952753
11
5.3292399606299208
21
-4.6785288188976377
0
LINE
8
BLACK
6
CONTINUOUS
10
5.3292399606299208
20
-4.6785288188976377
11
5.3292959055118105
21
-4.6786177559055115
0
LINE
8
BLACK
6
CONTINUOUS
10
5.3292959055118105
20
-4.6786177559055115
11
5.3293624015748033
21
-4.67869874015748
0
LINE
8
BLACK
6
CONTINUOUS
10
5.3293624015748033
20
-4.67869874015748
11
5.3293922047244093
21
-4.6787706692913389
0
LINE
8
BLACK
6
CONTINUOUS
10
5.3293922047244093
20
-4.6787706692913389
11
5.3295483070866139
21
-4.6790187007874016
0
LINE
8
BLACK
6
CONTINUOUS
10
5.3295483070866139
20
-4.6790187007874016
11
5.3314230708661414
21
-4.6827682283464567
0
LINE
8
BLACK
6
CONTINUOUS
10
5.3314230708661414
20
-4.6827682283464567
11
5.3316299606299209
21
-4.6833088188976379
0
LINE
8
BLACK
6
CONTINUOUS
10
5.3316299606299209
20
-4.6833088188976379
11
5.3316374803149609
21
-4.6834146850393701
0
LINE
8
BLACK
6
CONTINUOUS
10
5.3316374803149609
20
-4.6834146850393701
11
5.3316780708661415
21
-4.6835126771653544
0
LINE
8
BLACK
6
CONTINUOUS
10
5.3316780708661415
20
-4.6835126771653544
11
5.3317348031496063
21
-4.6840887401574802
0
LINE
8
BLACK
6
CONTINUOUS
10
5.3317348031496063
20
-4.6840887401574802
11
5.3317348031496063
21
-4.6878382677165353
0
LINE
8
BLACK
6
CONTINUOUS
10
5.3317348031496063
20
-4.6878382677165353
11
5.3316780708661415
21
-4.6884143307086612
0
LINE
8
BLACK
6
CONTINUOUS
10
5.3316780708661415
20
-4.6884143307086612
11
5.3316374803149609
21
-4.6885122834645667
0
LINE
8
BLACK
6
CONTINUOUS
10
5.3316374803149609
20
-4.6885122834645667
11
5.3316299606299209
21
-4.6886181889763776
0
LINE
8
BLACK
6
CONTINUOUS
10
5.3316299606299209
20
-4.6886181889763776
11
5.3314230708661414
21
-4.6891587795275589
0
LINE
8
BLACK
6
CONTINUOUS
10
5.3314230708661414
20
-4.6891587795275589
11
5.3295483070866139
21
-4.692908307086614
0
LINE
8
BLACK
6
CONTINUOUS
10
5.3295483070866139
20
-4.692908307086614
11
5.3293922440944881
21
-4.6931561811023617
0
LINE
8
BLACK
6
CONTINUOUS
10
5.3293922440944881
20
-4.6931561811023617
11
5.3293624409448821
21
-4.6932282283464568
0
LINE
8
BLACK
6
CONTINUOUS
10
5.3293624409448821
20
-4.6932282283464568
11
5.3292959055118105
21
-4.693309251968504
0
LINE
8
BLACK
6
CONTINUOUS
10
5.3292959055118105
20
-4.693309251968504
11
5.3292399606299208
21
-4.6933981889763778
0
LINE
8
BLACK
6
CONTINUOUS
10
5.3292399606299208
20
-4.6933981889763778
11
5.3291809448818892
21
-4.6934493307086615
0
LINE
8
BLACK
6
CONTINUOUS
10
5.3291809448818892
20
-4.6934493307086615
11
5.3289951968503937
21
-4.6936757086614174
0
LINE
8
BLACK
6
CONTINUOUS
10
5.3289951968503937
20
-4.6936757086614174
11
5.3271204724409449
21
-4.6955504724409449
0
LINE
8
BLACK
6
CONTINUOUS
10
5.3271204724409449
20
-4.6955504724409449
11
5.3268940944881891
21
-4.6957362204724404
0
LINE
8
BLACK
6
CONTINUOUS
10
5.3268940944881891
20
-4.6957362204724404
11
5.3268429133858266
21
-4.6957952755905508
0
LINE
8
BLACK
6
CONTINUOUS
10
5.3268429133858266
20
-4.6957952755905508
11
5.326753937007874
21
-4.6958512598425193
0
LINE
8
BLACK
6
CONTINUOUS
10
5.326753937007874
20
-4.6958512598425193
11
5.3266729921259843
21
-4.6959177165354333
0
LINE
8
BLACK
6
CONTINUOUS
10
5.3266729921259843
20
-4.6959177165354333
11
5.3266010236220467
21
-4.6959475196850393
0
LINE
8
BLACK
6
CONTINUOUS
10
5.3266010236220467
20
-4.6959475196850393
11
5.3263530314960628
21
-4.6961036220472439
0
LINE
8
BLACK
6
CONTINUOUS
10
5.3263530314960628
20
-4.6961036220472439
11
5.3226035039370077
21
-4.6979783858267714
0
LINE
8
BLACK
6
CONTINUOUS
10
5.3226035039370077
20
-4.6979783858267714
11
5.3220628740157476
21
-4.6981852755905509
0
LINE
8
BLACK
6
CONTINUOUS
10
5.3220628740157476
20
-4.6981852755905509
11
5.3219570472440942
21
-4.6981927559055121
0
LINE
8
BLACK
6
CONTINUOUS
10
5.3219570472440942
20
-4.6981927559055121
11
5.32185905511811
21
-4.6982333858267715
0
LINE
8
BLACK
6
CONTINUOUS
10
5.32185905511811
20
-4.6982333858267715
11
5.3212829921259841
21
-4.6982901181102363
0
LINE
8
BLACK
6
CONTINUOUS
10
5.3212829921259841
20
-4.6982901181102363
11
5.3119091732283463
21
-4.6982901181102363
0
LINE
8
BLACK
6
CONTINUOUS
10
5.3119091732283463
20
-4.6982901181102363
11
5.3116175590551178
21
-4.6982613779527558
0
LINE
8
BLACK
6
CONTINUOUS
10
5.3116175590551178
20
-4.6982613779527558
11
5.3115398425196849
21
-4.6982669291338581
0
LINE
8
BLACK
6
CONTINUOUS
10
5.3115398425196849
20
-4.6982669291338581
11
5.3114375590551184
21
-4.6982436614173224
0
LINE
8
BLACK
6
CONTINUOUS
10
5.3114375590551184
20
-4.6982436614173224
11
5.3113331102362205
21
-4.6982333858267715
0
LINE
8
BLACK
6
CONTINUOUS
10
5.3113331102362205
20
-4.6982333858267715
11
5.3112610236220474
21
-4.698203503937008
0
LINE
8
BLACK
6
CONTINUOUS
10
5.3112610236220474
20
-4.698203503937008
11
5.3109753937007875
21
-4.6981385826771653
0
LINE
8
BLACK
6
CONTINUOUS
10
5.3109753937007875
20
-4.6981385826771653
11
5.3053511417322836
21
-4.6962638188976378
0
LINE
8
BLACK
6
CONTINUOUS
10
5.3053511417322836
20
-4.6962638188976378
11
5.3048225590551183
21
-4.696027834645669
0
LINE
8
BLACK
6
CONTINUOUS
10
5.3048225590551183
20
-4.696027834645669
11
5.3039522047244096
21
-4.6952729527559054
0
LINE
8
BLACK
6
CONTINUOUS
10
5.3039522047244096
20
-4.6952729527559054
11
5.3034370078740158
21
-4.694242519685039
0
LINE
8
BLACK
6
CONTINUOUS
10
5.3034370078740158
20
-4.694242519685039
11
5.3033553149606298
21
-4.6930933070866141
0
LINE
8
BLACK
6
CONTINUOUS
10
5.3033553149606298
20
-4.6930933070866141
11
5.3037196456692914
21
-4.6920002755905514
0
LINE
8
BLACK
6
CONTINUOUS
10
5.3037196456692914
20
-4.6920002755905514
11
5.304474527559055
21
-4.6911299212598427
0
LINE
8
BLACK
6
CONTINUOUS
10
5.304474527559055
20
-4.6911299212598427
11
5.3055049606299214
21
-4.6906147244094489
0
LINE
8
BLACK
6
CONTINUOUS
10
5.3055049606299214
20
-4.6906147244094489
11
5.3066541732283463
21
-4.6905330314960629
0
LINE
8
BLACK
6
CONTINUOUS
10
5.3066541732283463
20
-4.6905330314960629
11
5.3072186220472437
21
-4.6906613779527557
0
LINE
8
BLACK
6
CONTINUOUS
10
5.3072186220472437
20
-4.6906613779527557
11
5.3123883070866142
21
-4.6923846062992123
0
LINE
8
BLACK
6
CONTINUOUS
10
5.3123883070866142
20
-4.6923846062992123
11
5.3205859448818895
21
-4.6923846062992123
0
LINE
8
BLACK
6
CONTINUOUS
10
5.3205859448818895
20
-4.6923846062992123
11
5.3232833858267714
21
-4.691035866141732
0
LINE
8
BLACK
6
CONTINUOUS
10
5.3232833858267714
20
-4.691035866141732
11
5.3244805118110232
21
-4.6898387007874014
0
LINE
8
BLACK
6
CONTINUOUS
10
5.3244805118110232
20
-4.6898387007874014
11
5.3258292913385823
21
-4.6871412204724408
0
LINE
8
BLACK
6
CONTINUOUS
10
5.3258292913385823
20
-4.6871412204724408
11
5.3258292913385823
21
-4.6847857874015748
0
LINE
8
BLACK
6
CONTINUOUS
10
5.3258292913385823
20
-4.6847857874015748
11
5.324480551181102
21
-4.6820883070866142
0
LINE
8
BLACK
6
CONTINUOUS
10
5.324480551181102
20
-4.6820883070866142
11
5.3232834251968502
21
-4.6808911811023624
0
LINE
8
BLACK
6
CONTINUOUS
10
5.3232834251968502
20
-4.6808911811023624
11
5.3202524409448815
21
-4.6793756692913382
0
LINE
8
BLACK
6
CONTINUOUS
10
5.3202524409448815
20
-4.6793756692913382
11
5.3130677952755905
21
-4.6775795275590548
0
LINE
8
BLACK
6
CONTINUOUS
10
5.3130677952755905
20
-4.6775795275590548
11
5.3130252755905509
21
-4.6775643307086616
0
LINE
8
BLACK
6
CONTINUOUS
10
5.3130252755905509
20
-4.6775643307086616
11
5.3130040157480316
21
-4.677562834645669
0
LINE
8
BLACK
6
CONTINUOUS
10
5.3130040157480316
20
-4.677562834645669
11
5.3127642519685034
21
-4.6774710629921259
0
LINE
8
BLACK
6
CONTINUOUS
10
5.3127642519685034
20
-4.6774710629921259
11
5.3125226771653544
21
-4.6773847637795276
0
LINE
8
BLACK
6
CONTINUOUS
10
5.3125226771653544
20
-4.6773847637795276
11
5.3125055118110236
21
-4.6773720472440941
0
LINE
8
BLACK
6
CONTINUOUS
10
5.3125055118110236
20
-4.6773720472440941
11
5.3124634251968503
21
-4.6773559448818895
0
LINE
8
BLACK
6
CONTINUOUS
10
5.3124634251968503
20
-4.6773559448818895
11
5.3087138976377952
21
-4.675481181102362
0
LINE
8
BLACK
6
CONTINUOUS
10
5.3087138976377952
20
-4.675481181102362
11
5.3084658661417325
21
-4.6753250787401575
0
LINE
8
BLACK
6
CONTINUOUS
10
5.3084658661417325
20
-4.6753250787401575
11
5.3083939370078737
21
-4.6752952755905515
0
LINE
8
BLACK
6
CONTINUOUS
10
5.3083939370078737
20
-4.6752952755905515
11
5.3083129527559052
21
-4.6752287795275587
0
LINE
8
BLACK
6
CONTINUOUS
10
5.3083129527559052
20
-4.6752287795275587
11
5.3082240157480314
21
-4.6751728346456689
0
LINE
8
BLACK
6
CONTINUOUS
10
5.3082240157480314
20
-4.6751728346456689
11
5.3081728346456689
21
-4.6751138188976373
0
LINE
8
BLACK
6
CONTINUOUS
10
5.3081728346456689
20
-4.6751138188976373
11
5.3079464960629918
21
-4.6749280708661418
0
LINE
8
BLACK
6
CONTINUOUS
10
5.3079464960629918
20
-4.6749280708661418
11
5.3060717322834643
21
-4.6730533070866143
0
LINE
8
BLACK
6
CONTINUOUS
10
5.3060717322834643
20
-4.6730533070866143
11
5.30588594488189
21
-4.6728269291338584
0
LINE
8
BLACK
6
CONTINUOUS
10
5.30588594488189
20
-4.6728269291338584
11
5.3058269685039372
21
-4.6727757874015747
0
LINE
8
BLACK
6
CONTINUOUS
10
5.3058269685039372
20
-4.6727757874015747
11
5.3057709842519687
21
-4.6726868110236222
0
LINE
8
BLACK
6
CONTINUOUS
10
5.3057709842519687
20
-4.6726868110236222
11
5.3057045275590546
21
-4.6726058661417325
0
LINE
8
BLACK
6
CONTINUOUS
10
5.3057045275590546
20
-4.6726058661417325
11
5.3056746850393699
21
-4.6725338976377948
0
LINE
8
BLACK
6
CONTINUOUS
10
5.3056746850393699
20
-4.6725338976377948
11
5.3055186220472441
21
-4.6722859055118109
0
LINE
8
BLACK
6
CONTINUOUS
10
5.3055186220472441
20
-4.6722859055118109
11
5.3036438582677166
21
-4.6685363779527558
0
LINE
8
BLACK
6
CONTINUOUS
10
5.3036438582677166
20
-4.6685363779527558
11
5.3034369685039371
21
-4.6679957480314958
0
LINE
8
BLACK
6
CONTINUOUS
10
5.3034369685039371
20
-4.6679957480314958
11
5.3034294488188971
21
-4.6678899212598424
0
LINE
8
BLACK
6
CONTINUOUS
10
5.3034294488188971
20
-4.6678899212598424
11
5.3033888582677164
21
-4.6677919291338581
0
LINE
8
BLACK
6
CONTINUOUS
10
5.3033888582677164
20
-4.6677919291338581
11
5.3033321259842516
21
-4.6672158661417322
0
LINE
8
BLACK
6
CONTINUOUS
10
5.3033321259842516
20
-4.6672158661417322
11
5.3033321259842516
21
-4.6634663385826771
0
LINE
8
BLACK
6
CONTINUOUS
10
5.3033321259842516
20
-4.6634663385826771
11
5.3033888582677164
21
-4.6628902755905512
0
LINE
8
BLACK
6
CONTINUOUS
10
5.3033888582677164
20
-4.6628902755905512
11
5.3034294488188971
21
-4.6627922440944882
0
LINE
8
BLACK
6
CONTINUOUS
10
5.3034294488188971
20
-4.6627922440944882
11
5.3034369685039371
21
-4.6626864566929136
0
LINE
8
BLACK
6
CONTINUOUS
10
5.3034369685039371
20
-4.6626864566929136
11
5.3036438582677166
21
-4.6621458267716536
0
LINE
8
BLACK
6
CONTINUOUS
10
5.3036438582677166
20
-4.6621458267716536
11
5.3055186220472441
21
-4.6583962992125985
0
LINE
8
BLACK
6
CONTINUOUS
10
5.3055186220472441
20
-4.6583962992125985
11
5.3056746850393699
21
-4.6581482677165349
0
LINE
8
BLACK
6
CONTINUOUS
10
5.3056746850393699
20
-4.6581482677165349
11
5.3057045275590546
21
-4.6580763385826769
0
LINE
8
BLACK
6
CONTINUOUS
10
5.3057045275590546
20
-4.6580763385826769
11
5.3057709842519687
21
-4.6579953543307084
0
LINE
8
BLACK
6
CONTINUOUS
10
5.3057709842519687
20
-4.6579953543307084
11
5.3058269685039372
21
-4.6579064173228346
0
LINE
8
BLACK
6
CONTINUOUS
10
5.3058269685039372
20
-4.6579064173228346
11
5.30588594488189
21
-4.6578552362204722
0
LINE
8
BLACK
6
CONTINUOUS
10
5.30588594488189
20
-4.6578552362204722
11
5.3060717322834643
21
-4.6576288976377951
0
LINE
8
BLACK
6
CONTINUOUS
10
5.3060717322834643
20
-4.6576288976377951
11
5.3079464960629918
21
-4.6557541338582675
0
LINE
8
BLACK
6
CONTINUOUS
10
5.3079464960629918
20
-4.6557541338582675
11
5.3081728346456689
21
-4.6555683464566924
0
LINE
8
BLACK
6
CONTINUOUS
10
5.3081728346456689
20
-4.6555683464566924
11
5.3082240157480314
21
-4.6555093700787404
0
LINE
8
BLACK
6
CONTINUOUS
10
5.3082240157480314
20
-4.6555093700787404
11
5.3083129527559052
21
-4.6554533858267719
0
LINE
8
BLACK
6
CONTINUOUS
10
5.3083129527559052
20
-4.6554533858267719
11
5.3083939370078737
21
-4.6553869291338579
0
LINE
8
BLACK
6
CONTINUOUS
10
5.3083939370078737
20
-4.6553869291338579
11
5.3084658661417325
21
-4.6553570866141731
0
LINE
8
BLACK
6
CONTINUOUS
10
5.3084658661417325
20
-4.6553570866141731
11
5.3087138976377952
21
-4.6552010236220474
0
LINE
8
BLACK
6
CONTINUOUS
10
5.3087138976377952
20
-4.6552010236220474
11
5.3124634251968503
21
-4.6533262598425198
0
LINE
8
BLACK
6
CONTINUOUS
10
5.3124634251968503
20
-4.6533262598425198
11
5.3130040157480316
21
-4.6531193700787403
0
LINE
8
BLACK
6
CONTINUOUS
10
5.3130040157480316
20
-4.6531193700787403
11
5.3131098818897637
21
-4.6531118110236216
0
LINE
8
BLACK
6
CONTINUOUS
10
5.3131098818897637
20
-4.6531118110236216
11
5.313207874015748
21
-4.6530712598425197
0
LINE
8
BLACK
6
CONTINUOUS
10
5.313207874015748
20
-4.6530712598425197
11
5.3137839370078739
21
-4.6530145275590549
0
LINE
8
BLACK
6
CONTINUOUS
10
5.3137839370078739
20
-4.6530145275590549
11
5.3231577559055117
21
-4.6530145275590549
0
LINE
8
BLACK
6
CONTINUOUS
10
5.3231577559055117
20
-4.6530145275590549
11
5.3234492913385827
21
-4.6530432283464567
0
LINE
8
BLACK
6
CONTINUOUS
10
5.3553203149606299
20
-4.6530432283464567
11
5.3553980708661415
21
-4.6530377165354331
0
LINE
8
BLACK
6
CONTINUOUS
10
5.3553980708661415
20
-4.6530377165354331
11
5.3555003149606302
21
-4.65306094488189
0
LINE
8
BLACK
6
CONTINUOUS
10
5.3555003149606302
20
-4.65306094488189
11
5.3556048425196847
21
-4.6530712598425197
0
LINE
8
BLACK
6
CONTINUOUS
10
5.3556048425196847
20
-4.6530712598425197
11
5.3556769291338577
21
-4.6531011023622044
0
LINE
8
BLACK
6
CONTINUOUS
10
5.3556769291338577
20
-4.6531011023622044
11
5.3559625196850389
21
-4.6531660629921259
0
LINE
8
BLACK
6
CONTINUOUS
10
5.3559625196850389
20
-4.6531660629921259
11
5.3615868110236216
21
-4.6550408267716534
0
LINE
8
BLACK
6
CONTINUOUS
10
5.3615868110236216
20
-4.6550408267716534
11
5.362115354330709
21
-4.6552768110236222
0
LINE
8
BLACK
6
CONTINUOUS
10
5.362115354330709
20
-4.6552768110236222
11
5.3621954724409449
21
-4.6553462992125985
0
LINE
8
BLACK
6
CONTINUOUS
10
5.3621954724409449
20
-4.6553462992125985
11
5.3622935433070866
21
-4.6553869291338579
0
LINE
8
BLACK
6
CONTINUOUS
10
5.3622935433070866
20
-4.6553869291338579
11
5.3627409842519684
21
-4.6557541338582675
0
LINE
8
BLACK
6
CONTINUOUS
10
5.3627409842519684
20
-4.6557541338582675
11
5.3664905118110235
21
-4.6595036614173226
0
LINE
8
BLACK
6
CONTINUOUS
10
5.3664905118110235
20
-4.6595036614173226
11
5.3666763385826775
21
-4.6597300393700785
0
LINE
8
BLACK
6
CONTINUOUS
10
5.3666763385826775
20
-4.6597300393700785
11
5.3667352755905506
21
-4.6597811811023622
0
LINE
8
BLACK
6
CONTINUOUS
10
5.3667352755905506
20
-4.6597811811023622
11
5.3667911417322838
21
-4.6598699212598422
0
LINE
8
BLACK
6
CONTINUOUS
10
5.3667911417322838
20
-4.6598699212598422
11
5.366857755905512
21
-4.6599511023622044
0
LINE
8
BLACK
6
CONTINUOUS
10
5.366857755905512
20
-4.6599511023622044
11
5.3668875984251967
21
-4.6600232283464562
0
LINE
8
BLACK
6
CONTINUOUS
10
5.3668875984251967
20
-4.6600232283464562
11
5.3670436220472437
21
-4.660271062992126
0
LINE
8
BLACK
6
CONTINUOUS
10
5.3670436220472437
20
-4.660271062992126
11
5.3689183858267713
21
-4.6640205905511811
0
LINE
8
BLACK
6
CONTINUOUS
10
5.3689183858267713
20
-4.6640205905511811
11
5.3689344881889767
21
-4.6640626771653544
0
LINE
8
BLACK
6
CONTINUOUS
10
5.3689344881889767
20
-4.6640626771653544
11
5.3689472047244093
21
-4.6640798425196852
0
LINE
8
BLACK
6
CONTINUOUS
10
5.3689472047244093
20
-4.6640798425196852
11
5.3690335039370076
21
-4.6643214173228342
0
LINE
8
BLACK
6
CONTINUOUS
10
5.3690335039370076
20
-4.6643214173228342
11
5.3691252755905507
21
-4.6645611811023624
0
LINE
8
BLACK
6
CONTINUOUS
10
5.3691252755905507
20
-4.6645611811023624
11
5.3691267716535434
21
-4.6645824409448817
0
LINE
8
BLACK
6
CONTINUOUS
10
5.3691267716535434
20
-4.6645824409448817
11
5.3691419685039365
21
-4.6646249606299213
0
LINE
8
BLACK
6
CONTINUOUS
10
5.3691419685039365
20
-4.6646249606299213
11
5.3710167322834641
21
-4.6721240157480315
0
LINE
8
BLACK
6
CONTINUOUS
10
5.3710167322834641
20
-4.6721240157480315
11
5.3710314960629919
21
-4.6722238582677162
0
LINE
8
BLACK
6
CONTINUOUS
10
5.3710314960629919
20
-4.6722238582677162
11
5.3710481496062989
21
-4.672264094488189
0
LINE
8
BLACK
6
CONTINUOUS
10
5.3710481496062989
20
-4.672264094488189
11
5.3710694881889767
21
-4.6724811023622044
0
LINE
8
BLACK
6
CONTINUOUS
10
5.3710694881889767
20
-4.6724811023622044
11
5.3711013779527557
21
-4.672696614173228
0
LINE
8
BLACK
6
CONTINUOUS
10
5.3711013779527557
20
-4.672696614173228
11
5.3710949606299208
21
-4.6727396062992126
0
LINE
8
BLACK
6
CONTINUOUS
10
5.3710949606299208
20
-4.6727396062992126
11
5.3711048818897638
21
-4.6728401574803149
0
LINE
8
BLACK
6
CONTINUOUS
10
5.3711048818897638
20
-4.6728401574803149
11
5.3711048818897638
21
-4.6784644488188976
0
LINE
8
BLACK
6
CONTINUOUS
10
5.3711048818897638
20
-4.6784644488188976
11
5.3710949606299208
21
-4.6785649606299211
0
LINE
8
BLACK
6
CONTINUOUS
10
5.3710949606299208
20
-4.6785649606299211
11
5.3711013779527557
21
-4.6786079921259844
0
LINE
8
BLACK
6
CONTINUOUS
10
5.3711013779527557
20
-4.6786079921259844
11
5.3710694881889767
21
-4.6788234645669293
0
LINE
8
BLACK
6
CONTINUOUS
10
5.3710694881889767
20
-4.6788234645669293
11
5.3710481496062989
21
-4.6790405118110234
0
LINE
8
BLACK
6
CONTINUOUS
10
5.3710481496062989
20
-4.6790405118110234
11
5.3710314960629919
21
-4.6790807086614175
0
LINE
8
BLACK
6
CONTINUOUS
10
5.3710314960629919
20
-4.6790807086614175
11
5.3710167322834641
21
-4.679180590551181
0
LINE
8
BLACK
6
CONTINUOUS
10
5.3710167322834641
20
-4.679180590551181
11
5.3691419685039365
21
-4.6866796456692912
0
LINE
8
BLACK
6
CONTINUOUS
10
5.3691419685039365
20
-4.6866796456692912
11
5.3691267716535434
21
-4.686722125984252
0
LINE
8
BLACK
6
CONTINUOUS
10
5.3691267716535434
20
-4.686722125984252
11
5.3691252755905507
21
-4.6867434251968501
0
LINE
8
BLACK
6
CONTINUOUS
10
5.3691252755905507
20
-4.6867434251968501
11
5.3690335039370076
21
-4.6869831496062995
0
LINE
8
BLACK
6
CONTINUOUS
10
5.3690335039370076
20
-4.6869831496062995
11
5.3689472047244093
21
-4.6872247637795272
0
LINE
8
BLACK
6
CONTINUOUS
10
5.3689472047244093
20
-4.6872247637795272
11
5.3689344881889767
21
-4.6872418897637793
0
LINE
8
BLACK
6
CONTINUOUS
10
5.3689344881889767
20
-4.6872418897637793
11
5.3689183858267713
21
-4.6872840157480313
0
LINE
8
BLACK
6
CONTINUOUS
10
5.3689183858267713
20
-4.6872840157480313
11
5.3670436220472437
21
-4.6910335433070864
0
LINE
8
BLACK
6
CONTINUOUS
10
5.3670436220472437
20
-4.6910335433070864
11
5.3668875590551179
21
-4.6912814173228341
0
LINE
8
BLACK
6
CONTINUOUS
10
5.3668875590551179
20
-4.6912814173228341
11
5.366857755905512
21
-4.6913534645669293
0
LINE
8
BLACK
6
CONTINUOUS
10
5.366857755905512
20
-4.6913534645669293
11
5.3667912204724404
21
-4.6914344881889765
0
LINE
8
BLACK
6
CONTINUOUS
10
5.3667912204724404
20
-4.6914344881889765
11
5.3667352755905506
21
-4.6915234251968503
0
LINE
8
BLACK
6
CONTINUOUS
10
5.3667352755905506
20
-4.6915234251968503
11
5.3666762598425199
21
-4.691574566929134
0
LINE
8
BLACK
6
CONTINUOUS
10
5.3666762598425199
20
-4.691574566929134
11
5.3664905511811023
21
-4.6918009055118111
0
LINE
8
BLACK
6
CONTINUOUS
10
5.3664905511811023
20
-4.6918009055118111
11
5.3627409842519684
21
-4.6955505118110237
0
LINE
8
BLACK
6
CONTINUOUS
10
5.3627409842519684
20
-4.6955505118110237
11
5.3622935433070866
21
-4.6959177165354333
0
LINE
8
BLACK
6
CONTINUOUS
10
5.3622935433070866
20
-4.6959177165354333
11
5.3621954724409449
21
-4.695958307086614
0
LINE
8
BLACK
6
CONTINUOUS
10
5.3621954724409449
20
-4.695958307086614
11
5.362115354330709
21
-4.696027834645669
0
LINE
8
BLACK
6
CONTINUOUS
10
5.362115354330709
20
-4.696027834645669
11
5.3615868110236216
21
-4.6962638188976378
0
LINE
8
BLACK
6
CONTINUOUS
10
5.3615868110236216
20
-4.6962638188976378
11
5.3559625196850389
21
-4.6981385826771653
0
LINE
8
BLACK
6
CONTINUOUS
10
5.3559625196850389
20
-4.6981385826771653
11
5.3556769291338577
21
-4.698203503937008
0
LINE
8
BLACK
6
CONTINUOUS
10
5.3556769291338577
20
-4.698203503937008
11
5.3556048425196847
21
-4.6982333858267715
0
LINE
8
BLACK
6
CONTINUOUS
10
5.3556048425196847
20
-4.6982333858267715
11
5.3555003149606302
21
-4.6982436614173224
0
LINE
8
BLACK
6
CONTINUOUS
10
5.3555003149606302
20
-4.6982436614173224
11
5.3553980708661415
21
-4.6982669291338581
0
LINE
8
BLACK
6
CONTINUOUS
10
5.3553980708661415
20
-4.6982669291338581
11
5.3553203149606299
21
-4.6982613779527558
0
LINE
8
BLACK
6
CONTINUOUS
10
5.3553203149606299
20
-4.6982613779527558
11
5.3550287795275588
21
-4.6982901181102363
0
LINE
8
BLACK
6
CONTINUOUS
10
5.3550287795275588
20
-4.6982901181102363
11
5.3456549606299211
21
-4.6982901181102363
0
LINE
8
BLACK
6
CONTINUOUS
10
5.3456549606299211
20
-4.6982901181102363
11
5.3450788976377952
21
-4.6982333858267715
0
LINE
8
BLACK
6
CONTINUOUS
10
5.3450788976377952
20
-4.6982333858267715
11
5.344014488188976
21
-4.6977924803149609
0
LINE
8
BLACK
6
CONTINUOUS
10
5.344014488188976
20
-4.6977924803149609
11
5.3431998425196845
21
-4.6969778346456694
0
LINE
8
BLACK
6
CONTINUOUS
10
5.3431998425196845
20
-4.6969778346456694
11
5.3427589370078739
21
-4.6959134251968502
0
LINE
8
BLACK
6
CONTINUOUS
10
5.3427589370078739
20
-4.6959134251968502
11
5.342702204724409
21
-4.6953373622047243
0
LINE
8
BLACK
6
CONTINUOUS
10
5.342702204724409
20
-4.6953373622047243
11
5.342702204724409
21
-4.6559672834645669
0
LINE
8
BLACK
6
CONTINUOUS
10
5.342702204724409
20
-4.6559672834645669
11
5.3427589370078739
21
-4.655391220472441
0
LINE
8
BLACK
6
CONTINUOUS
10
5.3427589370078739
20
-4.655391220472441
11
5.3431998425196845
21
-4.6543268110236218
0
LINE
8
BLACK
6
CONTINUOUS
10
5.3431998425196845
20
-4.6543268110236218
11
5.344014488188976
21
-4.6535121653543303
0
LINE
8
BLACK
6
CONTINUOUS
10
5.344014488188976
20
-4.6535121653543303
11
5.3450788976377952
21
-4.6530712598425197
0
LINE
8
BLACK
6
CONTINUOUS
10
5.3450788976377952
20
-4.6530712598425197
11
5.3456549606299211
21
-4.6530145275590549
0
LINE
8
BLACK
6
CONTINUOUS
10
5.3456549606299211
20
-4.6530145275590549
11
5.3550287795275588
21
-4.6530145275590549
0
LINE
8
BLACK
6
CONTINUOUS
10
5.3550287795275588
20
-4.6530145275590549
11
5.3553203149606299
21
-4.6530432283464567
0
LINE
8
BLACK
6
CONTINUOUS
10
5.3486077165354331
20
-4.6923846062992123
11
5.3545496456692909
21
-4.6923846062992123
0
LINE
8
BLACK
6
CONTINUOUS
10
5.3545496456692909
20
-4.6923846062992123
11
5.3590580314960627
21
-4.6908817716535429
0
LINE
8
BLACK
6
CONTINUOUS
10
5.3590580314960627
20
-4.6908817716535429
11
5.3619758267716531
21
-4.6879639370078738
0
LINE
8
BLACK
6
CONTINUOUS
10
5.3619758267716531
20
-4.6879639370078738
11
5.3634913385826772
21
-4.6849329527559052
0
LINE
8
BLACK
6
CONTINUOUS
10
5.3634913385826772
20
-4.6849329527559052
11
5.3651993700787397
21
-4.678100905511811
0
LINE
8
BLACK
6
CONTINUOUS
10
5.3651993700787397
20
-4.678100905511811
11
5.3651993700787397
21
-4.6732037007874014
0
LINE
8
BLACK
6
CONTINUOUS
10
5.3651993700787397
20
-4.6732037007874014
11
5.3634913385826772
21
-4.6663716535433073
0
LINE
8
BLACK
6
CONTINUOUS
10
5.3634913385826772
20
-4.6663716535433073
11
5.3619758661417318
21
-4.6633406692913386
0
LINE
8
BLACK
6
CONTINUOUS
10
5.3619758661417318
20
-4.6633406692913386
11
5.3590580314960627
21
-4.6604228346456695
0
LINE
8
BLACK
6
CONTINUOUS
10
5.3590580314960627
20
-4.6604228346456695
11
5.3545496456692909
21
-4.6589200393700789
0
LINE
8
BLACK
6
CONTINUOUS
10
5.3545496456692909
20
-4.6589200393700789
11
5.3486077165354331
21
-4.6589200393700789
0
LINE
8
BLACK
6
CONTINUOUS
10
5.3486077165354331
20
-4.6589200393700789
11
5.3486077165354331
21
-4.6923846062992123
0
LINE
8
BLACK
6
CONTINUOUS
10
5.3930935826771655
20
-4.6531044488188975
11
5.393304015748031
21
-4.6531194094488191
0
LINE
8
BLACK
6
CONTINUOUS
10
5.393304015748031
20
-4.6531194094488191
11
5.393635118110236
21
-4.6532849606299216
0
LINE
8
BLACK
6
CONTINUOUS
10
5.393635118110236
20
-4.6532849606299216
11
5.3939863779527562
21
-4.6534020472440947
0
LINE
8
BLACK
6
CONTINUOUS
10
5.3939863779527562
20
-4.6534020472440947
11
5.3941457086614175
21
-4.6535402362204721
0
LINE
8
BLACK
6
CONTINUOUS
10
5.3941457086614175
20
-4.6535402362204721
11
5.3943344488188973
21
-4.6536346062992129
0
LINE
8
BLACK
6
CONTINUOUS
10
5.3943344488188973
20
-4.6536346062992129
11
5.3945770866141727
21
-4.6539143307086617
0
LINE
8
BLACK
6
CONTINUOUS
10
5.3945770866141727
20
-4.6539143307086617
11
5.3948567716535436
21
-4.6541569291338583
0
LINE
8
BLACK
6
CONTINUOUS
10
5.3948567716535436
20
-4.6541569291338583
11
5.394951062992126
21
-4.6543455511811018
0
LINE
8
BLACK
6
CONTINUOUS
10
5.394951062992126
20
-4.6543455511811018
11
5.3950893307086609
21
-4.6545049606299216
0
LINE
8
BLACK
6
CONTINUOUS
10
5.3950893307086609
20
-4.6545049606299216
11
5.3953253149606297
21
-4.6550335433070869
0
LINE
8
BLACK
6
CONTINUOUS
10
5.3953253149606297
20
-4.6550335433070869
11
5.4084486614173226
21
-4.6944036220472443
0
LINE
8
BLACK
6
CONTINUOUS
10
5.4084486614173226
20
-4.6944036220472443
11
5.4085770078740154
21
-4.6949680314960629
0
LINE
8
BLACK
6
CONTINUOUS
10
5.4085770078740154
20
-4.6949680314960629
11
5.4084953149606294
21
-4.6961172440944878
0
LINE
8
BLACK
6
CONTINUOUS
10
5.4084953149606294
20
-4.6961172440944878
11
5.4079801181102365
21
-4.6971477165354329
0
LINE
8
BLACK
6
CONTINUOUS
10
5.4079801181102365
20
-4.6971477165354329
11
5.407109724409449
21
-4.6979025984251965
0
LINE
8
BLACK
6
CONTINUOUS
10
5.407109724409449
20
-4.6979025984251965
11
5.4060167322834642
21
-4.6982669291338581
0
LINE
8
BLACK
6
CONTINUOUS
10
5.4060167322834642
20
-4.6982669291338581
11
5.4048675196850393
21
-4.6981852362204721
0
LINE
8
BLACK
6
CONTINUOUS
10
5.4048675196850393
20
-4.6981852362204721
11
5.4038370866141729
21
-4.6976699999999996
0
LINE
8
BLACK
6
CONTINUOUS
10
5.4038370866141729
20
-4.6976699999999996
11
5.4030822047244094
21
-4.6967996456692909
0
LINE
8
BLACK
6
CONTINUOUS
10
5.4030822047244094
20
-4.6967996456692909
11
5.4028462204724406
21
-4.6962711023622044
0
LINE
8
BLACK
6
CONTINUOUS
10
5.4028462204724406
20
-4.6962711023622044
11
5.3997696850393702
21
-4.6870414960629923
0
LINE
8
BLACK
6
CONTINUOUS
10
5.3997696850393702
20
-4.6870414960629923
11
5.3852785039370081
21
-4.6870414960629923
0
LINE
8
BLACK
6
CONTINUOUS
10
5.3852785039370081
20
-4.6870414960629923
11
5.3822019685039368
21
-4.6962711023622044
0
LINE
8
BLACK
6
CONTINUOUS
10
5.3822019685039368
20
-4.6962711023622044
11
5.381965984251968
21
-4.6967996850393696
0
LINE
8
BLACK
6
CONTINUOUS
10
5.381965984251968
20
-4.6967996850393696
11
5.3812111023622045
21
-4.6976700393700783
0
LINE
8
BLACK
6
CONTINUOUS
10
5.3812111023622045
20
-4.6976700393700783
11
5.3801806692913381
21
-4.6981852362204721
0
LINE
8
BLACK
6
CONTINUOUS
10
5.3801806692913381
20
-4.6981852362204721
11
5.3790314566929132
21
-4.6982669291338581
0
LINE
8
BLACK
6
CONTINUOUS
10
5.3790314566929132
20
-4.6982669291338581
11
5.3779384251968505
21
-4.6979025984251965
0
LINE
8
BLACK
6
CONTINUOUS
10
5.3779384251968505
20
-4.6979025984251965
11
5.3770680708661418
21
-4.6971477165354329
0
LINE
8
BLACK
6
CONTINUOUS
10
5.3770680708661418
20
-4.6971477165354329
11
5.376552874015748
21
-4.6961172834645666
0
LINE
8
BLACK
6
CONTINUOUS
10
5.376552874015748
20
-4.6961172834645666
11
5.376471181102362
21
-4.6949680708661417
0
LINE
8
BLACK
6
CONTINUOUS
10
5.376471181102362
20
-4.6949680708661417
11
5.3765995275590548
21
-4.6944036220472443
0
LINE
8
BLACK
6
CONTINUOUS
10
5.3765995275590548
20
-4.6944036220472443
11
5.3897228740157477
21
-4.6550335433070869
0
LINE
8
BLACK
6
CONTINUOUS
10
5.3897228740157477
20
-4.6550335433070869
11
5.3899588582677165
21
-4.6545050000000003
0
LINE
8
BLACK
6
CONTINUOUS
10
5.3899588582677165
20
-4.6545050000000003
11
5.3900970472440948
21
-4.6543456299212593
0
LINE
8
BLACK
6
CONTINUOUS
10
5.3900970472440948
20
-4.6543456299212593
11
5.3901914173228347
21
-4.6541569291338583
0
LINE
8
BLACK
6
CONTINUOUS
10
5.3901914173228347
20
-4.6541569291338583
11
5.3904712598425197
21
-4.6539141732283467
0
LINE
8
BLACK
6
CONTINUOUS
10
5.3904712598425197
20
-4.6539141732283467
11
5.3907137401574801
21
-4.6536346456692916
0
LINE
8
BLACK
6
CONTINUOUS
10
5.3907137401574801
20
-4.6536346456692916
11
5.390902283464567
21
-4.6535403543307083
0
LINE
8
BLACK
6
CONTINUOUS
10
5.390902283464567
20
-4.6535403543307083
11
5.3910617716535434
21
-4.6534020472440947
0
LINE
8
BLACK
6
CONTINUOUS
10
5.3910617716535434
20
-4.6534020472440947
11
5.3914131496062989
21
-4.6532849212598428
0
LINE
8
BLACK
6
CONTINUOUS
10
5.3914131496062989
20
-4.6532849212598428
11
5.3917441732283464
21
-4.6531194094488191
0
LINE
8
BLACK
6
CONTINUOUS
10
5.3917441732283464
20
-4.6531194094488191
11
5.391954566929134
21
-4.6531044488188975
0
LINE
8
BLACK
6
CONTINUOUS
10
5.391954566929134
20
-4.6531044488188975
11
5.392154803149606
21
-4.6530377165354331
0
LINE
8
BLACK
6
CONTINUOUS
10
5.392154803149606
20
-4.6530377165354331
11
5.3925240944881887
21
-4.6530639370078744
0
LINE
8
BLACK
6
CONTINUOUS
10
5.3925240944881887
20
-4.6530639370078744
11
5.3928933858267714
21
-4.6530377165354331
0
LINE
8
BLACK
6
CONTINUOUS
10
5.3928933858267714
20
-4.6530377165354331
11
5.3930935826771655
21
-4.6531044488188975
0
LINE
8
BLACK
6
CONTINUOUS
10
5.3872470078740156
20
-4.6811359842519682
11
5.3978011811023618
21
-4.6811359842519682
0
LINE
8
BLACK
6
CONTINUOUS
10
5.3978011811023618
20
-4.6811359842519682
11
5.3925240944881887
21
-4.66530468503937
0
LINE
8
BLACK
6
CONTINUOUS
10
5.3925240944881887
20
-4.66530468503937
11
5.3872470078740156
21
-4.6811359842519682
0
LINE
8
BLACK
6
CONTINUOUS
10
5.184190826771653
20
-4.6535121653543303
11
5.1850054724409445
21
-4.6543268110236218
0
LINE
8
BLACK
6
CONTINUOUS
10
5.1850054724409445
20
-4.6543268110236218
11
5.185446377952756
21
-4.655391220472441
0
LINE
8
BLACK
6
CONTINUOUS
10
5.185446377952756
20
-4.655391220472441
11
5.1855031102362208
21
-4.6559672834645669
0
LINE
8
BLACK
6
CONTINUOUS
10
5.1855031102362208
20
-4.6559672834645669
11
5.1855031102362208
21
-4.6953373622047243
0
LINE
8
BLACK
6
CONTINUOUS
10
5.1855031102362208
20
-4.6953373622047243
11
5.185446377952756
21
-4.6959134251968502
0
LINE
8
BLACK
6
CONTINUOUS
10
5.185446377952756
20
-4.6959134251968502
11
5.1850054724409445
21
-4.6969778346456694
0
LINE
8
BLACK
6
CONTINUOUS
10
5.1850054724409445
20
-4.6969778346456694
11
5.184190826771653
21
-4.6977924803149609
0
LINE
8
BLACK
6
CONTINUOUS
10
5.184190826771653
20
-4.6977924803149609
11
5.1831264173228346
21
-4.6982333858267715
0
LINE
8
BLACK
6
CONTINUOUS
10
5.1831264173228346
20
-4.6982333858267715
11
5.1819742913385829
21
-4.6982333858267715
0
LINE
8
BLACK
6
CONTINUOUS
10
5.1819742913385829
20
-4.6982333858267715
11
5.1809098818897636
21
-4.6977924803149609
0
LINE
8
BLACK
6
CONTINUOUS
10
5.1809098818897636
20
-4.6977924803149609
11
5.1800952362204722
21
-4.6969778346456694
0
LINE
8
BLACK
6
CONTINUOUS
10
5.1800952362204722
20
-4.6969778346456694
11
5.1796543307086615
21
-4.6959134251968502
0
LINE
8
BLACK
6
CONTINUOUS
10
5.1796543307086615
20
-4.6959134251968502
11
5.1795975984251967
21
-4.6953373622047243
0
LINE
8
BLACK
6
CONTINUOUS
10
5.1795975984251967
20
-4.6953373622047243
11
5.1795975984251967
21
-4.6559672834645669
0
LINE
8
BLACK
6
CONTINUOUS
10
5.1795975984251967
20
-4.6559672834645669
11
5.1796543307086615
21
-4.655391220472441
0
LINE
8
BLACK
6
CONTINUOUS
10
5.1796543307086615
20
-4.655391220472441
11
5.1800952362204722
21
-4.6543268110236218
0
LINE
8
BLACK
6
CONTINUOUS
10
5.1800952362204722
20
-4.6543268110236218
11
5.1809098818897636
21
-4.6535121653543303
0
LINE
8
BLACK
6
CONTINUOUS
10
5.1809098818897636
20
-4.6535121653543303
11
5.1819742913385829
21
-4.6530712598425197
0
LINE
8
BLACK
6
CONTINUOUS
10
5.1819742913385829
20
-4.6530712598425197
11
5.1831264173228346
21
-4.6530712598425197
0
LINE
8
BLACK
6
CONTINUOUS
10
5.1831264173228346
20
-4.6530712598425197
11
5.184190826771653
21
-4.6535121653543303
0
LINE
8
BLACK
6
CONTINUOUS
10
5.2993618503937006
20
-4.5961908661417326
11
5.3004262598425198
21
-4.5966317716535432
0
LINE
8
BLACK
6
CONTINUOUS
10
5.3004262598425198
20
-4.5966317716535432
11
5.3012409055118113
21
-4.5974464173228347
0
LINE
8
BLACK
6
CONTINUOUS
10
5.3012409055118113
20
-4.5974464173228347
11
5.3016818110236219
21
-4.598510826771653
0
LINE
8
BLACK
6
CONTINUOUS
10
5.3016818110236219
20
-4.598510826771653
11
5.3016818110236219
21
-4.5996629527559056
0
LINE
8
BLACK
6
CONTINUOUS
10
5.3016818110236219
20
-4.5996629527559056
11
5.3012409055118113
21
-4.600727362204724
0
LINE
8
BLACK
6
CONTINUOUS
10
5.3012409055118113
20
-4.600727362204724
11
5.3004262598425198
21
-4.6015420078740155
0
LINE
8
BLACK
6
CONTINUOUS
10
5.3004262598425198
20
-4.6015420078740155
11
5.2993618503937006
21
-4.601982913385827
0
LINE
8
BLACK
6
CONTINUOUS
10
5.2993618503937006
20
-4.601982913385827
11
5.2987857874015747
21
-4.6020396456692909
0
LINE
8
BLACK
6
CONTINUOUS
10
5.2987857874015747
20
-4.6020396456692909
11
5.2687895669291338
21
-4.6020396456692909
0
LINE
8
BLACK
6
CONTINUOUS
10
5.2687895669291338
20
-4.6020396456692909
11
5.2682135039370079
21
-4.601982913385827
0
LINE
8
BLACK
6
CONTINUOUS
10
5.2682135039370079
20
-4.601982913385827
11
5.2671490944881887
21
-4.6015420078740155
0
LINE
8
BLACK
6
CONTINUOUS
10
5.2671490944881887
20
-4.6015420078740155
11
5.2663344488188972
21
-4.600727362204724
0
LINE
8
BLACK
6
CONTINUOUS
10
5.2663344488188972
20
-4.600727362204724
11
5.2658935433070866
21
-4.5996629527559056
0
LINE
8
BLACK
6
CONTINUOUS
10
5.2658935433070866
20
-4.5996629527559056
11
5.2658935433070866
21
-4.598510826771653
0
LINE
8
BLACK
6
CONTINUOUS
10
5.2658935433070866
20
-4.598510826771653
11
5.2663344488188972
21
-4.5974464173228347
0
LINE
8
BLACK
6
CONTINUOUS
10
5.2663344488188972
20
-4.5974464173228347
11
5.2671490944881887
21
-4.5966317716535432
0
LINE
8
BLACK
6
CONTINUOUS
10
5.2671490944881887
20
-4.5966317716535432
11
5.2682135039370079
21
-4.5961908661417326
0
LINE
8
BLACK
6
CONTINUOUS
10
5.2682135039370079
20
-4.5961908661417326
11
5.2687895669291338
21
-4.5961341338582677
0
LINE
8
BLACK
6
CONTINUOUS
10
5.2687895669291338
20
-4.5961341338582677
11
5.2987857874015747
21
-4.5961341338582677
0
LINE
8
BLACK
6
CONTINUOUS
10
5.2987857874015747
20
-4.5961341338582677
11
5.2993618503937006
21
-4.5961908661417326
0
LINE
8
BLACK
6
CONTINUOUS
10
5.2149974015748031
20
-4.5530712598425191
11
5.2150953937007873
21
-4.5531118503937007
0
LINE
8
BLACK
6
CONTINUOUS
10
5.2150953937007873
20
-4.5531118503937007
11
5.2152012204724407
21
-4.5531193700787398
0
LINE
8
BLACK
6
CONTINUOUS
10
5.2152012204724407
20
-4.5531193700787398
11
5.2157418503937008
21
-4.5533262598425193
0
LINE
8
BLACK
6
CONTINUOUS
10
5.2157418503937008
20
-4.5533262598425193
11
5.2194913779527559
21
-4.5552010236220468
0
LINE
8
BLACK
6
CONTINUOUS
10
5.2194913779527559
20
-4.5552010236220468
11
5.2197393700787398
21
-4.5553570866141735
0
LINE
8
BLACK
6
CONTINUOUS
10
5.2197393700787398
20
-4.5553570866141735
11
5.2198113385826774
21
-4.5553869291338582
0
LINE
8
BLACK
6
CONTINUOUS
10
5.2198113385826774
20
-4.5553869291338582
11
5.2198922834645671
21
-4.5554533858267714
0
LINE
8
BLACK
6
CONTINUOUS
10
5.2198922834645671
20
-4.5554533858267714
11
5.2199812598425197
21
-4.5555093700787399
0
LINE
8
BLACK
6
CONTINUOUS
10
5.2199812598425197
20
-4.5555093700787399
11
5.2200324015748034
21
-4.5555683464566927
0
LINE
8
BLACK
6
CONTINUOUS
10
5.2200324015748034
20
-4.5555683464566927
11
5.2202587795275592
21
-4.5557541338582679
0
LINE
8
BLACK
6
CONTINUOUS
10
5.2202587795275592
20
-4.5557541338582679
11
5.2221335433070868
21
-4.5576288976377954
0
LINE
8
BLACK
6
CONTINUOUS
10
5.2221335433070868
20
-4.5576288976377954
11
5.2223192913385823
21
-4.5578552362204725
0
LINE
8
BLACK
6
CONTINUOUS
10
5.2223192913385823
20
-4.5578552362204725
11
5.2223783070866139
21
-4.557906417322835
0
LINE
8
BLACK
6
CONTINUOUS
10
5.2223783070866139
20
-4.557906417322835
11
5.2224342519685036
21
-4.5579953543307088
0
LINE
8
BLACK
6
CONTINUOUS
10
5.2224342519685036
20
-4.5579953543307088
11
5.2225007480314956
21
-4.5580763385826772
0
LINE
8
BLACK
6
CONTINUOUS
10
5.2225007480314956
20
-4.5580763385826772
11
5.2225305511811024
21
-4.5581482677165353
0
LINE
8
BLACK
6
CONTINUOUS
10
5.2225305511811024
20
-4.5581482677165353
11
5.222686653543307
21
-4.5583962992125979
0
LINE
8
BLACK
6
CONTINUOUS
10
5.222686653543307
20
-4.5583962992125979
11
5.2245614173228345
21
-4.562145826771653
0
LINE
8
BLACK
6
CONTINUOUS
10
5.2245614173228345
20
-4.562145826771653
11
5.224768307086614
21
-4.5626864173228343
0
LINE
8
BLACK
6
CONTINUOUS
10
5.224768307086614
20
-4.5626864173228343
11
5.2247758267716531
21
-4.5627922834645664
0
LINE
8
BLACK
6
CONTINUOUS
10
5.2247758267716531
20
-4.5627922834645664
11
5.2248164173228346
21
-4.5628902755905507
0
LINE
8
BLACK
6
CONTINUOUS
10
5.2248164173228346
20
-4.5628902755905507
11
5.2248731496062994
21
-4.5634663385826775
0
LINE
8
BLACK
6
CONTINUOUS
10
5.2248731496062994
20
-4.5634663385826775
11
5.2248731496062994
21
-4.5672158661417326
0
LINE
8
BLACK
6
CONTINUOUS
10
5.2248731496062994
20
-4.5672158661417326
11
5.2248444094488189
21
-4.5675074409448815
0
LINE
8
BLACK
6
CONTINUOUS
10
5.2248444094488189
20
-4.5675074409448815
11
5.2248499606299212
21
-4.567585196850394
0
LINE
8
BLACK
6
CONTINUOUS
10
5.2248499606299212
20
-4.567585196850394
11
5.2248266929133855
21
-4.5676874409448818
0
LINE
8
BLACK
6
CONTINUOUS
10
5.2248266929133855
20
-4.5676874409448818
11
5.2248164173228346
21
-4.5677919291338585
0
LINE
8
BLACK
6
CONTINUOUS
10
5.2248164173228346
20
-4.5677919291338585
11
5.2247865354330711
21
-4.5678639763779527
0
LINE
8
BLACK
6
CONTINUOUS
10
5.2247865354330711
20
-4.5678639763779527
11
5.2247216141732284
21
-4.5681496456692914
0
LINE
8
BLACK
6
CONTINUOUS
10
5.2247216141732284
20
-4.5681496456692914
11
5.2228468503937009
21
-4.5737738976377953
0
LINE
8
BLACK
6
CONTINUOUS
10
5.2228468503937009
20
-4.5737738976377953
11
5.2226108661417321
21
-4.5743024803149606
0
LINE
8
BLACK
6
CONTINUOUS
10
5.2226108661417321
20
-4.5743024803149606
11
5.2225413779527559
21
-4.5743825590551177
0
LINE
8
BLACK
6
CONTINUOUS
10
5.2225413779527559
20
-4.5743825590551177
11
5.2225007874015743
21
-4.5744806299212595
0
LINE
8
BLACK
6
CONTINUOUS
10
5.2225007874015743
20
-4.5744806299212595
11
5.2221335433070868
21
-4.5749280708661413
0
LINE
8
BLACK
6
CONTINUOUS
10
5.2221335433070868
20
-4.5749280708661413
11
5.2046770472440942
21
-4.5923846062992126
0
LINE
8
BLACK
6
CONTINUOUS
10
5.2046770472440942
20
-4.5923846062992126
11
5.2219203937007874
21
-4.5923846062992126
0
LINE
8
BLACK
6
CONTINUOUS
10
5.2219203937007874
20
-4.5923846062992126
11
5.2224964566929133
21
-4.5924413385826774
0
LINE
8
BLACK
6
CONTINUOUS
10
5.2224964566929133
20
-4.5924413385826774
11
5.2235608661417325
21
-4.5928822440944881
0
LINE
8
BLACK
6
CONTINUOUS
10
5.2235608661417325
20
-4.5928822440944881
11
5.2243755118110231
21
-4.5936968897637795
0
LINE
8
BLACK
6
CONTINUOUS
10
5.2243755118110231
20
-4.5936968897637795
11
5.2248164173228346
21
-4.5947612992125979
0
LINE
8
BLACK
6
CONTINUOUS
10
5.2248164173228346
20
-4.5947612992125979
11
5.2248164173228346
21
-4.5959134251968505
0
LINE
8
BLACK
6
CONTINUOUS
10
5.2248164173228346
20
-4.5959134251968505
11
5.2243755118110231
21
-4.5969778346456689
0
LINE
8
BLACK
6
CONTINUOUS
10
5.2243755118110231
20
-4.5969778346456689
11
5.2235608661417325
21
-4.5977924803149604
0
LINE
8
BLACK
6
CONTINUOUS
10
5.2235608661417325
20
-4.5977924803149604
11
5.2224964566929133
21
-4.5982333858267719
0
LINE
8
BLACK
6
CONTINUOUS
10
5.2224964566929133
20
-4.5982333858267719
11
5.2219203937007874
21
-4.5982901181102358
0
LINE
8
BLACK
6
CONTINUOUS
10
5.2219203937007874
20
-4.5982901181102358
11
5.1975484645669292
21
-4.5982901181102358
0
LINE
8
BLACK
6
CONTINUOUS
10
5.1975484645669292
20
-4.5982901181102358
11
5.1969724015748033
21
-4.5982333858267719
0
LINE
8
BLACK
6
CONTINUOUS
10
5.1969724015748033
20
-4.5982333858267719
11
5.1959079921259841
21
-4.5977924803149604
0
LINE
8
BLACK
6
CONTINUOUS
10
5.1959079921259841
20
-4.5977924803149604
11
5.1950933464566926
21
-4.5969778346456689
0
LINE
8
BLACK
6
CONTINUOUS
10
5.1950933464566926
20
-4.5969778346456689
11
5.194652440944882
21
-4.5959134251968505
0
LINE
8
BLACK
6
CONTINUOUS
10
5.194652440944882
20
-4.5959134251968505
11
5.194652440944882
21
-4.5947612992125979
0
LINE
8
BLACK
6
CONTINUOUS
10
5.194652440944882
20
-4.5947612992125979
11
5.1950933464566926
21
-4.5936968897637795
0
LINE
8
BLACK
6
CONTINUOUS
10
5.1950933464566926
20
-4.5936968897637795
11
5.1954605511811023
21
-4.5932494488188977
0
LINE
8
BLACK
6
CONTINUOUS
10
5.1954605511811023
20
-4.5932494488188977
11
5.217464803149606
21
-4.5712451181102365
0
LINE
8
BLACK
6
CONTINUOUS
10
5.217464803149606
20
-4.5712451181102365
11
5.2189676377952754
21
-4.5667367322834647
0
LINE
8
BLACK
6
CONTINUOUS
10
5.2189676377952754
20
-4.5667367322834647
11
5.2189676377952754
21
-4.5641633858267712
0
LINE
8
BLACK
6
CONTINUOUS
10
5.2189676377952754
20
-4.5641633858267712
11
5.2176188976377951
21
-4.5614659055118105
0
LINE
8
BLACK
6
CONTINUOUS
10
5.2176188976377951
20
-4.5614659055118105
11
5.2164217716535433
21
-4.5602687795275587
0
LINE
8
BLACK
6
CONTINUOUS
10
5.2164217716535433
20
-4.5602687795275587
11
5.2137242913385826
21
-4.5589200393700784
0
LINE
8
BLACK
6
CONTINUOUS
10
5.2137242913385826
20
-4.5589200393700784
11
5.205744566929134
21
-4.5589200393700784
0
LINE
8
BLACK
6
CONTINUOUS
10
5.205744566929134
20
-4.5589200393700784
11
5.2030470866141734
21
-4.5602687795275587
0
LINE
8
BLACK
6
CONTINUOUS
10
5.2030470866141734
20
-4.5602687795275587
11
5.2015111417322837
21
-4.5618047244094484
0
LINE
8
BLACK
6
CONTINUOUS
10
5.2015111417322837
20
-4.5618047244094484
11
5.2010637007874019
21
-4.5621719291338581
0
LINE
8
BLACK
6
CONTINUOUS
10
5.2010637007874019
20
-4.5621719291338581
11
5.1999992519685039
21
-4.5626128346456696
0
LINE
8
BLACK
6
CONTINUOUS
10
5.1999992519685039
20
-4.5626128346456696
11
5.1988472047244096
21
-4.5626128346456696
0
LINE
8
BLACK
6
CONTINUOUS
10
5.1988472047244096
20
-4.5626128346456696
11
5.1977827559055116
21
-4.5621719291338581
0
LINE
8
BLACK
6
CONTINUOUS
10
5.1977827559055116
20
-4.5621719291338581
11
5.1969681102362202
21
-4.5613572834645666
0
LINE
8
BLACK
6
CONTINUOUS
10
5.1969681102362202
20
-4.5613572834645666
11
5.1965272047244095
21
-4.5602928346456695
0
LINE
8
BLACK
6
CONTINUOUS
10
5.1965272047244095
20
-4.5602928346456695
11
5.1965272047244095
21
-4.5591407874015744
0
LINE
8
BLACK
6
CONTINUOUS
10
5.1965272047244095
20
-4.5591407874015744
11
5.1969681102362202
21
-4.5580763385826772
0
LINE
8
BLACK
6
CONTINUOUS
10
5.1969681102362202
20
-4.5580763385826772
11
5.1973353149606298
21
-4.5576288976377954
0
LINE
8
BLACK
6
CONTINUOUS
10
5.1973353149606298
20
-4.5576288976377954
11
5.1992100787401574
21
-4.5557541338582679
0
LINE
8
BLACK
6
CONTINUOUS
10
5.1992100787401574
20
-4.5557541338582679
11
5.1994364173228345
21
-4.5555683464566927
0
LINE
8
BLACK
6
CONTINUOUS
10
5.1994364173228345
20
-4.5555683464566927
11
5.1994875984251969
21
-4.5555093700787399
0
LINE
8
BLACK
6
CONTINUOUS
10
5.1994875984251969
20
-4.5555093700787399
11
5.1995765354330707
21
-4.5554533858267714
0
LINE
8
BLACK
6
CONTINUOUS
10
5.1995765354330707
20
-4.5554533858267714
11
5.1996575196850392
21
-4.5553869291338582
0
LINE
8
BLACK
6
CONTINUOUS
10
5.1996575196850392
20
-4.5553869291338582
11
5.1997294488188972
21
-4.5553570866141735
0
LINE
8
BLACK
6
CONTINUOUS
10
5.1997294488188972
20
-4.5553570866141735
11
5.1999774803149608
21
-4.5552010236220468
0
LINE
8
BLACK
6
CONTINUOUS
10
5.1999774803149608
20
-4.5552010236220468
11
5.2037270078740159
21
-4.5533262598425193
0
LINE
8
BLACK
6
CONTINUOUS
10
5.2037270078740159
20
-4.5533262598425193
11
5.2042675984251971
21
-4.5531193700787398
0
LINE
8
BLACK
6
CONTINUOUS
10
5.2042675984251971
20
-4.5531193700787398
11
5.2043734645669293
21
-4.5531118110236219
0
LINE
8
BLACK
6
CONTINUOUS
10
5.2043734645669293
20
-4.5531118110236219
11
5.2044714566929136
21
-4.5530712598425191
0
LINE
8
BLACK
6
CONTINUOUS
10
5.2044714566929136
20
-4.5530712598425191
11
5.2050475196850394
21
-4.5530145275590552
0
LINE
8
BLACK
6
CONTINUOUS
10
5.2050475196850394
20
-4.5530145275590552
11
5.2144213385826772
21
-4.5530145275590552
0
LINE
8
BLACK
6
CONTINUOUS
10
5.2144213385826772
20
-4.5530145275590552
11
5.2149974015748031
21
-4.5530712598425191
0
LINE
8
BLACK
6
CONTINUOUS
10
5.2540829527559056
20
-4.553043228346457
11
5.2541607086614173
21
-4.5530377165354325
0
LINE
8
BLACK
6
CONTINUOUS
10
5.2541607086614173
20
-4.5530377165354325
11
5.254262952755905
21
-4.5530609448818895
0
LINE
8
BLACK
6
CONTINUOUS
10
5.254262952755905
20
-4.5530609448818895
11
5.2543674803149605
21
-4.5530712598425191
0
LINE
8
BLACK
6
CONTINUOUS
10
5.2543674803149605
20
-4.5530712598425191
11
5.2544395669291335
21
-4.5531011023622048
0
LINE
8
BLACK
6
CONTINUOUS
10
5.2544395669291335
20
-4.5531011023622048
11
5.2547251574803147
21
-4.5531660629921262
0
LINE
8
BLACK
6
CONTINUOUS
10
5.2547251574803147
20
-4.5531660629921262
11
5.2603494488188973
21
-4.5550408267716538
0
LINE
8
BLACK
6
CONTINUOUS
10
5.2603494488188973
20
-4.5550408267716538
11
5.2608779921259838
21
-4.5552768110236217
0
LINE
8
BLACK
6
CONTINUOUS
10
5.2608779921259838
20
-4.5552768110236217
11
5.2609581102362206
21
-4.5553462992125979
0
LINE
8
BLACK
6
CONTINUOUS
10
5.2609581102362206
20
-4.5553462992125979
11
5.2610561811023624
21
-4.5553869291338582
0
LINE
8
BLACK
6
CONTINUOUS
10
5.2610561811023624
20
-4.5553869291338582
11
5.2615036220472442
21
-4.5557541338582679
0
LINE
8
BLACK
6
CONTINUOUS
10
5.2615036220472442
20
-4.5557541338582679
11
5.2633783858267718
21
-4.5576288976377954
0
LINE
8
BLACK
6
CONTINUOUS
10
5.2633783858267718
20
-4.5576288976377954
11
5.2637455905511814
21
-4.5580763385826772
0
LINE
8
BLACK
6
CONTINUOUS
10
5.2637455905511814
20
-4.5580763385826772
11
5.264186496062992
21
-4.5591407480314956
0
LINE
8
BLACK
6
CONTINUOUS
10
5.264186496062992
20
-4.5591407480314956
11
5.264186496062992
21
-4.5602928346456695
0
LINE
8
BLACK
6
CONTINUOUS
10
5.264186496062992
20
-4.5602928346456695
11
5.2637455905511814
21
-4.5613572440944878
0
LINE
8
BLACK
6
CONTINUOUS
10
5.2637455905511814
20
-4.5613572440944878
11
5.2629309055118112
21
-4.5621719291338581
0
LINE
8
BLACK
6
CONTINUOUS
10
5.2629309055118112
20
-4.5621719291338581
11
5.2618664960629919
21
-4.5626128346456696
0
LINE
8
BLACK
6
CONTINUOUS
10
5.2618664960629919
20
-4.5626128346456696
11
5.260714409448819
21
-4.5626128346456696
0
LINE
8
BLACK
6
CONTINUOUS
10
5.260714409448819
20
-4.5626128346456696
11
5.2596499999999997
21
-4.5621719291338581
0
LINE
8
BLACK
6
CONTINUOUS
10
5.2596499999999997
20
-4.5621719291338581
11
5.2592025590551179
21
-4.5618047244094484
0
LINE
8
BLACK
6
CONTINUOUS
10
5.2592025590551179
20
-4.5618047244094484
11
5.2578206692913385
21
-4.560422834645669
0
LINE
8
BLACK
6
CONTINUOUS
10
5.2578206692913385
20
-4.560422834645669
11
5.2533122834645667
21
-4.5589200393700784
0
LINE
8
BLACK
6
CONTINUOUS
10
5.2533122834645667
20
-4.5589200393700784
11
5.2505210236220474
21
-4.5589200393700784
0
LINE
8
BLACK
6
CONTINUOUS
10
5.2505210236220474
20
-4.5589200393700784
11
5.2460126377952756
21
-4.560422834645669
0
LINE
8
BLACK
6
CONTINUOUS
10
5.2460126377952756
20
-4.560422834645669
11
5.2430948031496065
21
-4.5633406692913381
0
LINE
8
BLACK
6
CONTINUOUS
10
5.2430948031496065
20
-4.5633406692913381
11
5.2415792913385824
21
-4.5663716535433068
0
LINE
8
BLACK
6
CONTINUOUS
10
5.2415792913385824
20
-4.5663716535433068
11
5.2398712992125986
21
-4.5732037007874018
0
LINE
8
BLACK
6
CONTINUOUS
10
5.2398712992125986
20
-4.5732037007874018
11
5.2398712992125986
21
-4.5781009055118105
0
LINE
8
BLACK
6
CONTINUOUS
10
5.2398712992125986
20
-4.5781009055118105
11
5.2415792913385824
21
-4.5849329527559055
0
LINE
8
BLACK
6
CONTINUOUS
10
5.2415792913385824
20
-4.5849329527559055
11
5.2430948031496065
21
-4.5879639370078742
0
LINE
8
BLACK
6
CONTINUOUS
10
5.2430948031496065
20
-4.5879639370078742
11
5.2460126377952756
21
-4.590881811023622
0
LINE
8
BLACK
6
CONTINUOUS
10
5.2460126377952756
20
-4.590881811023622
11
5.2505210236220474
21
-4.5923846062992126
0
LINE
8
BLACK
6
CONTINUOUS
10
5.2505210236220474
20
-4.5923846062992126
11
5.2533122834645667
21
-4.5923846062992126
0
LINE
8
BLACK
6
CONTINUOUS
10
5.2533122834645667
20
-4.5923846062992126
11
5.2578206692913385
21
-4.5908817716535433
0
LINE
8
BLACK
6
CONTINUOUS
10
5.2578206692913385
20
-4.5908817716535433
11
5.2592025196850392
21
-4.5894999212598426
0
LINE
8
BLACK
6
CONTINUOUS
10
5.2592025196850392
20
-4.5894999212598426
11
5.2596499999999997
21
-4.5891326771653542
0
LINE
8
BLACK
6
CONTINUOUS
10
5.2596499999999997
20
-4.5891326771653542
11
5.260714409448819
21
-4.5886917716535436
0
LINE
8
BLACK
6
CONTINUOUS
10
5.260714409448819
20
-4.5886917716535436
11
5.2618664960629919
21
-4.5886917716535436
0
LINE
8
BLACK
6
CONTINUOUS
10
5.2618664960629919
20
-4.5886917716535436
11
5.2629309055118112
21
-4.5891326377952755
0
LINE
8
BLACK
6
CONTINUOUS
10
5.2629309055118112
20
-4.5891326377952755
11
5.2637455905511814
21
-4.5899473228346457
0
LINE
8
BLACK
6
CONTINUOUS
10
5.2637455905511814
20
-4.5899473228346457
11
5.264186496062992
21
-4.591011732283464
0
LINE
8
BLACK
6
CONTINUOUS
10
5.264186496062992
20
-4.591011732283464
11
5.264186496062992
21
-4.5921638188976379
0
LINE
8
BLACK
6
CONTINUOUS
10
5.264186496062992
20
-4.5921638188976379
11
5.2637456299212602
21
-4.5932282283464563
0
LINE
8
BLACK
6
CONTINUOUS
10
5.2637456299212602
20
-4.5932282283464563
11
5.2633783858267718
21
-4.5936757086614168
0
LINE
8
BLACK
6
CONTINUOUS
10
5.2633783858267718
20
-4.5936757086614168
11
5.261503661417323
21
-4.5955504724409444
0
LINE
8
BLACK
6
CONTINUOUS
10
5.261503661417323
20
-4.5955504724409444
11
5.2610561811023624
21
-4.5959177165354328
0
LINE
8
BLACK
6
CONTINUOUS
10
5.2610561811023624
20
-4.5959177165354328
11
5.2609581102362206
21
-4.5959583070866143
0
LINE
8
BLACK
6
CONTINUOUS
10
5.2609581102362206
20
-4.5959583070866143
11
5.2608779921259838
21
-4.5960278346456693
0
LINE
8
BLACK
6
CONTINUOUS
10
5.2608779921259838
20
-4.5960278346456693
11
5.2603494488188973
21
-4.5962638188976381
0
LINE
8
BLACK
6
CONTINUOUS
10
5.2603494488188973
20
-4.5962638188976381
11
5.2547251574803147
21
-4.5981385826771657
0
LINE
8
BLACK
6
CONTINUOUS
10
5.2547251574803147
20
-4.5981385826771657
11
5.2544395669291335
21
-4.5982035039370075
0
LINE
8
BLACK
6
CONTINUOUS
10
5.2544395669291335
20
-4.5982035039370075
11
5.2543674803149605
21
-4.5982333858267719
0
LINE
8
BLACK
6
CONTINUOUS
10
5.2543674803149605
20
-4.5982333858267719
11
5.254262952755905
21
-4.5982436614173228
0
LINE
8
BLACK
6
CONTINUOUS
10
5.254262952755905
20
-4.5982436614173228
11
5.2541607086614173
21
-4.5982669291338585
0
LINE
8
BLACK
6
CONTINUOUS
10
5.2541607086614173
20
-4.5982669291338585
11
5.2540829527559056
21
-4.5982613779527561
0
LINE
8
BLACK
6
CONTINUOUS
10
5.2540829527559056
20
-4.5982613779527561
11
5.2537914173228346
21
-4.5982901181102358
0
LINE
8
BLACK
6
CONTINUOUS
10
5.2537914173228346
20
-4.5982901181102358
11
5.2500418897637795
21
-4.5982901181102358
0
LINE
8
BLACK
6
CONTINUOUS
10
5.2500418897637795
20
-4.5982901181102358
11
5.249750275590551
21
-4.5982613779527561
0
LINE
8
BLACK
6
CONTINUOUS
10
5.249750275590551
20
-4.5982613779527561
11
5.2496725590551181
21
-4.5982669291338585
0
LINE
8
BLACK
6
CONTINUOUS
10
5.2496725590551181
20
-4.5982669291338585
11
5.2495702755905507
21
-4.5982436614173228
0
LINE
8
BLACK
6
CONTINUOUS
10
5.2495702755905507
20
-4.5982436614173228
11
5.2494658267716536
21
-4.5982333858267719
0
LINE
8
BLACK
6
CONTINUOUS
10
5.2494658267716536
20
-4.5982333858267719
11
5.2493937401574806
21
-4.5982035039370075
0
LINE
8
BLACK
6
CONTINUOUS
10
5.2493937401574806
20
-4.5982035039370075
11
5.2491081102362207
21
-4.5981385826771657
0
LINE
8
BLACK
6
CONTINUOUS
10
5.2491081102362207
20
-4.5981385826771657
11
5.2434838582677168
21
-4.5962638188976381
0
LINE
8
BLACK
6
CONTINUOUS
10
5.2434838582677168
20
-4.5962638188976381
11
5.2429552755905506
21
-4.5960278346456693
0
LINE
8
BLACK
6
CONTINUOUS
10
5.2429552755905506
20
-4.5960278346456693
11
5.2428751574803147
21
-4.5959583464566931
0
LINE
8
BLACK
6
CONTINUOUS
10
5.2428751574803147
20
-4.5959583464566931
11
5.2427771259842517
21
-4.5959177559055115
0
LINE
8
BLACK
6
CONTINUOUS
10
5.2427771259842517
20
-4.5959177559055115
11
5.2423296850393699
21
-4.5955505118110231
0
LINE
8
BLACK
6
CONTINUOUS
10
5.2423296850393699
20
-4.5955505118110231
11
5.2385801574803148
21
-4.5918009448818893
0
LINE
8
BLACK
6
CONTINUOUS
10
5.2385801574803148
20
-4.5918009448818893
11
5.2383943700787396
21
-4.5915745669291335
0
LINE
8
BLACK
6
CONTINUOUS
10
5.2383943700787396
20
-4.5915745669291335
11
5.2383353937007877
21
-4.5915234251968506
0
LINE
8
BLACK
6
CONTINUOUS
10
5.2383353937007877
20
-4.5915234251968506
11
5.2382794094488192
21
-4.5914344881889759
0
LINE
8
BLACK
6
CONTINUOUS
10
5.2382794094488192
20
-4.5914344881889759
11
5.2382129133858264
21
-4.5913534645669287
0
LINE
8
BLACK
6
CONTINUOUS
10
5.2382129133858264
20
-4.5913534645669287
11
5.2381830708661417
21
-4.5912814173228345
0
LINE
8
BLACK
6
CONTINUOUS
10
5.2381830708661417
20
-4.5912814173228345
11
5.2380270472440946
21
-4.5910335433070868
0
LINE
8
BLACK
6
CONTINUOUS
10
5.2380270472440946
20
-4.5910335433070868
11
5.2361522834645671
21
-4.5872840157480317
0
LINE
8
BLACK
6
CONTINUOUS
10
5.2361522834645671
20
-4.5872840157480317
11
5.2361361417322829
21
-4.5872418897637797
0
LINE
8
BLACK
6
CONTINUOUS
10
5.2361361417322829
20
-4.5872418897637797
11
5.236123464566929
21
-4.5872247637795276
0
LINE
8
BLACK
6
CONTINUOUS
10
5.236123464566929
20
-4.5872247637795276
11
5.2360370078740157
21
-4.5869827952755902
0
LINE
8
BLACK
6
CONTINUOUS
10
5.2360370078740157
20
-4.5869827952755902
11
5.2359453937007876
21
-4.5867433858267717
0
LINE
8
BLACK
6
CONTINUOUS
10
5.2359453937007876
20
-4.5867433858267717
11
5.2359438582677162
21
-4.5867221259842514
0
LINE
8
BLACK
6
CONTINUOUS
10
5.2359438582677162
20
-4.5867221259842514
11
5.2359287007874018
21
-4.5866796456692915
0
LINE
8
BLACK
6
CONTINUOUS
10
5.2359287007874018
20
-4.5866796456692915
11
5.2340539370078742
21
-4.5791805905511813
0
LINE
8
BLACK
6
CONTINUOUS
10
5.2340539370078742
20
-4.5791805905511813
11
5.2340391338582677
21
-4.5790807086614169
0
LINE
8
BLACK
6
CONTINUOUS
10
5.2340391338582677
20
-4.5790807086614169
11
5.2340225196850394
21
-4.5790405118110238
0
LINE
8
BLACK
6
CONTINUOUS
10
5.2340225196850394
20
-4.5790405118110238
11
5.2340011417322829
21
-4.5788234645669288
0
LINE
8
BLACK
6
CONTINUOUS
10
5.2340011417322829
20
-4.5788234645669288
11
5.2339692913385827
21
-4.5786079921259839
0
LINE
8
BLACK
6
CONTINUOUS
10
5.2339692913385827
20
-4.5786079921259839
11
5.2339756692913388
21
-4.5785649606299215
0
LINE
8
BLACK
6
CONTINUOUS
10
5.2339756692913388
20
-4.5785649606299215
11
5.2339657874015746
21
-4.5784644488188979
0
LINE
8
BLACK
6
CONTINUOUS
10
5.2339657874015746
20
-4.5784644488188979
11
5.2339657874015746
21
-4.5728401574803152
0
LINE
8
BLACK
6
CONTINUOUS
10
5.2339657874015746
20
-4.5728401574803152
11
5.2339756692913388
21
-4.5727396062992121
0
LINE
8
BLACK
6
CONTINUOUS
10
5.2339756692913388
20
-4.5727396062992121
11
5.2339692913385827
21
-4.5726966141732284
0
LINE
8
BLACK
6
CONTINUOUS
10
5.2339692913385827
20
-4.5726966141732284
11
5.2340011417322829
21
-4.5724811023622047
0
LINE
8
BLACK
6
CONTINUOUS
10
5.2340011417322829
20
-4.5724811023622047
11
5.2340225196850394
21
-4.5722640944881885
0
LINE
8
BLACK
6
CONTINUOUS
10
5.2340225196850394
20
-4.5722640944881885
11
5.2340391338582677
21
-4.5722238582677166
0
LINE
8
BLACK
6
CONTINUOUS
10
5.2340391338582677
20
-4.5722238582677166
11
5.2340539370078742
21
-4.572124015748031
0
LINE
8
BLACK
6
CONTINUOUS
10
5.2340539370078742
20
-4.572124015748031
11
5.2359287007874018
21
-4.5646249606299207
0
LINE
8
BLACK
6
CONTINUOUS
10
5.2359287007874018
20
-4.5646249606299207
11
5.2359438582677162
21
-4.5645824409448821
0
LINE
8
BLACK
6
CONTINUOUS
10
5.2359438582677162
20
-4.5645824409448821
11
5.2359453937007876
21
-4.5645612204724406
0
LINE
8
BLACK
6
CONTINUOUS
10
5.2359453937007876
20
-4.5645612204724406
11
5.2360370078740157
21
-4.5643217716535434
0
LINE
8
BLACK
6
CONTINUOUS
10
5.2360370078740157
20
-4.5643217716535434
11
5.236123464566929
21
-4.5640798425196847
0
LINE
8
BLACK
6
CONTINUOUS
10
5.236123464566929
20
-4.5640798425196847
11
5.2361361417322829
21
-4.5640626771653539
0
LINE
8
BLACK
6
CONTINUOUS
10
5.2361361417322829
20
-4.5640626771653539
11
5.2361522834645671
21
-4.5640205905511806
0
LINE
8
BLACK
6
CONTINUOUS
10
5.2361522834645671
20
-4.5640205905511806
11
5.2380270472440946
21
-4.5602710629921255
0
LINE
8
BLACK
6
CONTINUOUS
10
5.2380270472440946
20
-4.5602710629921255
11
5.2381831102362204
21
-4.5600230314960628
0
LINE
8
BLACK
6
CONTINUOUS
10
5.2381831102362204
20
-4.5600230314960628
11
5.2382129527559051
21
-4.5599511023622048
0
LINE
8
BLACK
6
CONTINUOUS
10
5.2382129527559051
20
-4.5599511023622048
11
5.2382794094488192
21
-4.5598701181102363
0
LINE
8
BLACK
6
CONTINUOUS
10
5.2382794094488192
20
-4.5598701181102363
11
5.2383353937007877
21
-4.5597811811023625
0
LINE
8
BLACK
6
CONTINUOUS
10
5.2383353937007877
20
-4.5597811811023625
11
5.2383943700787396
21
-4.5597300000000001
0
LINE
8
BLACK
6
CONTINUOUS
10
5.2383943700787396
20
-4.5597300000000001
11
5.2385801574803148
21
-4.559503661417323
0
LINE
8
BLACK
6
CONTINUOUS
10
5.2385801574803148
20
-4.559503661417323
11
5.2423296850393699
21
-4.5557541338582679
0
LINE
8
BLACK
6
CONTINUOUS
10
5.2423296850393699
20
-4.5557541338582679
11
5.2427771259842517
21
-4.5553868897637795
0
LINE
8
BLACK
6
CONTINUOUS
10
5.2427771259842517
20
-4.5553868897637795
11
5.2428751574803147
21
-4.5553462598425192
0
LINE
8
BLACK
6
CONTINUOUS
10
5.2428751574803147
20
-4.5553462598425192
11
5.2429552755905506
21
-4.5552768110236217
0
LINE
8
BLACK
6
CONTINUOUS
10
5.2429552755905506
20
-4.5552768110236217
11
5.2434838582677168
21
-4.5550408267716538
0
LINE
8
BLACK
6
CONTINUOUS
10
5.2434838582677168
20
-4.5550408267716538
11
5.2491081102362207
21
-4.5531660629921262
0
LINE
8
BLACK
6
CONTINUOUS
10
5.2491081102362207
20
-4.5531660629921262
11
5.2493937401574806
21
-4.5531011023622048
0
LINE
8
BLACK
6
CONTINUOUS
10
5.2493937401574806
20
-4.5531011023622048
11
5.2494658267716536
21
-4.5530712598425191
0
LINE
8
BLACK
6
CONTINUOUS
10
5.2494658267716536
20
-4.5530712598425191
11
5.2495702755905507
21
-4.5530609448818895
0
LINE
8
BLACK
6
CONTINUOUS
10
5.2495702755905507
20
-4.5530609448818895
11
5.2496725590551181
21
-4.5530377165354325
0
LINE
8
BLACK
6
CONTINUOUS
10
5.2496725590551181
20
-4.5530377165354325
11
5.249750275590551
21
-4.553043228346457
0
LINE
8
BLACK
6
CONTINUOUS
10
5.249750275590551
20
-4.553043228346457
11
5.2500418897637795
21
-4.5530145275590552
0
LINE
8
BLACK
6
CONTINUOUS
10
5.2500418897637795
20
-4.5530145275590552
11
5.2537914173228346
21
-4.5530145275590552
0
LINE
8
BLACK
6
CONTINUOUS
10
5.2537914173228346
20
-4.5530145275590552
11
5.2540829527559056
21
-4.553043228346457
0
LINE
8
BLACK
6
CONTINUOUS
10
5.3234492913385827
20
-4.553043228346457
11
5.3235270472440943
21
-4.5530377165354325
0
LINE
8
BLACK
6
CONTINUOUS
10
5.3235270472440943
20
-4.5530377165354325
11
5.323629291338583
21
-4.5530609448818895
0
LINE
8
BLACK
6
CONTINUOUS
10
5.323629291338583
20
-4.5530609448818895
11
5.3237338188976375
21
-4.5530712598425191
0
LINE
8
BLACK
6
CONTINUOUS
10
5.3237338188976375
20
-4.5530712598425191
11
5.3238059055118105
21
-4.5531011023622048
0
LINE
8
BLACK
6
CONTINUOUS
10
5.3238059055118105
20
-4.5531011023622048
11
5.3240914960629917
21
-4.5531660629921262
0
LINE
8
BLACK
6
CONTINUOUS
10
5.3240914960629917
20
-4.5531660629921262
11
5.3297157874015744
21
-4.5550408267716538
0
LINE
8
BLACK
6
CONTINUOUS
10
5.3297157874015744
20
-4.5550408267716538
11
5.3302443307086609
21
-4.5552768110236217
0
LINE
8
BLACK
6
CONTINUOUS
10
5.3302443307086609
20
-4.5552768110236217
11
5.3311146850393696
21
-4.5560316929133862
0
LINE
8
BLACK
6
CONTINUOUS
10
5.3311146850393696
20
-4.5560316929133862
11
5.3316299212598421
21
-4.5570621259842516
0
LINE
8
BLACK
6
CONTINUOUS
10
5.3316299212598421
20
-4.5570621259842516
11
5.3317116141732281
21
-4.5582113385826775
0
LINE
8
BLACK
6
CONTINUOUS
10
5.3317116141732281
20
-4.5582113385826775
11
5.3313472834645665
21
-4.5593043307086614
0
LINE
8
BLACK
6
CONTINUOUS
10
5.3313472834645665
20
-4.5593043307086614
11
5.330592401574803
21
-4.5601747244094488
0
LINE
8
BLACK
6
CONTINUOUS
10
5.330592401574803
20
-4.5601747244094488
11
5.3295619291338578
21
-4.5606899212598426
0
LINE
8
BLACK
6
CONTINUOUS
10
5.3295619291338578
20
-4.5606899212598426
11
5.3284127165354329
21
-4.5607716141732286
0
LINE
8
BLACK
6
CONTINUOUS
10
5.3284127165354329
20
-4.5607716141732286
11
5.3278482677165355
21
-4.5606432677165349
0
LINE
8
BLACK
6
CONTINUOUS
10
5.3278482677165355
20
-4.5606432677165349
11
5.3226786220472437
21
-4.5589200393700784
0
LINE
8
BLACK
6
CONTINUOUS
10
5.3226786220472437
20
-4.5589200393700784
11
5.3144809842519685
21
-4.5589200393700784
0
LINE
8
BLACK
6
CONTINUOUS
10
5.3144809842519685
20
-4.5589200393700784
11
5.3117835039370078
21
-4.5602687795275587
0
LINE
8
BLACK
6
CONTINUOUS
10
5.3117835039370078
20
-4.5602687795275587
11
5.310586377952756
21
-4.5614659055118105
0
LINE
8
BLACK
6
CONTINUOUS
10
5.310586377952756
20
-4.5614659055118105
11
5.3092376377952757
21
-4.5641633858267712
0
LINE
8
BLACK
6
CONTINUOUS
10
5.3092376377952757
20
-4.5641633858267712
11
5.3092376377952757
21
-4.566518818897638
0
LINE
8
BLACK
6
CONTINUOUS
10
5.3092376377952757
20
-4.566518818897638
11
5.310586377952756
21
-4.5692162992125986
0
LINE
8
BLACK
6
CONTINUOUS
10
5.310586377952756
20
-4.5692162992125986
11
5.3117835039370078
21
-4.5704134251968505
0
LINE
8
BLACK
6
CONTINUOUS
10
5.3117835039370078
20
-4.5704134251968505
11
5.3148144881889765
21
-4.571928897637795
0
LINE
8
BLACK
6
CONTINUOUS
10
5.3148144881889765
20
-4.571928897637795
11
5.3219991338582675
21
-4.5737250787401571
0
LINE
8
BLACK
6
CONTINUOUS
10
5.3219991338582675
20
-4.5737250787401571
11
5.3220416141732283
21
-4.5737402362204724
0
LINE
8
BLACK
6
CONTINUOUS
10
5.3220416141732283
20
-4.5737402362204724
11
5.3220628740157476
21
-4.5737417716535429
0
LINE
8
BLACK
6
CONTINUOUS
10
5.3220628740157476
20
-4.5737417716535429
11
5.322302283464567
21
-4.5738333858267719
0
LINE
8
BLACK
6
CONTINUOUS
10
5.322302283464567
20
-4.5738333858267719
11
5.3225442519685036
21
-4.5739198425196852
0
LINE
8
BLACK
6
CONTINUOUS
10
5.3225442519685036
20
-4.5739198425196852
11
5.3225613779527556
21
-4.5739325196850391
0
LINE
8
BLACK
6
CONTINUOUS
10
5.3225613779527556
20
-4.5739325196850391
11
5.3226035039370077
21
-4.5739486614173224
0
LINE
8
BLACK
6
CONTINUOUS
10
5.3226035039370077
20
-4.5739486614173224
11
5.3263530314960628
21
-4.5758234251968499
0
LINE
8
BLACK
6
CONTINUOUS
10
5.3263530314960628
20
-4.5758234251968499
11
5.3266010236220467
21
-4.5759794881889766
0
LINE
8
BLACK
6
CONTINUOUS
10
5.3266010236220467
20
-4.5759794881889766
11
5.3266729921259843
21
-4.5760093307086613
0
LINE
8
BLACK
6
CONTINUOUS
10
5.3266729921259843
20
-4.5760093307086613
11
5.326753937007874
21
-4.5760757874015745
0
LINE
8
BLACK
6
CONTINUOUS
10
5.326753937007874
20
-4.5760757874015745
11
5.3268429133858266
21
-4.576131771653543
0
LINE
8
BLACK
6
CONTINUOUS
10
5.3268429133858266
20
-4.576131771653543
11
5.3268940551181103
21
-4.5761907480314958
0
LINE
8
BLACK
6
CONTINUOUS
10
5.3268940551181103
20
-4.5761907480314958
11
5.3271204330708661
21
-4.576376535433071
0
LINE
8
BLACK
6
CONTINUOUS
10
5.3271204330708661
20
-4.576376535433071
11
5.3289951968503937
21
-4.5782512992125985
0
LINE
8
BLACK
6
CONTINUOUS
10
5.3289951968503937
20
-4.5782512992125985
11
5.3291809448818892
21
-4.5784776377952756
0
LINE
8
BLACK
6
CONTINUOUS
10
5.3291809448818892
20
-4.5784776377952756
11
5.3292399606299208
21
-4.5785288188976381
0
LINE
8
BLACK
6
CONTINUOUS
10
5.3292399606299208
20
-4.5785288188976381
11
5.3292959055118105
21
-4.5786177559055119
0
LINE
8
BLACK
6
CONTINUOUS
10
5.3292959055118105
20
-4.5786177559055119
11
5.3293624015748033
21
-4.5786987401574804
0
LINE
8
BLACK
6
CONTINUOUS
10
5.3293624015748033
20
-4.5786987401574804
11
5.3293922047244093
21
-4.5787706692913384
0
LINE
8
BLACK
6
CONTINUOUS
10
5.3293922047244093
20
-4.5787706692913384
11
5.3295483070866139
21
-4.579018700787401
0
LINE
8
BLACK
6
CONTINUOUS
10
5.3295483070866139
20
-4.579018700787401
11
5.3314230708661414
21
-4.582768228346457
0
LINE
8
BLACK
6
CONTINUOUS
10
5.3314230708661414
20
-4.582768228346457
11
5.3316299606299209
21
-4.5833088188976374
0
LINE
8
BLACK
6
CONTINUOUS
10
5.3316299606299209
20
-4.5833088188976374
11
5.3316374803149609
21
-4.5834146850393696
0
LINE
8
BLACK
6
CONTINUOUS
10
5.3316374803149609
20
-4.5834146850393696
11
5.3316780708661415
21
-4.5835126771653538
0
LINE
8
BLACK
6
CONTINUOUS
10
5.3316780708661415
20
-4.5835126771653538
11
5.3317348031496063
21
-4.5840887401574806
0
LINE
8
BLACK
6
CONTINUOUS
10
5.3317348031496063
20
-4.5840887401574806
11
5.3317348031496063
21
-4.5878382677165357
0
LINE
8
BLACK
6
CONTINUOUS
10
5.3317348031496063
20
-4.5878382677165357
11
5.3316780708661415
21
-4.5884143307086616
0
LINE
8
BLACK
6
CONTINUOUS
10
5.3316780708661415
20
-4.5884143307086616
11
5.3316374803149609
21
-4.5885122834645671
0
LINE
8
BLACK
6
CONTINUOUS
10
5.3316374803149609
20
-4.5885122834645671
11
5.3316299606299209
21
-4.588618188976378
0
LINE
8
BLACK
6
CONTINUOUS
10
5.3316299606299209
20
-4.588618188976378
11
5.3314230708661414
21
-4.5891587795275592
0
LINE
8
BLACK
6
CONTINUOUS
10
5.3314230708661414
20
-4.5891587795275592
11
5.3295483070866139
21
-4.5929083070866144
0
LINE
8
BLACK
6
CONTINUOUS
10
5.3295483070866139
20
-4.5929083070866144
11
5.3293922440944881
21
-4.593156181102362
0
LINE
8
BLACK
6
CONTINUOUS
10
5.3293922440944881
20
-4.593156181102362
11
5.3293624409448821
21
-4.5932282283464563
0
LINE
8
BLACK
6
CONTINUOUS
10
5.3293624409448821
20
-4.5932282283464563
11
5.3292959055118105
21
-4.5933092519685035
0
LINE
8
BLACK
6
CONTINUOUS
10
5.3292959055118105
20
-4.5933092519685035
11
5.3292399606299208
21
-4.5933981889763782
0
LINE
8
BLACK
6
CONTINUOUS
10
5.3292399606299208
20
-4.5933981889763782
11
5.3291809448818892
21
-4.593449330708661
0
LINE
8
BLACK
6
CONTINUOUS
10
5.3291809448818892
20
-4.593449330708661
11
5.3289951968503937
21
-4.5936757086614168
0
LINE
8
BLACK
6
CONTINUOUS
10
5.3289951968503937
20
-4.5936757086614168
11
5.3271204724409449
21
-4.5955504724409444
0
LINE
8
BLACK
6
CONTINUOUS
10
5.3271204724409449
20
-4.5955504724409444
11
5.3268940944881891
21
-4.5957362204724408
0
LINE
8
BLACK
6
CONTINUOUS
10
5.3268940944881891
20
-4.5957362204724408
11
5.3268429133858266
21
-4.5957952755905511
0
LINE
8
BLACK
6
CONTINUOUS
10
5.3268429133858266
20
-4.5957952755905511
11
5.326753937007874
21
-4.5958512598425196
0
LINE
8
BLACK
6
CONTINUOUS
10
5.326753937007874
20
-4.5958512598425196
11
5.3266729921259843
21
-4.5959177165354328
0
LINE
8
BLACK
6
CONTINUOUS
10
5.3266729921259843
20
-4.5959177165354328
11
5.3266010236220467
21
-4.5959475196850397
0
LINE
8
BLACK
6
CONTINUOUS
10
5.3266010236220467
20
-4.5959475196850397
11
5.3263530314960628
21
-4.5961036220472442
0
LINE
8
BLACK
6
CONTINUOUS
10
5.3263530314960628
20
-4.5961036220472442
11
5.3226035039370077
21
-4.5979783858267718
0
LINE
8
BLACK
6
CONTINUOUS
10
5.3226035039370077
20
-4.5979783858267718
11
5.3220628740157476
21
-4.5981852755905512
0
LINE
8
BLACK
6
CONTINUOUS
10
5.3220628740157476
20
-4.5981852755905512
11
5.3219570472440942
21
-4.5981927559055116
0
LINE
8
BLACK
6
CONTINUOUS
10
5.3219570472440942
20
-4.5981927559055116
11
5.32185905511811
21
-4.5982333858267719
0
LINE
8
BLACK
6
CONTINUOUS
10
5.32185905511811
20
-4.5982333858267719
11
5.3212829921259841
21
-4.5982901181102358
0
LINE
8
BLACK
6
CONTINUOUS
10
5.3212829921259841
20
-4.5982901181102358
11
5.3119091732283463
21
-4.5982901181102358
0
LINE
8
BLACK
6
CONTINUOUS
10
5.3119091732283463
20
-4.5982901181102358
11
5.3116175590551178
21
-4.5982613779527561
0
LINE
8
BLACK
6
CONTINUOUS
10
5.3116175590551178
20
-4.5982613779527561
11
5.3115398425196849
21
-4.5982669291338585
0
LINE
8
BLACK
6
CONTINUOUS
10
5.3115398425196849
20
-4.5982669291338585
11
5.3114375590551184
21
-4.5982436614173228
0
LINE
8
BLACK
6
CONTINUOUS
10
5.3114375590551184
20
-4.5982436614173228
11
5.3113331102362205
21
-4.5982333858267719
0
LINE
8
BLACK
6
CONTINUOUS
10
5.3113331102362205
20
-4.5982333858267719
11
5.3112610236220474
21
-4.5982035039370075
0
LINE
8
BLACK
6
CONTINUOUS
10
5.3112610236220474
20
-4.5982035039370075
11
5.3109753937007875
21
-4.5981385826771657
0
LINE
8
BLACK
6
CONTINUOUS
10
5.3109753937007875
20
-4.5981385826771657
11
5.3053511417322836
21
-4.5962638188976381
0
LINE
8
BLACK
6
CONTINUOUS
10
5.3053511417322836
20
-4.5962638188976381
11
5.3048225590551183
21
-4.5960278346456693
0
LINE
8
BLACK
6
CONTINUOUS
10
5.3048225590551183
20
-4.5960278346456693
11
5.3039522047244096
21
-4.5952729527559057
0
LINE
8
BLACK
6
CONTINUOUS
10
5.3039522047244096
20
-4.5952729527559057
11
5.3034370078740158
21
-4.5942425196850394
0
LINE
8
BLACK
6
CONTINUOUS
10
5.3034370078740158
20
-4.5942425196850394
11
5.3033553149606298
21
-4.5930933070866145
0
LINE
8
BLACK
6
CONTINUOUS
10
5.3033553149606298
20
-4.5930933070866145
11
5.3037196456692914
21
-4.5920002755905509
0
LINE
8
BLACK
6
CONTINUOUS
10
5.3037196456692914
20
-4.5920002755905509
11
5.304474527559055
21
-4.5911299212598422
0
LINE
8
BLACK
6
CONTINUOUS
10
5.304474527559055
20
-4.5911299212598422
11
5.3055049606299214
21
-4.5906147244094484
0
LINE
8
BLACK
6
CONTINUOUS
10
5.3055049606299214
20
-4.5906147244094484
11
5.3066541732283463
21
-4.5905330314960633
0
LINE
8
BLACK
6
CONTINUOUS
10
5.3066541732283463
20
-4.5905330314960633
11
5.3072186220472437
21
-4.5906613779527561
0
LINE
8
BLACK
6
CONTINUOUS
10
5.3072186220472437
20
-4.5906613779527561
11
5.3123883070866142
21
-4.5923846062992126
0
LINE
8
BLACK
6
CONTINUOUS
10
5.3123883070866142
20
-4.5923846062992126
11
5.3205859448818895
21
-4.5923846062992126
0
LINE
8
BLACK
6
CONTINUOUS
10
5.3205859448818895
20
-4.5923846062992126
11
5.3232833858267714
21
-4.5910358661417323
0
LINE
8
BLACK
6
CONTINUOUS
10
5.3232833858267714
20
-4.5910358661417323
11
5.3244805118110232
21
-4.5898387007874017
0
LINE
8
BLACK
6
CONTINUOUS
10
5.3244805118110232
20
-4.5898387007874017
11
5.3258292913385823
21
-4.5871412204724411
0
LINE
8
BLACK
6
CONTINUOUS
10
5.3258292913385823
20
-4.5871412204724411
11
5.3258292913385823
21
-4.5847857874015743
0
LINE
8
BLACK
6
CONTINUOUS
10
5.3258292913385823
20
-4.5847857874015743
11
5.324480551181102
21
-4.5820883070866136
0
LINE
8
BLACK
6
CONTINUOUS
10
5.324480551181102
20
-4.5820883070866136
11
5.3232834251968502
21
-4.5808911811023618
0
LINE
8
BLACK
6
CONTINUOUS
10
5.3232834251968502
20
-4.5808911811023618
11
5.3202524409448815
21
-4.5793756692913385
0
LINE
8
BLACK
6
CONTINUOUS
10
5.3202524409448815
20
-4.5793756692913385
11
5.3130677952755905
21
-4.5775795275590552
0
LINE
8
BLACK
6
CONTINUOUS
10
5.3130677952755905
20
-4.5775795275590552
11
5.3130252755905509
21
-4.5775643307086611
0
LINE
8
BLACK
6
CONTINUOUS
10
5.3130252755905509
20
-4.5775643307086611
11
5.3130040157480316
21
-4.5775628346456694
0
LINE
8
BLACK
6
CONTINUOUS
10
5.3130040157480316
20
-4.5775628346456694
11
5.3127642519685034
21
-4.5774710629921262
0
LINE
8
BLACK
6
CONTINUOUS
10
5.3127642519685034
20
-4.5774710629921262
11
5.3125226771653544
21
-4.5773847637795271
0
LINE
8
BLACK
6
CONTINUOUS
10
5.3125226771653544
20
-4.5773847637795271
11
5.3125055118110236
21
-4.5773720472440944
0
LINE
8
BLACK
6
CONTINUOUS
10
5.3125055118110236
20
-4.5773720472440944
11
5.3124634251968503
21
-4.5773559448818899
0
LINE
8
BLACK
6
CONTINUOUS
10
5.3124634251968503
20
-4.5773559448818899
11
5.3087138976377952
21
-4.5754811811023623
0
LINE
8
BLACK
6
CONTINUOUS
10
5.3087138976377952
20
-4.5754811811023623
11
5.3084658661417325
21
-4.5753250787401578
0
LINE
8
BLACK
6
CONTINUOUS
10
5.3084658661417325
20
-4.5753250787401578
11
5.3083939370078737
21
-4.5752952755905509
0
LINE
8
BLACK
6
CONTINUOUS
10
5.3083939370078737
20
-4.5752952755905509
11
5.3083129527559052
21
-4.575228779527559
0
LINE
8
BLACK
6
CONTINUOUS
10
5.3083129527559052
20
-4.575228779527559
11
5.3082240157480314
21
-4.5751728346456693
0
LINE
8
BLACK
6
CONTINUOUS
10
5.3082240157480314
20
-4.5751728346456693
11
5.3081728346456689
21
-4.5751138188976377
0
LINE
8
BLACK
6
CONTINUOUS
10
5.3081728346456689
20
-4.5751138188976377
11
5.3079464960629918
21
-4.5749280708661413
0
LINE
8
BLACK
6
CONTINUOUS
10
5.3079464960629918
20
-4.5749280708661413
11
5.3060717322834643
21
-4.5730533070866137
0
LINE
8
BLACK
6
CONTINUOUS
10
5.3060717322834643
20
-4.5730533070866137
11
5.30588594488189
21
-4.5728269291338579
0
LINE
8
BLACK
6
CONTINUOUS
10
5.30588594488189
20
-4.5728269291338579
11
5.3058269685039372
21
-4.5727757874015751
0
LINE
8
BLACK
6
CONTINUOUS
10
5.3058269685039372
20
-4.5727757874015751
11
5.3057709842519687
21
-4.5726868110236216
0
LINE
8
BLACK
6
CONTINUOUS
10
5.3057709842519687
20
-4.5726868110236216
11
5.3057045275590546
21
-4.5726058661417319
0
LINE
8
BLACK
6
CONTINUOUS
10
5.3057045275590546
20
-4.5726058661417319
11
5.3056746850393699
21
-4.5725338976377952
0
LINE
8
BLACK
6
CONTINUOUS
10
5.3056746850393699
20
-4.5725338976377952
11
5.3055186220472441
21
-4.5722859055118112
0
LINE
8
BLACK
6
CONTINUOUS
10
5.3055186220472441
20
-4.5722859055118112
11
5.3036438582677166
21
-4.5685363779527561
0
LINE
8
BLACK
6
CONTINUOUS
10
5.3036438582677166
20
-4.5685363779527561
11
5.3034369685039371
21
-4.5679957480314961
0
LINE
8
BLACK
6
CONTINUOUS
10
5.3034369685039371
20
-4.5679957480314961
11
5.3034294488188971
21
-4.5678899212598427
0
LINE
8
BLACK
6
CONTINUOUS
10
5.3034294488188971
20
-4.5678899212598427
11
5.3033888582677164
21
-4.5677919291338585
0
LINE
8
BLACK
6
CONTINUOUS
10
5.3033888582677164
20
-4.5677919291338585
11
5.3033321259842516
21
-4.5672158661417326
0
LINE
8
BLACK
6
CONTINUOUS
10
5.3033321259842516
20
-4.5672158661417326
11
5.3033321259842516
21
-4.5634663385826775
0
LINE
8
BLACK
6
CONTINUOUS
10
5.3033321259842516
20
-4.5634663385826775
11
5.3033888582677164
21
-4.5628902755905507
0
LINE
8
BLACK
6
CONTINUOUS
10
5.3033888582677164
20
-4.5628902755905507
11
5.3034294488188971
21
-4.5627922440944877
0
LINE
8
BLACK
6
CONTINUOUS
10
5.3034294488188971
20
-4.5627922440944877
11
5.3034369685039371
21
-4.5626864566929131
0
LINE
8
BLACK
6
CONTINUOUS
10
5.3034369685039371
20
-4.5626864566929131
11
5.3036438582677166
21
-4.562145826771653
0
LINE
8
BLACK
6
CONTINUOUS
10
5.3036438582677166
20
-4.562145826771653
11
5.3055186220472441
21
-4.5583962992125979
0
LINE
8
BLACK
6
CONTINUOUS
10
5.3055186220472441
20
-4.5583962992125979
11
5.3056746850393699
21
-4.5581482677165353
0
LINE
8
BLACK
6
CONTINUOUS
10
5.3056746850393699
20
-4.5581482677165353
11
5.3057045275590546
21
-4.5580763385826772
0
LINE
8
BLACK
6
CONTINUOUS
10
5.3057045275590546
20
-4.5580763385826772
11
5.3057709842519687
21
-4.5579953543307088
0
LINE
8
BLACK
6
CONTINUOUS
10
5.3057709842519687
20
-4.5579953543307088
11
5.3058269685039372
21
-4.557906417322835
0
LINE
8
BLACK
6
CONTINUOUS
10
5.3058269685039372
20
-4.557906417322835
11
5.30588594488189
21
-4.5578552362204725
0
LINE
8
BLACK
6
CONTINUOUS
10
5.30588594488189
20
-4.5578552362204725
11
5.3060717322834643
21
-4.5576288976377954
0
LINE
8
BLACK
6
CONTINUOUS
10
5.3060717322834643
20
-4.5576288976377954
11
5.3079464960629918
21
-4.5557541338582679
0
LINE
8
BLACK
6
CONTINUOUS
10
5.3079464960629918
20
-4.5557541338582679
11
5.3081728346456689
21
-4.5555683464566927
0
LINE
8
BLACK
6
CONTINUOUS
10
5.3081728346456689
20
-4.5555683464566927
11
5.3082240157480314
21
-4.5555093700787399
0
LINE
8
BLACK
6
CONTINUOUS
10
5.3082240157480314
20
-4.5555093700787399
11
5.3083129527559052
21
-4.5554533858267714
0
LINE
8
BLACK
6
CONTINUOUS
10
5.3083129527559052
20
-4.5554533858267714
11
5.3083939370078737
21
-4.5553869291338582
0
LINE
8
BLACK
6
CONTINUOUS
10
5.3083939370078737
20
-4.5553869291338582
11
5.3084658661417325
21
-4.5553570866141735
0
LINE
8
BLACK
6
CONTINUOUS
10
5.3084658661417325
20
-4.5553570866141735
11
5.3087138976377952
21
-4.5552010236220468
0
LINE
8
BLACK
6
CONTINUOUS
10
5.3087138976377952
20
-4.5552010236220468
11
5.3124634251968503
21
-4.5533262598425193
0
LINE
8
BLACK
6
CONTINUOUS
10
5.3124634251968503
20
-4.5533262598425193
11
5.3130040157480316
21
-4.5531193700787398
0
LINE
8
BLACK
6
CONTINUOUS
10
5.3130040157480316
20
-4.5531193700787398
11
5.3131098818897637
21
-4.5531118110236219
0
LINE
8
BLACK
6
CONTINUOUS
10
5.3131098818897637
20
-4.5531118110236219
11
5.313207874015748
21
-4.5530712598425191
0
LINE
8
BLACK
6
CONTINUOUS
10
5.313207874015748
20
-4.5530712598425191
11
5.3137839370078739
21
-4.5530145275590552
0
LINE
8
BLACK
6
CONTINUOUS
10
5.3137839370078739
20
-4.5530145275590552
11
5.3231577559055117
21
-4.5530145275590552
0
LINE
8
BLACK
6
CONTINUOUS
10
5.3231577559055117
20
-4.5530145275590552
11
5.3234492913385827
21
-4.553043228346457
0
LINE
8
BLACK
6
CONTINUOUS
10
5.3609446062992125
20
-4.553043228346457
11
5.3610223622047242
21
-4.5530377165354325
0
LINE
8
BLACK
6
CONTINUOUS
10
5.3610223622047242
20
-4.5530377165354325
11
5.3611246062992128
21
-4.5530609448818895
0
LINE
8
BLACK
6
CONTINUOUS
10
5.3611246062992128
20
-4.5530609448818895
11
5.3612291338582674
21
-4.5530712598425191
0
LINE
8
BLACK
6
CONTINUOUS
10
5.3612291338582674
20
-4.5530712598425191
11
5.3613012204724404
21
-4.5531011023622048
0
LINE
8
BLACK
6
CONTINUOUS
10
5.3613012204724404
20
-4.5531011023622048
11
5.3615868110236216
21
-4.5531660629921262
0
LINE
8
BLACK
6
CONTINUOUS
10
5.3615868110236216
20
-4.5531660629921262
11
5.3672111023622042
21
-4.5550408267716538
0
LINE
8
BLACK
6
CONTINUOUS
10
5.3672111023622042
20
-4.5550408267716538
11
5.3677396456692916
21
-4.5552768110236217
0
LINE
8
BLACK
6
CONTINUOUS
10
5.3677396456692916
20
-4.5552768110236217
11
5.3678197637795275
21
-4.5553462992125979
0
LINE
8
BLACK
6
CONTINUOUS
10
5.3678197637795275
20
-4.5553462992125979
11
5.3679178346456693
21
-4.5553869291338582
0
LINE
8
BLACK
6
CONTINUOUS
10
5.3679178346456693
20
-4.5553869291338582
11
5.3683652755905511
21
-4.5557541338582679
0
LINE
8
BLACK
6
CONTINUOUS
10
5.3683652755905511
20
-4.5557541338582679
11
5.3702400393700787
21
-4.5576288976377954
0
LINE
8
BLACK
6
CONTINUOUS
10
5.3702400393700787
20
-4.5576288976377954
11
5.3706072440944883
21
-4.5580763385826772
0
LINE
8
BLACK
6
CONTINUOUS
10
5.3706072440944883
20
-4.5580763385826772
11
5.3710481496062989
21
-4.5591407480314956
0
LINE
8
BLACK
6
CONTINUOUS
10
5.3710481496062989
20
-4.5591407480314956
11
5.3710481496062989
21
-4.5602928346456695
0
LINE
8
BLACK
6
CONTINUOUS
10
5.3710481496062989
20
-4.5602928346456695
11
5.3706072440944883
21
-4.5613572440944878
0
LINE
8
BLACK
6
CONTINUOUS
10
5.3706072440944883
20
-4.5613572440944878
11
5.3697925590551181
21
-4.5621719291338581
0
LINE
8
BLACK
6
CONTINUOUS
10
5.3697925590551181
20
-4.5621719291338581
11
5.3687281496062988
21
-4.5626128346456696
0
LINE
8
BLACK
6
CONTINUOUS
10
5.3687281496062988
20
-4.5626128346456696
11
5.3675760629921259
21
-4.5626128346456696
0
LINE
8
BLACK
6
CONTINUOUS
10
5.3675760629921259
20
-4.5626128346456696
11
5.3665116535433066
21
-4.5621719291338581
0
LINE
8
BLACK
6
CONTINUOUS
10
5.3665116535433066
20
-4.5621719291338581
11
5.3660642125984248
21
-4.5618047244094484
0
LINE
8
BLACK
6
CONTINUOUS
10
5.3660642125984248
20
-4.5618047244094484
11
5.3646823228346454
21
-4.560422834645669
0
LINE
8
BLACK
6
CONTINUOUS
10
5.3646823228346454
20
-4.560422834645669
11
5.3601739370078736
21
-4.5589200393700784
0
LINE
8
BLACK
6
CONTINUOUS
10
5.3601739370078736
20
-4.5589200393700784
11
5.3573826771653543
21
-4.5589200393700784
0
LINE
8
BLACK
6
CONTINUOUS
10
5.3573826771653543
20
-4.5589200393700784
11
5.3528742913385825
21
-4.560422834645669
0
LINE
8
BLACK
6
CONTINUOUS
10
5.3528742913385825
20
-4.560422834645669
11
5.3499564566929134
21
-4.5633406692913381
0
LINE
8
BLACK
6
CONTINUOUS
10
5.3499564566929134
20
-4.5633406692913381
11
5.3484409448818893
21
-4.5663716535433068
0
LINE
8
BLACK
6
CONTINUOUS
10
5.3484409448818893
20
-4.5663716535433068
11
5.3467329527559055
21
-4.5732037007874018
0
LINE
8
BLACK
6
CONTINUOUS
10
5.3467329527559055
20
-4.5732037007874018
11
5.3467329527559055
21
-4.5781009055118105
0
LINE
8
BLACK
6
CONTINUOUS
10
5.3467329527559055
20
-4.5781009055118105
11
5.3484409448818893
21
-4.5849329527559055
0
LINE
8
BLACK
6
CONTINUOUS
10
5.3484409448818893
20
-4.5849329527559055
11
5.3499564566929134
21
-4.5879639370078742
0
LINE
8
BLACK
6
CONTINUOUS
10
5.3499564566929134
20
-4.5879639370078742
11
5.3528742913385825
21
-4.590881811023622
0
LINE
8
BLACK
6
CONTINUOUS
10
5.3528742913385825
20
-4.590881811023622
11
5.3573826771653543
21
-4.5923846062992126
0
LINE
8
BLACK
6
CONTINUOUS
10
5.3573826771653543
20
-4.5923846062992126
11
5.3601739370078736
21
-4.5923846062992126
0
LINE
8
BLACK
6
CONTINUOUS
10
5.3601739370078736
20
-4.5923846062992126
11
5.3646823228346454
21
-4.5908817716535433
0
LINE
8
BLACK
6
CONTINUOUS
10
5.3646823228346454
20
-4.5908817716535433
11
5.3660641732283461
21
-4.5894999212598426
0
LINE
8
BLACK
6
CONTINUOUS
10
5.3660641732283461
20
-4.5894999212598426
11
5.3665116535433066
21
-4.5891326771653542
0
LINE
8
BLACK
6
CONTINUOUS
10
5.3665116535433066
20
-4.5891326771653542
11
5.3675760629921259
21
-4.5886917716535436
0
LINE
8
BLACK
6
CONTINUOUS
10
5.3675760629921259
20
-4.5886917716535436
11
5.3687281496062988
21
-4.5886917716535436
0
LINE
8
BLACK
6
CONTINUOUS
10
5.3687281496062988
20
-4.5886917716535436
11
5.3697925590551181
21
-4.5891326377952755
0
LINE
8
BLACK
6
CONTINUOUS
10
5.3697925590551181
20
-4.5891326377952755
11
5.3706072440944883
21
-4.5899473228346457
0
LINE
8
BLACK
6
CONTINUOUS
10
5.3706072440944883
20
-4.5899473228346457
11
5.3710481496062989
21
-4.591011732283464
0
LINE
8
BLACK
6
CONTINUOUS
10
5.3710481496062989
20
-4.591011732283464
11
5.3710481496062989
21
-4.5921638188976379
0
LINE
8
BLACK
6
CONTINUOUS
10
5.3710481496062989
20
-4.5921638188976379
11
5.3706072834645671
21
-4.5932282283464563
0
LINE
8
BLACK
6
CONTINUOUS
10
5.3706072834645671
20
-4.5932282283464563
11
5.3702400393700787
21
-4.5936757086614168
0
LINE
8
BLACK
6
CONTINUOUS
10
5.3702400393700787
20
-4.5936757086614168
11
5.3683653149606299
21
-4.5955504724409444
0
LINE
8
BLACK
6
CONTINUOUS
10
5.3683653149606299
20
-4.5955504724409444
11
5.3679178346456693
21
-4.5959177165354328
0
LINE
8
BLACK
6
CONTINUOUS
10
5.3679178346456693
20
-4.5959177165354328
11
5.3678197637795275
21
-4.5959583070866143
0
LINE
8
BLACK
6
CONTINUOUS
10
5.3678197637795275
20
-4.5959583070866143
11
5.3677396456692916
21
-4.5960278346456693
0
LINE
8
BLACK
6
CONTINUOUS
10
5.3677396456692916
20
-4.5960278346456693
11
5.3672111023622042
21
-4.5962638188976381
0
LINE
8
BLACK
6
CONTINUOUS
10
5.3672111023622042
20
-4.5962638188976381
11
5.3615868110236216
21
-4.5981385826771657
0
LINE
8
BLACK
6
CONTINUOUS
10
5.3615868110236216
20
-4.5981385826771657
11
5.3613012204724404
21
-4.5982035039370075
0
LINE
8
BLACK
6
CONTINUOUS
10
5.3613012204724404
20
-4.5982035039370075
11
5.3612291338582674
21
-4.5982333858267719
0
LINE
8
BLACK
6
CONTINUOUS
10
5.3612291338582674
20
-4.5982333858267719
11
5.3611246062992128
21
-4.5982436614173228
0
LINE
8
BLACK
6
CONTINUOUS
10
5.3611246062992128
20
-4.5982436614173228
11
5.3610223622047242
21
-4.5982669291338585
0
LINE
8
BLACK
6
CONTINUOUS
10
5.3610223622047242
20
-4.5982669291338585
11
5.3609446062992125
21
-4.5982613779527561
0
LINE
8
BLACK
6
CONTINUOUS
10
5.3609446062992125
20
-4.5982613779527561
11
5.3606530708661415
21
-4.5982901181102358
0
LINE
8
BLACK
6
CONTINUOUS
10
5.3606530708661415
20
-4.5982901181102358
11
5.3569035433070864
21
-4.5982901181102358
0
LINE
8
BLACK
6
CONTINUOUS
10
5.3569035433070864
20
-4.5982901181102358
11
5.3566119291338579
21
-4.5982613779527561
0
LINE
8
BLACK
6
CONTINUOUS
10
5.3566119291338579
20
-4.5982613779527561
11
5.356534212598425
21
-4.5982669291338585
0
LINE
8
BLACK
6
CONTINUOUS
10
5.356534212598425
20
-4.5982669291338585
11
5.3564319291338585
21
-4.5982436614173228
0
LINE
8
BLACK
6
CONTINUOUS
10
5.3564319291338585
20
-4.5982436614173228
11
5.3563274803149605
21
-4.5982333858267719
0
LINE
8
BLACK
6
CONTINUOUS
10
5.3563274803149605
20
-4.5982333858267719
11
5.3562553937007875
21
-4.5982035039370075
0
LINE
8
BLACK
6
CONTINUOUS
10
5.3562553937007875
20
-4.5982035039370075
11
5.3559697637795276
21
-4.5981385826771657
0
LINE
8
BLACK
6
CONTINUOUS
10
5.3559697637795276
20
-4.5981385826771657
11
5.3503455118110237
21
-4.5962638188976381
0
LINE
8
BLACK
6
CONTINUOUS
10
5.3503455118110237
20
-4.5962638188976381
11
5.3498169291338584
21
-4.5960278346456693
0
LINE
8
BLACK
6
CONTINUOUS
10
5.3498169291338584
20
-4.5960278346456693
11
5.3497368110236216
21
-4.5959583464566931
0
LINE
8
BLACK
6
CONTINUOUS
10
5.3497368110236216
20
-4.5959583464566931
11
5.3496387795275586
21
-4.5959177559055115
0
LINE
8
BLACK
6
CONTINUOUS
10
5.3496387795275586
20
-4.5959177559055115
11
5.3491913385826768
21
-4.5955505118110231
0
LINE
8
BLACK
6
CONTINUOUS
10
5.3491913385826768
20
-4.5955505118110231
11
5.3454418110236217
21
-4.5918009448818893
0
LINE
8
BLACK
6
CONTINUOUS
10
5.3454418110236217
20
-4.5918009448818893
11
5.3452560236220474
21
-4.5915745669291335
0
LINE
8
BLACK
6
CONTINUOUS
10
5.3452560236220474
20
-4.5915745669291335
11
5.3451970472440946
21
-4.5915234251968506
0
LINE
8
BLACK
6
CONTINUOUS
10
5.3451970472440946
20
-4.5915234251968506
11
5.3451410629921261
21
-4.5914344881889759
0
LINE
8
BLACK
6
CONTINUOUS
10
5.3451410629921261
20
-4.5914344881889759
11
5.3450745669291333
21
-4.5913534645669287
0
LINE
8
BLACK
6
CONTINUOUS
10
5.3450745669291333
20
-4.5913534645669287
11
5.3450447244094486
21
-4.5912814173228345
0
LINE
8
BLACK
6
CONTINUOUS
10
5.3450447244094486
20
-4.5912814173228345
11
5.3448887007874015
21
-4.5910335433070868
0
LINE
8
BLACK
6
CONTINUOUS
10
5.3448887007874015
20
-4.5910335433070868
11
5.343013937007874
21
-4.5872840157480317
0
LINE
8
BLACK
6
CONTINUOUS
10
5.343013937007874
20
-4.5872840157480317
11
5.3429977952755907
21
-4.5872418897637797
0
LINE
8
BLACK
6
CONTINUOUS
10
5.3429977952755907
20
-4.5872418897637797
11
5.3429851181102359
21
-4.5872247637795276
0
LINE
8
BLACK
6
CONTINUOUS
10
5.3429851181102359
20
-4.5872247637795276
11
5.3428986614173226
21
-4.5869827952755902
0
LINE
8
BLACK
6
CONTINUOUS
10
5.3428986614173226
20
-4.5869827952755902
11
5.3428070472440945
21
-4.5867433858267717
0
LINE
8
BLACK
6
CONTINUOUS
10
5.3428070472440945
20
-4.5867433858267717
11
5.3428055118110231
21
-4.5867221259842514
0
LINE
8
BLACK
6
CONTINUOUS
10
5.3428055118110231
20
-4.5867221259842514
11
5.3427903543307087
21
-4.5866796456692915
0
LINE
8
BLACK
6
CONTINUOUS
10
5.3427903543307087
20
-4.5866796456692915
11
5.3409155905511811
21
-4.5791805905511813
0
LINE
8
BLACK
6
CONTINUOUS
10
5.3409155905511811
20
-4.5791805905511813
11
5.3409007874015746
21
-4.5790807086614169
0
LINE
8
BLACK
6
CONTINUOUS
10
5.3409007874015746
20
-4.5790807086614169
11
5.3408841732283463
21
-4.5790405118110238
0
LINE
8
BLACK
6
CONTINUOUS
10
5.3408841732283463
20
-4.5790405118110238
11
5.3408627952755907
21
-4.5788234645669288
0
LINE
8
BLACK
6
CONTINUOUS
10
5.3408627952755907
20
-4.5788234645669288
11
5.3408309448818896
21
-4.5786079921259839
0
LINE
8
BLACK
6
CONTINUOUS
10
5.3408309448818896
20
-4.5786079921259839
11
5.3408373228346457
21
-4.5785649606299215
0
LINE
8
BLACK
6
CONTINUOUS
10
5.3408373228346457
20
-4.5785649606299215
11
5.3408274409448815
21
-4.5784644488188979
0
LINE
8
BLACK
6
CONTINUOUS
10
5.3408274409448815
20
-4.5784644488188979
11
5.3408274409448815
21
-4.5728401574803152
0
LINE
8
BLACK
6
CONTINUOUS
10
5.3408274409448815
20
-4.5728401574803152
11
5.3408373228346457
21
-4.5727396062992121
0
LINE
8
BLACK
6
CONTINUOUS
10
5.3408373228346457
20
-4.5727396062992121
11
5.3408309448818896
21
-4.5726966141732284
0
LINE
8
BLACK
6
CONTINUOUS
10
5.3408309448818896
20
-4.5726966141732284
11
5.3408627952755907
21
-4.5724811023622047
0
LINE
8
BLACK
6
CONTINUOUS
10
5.3408627952755907
20
-4.5724811023622047
11
5.3408841732283463
21
-4.5722640944881885
0
LINE
8
BLACK
6
CONTINUOUS
10
5.3408841732283463
20
-4.5722640944881885
11
5.3409007874015746
21
-4.5722238582677166
0
LINE
8
BLACK
6
CONTINUOUS
10
5.3409007874015746
20
-4.5722238582677166
11
5.3409155905511811
21
-4.572124015748031
0
LINE
8
BLACK
6
CONTINUOUS
10
5.3409155905511811
20
-4.572124015748031
11
5.3427903543307087
21
-4.5646249606299207
0
LINE
8
BLACK
6
CONTINUOUS
10
5.3427903543307087
20
-4.5646249606299207
11
5.3428055118110231
21
-4.5645824409448821
0
LINE
8
BLACK
6
CONTINUOUS
10
5.3428055118110231
20
-4.5645824409448821
11
5.3428070472440945
21
-4.5645612204724406
0
LINE
8
BLACK
6
CONTINUOUS
10
5.3428070472440945
20
-4.5645612204724406
11
5.3428986614173226
21
-4.5643217716535434
0
LINE
8
BLACK
6
CONTINUOUS
10
5.3428986614173226
20
-4.5643217716535434
11
5.3429851181102359
21
-4.5640798425196847
0
LINE
8
BLACK
6
CONTINUOUS
10
5.3429851181102359
20
-4.5640798425196847
11
5.3429977952755907
21
-4.5640626771653539
0
LINE
8
BLACK
6
CONTINUOUS
10
5.3429977952755907
20
-4.5640626771653539
11
5.343013937007874
21
-4.5640205905511806
0
LINE
8
BLACK
6
CONTINUOUS
10
5.343013937007874
20
-4.5640205905511806
11
5.3448887007874015
21
-4.5602710629921255
0
LINE
8
BLACK
6
CONTINUOUS
10
5.3448887007874015
20
-4.5602710629921255
11
5.3450447637795273
21
-4.5600230314960628
0
LINE
8
BLACK
6
CONTINUOUS
10
5.3450447637795273
20
-4.5600230314960628
11
5.345074606299212
21
-4.5599511023622048
0
LINE
8
BLACK
6
CONTINUOUS
10
5.345074606299212
20
-4.5599511023622048
11
5.3451410629921261
21
-4.5598701181102363
0
LINE
8
BLACK
6
CONTINUOUS
10
5.3451410629921261
20
-4.5598701181102363
11
5.3451970472440946
21
-4.5597811811023625
0
LINE
8
BLACK
6
CONTINUOUS
10
5.3451970472440946
20
-4.5597811811023625
11
5.3452560236220474
21
-4.5597300000000001
0
LINE
8
BLACK
6
CONTINUOUS
10
5.3452560236220474
20
-4.5597300000000001
11
5.3454418110236217
21
-4.559503661417323
0
LINE
8
BLACK
6
CONTINUOUS
10
5.3454418110236217
20
-4.559503661417323
11
5.3491913385826768
21
-4.5557541338582679
0
LINE
8
BLACK
6
CONTINUOUS
10
5.3491913385826768
20
-4.5557541338582679
11
5.3496387795275586
21
-4.5553868897637795
0
LINE
8
BLACK
6
CONTINUOUS
10
5.3496387795275586
20
-4.5553868897637795
11
5.3497368110236216
21
-4.5553462598425192
0
LINE
8
BLACK
6
CONTINUOUS
10
5.3497368110236216
20
-4.5553462598425192
11
5.3498169291338584
21
-4.5552768110236217
0
LINE
8
BLACK
6
CONTINUOUS
10
5.3498169291338584
20
-4.5552768110236217
11
5.3503455118110237
21
-4.5550408267716538
0
LINE
8
BLACK
6
CONTINUOUS
10
5.3503455118110237
20
-4.5550408267716538
11
5.3559697637795276
21
-4.5531660629921262
0
LINE
8
BLACK
6
CONTINUOUS
10
5.3559697637795276
20
-4.5531660629921262
11
5.3562553937007875
21
-4.5531011023622048
0
LINE
8
BLACK
6
CONTINUOUS
10
5.3562553937007875
20
-4.5531011023622048
11
5.3563274803149605
21
-4.5530712598425191
0
LINE
8
BLACK
6
CONTINUOUS
10
5.3563274803149605
20
-4.5530712598425191
11
5.3564319291338585
21
-4.5530609448818895
0
LINE
8
BLACK
6
CONTINUOUS
10
5.3564319291338585
20
-4.5530609448818895
11
5.356534212598425
21
-4.5530377165354325
0
LINE
8
BLACK
6
CONTINUOUS
10
5.356534212598425
20
-4.5530377165354325
11
5.3566119291338579
21
-4.553043228346457
0
LINE
8
BLACK
6
CONTINUOUS
10
5.3566119291338579
20
-4.553043228346457
11
5.3569035433070864
21
-4.5530145275590552
0
LINE
8
BLACK
6
CONTINUOUS
10
5.3569035433070864
20
-4.5530145275590552
11
5.3606530708661415
21
-4.5530145275590552
0
LINE
8
BLACK
6
CONTINUOUS
10
5.3606530708661415
20
-4.5530145275590552
11
5.3609446062992125
21
-4.553043228346457
0
LINE
8
BLACK
6
CONTINUOUS
10
5.3866655118110236
20
-4.5535121653543307
11
5.3874801574803151
21
-4.5543268110236221
0
LINE
8
BLACK
6
CONTINUOUS
10
5.3874801574803151
20
-4.5543268110236221
11
5.3879210629921257
21
-4.5553912204724405
0
LINE
8
BLACK
6
CONTINUOUS
10
5.3879210629921257
20
-4.5553912204724405
11
5.3879777952755905
21
-4.5559672834645673
0
LINE
8
BLACK
6
CONTINUOUS
10
5.3879777952755905
20
-4.5559672834645673
11
5.3879777952755905
21
-4.5923846062992126
0
LINE
8
BLACK
6
CONTINUOUS
10
5.3879777952755905
20
-4.5923846062992126
11
5.403772677165354
21
-4.5923846062992126
0
LINE
8
BLACK
6
CONTINUOUS
10
5.403772677165354
20
-4.5923846062992126
11
5.4043487401574799
21
-4.5924413385826774
0
LINE
8
BLACK
6
CONTINUOUS
10
5.4043487401574799
20
-4.5924413385826774
11
5.4054131496062992
21
-4.5928822440944881
0
LINE
8
BLACK
6
CONTINUOUS
10
5.4054131496062992
20
-4.5928822440944881
11
5.4062277952755906
21
-4.5936968897637795
0
LINE
8
BLACK
6
CONTINUOUS
10
5.4062277952755906
20
-4.5936968897637795
11
5.4066687007874012
21
-4.5947612992125979
0
LINE
8
BLACK
6
CONTINUOUS
10
5.4066687007874012
20
-4.5947612992125979
11
5.4066687007874012
21
-4.5959134251968505
0
LINE
8
BLACK
6
CONTINUOUS
10
5.4066687007874012
20
-4.5959134251968505
11
5.4062277952755906
21
-4.5969778346456689
0
LINE
8
BLACK
6
CONTINUOUS
10
5.4062277952755906
20
-4.5969778346456689
11
5.4054131496062992
21
-4.5977924803149604
0
LINE
8
BLACK
6
CONTINUOUS
10
5.4054131496062992
20
-4.5977924803149604
11
5.4043487401574799
21
-4.5982333858267719
0
LINE
8
BLACK
6
CONTINUOUS
10
5.4043487401574799
20
-4.5982333858267719
11
5.403772677165354
21
-4.5982901181102358
0
LINE
8
BLACK
6
CONTINUOUS
10
5.403772677165354
20
-4.5982901181102358
11
5.3850250393700785
21
-4.5982901181102358
0
LINE
8
BLACK
6
CONTINUOUS
10
5.3850250393700785
20
-4.5982901181102358
11
5.3844489763779526
21
-4.5982333858267719
0
LINE
8
BLACK
6
CONTINUOUS
10
5.3844489763779526
20
-4.5982333858267719
11
5.3833845669291334
21
-4.5977924803149604
0
LINE
8
BLACK
6
CONTINUOUS
10
5.3833845669291334
20
-4.5977924803149604
11
5.3825699212598428
21
-4.5969778346456689
0
LINE
8
BLACK
6
CONTINUOUS
10
5.3825699212598428
20
-4.5969778346456689
11
5.3821290157480313
21
-4.5959134251968505
0
LINE
8
BLACK
6
CONTINUOUS
10
5.3821290157480313
20
-4.5959134251968505
11
5.3820722834645665
21
-4.5953373622047247
0
LINE
8
BLACK
6
CONTINUOUS
10
5.3820722834645665
20
-4.5953373622047247
11
5.3820722834645665
21
-4.5559672834645673
0
LINE
8
BLACK
6
CONTINUOUS
10
5.3820722834645665
20
-4.5559672834645673
11
5.3821290157480313
21
-4.5553912204724405
0
LINE
8
BLACK
6
CONTINUOUS
10
5.3821290157480313
20
-4.5553912204724405
11
5.3825699212598428
21
-4.5543268110236221
0
LINE
8
BLACK
6
CONTINUOUS
10
5.3825699212598428
20
-4.5543268110236221
11
5.3833845669291334
21
-4.5535121653543307
0
LINE
8
BLACK
6
CONTINUOUS
10
5.3833845669291334
20
-4.5535121653543307
11
5.3844489763779526
21
-4.5530712598425191
0
LINE
8
BLACK
6
CONTINUOUS
10
5.3844489763779526
20
-4.5530712598425191
11
5.3856011023622044
21
-4.5530712598425191
0
LINE
8
BLACK
6
CONTINUOUS
10
5.3856011023622044
20
-4.5530712598425191
11
5.3866655118110236
21
-4.5535121653543307
0
LINE
8
BLACK
6
CONTINUOUS
10
5.184190826771653
20
-4.5535121653543307
11
5.1850054724409445
21
-4.5543268110236221
0
LINE
8
BLACK
6
CONTINUOUS
10
5.1850054724409445
20
-4.5543268110236221
11
5.185446377952756
21
-4.5553912204724405
0
LINE
8
BLACK
6
CONTINUOUS
10
5.185446377952756
20
-4.5553912204724405
11
5.1855031102362208
21
-4.5559672834645673
0
LINE
8
BLACK
6
CONTINUOUS
10
5.1855031102362208
20
-4.5559672834645673
11
5.1855031102362208
21
-4.5953373622047247
0
LINE
8
BLACK
6
CONTINUOUS
10
5.1855031102362208
20
-4.5953373622047247
11
5.185446377952756
21
-4.5959134251968505
0
LINE
8
BLACK
6
CONTINUOUS
10
5.185446377952756
20
-4.5959134251968505
11
5.1850054724409445
21
-4.5969778346456689
0
LINE
8
BLACK
6
CONTINUOUS
10
5.1850054724409445
20
-4.5969778346456689
11
5.184190826771653
21
-4.5977924803149604
0
LINE
8
BLACK
6
CONTINUOUS
10
5.184190826771653
20
-4.5977924803149604
11
5.1831264173228346
21
-4.5982333858267719
0
LINE
8
BLACK
6
CONTINUOUS
10
5.1831264173228346
20
-4.5982333858267719
11
5.1819742913385829
21
-4.5982333858267719
0
LINE
8
BLACK
6
CONTINUOUS
10
5.1819742913385829
20
-4.5982333858267719
11
5.1809098818897636
21
-4.5977924803149604
0
LINE
8
BLACK
6
CONTINUOUS
10
5.1809098818897636
20
-4.5977924803149604
11
5.1800952362204722
21
-4.5969778346456689
0
LINE
8
BLACK
6
CONTINUOUS
10
5.1800952362204722
20
-4.5969778346456689
11
5.1796543307086615
21
-4.5959134251968505
0
LINE
8
BLACK
6
CONTINUOUS
10
5.1796543307086615
20
-4.5959134251968505
11
5.1795975984251967
21
-4.5953373622047247
0
LINE
8
BLACK
6
CONTINUOUS
10
5.1795975984251967
20
-4.5953373622047247
11
5.1795975984251967
21
-4.5559672834645673
0
LINE
8
BLACK
6
CONTINUOUS
10
5.1795975984251967
20
-4.5559672834645673
11
5.1796543307086615
21
-4.5553912204724405
0
LINE
8
BLACK
6
CONTINUOUS
10
5.1796543307086615
20
-4.5553912204724405
11
5.1800952362204722
21
-4.5543268110236221
0
LINE
8
BLACK
6
CONTINUOUS
10
5.1800952362204722
20
-4.5543268110236221
11
5.1809098818897636
21
-4.5535121653543307
0
LINE
8
BLACK
6
CONTINUOUS
10
5.1809098818897636
20
-4.5535121653543307
11
5.1819742913385829
21
-4.5530712598425191
0
LINE
8
BLACK
6
CONTINUOUS
10
5.1819742913385829
20
-4.5530712598425191
11
5.1831264173228346
21
-4.5530712598425191
0
LINE
8
BLACK
6
CONTINUOUS
10
5.1831264173228346
20
-4.5530712598425191
11
5.184190826771653
21
-4.5535121653543307
0
LINE
8
BLACK
6
CONTINUOUS
10
5.1999992913385826
20
-4.4530712598425195
11
5.2000972834645669
21
-4.4531118503937011
0
LINE
8
BLACK
6
CONTINUOUS
10
5.2000972834645669
20
-4.4531118503937011
11
5.2002031102362203
21
-4.4531193700787401
0
LINE
8
BLACK
6
CONTINUOUS
10
5.2002031102362203
20
-4.4531193700787401
11
5.2007437401574803
21
-4.4533262598425196
0
LINE
8
BLACK
6
CONTINUOUS
10
5.2007437401574803
20
-4.4533262598425196
11
5.2044932677165354
21
-4.4552010236220472
0
LINE
8
BLACK
6
CONTINUOUS
10
5.2044932677165354
20
-4.4552010236220472
11
5.2049831496062993
21
-4.4555093700787403
0
LINE
8
BLACK
6
CONTINUOUS
10
5.2049831496062993
20
-4.4555093700787403
11
5.2057379921259841
21
-4.4563797637795277
0
LINE
8
BLACK
6
CONTINUOUS
10
5.2057379921259841
20
-4.4563797637795277
11
5.2061023228346457
21
-4.4574727165354329
0
LINE
8
BLACK
6
CONTINUOUS
10
5.2061023228346457
20
-4.4574727165354329
11
5.2060206692913384
21
-4.4586219291338578
0
LINE
8
BLACK
6
CONTINUOUS
10
5.2060206692913384
20
-4.4586219291338578
11
5.2055053937007871
21
-4.4596524409448817
0
LINE
8
BLACK
6
CONTINUOUS
10
5.2055053937007871
20
-4.4596524409448817
11
5.2046350393700784
21
-4.4604072834645665
0
LINE
8
BLACK
6
CONTINUOUS
10
5.2046350393700784
20
-4.4604072834645665
11
5.2035420472440945
21
-4.4607716141732281
0
LINE
8
BLACK
6
CONTINUOUS
10
5.2035420472440945
20
-4.4607716141732281
11
5.2023928346456696
21
-4.4606899606299208
0
LINE
8
BLACK
6
CONTINUOUS
10
5.2023928346456696
20
-4.4606899606299208
11
5.2018522440944883
21
-4.4604830708661414
0
LINE
8
BLACK
6
CONTINUOUS
10
5.2018522440944883
20
-4.4604830708661414
11
5.1987261811023622
21
-4.4589200393700787
0
LINE
8
BLACK
6
CONTINUOUS
10
5.1987261811023622
20
-4.4589200393700787
11
5.194278070866142
21
-4.4589200393700787
0
LINE
8
BLACK
6
CONTINUOUS
10
5.194278070866142
20
-4.4589200393700787
11
5.1897696850393702
21
-4.4604228346456694
0
LINE
8
BLACK
6
CONTINUOUS
10
5.1897696850393702
20
-4.4604228346456694
11
5.1868518503937011
21
-4.4633406692913384
0
LINE
8
BLACK
6
CONTINUOUS
10
5.1868518503937011
20
-4.4633406692913384
11
5.185336338582677
21
-4.4663716535433071
0
LINE
8
BLACK
6
CONTINUOUS
10
5.185336338582677
20
-4.4663716535433071
11
5.1836283464566932
21
-4.4732037007874013
0
LINE
8
BLACK
6
CONTINUOUS
10
5.1836283464566932
20
-4.4732037007874013
11
5.1836283464566932
21
-4.4781009055118108
0
LINE
8
BLACK
6
CONTINUOUS
10
5.1836283464566932
20
-4.4781009055118108
11
5.185336338582677
21
-4.484932952755905
0
LINE
8
BLACK
6
CONTINUOUS
10
5.185336338582677
20
-4.484932952755905
11
5.1868518503937011
21
-4.4879639370078737
0
LINE
8
BLACK
6
CONTINUOUS
10
5.1868518503937011
20
-4.4879639370078737
11
5.1897696850393702
21
-4.4908818110236224
0
LINE
8
BLACK
6
CONTINUOUS
10
5.1897696850393702
20
-4.4908818110236224
11
5.194278070866142
21
-4.4923846062992121
0
LINE
8
BLACK
6
CONTINUOUS
10
5.194278070866142
20
-4.4923846062992121
11
5.1970693307086613
21
-4.4923846062992121
0
LINE
8
BLACK
6
CONTINUOUS
10
5.1970693307086613
20
-4.4923846062992121
11
5.2015777165354331
21
-4.4908817716535436
0
LINE
8
BLACK
6
CONTINUOUS
10
5.2015777165354331
20
-4.4908817716535436
11
5.2020947637795274
21
-4.4903647244094484
0
LINE
8
BLACK
6
CONTINUOUS
10
5.2020947637795274
20
-4.4903647244094484
11
5.2020947637795274
21
-4.4814172047244094
0
LINE
8
BLACK
6
CONTINUOUS
10
5.2020947637795274
20
-4.4814172047244094
11
5.1975484645669292
21
-4.4814172047244094
0
LINE
8
BLACK
6
CONTINUOUS
10
5.1975484645669292
20
-4.4814172047244094
11
5.1969724015748033
21
-4.4813604724409446
0
LINE
8
BLACK
6
CONTINUOUS
10
5.1969724015748033
20
-4.4813604724409446
11
5.1959079921259841
21
-4.480919566929134
0
LINE
8
BLACK
6
CONTINUOUS
10
5.1959079921259841
20
-4.480919566929134
11
5.1950933464566926
21
-4.4801049212598425
0
LINE
8
BLACK
6
CONTINUOUS
10
5.1950933464566926
20
-4.4801049212598425
11
5.194652440944882
21
-4.4790405118110233
0
LINE
8
BLACK
6
CONTINUOUS
10
5.194652440944882
20
-4.4790405118110233
11
5.194652440944882
21
-4.4778883858267715
0
LINE
8
BLACK
6
CONTINUOUS
10
5.194652440944882
20
-4.4778883858267715
11
5.1950933464566926
21
-4.4768239763779523
0
LINE
8
BLACK
6
CONTINUOUS
10
5.1950933464566926
20
-4.4768239763779523
11
5.1959079921259841
21
-4.4760093307086617
0
LINE
8
BLACK
6
CONTINUOUS
10
5.1959079921259841
20
-4.4760093307086617
11
5.1969724015748033
21
-4.4755684251968502
0
LINE
8
BLACK
6
CONTINUOUS
10
5.1969724015748033
20
-4.4755684251968502
11
5.1975484645669292
21
-4.4755116929133854
0
LINE
8
BLACK
6
CONTINUOUS
10
5.1975484645669292
20
-4.4755116929133854
11
5.2050475196850394
21
-4.4755116929133854
0
LINE
8
BLACK
6
CONTINUOUS
10
5.2050475196850394
20
-4.4755116929133854
11
5.2056235826771653
21
-4.4755684251968502
0
LINE
8
BLACK
6
CONTINUOUS
10
5.2056235826771653
20
-4.4755684251968502
11
5.2066879921259845
21
-4.4760093307086617
0
LINE
8
BLACK
6
CONTINUOUS
10
5.2066879921259845
20
-4.4760093307086617
11
5.2075026377952751
21
-4.4768239763779523
0
LINE
8
BLACK
6
CONTINUOUS
10
5.2075026377952751
20
-4.4768239763779523
11
5.2079435433070866
21
-4.4778883858267715
0
LINE
8
BLACK
6
CONTINUOUS
10
5.2079435433070866
20
-4.4778883858267715
11
5.2080002755905515
21
-4.4784644488188974
0
LINE
8
BLACK
6
CONTINUOUS
10
5.2080002755905515
20
-4.4784644488188974
11
5.2080002755905515
21
-4.4915877952755903
0
LINE
8
BLACK
6
CONTINUOUS
10
5.2080002755905515
20
-4.4915877952755903
11
5.2079435433070866
21
-4.4921638582677161
0
LINE
8
BLACK
6
CONTINUOUS
10
5.2079435433070866
20
-4.4921638582677161
11
5.2077893307086613
21
-4.4925361417322831
0
LINE
8
BLACK
6
CONTINUOUS
10
5.2077893307086613
20
-4.4925361417322831
11
5.2075026771653539
21
-4.4932282283464566
0
LINE
8
BLACK
6
CONTINUOUS
10
5.2075026771653539
20
-4.4932282283464566
11
5.2071354330708663
21
-4.4936757086614172
0
LINE
8
BLACK
6
CONTINUOUS
10
5.2071354330708663
20
-4.4936757086614172
11
5.2052607086614175
21
-4.4955504724409447
0
LINE
8
BLACK
6
CONTINUOUS
10
5.2052607086614175
20
-4.4955504724409447
11
5.204813228346457
21
-4.4959177165354332
0
LINE
8
BLACK
6
CONTINUOUS
10
5.204813228346457
20
-4.4959177165354332
11
5.2047151574803152
21
-4.4959583070866138
0
LINE
8
BLACK
6
CONTINUOUS
10
5.2047151574803152
20
-4.4959583070866138
11
5.2046350393700784
21
-4.4960278346456688
0
LINE
8
BLACK
6
CONTINUOUS
10
5.2046350393700784
20
-4.4960278346456688
11
5.2041064960629919
21
-4.4962638188976376
0
LINE
8
BLACK
6
CONTINUOUS
10
5.2041064960629919
20
-4.4962638188976376
11
5.1984822047244093
21
-4.4981385826771652
0
LINE
8
BLACK
6
CONTINUOUS
10
5.1984822047244093
20
-4.4981385826771652
11
5.1981966141732281
21
-4.4982035039370079
0
LINE
8
BLACK
6
CONTINUOUS
10
5.1981966141732281
20
-4.4982035039370079
11
5.1981245275590551
21
-4.4982333858267713
0
LINE
8
BLACK
6
CONTINUOUS
10
5.1981245275590551
20
-4.4982333858267713
11
5.1980199999999996
21
-4.4982436614173231
0
LINE
8
BLACK
6
CONTINUOUS
10
5.1980199999999996
20
-4.4982436614173231
11
5.1979177559055119
21
-4.4982669291338579
0
LINE
8
BLACK
6
CONTINUOUS
10
5.1979177559055119
20
-4.4982669291338579
11
5.1978400000000002
21
-4.4982613779527556
0
LINE
8
BLACK
6
CONTINUOUS
10
5.1978400000000002
20
-4.4982613779527556
11
5.1975484645669292
21
-4.4982901181102362
0
LINE
8
BLACK
6
CONTINUOUS
10
5.1975484645669292
20
-4.4982901181102362
11
5.1937989370078741
21
-4.4982901181102362
0
LINE
8
BLACK
6
CONTINUOUS
10
5.1937989370078741
20
-4.4982901181102362
11
5.1935073228346456
21
-4.4982613779527556
0
LINE
8
BLACK
6
CONTINUOUS
10
5.1935073228346456
20
-4.4982613779527556
11
5.1934296062992127
21
-4.4982669291338579
0
LINE
8
BLACK
6
CONTINUOUS
10
5.1934296062992127
20
-4.4982669291338579
11
5.1933273228346453
21
-4.4982436614173231
0
LINE
8
BLACK
6
CONTINUOUS
10
5.1933273228346453
20
-4.4982436614173231
11
5.1932228740157482
21
-4.4982333858267713
0
LINE
8
BLACK
6
CONTINUOUS
10
5.1932228740157482
20
-4.4982333858267713
11
5.1931507874015743
21
-4.4982035039370079
0
LINE
8
BLACK
6
CONTINUOUS
10
5.1931507874015743
20
-4.4982035039370079
11
5.1928651574803144
21
-4.4981385826771652
0
LINE
8
BLACK
6
CONTINUOUS
10
5.1928651574803144
20
-4.4981385826771652
11
5.1872409055118105
21
-4.4962638188976376
0
LINE
8
BLACK
6
CONTINUOUS
10
5.1872409055118105
20
-4.4962638188976376
11
5.1867123228346452
21
-4.4960278346456688
0
LINE
8
BLACK
6
CONTINUOUS
10
5.1867123228346452
20
-4.4960278346456688
11
5.1866322047244093
21
-4.4959583464566926
0
LINE
8
BLACK
6
CONTINUOUS
10
5.1866322047244093
20
-4.4959583464566926
11
5.1865341732283463
21
-4.4959177559055119
0
LINE
8
BLACK
6
CONTINUOUS
10
5.1865341732283463
20
-4.4959177559055119
11
5.1860867322834645
21
-4.4955505118110235
0
LINE
8
BLACK
6
CONTINUOUS
10
5.1860867322834645
20
-4.4955505118110235
11
5.1823372047244094
21
-4.4918009448818896
0
LINE
8
BLACK
6
CONTINUOUS
10
5.1823372047244094
20
-4.4918009448818896
11
5.1821514173228342
21
-4.4915745669291338
0
LINE
8
BLACK
6
CONTINUOUS
10
5.1821514173228342
20
-4.4915745669291338
11
5.1820924409448814
21
-4.4915234251968501
0
LINE
8
BLACK
6
CONTINUOUS
10
5.1820924409448814
20
-4.4915234251968501
11
5.1820364566929129
21
-4.4914344881889763
0
LINE
8
BLACK
6
CONTINUOUS
10
5.1820364566929129
20
-4.4914344881889763
11
5.181969960629921
21
-4.4913534645669291
0
LINE
8
BLACK
6
CONTINUOUS
10
5.181969960629921
20
-4.4913534645669291
11
5.1819401181102362
21
-4.4912814173228348
0
LINE
8
BLACK
6
CONTINUOUS
10
5.1819401181102362
20
-4.4912814173228348
11
5.1817840944881892
21
-4.4910335433070863
0
LINE
8
BLACK
6
CONTINUOUS
10
5.1817840944881892
20
-4.4910335433070863
11
5.1799093307086617
21
-4.4872840157480312
0
LINE
8
BLACK
6
CONTINUOUS
10
5.1799093307086617
20
-4.4872840157480312
11
5.1798931889763775
21
-4.4872418897637791
0
LINE
8
BLACK
6
CONTINUOUS
10
5.1798931889763775
20
-4.4872418897637791
11
5.1798805118110236
21
-4.4872247637795271
0
LINE
8
BLACK
6
CONTINUOUS
10
5.1798805118110236
20
-4.4872247637795271
11
5.1797940551181103
21
-4.4869827952755905
0
LINE
8
BLACK
6
CONTINUOUS
10
5.1797940551181103
20
-4.4869827952755905
11
5.1797024409448822
21
-4.4867433858267711
0
LINE
8
BLACK
6
CONTINUOUS
10
5.1797024409448822
20
-4.4867433858267711
11
5.1797009055118108
21
-4.4867221259842518
0
LINE
8
BLACK
6
CONTINUOUS
10
5.1797009055118108
20
-4.4867221259842518
11
5.1796857480314955
21
-4.486679645669291
0
LINE
8
BLACK
6
CONTINUOUS
10
5.1796857480314955
20
-4.486679645669291
11
5.177810984251968
21
-4.4791805905511808
0
LINE
8
BLACK
6
CONTINUOUS
10
5.177810984251968
20
-4.4791805905511808
11
5.1777961811023623
21
-4.4790807086614173
0
LINE
8
BLACK
6
CONTINUOUS
10
5.1777961811023623
20
-4.4790807086614173
11
5.177779566929134
21
-4.4790405118110233
0
LINE
8
BLACK
6
CONTINUOUS
10
5.177779566929134
20
-4.4790405118110233
11
5.1777581889763775
21
-4.4788234645669291
0
LINE
8
BLACK
6
CONTINUOUS
10
5.1777581889763775
20
-4.4788234645669291
11
5.1777263385826773
21
-4.4786079921259843
0
LINE
8
BLACK
6
CONTINUOUS
10
5.1777263385826773
20
-4.4786079921259843
11
5.1777327165354325
21
-4.4785649606299209
0
LINE
8
BLACK
6
CONTINUOUS
10
5.1777327165354325
20
-4.4785649606299209
11
5.1777228346456692
21
-4.4784644488188974
0
LINE
8
BLACK
6
CONTINUOUS
10
5.1777228346456692
20
-4.4784644488188974
11
5.1777228346456692
21
-4.4728401574803147
0
LINE
8
BLACK
6
CONTINUOUS
10
5.1777228346456692
20
-4.4728401574803147
11
5.1777327165354325
21
-4.4727396062992124
0
LINE
8
BLACK
6
CONTINUOUS
10
5.1777327165354325
20
-4.4727396062992124
11
5.1777263385826773
21
-4.4726966141732278
0
LINE
8
BLACK
6
CONTINUOUS
10
5.1777263385826773
20
-4.4726966141732278
11
5.1777581889763775
21
-4.4724811023622042
0
LINE
8
BLACK
6
CONTINUOUS
10
5.1777581889763775
20
-4.4724811023622042
11
5.177779566929134
21
-4.4722640944881888
0
LINE
8
BLACK
6
CONTINUOUS
10
5.177779566929134
20
-4.4722640944881888
11
5.1777961811023623
21
-4.4722238582677161
0
LINE
8
BLACK
6
CONTINUOUS
10
5.1777961811023623
20
-4.4722238582677161
11
5.177810984251968
21
-4.4721240157480313
0
LINE
8
BLACK
6
CONTINUOUS
10
5.177810984251968
20
-4.4721240157480313
11
5.1796857480314955
21
-4.4646249606299211
0
LINE
8
BLACK
6
CONTINUOUS
10
5.1796857480314955
20
-4.4646249606299211
11
5.1797009055118108
21
-4.4645824409448815
0
LINE
8
BLACK
6
CONTINUOUS
10
5.1797009055118108
20
-4.4645824409448815
11
5.1797024409448822
21
-4.464561220472441
0
LINE
8
BLACK
6
CONTINUOUS
10
5.1797024409448822
20
-4.464561220472441
11
5.1797940551181103
21
-4.4643217716535428
0
LINE
8
BLACK
6
CONTINUOUS
10
5.1797940551181103
20
-4.4643217716535428
11
5.1798805118110236
21
-4.464079842519685
0
LINE
8
BLACK
6
CONTINUOUS
10
5.1798805118110236
20
-4.464079842519685
11
5.1798931889763775
21
-4.4640626771653542
0
LINE
8
BLACK
6
CONTINUOUS
10
5.1798931889763775
20
-4.4640626771653542
11
5.1799093307086617
21
-4.4640205905511809
0
LINE
8
BLACK
6
CONTINUOUS
10
5.1799093307086617
20
-4.4640205905511809
11
5.1817840944881892
21
-4.4602710629921258
0
LINE
8
BLACK
6
CONTINUOUS
10
5.1817840944881892
20
-4.4602710629921258
11
5.181940157480315
21
-4.4600230314960632
0
LINE
8
BLACK
6
CONTINUOUS
10
5.181940157480315
20
-4.4600230314960632
11
5.1819699999999997
21
-4.4599511023622043
0
LINE
8
BLACK
6
CONTINUOUS
10
5.1819699999999997
20
-4.4599511023622043
11
5.1820364566929129
21
-4.4598701181102358
0
LINE
8
BLACK
6
CONTINUOUS
10
5.1820364566929129
20
-4.4598701181102358
11
5.1820924409448814
21
-4.459781181102362
0
LINE
8
BLACK
6
CONTINUOUS
10
5.1820924409448814
20
-4.459781181102362
11
5.1821514173228342
21
-4.4597299999999995
0
LINE
8
BLACK
6
CONTINUOUS
10
5.1821514173228342
20
-4.4597299999999995
11
5.1823372047244094
21
-4.4595036614173225
0
LINE
8
BLACK
6
CONTINUOUS
10
5.1823372047244094
20
-4.4595036614173225
11
5.1860867322834645
21
-4.4557541338582674
0
LINE
8
BLACK
6
CONTINUOUS
10
5.1860867322834645
20
-4.4557541338582674
11
5.1865341732283463
21
-4.4553868897637798
0
LINE
8
BLACK
6
CONTINUOUS
10
5.1865341732283463
20
-4.4553868897637798
11
5.1866322047244093
21
-4.4553462598425195
0
LINE
8
BLACK
6
CONTINUOUS
10
5.1866322047244093
20
-4.4553462598425195
11
5.1867123228346452
21
-4.4552768110236221
0
LINE
8
BLACK
6
CONTINUOUS
10
5.1867123228346452
20
-4.4552768110236221
11
5.1872409055118105
21
-4.4550408267716533
0
LINE
8
BLACK
6
CONTINUOUS
10
5.1872409055118105
20
-4.4550408267716533
11
5.1928651574803144
21
-4.4531660629921257
0
LINE
8
BLACK
6
CONTINUOUS
10
5.1928651574803144
20
-4.4531660629921257
11
5.1931507874015743
21
-4.4531011023622042
0
LINE
8
BLACK
6
CONTINUOUS
10
5.1931507874015743
20
-4.4531011023622042
11
5.1932228740157482
21
-4.4530712598425195
0
LINE
8
BLACK
6
CONTINUOUS
10
5.1932228740157482
20
-4.4530712598425195
11
5.1933273228346453
21
-4.4530609448818899
0
LINE
8
BLACK
6
CONTINUOUS
10
5.1933273228346453
20
-4.4530609448818899
11
5.1934296062992127
21
-4.4530377165354329
0
LINE
8
BLACK
6
CONTINUOUS
10
5.1934296062992127
20
-4.4530377165354329
11
5.1935073228346456
21
-4.4530432283464565
0
LINE
8
BLACK
6
CONTINUOUS
10
5.1935073228346456
20
-4.4530432283464565
11
5.1937989370078741
21
-4.4530145275590547
0
LINE
8
BLACK
6
CONTINUOUS
10
5.1937989370078741
20
-4.4530145275590547
11
5.1994232283464568
21
-4.4530145275590547
0
LINE
8
BLACK
6
CONTINUOUS
10
5.1994232283464568
20
-4.4530145275590547
11
5.1999992913385826
21
-4.4530712598425195
0
LINE
8
BLACK
6
CONTINUOUS
10
5.2728306299212599
20
-4.4530432283464565
11
5.2729083858267716
21
-4.4530377165354329
0
LINE
8
BLACK
6
CONTINUOUS
10
5.2729083858267716
20
-4.4530377165354329
11
5.2730106299212594
21
-4.4530609448818899
0
LINE
8
BLACK
6
CONTINUOUS
10
5.2730106299212594
20
-4.4530609448818899
11
5.2731151574803148
21
-4.4530712598425195
0
LINE
8
BLACK
6
CONTINUOUS
10
5.2731151574803148
20
-4.4530712598425195
11
5.2731872440944878
21
-4.4531011023622042
0
LINE
8
BLACK
6
CONTINUOUS
10
5.2731872440944878
20
-4.4531011023622042
11
5.273472834645669
21
-4.4531660629921257
0
LINE
8
BLACK
6
CONTINUOUS
10
5.273472834645669
20
-4.4531660629921257
11
5.2790971259842516
21
-4.4550408267716533
0
LINE
8
BLACK
6
CONTINUOUS
10
5.2790971259842516
20
-4.4550408267716533
11
5.2796256692913381
21
-4.4552768110236221
0
LINE
8
BLACK
6
CONTINUOUS
10
5.2796256692913381
20
-4.4552768110236221
11
5.2797057874015749
21
-4.4553462992125983
0
LINE
8
BLACK
6
CONTINUOUS
10
5.2797057874015749
20
-4.4553462992125983
11
5.2798038582677167
21
-4.4553869291338586
0
LINE
8
BLACK
6
CONTINUOUS
10
5.2798038582677167
20
-4.4553869291338586
11
5.2802512992125985
21
-4.4557541338582674
0
LINE
8
BLACK
6
CONTINUOUS
10
5.2802512992125985
20
-4.4557541338582674
11
5.2840008267716536
21
-4.4595036614173225
0
LINE
8
BLACK
6
CONTINUOUS
10
5.2840008267716536
20
-4.4595036614173225
11
5.2841866535433066
21
-4.4597300393700783
0
LINE
8
BLACK
6
CONTINUOUS
10
5.2841866535433066
20
-4.4597300393700783
11
5.2842455905511807
21
-4.459781181102362
0
LINE
8
BLACK
6
CONTINUOUS
10
5.2842455905511807
20
-4.459781181102362
11
5.284301456692913
21
-4.4598699212598421
0
LINE
8
BLACK
6
CONTINUOUS
10
5.284301456692913
20
-4.4598699212598421
11
5.284368070866142
21
-4.4599511023622043
0
LINE
8
BLACK
6
CONTINUOUS
10
5.284368070866142
20
-4.4599511023622043
11
5.2843979133858268
21
-4.4600232283464569
0
LINE
8
BLACK
6
CONTINUOUS
10
5.2843979133858268
20
-4.4600232283464569
11
5.2845539370078738
21
-4.4602710629921258
0
LINE
8
BLACK
6
CONTINUOUS
10
5.2845539370078738
20
-4.4602710629921258
11
5.2864287007874013
21
-4.4640205905511809
0
LINE
8
BLACK
6
CONTINUOUS
10
5.2864287007874013
20
-4.4640205905511809
11
5.2864448031496059
21
-4.4640626771653542
0
LINE
8
BLACK
6
CONTINUOUS
10
5.2864448031496059
20
-4.4640626771653542
11
5.2864575196850394
21
-4.464079842519685
0
LINE
8
BLACK
6
CONTINUOUS
10
5.2864575196850394
20
-4.464079842519685
11
5.2865438188976377
21
-4.4643214173228349
0
LINE
8
BLACK
6
CONTINUOUS
10
5.2865438188976377
20
-4.4643214173228349
11
5.2866355905511808
21
-4.4645611811023622
0
LINE
8
BLACK
6
CONTINUOUS
10
5.2866355905511808
20
-4.4645611811023622
11
5.2866370866141734
21
-4.4645824409448815
0
LINE
8
BLACK
6
CONTINUOUS
10
5.2866370866141734
20
-4.4645824409448815
11
5.2866522834645666
21
-4.4646249606299211
0
LINE
8
BLACK
6
CONTINUOUS
10
5.2866522834645666
20
-4.4646249606299211
11
5.2885270472440942
21
-4.4721240157480313
0
LINE
8
BLACK
6
CONTINUOUS
10
5.2885270472440942
20
-4.4721240157480313
11
5.288541811023622
21
-4.4722238582677161
0
LINE
8
BLACK
6
CONTINUOUS
10
5.288541811023622
20
-4.4722238582677161
11
5.288558464566929
21
-4.4722640944881888
0
LINE
8
BLACK
6
CONTINUOUS
10
5.288558464566929
20
-4.4722640944881888
11
5.2885798031496059
21
-4.4724811023622042
0
LINE
8
BLACK
6
CONTINUOUS
10
5.2885798031496059
20
-4.4724811023622042
11
5.2886116929133857
21
-4.4726966141732278
0
LINE
8
BLACK
6
CONTINUOUS
10
5.2886116929133857
20
-4.4726966141732278
11
5.2886052755905508
21
-4.4727396062992124
0
LINE
8
BLACK
6
CONTINUOUS
10
5.2886052755905508
20
-4.4727396062992124
11
5.2886151968503938
21
-4.4728401574803147
0
LINE
8
BLACK
6
CONTINUOUS
10
5.2886151968503938
20
-4.4728401574803147
11
5.2886151968503938
21
-4.4784644488188974
0
LINE
8
BLACK
6
CONTINUOUS
10
5.2886151968503938
20
-4.4784644488188974
11
5.2886052755905508
21
-4.4785649606299209
0
LINE
8
BLACK
6
CONTINUOUS
10
5.2886052755905508
20
-4.4785649606299209
11
5.2886116929133857
21
-4.4786079921259843
0
LINE
8
BLACK
6
CONTINUOUS
10
5.2886116929133857
20
-4.4786079921259843
11
5.2885798031496059
21
-4.4788234645669291
0
LINE
8
BLACK
6
CONTINUOUS
10
5.2885798031496059
20
-4.4788234645669291
11
5.288558464566929
21
-4.4790405118110233
0
LINE
8
BLACK
6
CONTINUOUS
10
5.288558464566929
20
-4.4790405118110233
11
5.288541811023622
21
-4.4790807086614173
0
LINE
8
BLACK
6
CONTINUOUS
10
5.288541811023622
20
-4.4790807086614173
11
5.2885270472440942
21
-4.4791805905511808
0
LINE
8
BLACK
6
CONTINUOUS
10
5.2885270472440942
20
-4.4791805905511808
11
5.2866522834645666
21
-4.486679645669291
0
LINE
8
BLACK
6
CONTINUOUS
10
5.2866522834645666
20
-4.486679645669291
11
5.2866370866141734
21
-4.4867221259842518
0
LINE
8
BLACK
6
CONTINUOUS
10
5.2866370866141734
20
-4.4867221259842518
11
5.2866355905511808
21
-4.4867434251968499
0
LINE
8
BLACK
6
CONTINUOUS
10
5.2866355905511808
20
-4.4867434251968499
11
5.2865438188976377
21
-4.4869831496062993
0
LINE
8
BLACK
6
CONTINUOUS
10
5.2865438188976377
20
-4.4869831496062993
11
5.2864575196850394
21
-4.4872247637795271
0
LINE
8
BLACK
6
CONTINUOUS
10
5.2864575196850394
20
-4.4872247637795271
11
5.2864448031496059
21
-4.4872418897637791
0
LINE
8
BLACK
6
CONTINUOUS
10
5.2864448031496059
20
-4.4872418897637791
11
5.2864287007874013
21
-4.4872840157480312
0
LINE
8
BLACK
6
CONTINUOUS
10
5.2864287007874013
20
-4.4872840157480312
11
5.2845539370078738
21
-4.4910335433070863
0
LINE
8
BLACK
6
CONTINUOUS
10
5.2845539370078738
20
-4.4910335433070863
11
5.284397874015748
21
-4.4912814173228348
0
LINE
8
BLACK
6
CONTINUOUS
10
5.284397874015748
20
-4.4912814173228348
11
5.284368070866142
21
-4.4913534645669291
0
LINE
8
BLACK
6
CONTINUOUS
10
5.284368070866142
20
-4.4913534645669291
11
5.2843015354330705
21
-4.4914344881889763
0
LINE
8
BLACK
6
CONTINUOUS
10
5.2843015354330705
20
-4.4914344881889763
11
5.2842455905511807
21
-4.4915234251968501
0
LINE
8
BLACK
6
CONTINUOUS
10
5.2842455905511807
20
-4.4915234251968501
11
5.2841865748031491
21
-4.4915745669291338
0
LINE
8
BLACK
6
CONTINUOUS
10
5.2841865748031491
20
-4.4915745669291338
11
5.2840008661417324
21
-4.4918009055118109
0
LINE
8
BLACK
6
CONTINUOUS
10
5.2840008661417324
20
-4.4918009055118109
11
5.2802512992125985
21
-4.4955505118110235
0
LINE
8
BLACK
6
CONTINUOUS
10
5.2802512992125985
20
-4.4955505118110235
11
5.2798038582677167
21
-4.4959177165354332
0
LINE
8
BLACK
6
CONTINUOUS
10
5.2798038582677167
20
-4.4959177165354332
11
5.2797057874015749
21
-4.4959583070866138
0
LINE
8
BLACK
6
CONTINUOUS
10
5.2797057874015749
20
-4.4959583070866138
11
5.2796256692913381
21
-4.4960278346456688
0
LINE
8
BLACK
6
CONTINUOUS
10
5.2796256692913381
20
-4.4960278346456688
11
5.2790971259842516
21
-4.4962638188976376
0
LINE
8
BLACK
6
CONTINUOUS
10
5.2790971259842516
20
-4.4962638188976376
11
5.273472834645669
21
-4.4981385826771652
0
LINE
8
BLACK
6
CONTINUOUS
10
5.273472834645669
20
-4.4981385826771652
11
5.2731872440944878
21
-4.4982035039370079
0
LINE
8
BLACK
6
CONTINUOUS
10
5.2731872440944878
20
-4.4982035039370079
11
5.2731151574803148
21
-4.4982333858267713
0
LINE
8
BLACK
6
CONTINUOUS
10
5.2731151574803148
20
-4.4982333858267713
11
5.2730106299212594
21
-4.4982436614173231
0
LINE
8
BLACK
6
CONTINUOUS
10
5.2730106299212594
20
-4.4982436614173231
11
5.2729083858267716
21
-4.4982669291338579
0
LINE
8
BLACK
6
CONTINUOUS
10
5.2729083858267716
20
-4.4982669291338579
11
5.2728306299212599
21
-4.4982613779527556
0
LINE
8
BLACK
6
CONTINUOUS
10
5.2728306299212599
20
-4.4982613779527556
11
5.2725390944881889
21
-4.4982901181102362
0
LINE
8
BLACK
6
CONTINUOUS
10
5.2725390944881889
20
-4.4982901181102362
11
5.2631652755905511
21
-4.4982901181102362
0
LINE
8
BLACK
6
CONTINUOUS
10
5.2631652755905511
20
-4.4982901181102362
11
5.2625892125984253
21
-4.4982333858267713
0
LINE
8
BLACK
6
CONTINUOUS
10
5.2625892125984253
20
-4.4982333858267713
11
5.261524803149606
21
-4.4977924803149607
0
LINE
8
BLACK
6
CONTINUOUS
10
5.261524803149606
20
-4.4977924803149607
11
5.2607101574803146
21
-4.4969778346456692
0
LINE
8
BLACK
6
CONTINUOUS
10
5.2607101574803146
20
-4.4969778346456692
11
5.2602692519685039
21
-4.49591342519685
0
LINE
8
BLACK
6
CONTINUOUS
10
5.2602692519685039
20
-4.49591342519685
11
5.2602125196850391
21
-4.4953373622047241
0
LINE
8
BLACK
6
CONTINUOUS
10
5.2602125196850391
20
-4.4953373622047241
11
5.2602125196850391
21
-4.4559672834645667
0
LINE
8
BLACK
6
CONTINUOUS
10
5.2602125196850391
20
-4.4559672834645667
11
5.2602692519685039
21
-4.4553912204724408
0
LINE
8
BLACK
6
CONTINUOUS
10
5.2602692519685039
20
-4.4553912204724408
11
5.2607101574803146
21
-4.4543268110236216
0
LINE
8
BLACK
6
CONTINUOUS
10
5.2607101574803146
20
-4.4543268110236216
11
5.261524803149606
21
-4.453512165354331
0
LINE
8
BLACK
6
CONTINUOUS
10
5.261524803149606
20
-4.453512165354331
11
5.2625892125984253
21
-4.4530712598425195
0
LINE
8
BLACK
6
CONTINUOUS
10
5.2625892125984253
20
-4.4530712598425195
11
5.2631652755905511
21
-4.4530145275590547
0
LINE
8
BLACK
6
CONTINUOUS
10
5.2631652755905511
20
-4.4530145275590547
11
5.2725390944881889
21
-4.4530145275590547
0
LINE
8
BLACK
6
CONTINUOUS
10
5.2725390944881889
20
-4.4530145275590547
11
5.2728306299212599
21
-4.4530432283464565
0
LINE
8
BLACK
6
CONTINUOUS
10
5.2661180314960632
20
-4.4923846062992121
11
5.272059960629921
21
-4.4923846062992121
0
LINE
8
BLACK
6
CONTINUOUS
10
5.272059960629921
20
-4.4923846062992121
11
5.2765683464566928
21
-4.4908817716535436
0
LINE
8
BLACK
6
CONTINUOUS
10
5.2765683464566928
20
-4.4908817716535436
11
5.2794861417322831
21
-4.4879639370078737
0
LINE
8
BLACK
6
CONTINUOUS
10
5.2794861417322831
20
-4.4879639370078737
11
5.2810016535433073
21
-4.484932952755905
0
LINE
8
BLACK
6
CONTINUOUS
10
5.2810016535433073
20
-4.484932952755905
11
5.2827096850393698
21
-4.4781009055118108
0
LINE
8
BLACK
6
CONTINUOUS
10
5.2827096850393698
20
-4.4781009055118108
11
5.2827096850393698
21
-4.4732037007874013
0
LINE
8
BLACK
6
CONTINUOUS
10
5.2827096850393698
20
-4.4732037007874013
11
5.2810016535433073
21
-4.4663716535433071
0
LINE
8
BLACK
6
CONTINUOUS
10
5.2810016535433073
20
-4.4663716535433071
11
5.2794861811023619
21
-4.4633406692913384
0
LINE
8
BLACK
6
CONTINUOUS
10
5.2794861811023619
20
-4.4633406692913384
11
5.2765683464566928
21
-4.4604228346456694
0
LINE
8
BLACK
6
CONTINUOUS
10
5.2765683464566928
20
-4.4604228346456694
11
5.272059960629921
21
-4.4589200393700787
0
LINE
8
BLACK
6
CONTINUOUS
10
5.272059960629921
20
-4.4589200393700787
11
5.2661180314960632
21
-4.4589200393700787
0
LINE
8
BLACK
6
CONTINUOUS
10
5.2661180314960632
20
-4.4589200393700787
11
5.2661180314960632
21
-4.4923846062992121
0
LINE
8
BLACK
6
CONTINUOUS
10
5.2223082677165351
20
-4.4530712598425195
11
5.222496496062992
21
-4.4530712598425195
0
LINE
8
BLACK
6
CONTINUOUS
10
5.222496496062992
20
-4.4530712598425195
11
5.2228592913385823
21
-4.4532215354330704
0
LINE
8
BLACK
6
CONTINUOUS
10
5.2228592913385823
20
-4.4532215354330704
11
5.2232381889763779
21
-4.4533248818897633
0
LINE
8
BLACK
6
CONTINUOUS
10
5.2232381889763779
20
-4.4533248818897633
11
5.2233870078740159
21
-4.4534401181102359
0
LINE
8
BLACK
6
CONTINUOUS
10
5.2233870078740159
20
-4.4534401181102359
11
5.2235609055118113
21
-4.453512165354331
0
LINE
8
BLACK
6
CONTINUOUS
10
5.2235609055118113
20
-4.453512165354331
11
5.2238384645669287
21
-4.4537897244094484
0
LINE
8
BLACK
6
CONTINUOUS
10
5.2238384645669287
20
-4.4537897244094484
11
5.2241490944881885
21
-4.4540302755905508
0
LINE
8
BLACK
6
CONTINUOUS
10
5.2241490944881885
20
-4.4540302755905508
11
5.2243204330708659
21
-4.4542716929133856
0
LINE
8
BLACK
6
CONTINUOUS
10
5.2243204330708659
20
-4.4542716929133856
11
5.2243755511811019
21
-4.4543268110236216
0
LINE
8
BLACK
6
CONTINUOUS
10
5.2243755511811019
20
-4.4543268110236216
11
5.224397952755905
21
-4.4543809055118109
0
LINE
8
BLACK
6
CONTINUOUS
10
5.224397952755905
20
-4.4543809055118109
11
5.2244841338582679
21
-4.4545023228346459
0
LINE
8
BLACK
6
CONTINUOUS
10
5.2244841338582679
20
-4.4545023228346459
11
5.2414648425196848
21
-4.4842185826771654
0
LINE
8
BLACK
6
CONTINUOUS
10
5.2414648425196848
20
-4.4842185826771654
11
5.2414648425196848
21
-4.4559672834645667
0
LINE
8
BLACK
6
CONTINUOUS
10
5.2414648425196848
20
-4.4559672834645667
11
5.2415215748031496
21
-4.4553912204724408
0
LINE
8
BLACK
6
CONTINUOUS
10
5.2415215748031496
20
-4.4553912204724408
11
5.2419624803149603
21
-4.4543268110236216
0
LINE
8
BLACK
6
CONTINUOUS
10
5.2419624803149603
20
-4.4543268110236216
11
5.2427771259842517
21
-4.453512165354331
0
LINE
8
BLACK
6
CONTINUOUS
10
5.2427771259842517
20
-4.453512165354331
11
5.243841535433071
21
-4.4530712598425195
0
LINE
8
BLACK
6
CONTINUOUS
10
5.243841535433071
20
-4.4530712598425195
11
5.2449936614173227
21
-4.4530712598425195
0
LINE
8
BLACK
6
CONTINUOUS
10
5.2449936614173227
20
-4.4530712598425195
11
5.246058070866142
21
-4.453512165354331
0
LINE
8
BLACK
6
CONTINUOUS
10
5.246058070866142
20
-4.453512165354331
11
5.2468727165354325
21
-4.4543268110236216
0
LINE
8
BLACK
6
CONTINUOUS
10
5.2468727165354325
20
-4.4543268110236216
11
5.2473136220472441
21
-4.4553912204724408
0
LINE
8
BLACK
6
CONTINUOUS
10
5.2473136220472441
20
-4.4553912204724408
11
5.2473703543307089
21
-4.4559672834645667
0
LINE
8
BLACK
6
CONTINUOUS
10
5.2473703543307089
20
-4.4559672834645667
11
5.2473703543307089
21
-4.4953373622047241
0
LINE
8
BLACK
6
CONTINUOUS
10
5.2473703543307089
20
-4.4953373622047241
11
5.2473557480314961
21
-4.4954855118110233
0
LINE
8
BLACK
6
CONTINUOUS
10
5.2473557480314961
20
-4.4954855118110233
11
5.2473631496062989
21
-4.4955436220472436
0
LINE
8
BLACK
6
CONTINUOUS
10
5.2473631496062989
20
-4.4955436220472436
11
5.2473425984251971
21
-4.495618818897638
0
LINE
8
BLACK
6
CONTINUOUS
10
5.2473425984251971
20
-4.495618818897638
11
5.2473136220472441
21
-4.49591342519685
0
LINE
8
BLACK
6
CONTINUOUS
10
5.2473136220472441
20
-4.49591342519685
11
5.2471633070866144
21
-4.4962762204724411
0
LINE
8
BLACK
6
CONTINUOUS
10
5.2471633070866144
20
-4.4962762204724411
11
5.2470600000000003
21
-4.4966551181102359
0
LINE
8
BLACK
6
CONTINUOUS
10
5.2470600000000003
20
-4.4966551181102359
11
5.2469447244094489
21
-4.4968039370078738
0
LINE
8
BLACK
6
CONTINUOUS
10
5.2469447244094489
20
-4.4968039370078738
11
5.2468727165354325
21
-4.4969778346456692
0
LINE
8
BLACK
6
CONTINUOUS
10
5.2468727165354325
20
-4.4969778346456692
11
5.2465951181102364
21
-4.4972553937007875
0
LINE
8
BLACK
6
CONTINUOUS
10
5.2465951181102364
20
-4.4972553937007875
11
5.2463546062992128
21
-4.4975660236220474
0
LINE
8
BLACK
6
CONTINUOUS
10
5.2463546062992128
20
-4.4975660236220474
11
5.2461910629921258
21
-4.4976594488188972
0
LINE
8
BLACK
6
CONTINUOUS
10
5.2461910629921258
20
-4.4976594488188972
11
5.246058070866142
21
-4.4977924803149607
0
LINE
8
BLACK
6
CONTINUOUS
10
5.246058070866142
20
-4.4977924803149607
11
5.2456953543307083
21
-4.4979427165354329
0
LINE
8
BLACK
6
CONTINUOUS
10
5.2456953543307083
20
-4.4979427165354329
11
5.2453542519685037
21
-4.4981376377952751
0
LINE
8
BLACK
6
CONTINUOUS
10
5.2453542519685037
20
-4.4981376377952751
11
5.2451674803149606
21
-4.4981613385826771
0
LINE
8
BLACK
6
CONTINUOUS
10
5.2451674803149606
20
-4.4981613385826771
11
5.2449936614173227
21
-4.4982333858267713
0
LINE
8
BLACK
6
CONTINUOUS
10
5.2449936614173227
20
-4.4982333858267713
11
5.2446009842519681
21
-4.4982333858267713
0
LINE
8
BLACK
6
CONTINUOUS
10
5.2446009842519681
20
-4.4982333858267713
11
5.2442113385826774
21
-4.4982829133858271
0
LINE
8
BLACK
6
CONTINUOUS
10
5.2442113385826774
20
-4.4982829133858271
11
5.244029763779527
21
-4.4982333858267713
0
LINE
8
BLACK
6
CONTINUOUS
10
5.244029763779527
20
-4.4982333858267713
11
5.243841535433071
21
-4.4982333858267713
0
LINE
8
BLACK
6
CONTINUOUS
10
5.243841535433071
20
-4.4982333858267713
11
5.2434786614173223
21
-4.4980830708661417
0
LINE
8
BLACK
6
CONTINUOUS
10
5.2434786614173223
20
-4.4980830708661417
11
5.2430998818897638
21
-4.4979797637795276
0
LINE
8
BLACK
6
CONTINUOUS
10
5.2430998818897638
20
-4.4979797637795276
11
5.2429510629921259
21
-4.497864527559055
0
LINE
8
BLACK
6
CONTINUOUS
10
5.2429510629921259
20
-4.497864527559055
11
5.2427771259842517
21
-4.4977924803149607
0
LINE
8
BLACK
6
CONTINUOUS
10
5.2427771259842517
20
-4.4977924803149607
11
5.2424994881889759
21
-4.4975148425196849
0
LINE
8
BLACK
6
CONTINUOUS
10
5.2424994881889759
20
-4.4975148425196849
11
5.2421889370078736
21
-4.4972743700787401
0
LINE
8
BLACK
6
CONTINUOUS
10
5.2421889370078736
20
-4.4972743700787401
11
5.2420174803149608
21
-4.4970328346456689
0
LINE
8
BLACK
6
CONTINUOUS
10
5.2420174803149608
20
-4.4970328346456689
11
5.2419624803149603
21
-4.4969778346456692
0
LINE
8
BLACK
6
CONTINUOUS
10
5.2419624803149603
20
-4.4969778346456692
11
5.2419400787401571
21
-4.4969237795275587
0
LINE
8
BLACK
6
CONTINUOUS
10
5.2419400787401571
20
-4.4969237795275587
11
5.2418538976377951
21
-4.4968023622047246
0
LINE
8
BLACK
6
CONTINUOUS
10
5.2418538976377951
20
-4.4968023622047246
11
5.2248731889763782
21
-4.4670860236220475
0
LINE
8
BLACK
6
CONTINUOUS
10
5.2248731889763782
20
-4.4670860236220475
11
5.2248731889763782
21
-4.4953373622047241
0
LINE
8
BLACK
6
CONTINUOUS
10
5.2248731889763782
20
-4.4953373622047241
11
5.2248164566929134
21
-4.49591342519685
0
LINE
8
BLACK
6
CONTINUOUS
10
5.2248164566929134
20
-4.49591342519685
11
5.2243755511811019
21
-4.4969778346456692
0
LINE
8
BLACK
6
CONTINUOUS
10
5.2243755511811019
20
-4.4969778346456692
11
5.2235609055118113
21
-4.4977924803149607
0
LINE
8
BLACK
6
CONTINUOUS
10
5.2235609055118113
20
-4.4977924803149607
11
5.222496496062992
21
-4.4982333858267713
0
LINE
8
BLACK
6
CONTINUOUS
10
5.222496496062992
20
-4.4982333858267713
11
5.2213443700787403
21
-4.4982333858267713
0
LINE
8
BLACK
6
CONTINUOUS
10
5.2213443700787403
20
-4.4982333858267713
11
5.2202799606299211
21
-4.4977924803149607
0
LINE
8
BLACK
6
CONTINUOUS
10
5.2202799606299211
20
-4.4977924803149607
11
5.2194653149606296
21
-4.4969778346456692
0
LINE
8
BLACK
6
CONTINUOUS
10
5.2194653149606296
20
-4.4969778346456692
11
5.219024409448819
21
-4.49591342519685
0
LINE
8
BLACK
6
CONTINUOUS
10
5.219024409448819
20
-4.49591342519685
11
5.2189676771653541
21
-4.4953373622047241
0
LINE
8
BLACK
6
CONTINUOUS
10
5.2189676771653541
20
-4.4953373622047241
11
5.2189676771653541
21
-4.4559672834645667
0
LINE
8
BLACK
6
CONTINUOUS
10
5.2189676771653541
20
-4.4559672834645667
11
5.2189822440944882
21
-4.4558190944881888
0
LINE
8
BLACK
6
CONTINUOUS
10
5.2189822440944882
20
-4.4558190944881888
11
5.2189748818897632
21
-4.4557610236220473
0
LINE
8
BLACK
6
CONTINUOUS
10
5.2189748818897632
20
-4.4557610236220473
11
5.2189953937007871
21
-4.4556857874015749
0
LINE
8
BLACK
6
CONTINUOUS
10
5.2189953937007871
20
-4.4556857874015749
11
5.219024409448819
21
-4.4553912204724408
0
LINE
8
BLACK
6
CONTINUOUS
10
5.219024409448819
20
-4.4553912204724408
11
5.2191746850393699
21
-4.4550283858267719
0
LINE
8
BLACK
6
CONTINUOUS
10
5.2191746850393699
20
-4.4550283858267719
11
5.2192780314960627
21
-4.454649527559055
0
LINE
8
BLACK
6
CONTINUOUS
10
5.2192780314960627
20
-4.454649527559055
11
5.2193932677165353
21
-4.4545006692913383
0
LINE
8
BLACK
6
CONTINUOUS
10
5.2193932677165353
20
-4.4545006692913383
11
5.2194653149606296
21
-4.4543268110236216
0
LINE
8
BLACK
6
CONTINUOUS
10
5.2194653149606296
20
-4.4543268110236216
11
5.2197428740157479
21
-4.4540492125984255
0
LINE
8
BLACK
6
CONTINUOUS
10
5.2197428740157479
20
-4.4540492125984255
11
5.2199834251968502
21
-4.4537386220472444
0
LINE
8
BLACK
6
CONTINUOUS
10
5.2199834251968502
20
-4.4537386220472444
11
5.2201469291338585
21
-4.4536451574803149
0
LINE
8
BLACK
6
CONTINUOUS
10
5.2201469291338585
20
-4.4536451574803149
11
5.2202799606299211
21
-4.453512165354331
0
LINE
8
BLACK
6
CONTINUOUS
10
5.2202799606299211
20
-4.453512165354331
11
5.220642637795275
21
-4.4533618897637792
0
LINE
8
BLACK
6
CONTINUOUS
10
5.220642637795275
20
-4.4533618897637792
11
5.2209837795275593
21
-4.4531670078740158
0
LINE
8
BLACK
6
CONTINUOUS
10
5.2209837795275593
20
-4.4531670078740158
11
5.2211705118110237
21
-4.453143267716535
0
LINE
8
BLACK
6
CONTINUOUS
10
5.2211705118110237
20
-4.453143267716535
11
5.2213443700787403
21
-4.4530712598425195
0
LINE
8
BLACK
6
CONTINUOUS
10
5.2213443700787403
20
-4.4530712598425195
11
5.221737047244094
21
-4.4530712598425195
0
LINE
8
BLACK
6
CONTINUOUS
10
5.221737047244094
20
-4.4530712598425195
11
5.2221266929133856
21
-4.4530217322834647
0
LINE
8
BLACK
6
CONTINUOUS
10
5.2221266929133856
20
-4.4530217322834647
11
5.2223082677165351
21
-4.4530712598425195
0
LINE
8
BLACK
6
CONTINUOUS
10
5.3368571653543304
20
-4.3961908661417324
11
5.3379215748031497
21
-4.396631771653543
0
LINE
8
BLACK
6
CONTINUOUS
10
5.3379215748031497
20
-4.396631771653543
11
5.3387362204724411
21
-4.3974464173228345
0
LINE
8
BLACK
6
CONTINUOUS
10
5.3387362204724411
20
-4.3974464173228345
11
5.3391771259842518
21
-4.3985108267716537
0
LINE
8
BLACK
6
CONTINUOUS
10
5.3391771259842518
20
-4.3985108267716537
11
5.3391771259842518
21
-4.3996629527559055
0
LINE
8
BLACK
6
CONTINUOUS
10
5.3391771259842518
20
-4.3996629527559055
11
5.3387362204724411
21
-4.4007273622047247
0
LINE
8
BLACK
6
CONTINUOUS
10
5.3387362204724411
20
-4.4007273622047247
11
5.3379215748031497
21
-4.4015420078740153
0
LINE
8
BLACK
6
CONTINUOUS
10
5.3379215748031497
20
-4.4015420078740153
11
5.3368571653543304
21
-4.4019829133858268
0
LINE
8
BLACK
6
CONTINUOUS
10
5.3368571653543304
20
-4.4019829133858268
11
5.3362811023622045
21
-4.4020396456692916
0
LINE
8
BLACK
6
CONTINUOUS
10
5.3362811023622045
20
-4.4020396456692916
11
5.3062848818897637
21
-4.4020396456692916
0
LINE
8
BLACK
6
CONTINUOUS
10
5.3062848818897637
20
-4.4020396456692916
11
5.3057088188976378
21
-4.4019829133858268
0
LINE
8
BLACK
6
CONTINUOUS
10
5.3057088188976378
20
-4.4019829133858268
11
5.3046444094488185
21
-4.4015420078740153
0
LINE
8
BLACK
6
CONTINUOUS
10
5.3046444094488185
20
-4.4015420078740153
11
5.3038297637795271
21
-4.4007273622047247
0
LINE
8
BLACK
6
CONTINUOUS
10
5.3038297637795271
20
-4.4007273622047247
11
5.3033888582677164
21
-4.3996629527559055
0
LINE
8
BLACK
6
CONTINUOUS
10
5.3033888582677164
20
-4.3996629527559055
11
5.3033888582677164
21
-4.3985108267716537
0
LINE
8
BLACK
6
CONTINUOUS
10
5.3033888582677164
20
-4.3985108267716537
11
5.3038297637795271
21
-4.3974464173228345
0
LINE
8
BLACK
6
CONTINUOUS
10
5.3038297637795271
20
-4.3974464173228345
11
5.3046444094488185
21
-4.396631771653543
0
LINE
8
BLACK
6
CONTINUOUS
10
5.3046444094488185
20
-4.396631771653543
11
5.3057088188976378
21
-4.3961908661417324
0
LINE
8
BLACK
6
CONTINUOUS
10
5.3057088188976378
20
-4.3961908661417324
11
5.3062848818897637
21
-4.3961341338582676
0
LINE
8
BLACK
6
CONTINUOUS
10
5.3062848818897637
20
-4.3961341338582676
11
5.3362811023622045
21
-4.3961341338582676
0
LINE
8
BLACK
6
CONTINUOUS
10
5.3362811023622045
20
-4.3961341338582676
11
5.3368571653543304
21
-4.3961908661417324
0
LINE
8
BLACK
6
CONTINUOUS
10
5.2372100787401576
20
-4.3530432283464568
11
5.2372878346456693
21
-4.3530377165354333
0
LINE
8
BLACK
6
CONTINUOUS
10
5.2372878346456693
20
-4.3530377165354333
11
5.2373900787401571
21
-4.3530609448818893
0
LINE
8
BLACK
6
CONTINUOUS
10
5.2373900787401571
20
-4.3530609448818893
11
5.2374946062992125
21
-4.3530712598425199
0
LINE
8
BLACK
6
CONTINUOUS
10
5.2374946062992125
20
-4.3530712598425199
11
5.2375666929133855
21
-4.3531011023622046
0
LINE
8
BLACK
6
CONTINUOUS
10
5.2375666929133855
20
-4.3531011023622046
11
5.2378522834645667
21
-4.3531660629921261
0
LINE
8
BLACK
6
CONTINUOUS
10
5.2378522834645667
20
-4.3531660629921261
11
5.2434765748031493
21
-4.3550408267716536
0
LINE
8
BLACK
6
CONTINUOUS
10
5.2434765748031493
20
-4.3550408267716536
11
5.2440051181102358
21
-4.3552768110236215
0
LINE
8
BLACK
6
CONTINUOUS
10
5.2440051181102358
20
-4.3552768110236215
11
5.2448754724409445
21
-4.356031692913386
0
LINE
8
BLACK
6
CONTINUOUS
10
5.2448754724409445
20
-4.356031692913386
11
5.2453907086614171
21
-4.3570621259842515
0
LINE
8
BLACK
6
CONTINUOUS
10
5.2453907086614171
20
-4.3570621259842515
11
5.2454724015748031
21
-4.3582113385826773
0
LINE
8
BLACK
6
CONTINUOUS
10
5.2454724015748031
20
-4.3582113385826773
11
5.2451080708661415
21
-4.3593043307086612
0
LINE
8
BLACK
6
CONTINUOUS
10
5.2451080708661415
20
-4.3593043307086612
11
5.2443531889763779
21
-4.3601747244094486
0
LINE
8
BLACK
6
CONTINUOUS
10
5.2443531889763779
20
-4.3601747244094486
11
5.2433227165354328
21
-4.3606899212598424
0
LINE
8
BLACK
6
CONTINUOUS
10
5.2433227165354328
20
-4.3606899212598424
11
5.2421735039370079
21
-4.3607716141732284
0
LINE
8
BLACK
6
CONTINUOUS
10
5.2421735039370079
20
-4.3607716141732284
11
5.2416090551181105
21
-4.3606432677165357
0
LINE
8
BLACK
6
CONTINUOUS
10
5.2416090551181105
20
-4.3606432677165357
11
5.2364394094488187
21
-4.3589200393700782
0
LINE
8
BLACK
6
CONTINUOUS
10
5.2364394094488187
20
-4.3589200393700782
11
5.2282417716535434
21
-4.3589200393700782
0
LINE
8
BLACK
6
CONTINUOUS
10
5.2282417716535434
20
-4.3589200393700782
11
5.2255442913385828
21
-4.3602687795275585
0
LINE
8
BLACK
6
CONTINUOUS
10
5.2255442913385828
20
-4.3602687795275585
11
5.224347165354331
21
-4.3614659055118112
0
LINE
8
BLACK
6
CONTINUOUS
10
5.224347165354331
20
-4.3614659055118112
11
5.2229984251968506
21
-4.3641633858267719
0
LINE
8
BLACK
6
CONTINUOUS
10
5.2229984251968506
20
-4.3641633858267719
11
5.2229984251968506
21
-4.3665188188976378
0
LINE
8
BLACK
6
CONTINUOUS
10
5.2229984251968506
20
-4.3665188188976378
11
5.224347165354331
21
-4.3692162992125985
0
LINE
8
BLACK
6
CONTINUOUS
10
5.224347165354331
20
-4.3692162992125985
11
5.2255442913385828
21
-4.3704134251968503
0
LINE
8
BLACK
6
CONTINUOUS
10
5.2255442913385828
20
-4.3704134251968503
11
5.2285752755905515
21
-4.3719288976377948
0
LINE
8
BLACK
6
CONTINUOUS
10
5.2285752755905515
20
-4.3719288976377948
11
5.2357599212598425
21
-4.3737250787401578
0
LINE
8
BLACK
6
CONTINUOUS
10
5.2357599212598425
20
-4.3737250787401578
11
5.2358024015748033
21
-4.3737402362204723
0
LINE
8
BLACK
6
CONTINUOUS
10
5.2358024015748033
20
-4.3737402362204723
11
5.2358236614173226
21
-4.3737417716535436
0
LINE
8
BLACK
6
CONTINUOUS
10
5.2358236614173226
20
-4.3737417716535436
11
5.236063070866142
21
-4.3738333858267717
0
LINE
8
BLACK
6
CONTINUOUS
10
5.236063070866142
20
-4.3738333858267717
11
5.2363050393700785
21
-4.373919842519685
0
LINE
8
BLACK
6
CONTINUOUS
10
5.2363050393700785
20
-4.373919842519685
11
5.2363221653543306
21
-4.3739325196850389
0
LINE
8
BLACK
6
CONTINUOUS
10
5.2363221653543306
20
-4.3739325196850389
11
5.2363642913385826
21
-4.3739486614173231
0
LINE
8
BLACK
6
CONTINUOUS
10
5.2363642913385826
20
-4.3739486614173231
11
5.2401138188976377
21
-4.3758234251968506
0
LINE
8
BLACK
6
CONTINUOUS
10
5.2401138188976377
20
-4.3758234251968506
11
5.2403618110236216
21
-4.3759794881889764
0
LINE
8
BLACK
6
CONTINUOUS
10
5.2403618110236216
20
-4.3759794881889764
11
5.2404337795275593
21
-4.3760093307086612
0
LINE
8
BLACK
6
CONTINUOUS
10
5.2404337795275593
20
-4.3760093307086612
11
5.240514724409449
21
-4.3760757874015743
0
LINE
8
BLACK
6
CONTINUOUS
10
5.240514724409449
20
-4.3760757874015743
11
5.2406037007874016
21
-4.3761317716535428
0
LINE
8
BLACK
6
CONTINUOUS
10
5.2406037007874016
20
-4.3761317716535428
11
5.2406548425196853
21
-4.3761907480314957
0
LINE
8
BLACK
6
CONTINUOUS
10
5.2406548425196853
20
-4.3761907480314957
11
5.2408812204724411
21
-4.3763765354330708
0
LINE
8
BLACK
6
CONTINUOUS
10
5.2408812204724411
20
-4.3763765354330708
11
5.2427559842519686
21
-4.3782512992125984
0
LINE
8
BLACK
6
CONTINUOUS
10
5.2427559842519686
20
-4.3782512992125984
11
5.2429417322834642
21
-4.3784776377952754
0
LINE
8
BLACK
6
CONTINUOUS
10
5.2429417322834642
20
-4.3784776377952754
11
5.2430007480314957
21
-4.3785288188976379
0
LINE
8
BLACK
6
CONTINUOUS
10
5.2430007480314957
20
-4.3785288188976379
11
5.2430566929133855
21
-4.3786177559055117
0
LINE
8
BLACK
6
CONTINUOUS
10
5.2430566929133855
20
-4.3786177559055117
11
5.2431231889763774
21
-4.3786987401574802
0
LINE
8
BLACK
6
CONTINUOUS
10
5.2431231889763774
20
-4.3786987401574802
11
5.2431529921259843
21
-4.3787706692913382
0
LINE
8
BLACK
6
CONTINUOUS
10
5.2431529921259843
20
-4.3787706692913382
11
5.2433090944881888
21
-4.3790187007874017
0
LINE
8
BLACK
6
CONTINUOUS
10
5.2433090944881888
20
-4.3790187007874017
11
5.2451838582677164
21
-4.3827682283464569
0
LINE
8
BLACK
6
CONTINUOUS
10
5.2451838582677164
20
-4.3827682283464569
11
5.2453907480314959
21
-4.3833088188976381
0
LINE
8
BLACK
6
CONTINUOUS
10
5.2453907480314959
20
-4.3833088188976381
11
5.2453982677165349
21
-4.3834146850393703
0
LINE
8
BLACK
6
CONTINUOUS
10
5.2453982677165349
20
-4.3834146850393703
11
5.2454388582677165
21
-4.3835126771653545
0
LINE
8
BLACK
6
CONTINUOUS
10
5.2454388582677165
20
-4.3835126771653545
11
5.2454955905511813
21
-4.3840887401574804
0
LINE
8
BLACK
6
CONTINUOUS
10
5.2454955905511813
20
-4.3840887401574804
11
5.2454955905511813
21
-4.3878382677165355
0
LINE
8
BLACK
6
CONTINUOUS
10
5.2454955905511813
20
-4.3878382677165355
11
5.2454388582677165
21
-4.3884143307086614
0
LINE
8
BLACK
6
CONTINUOUS
10
5.2454388582677165
20
-4.3884143307086614
11
5.2453982677165349
21
-4.3885122834645669
0
LINE
8
BLACK
6
CONTINUOUS
10
5.2453982677165349
20
-4.3885122834645669
11
5.2453907480314959
21
-4.3886181889763778
0
LINE
8
BLACK
6
CONTINUOUS
10
5.2453907480314959
20
-4.3886181889763778
11
5.2451838582677164
21
-4.3891587795275591
0
LINE
8
BLACK
6
CONTINUOUS
10
5.2451838582677164
20
-4.3891587795275591
11
5.2433090944881888
21
-4.3929083070866142
0
LINE
8
BLACK
6
CONTINUOUS
10
5.2433090944881888
20
-4.3929083070866142
11
5.243153031496063
21
-4.3931561811023618
0
LINE
8
BLACK
6
CONTINUOUS
10
5.243153031496063
20
-4.3931561811023618
11
5.2431232283464562
21
-4.393228228346457
0
LINE
8
BLACK
6
CONTINUOUS
10
5.2431232283464562
20
-4.393228228346457
11
5.2430566929133855
21
-4.3933092519685042
0
LINE
8
BLACK
6
CONTINUOUS
10
5.2430566929133855
20
-4.3933092519685042
11
5.2430007480314957
21
-4.393398188976378
0
LINE
8
BLACK
6
CONTINUOUS
10
5.2430007480314957
20
-4.393398188976378
11
5.2429417322834642
21
-4.3934493307086617
0
LINE
8
BLACK
6
CONTINUOUS
10
5.2429417322834642
20
-4.3934493307086617
11
5.2427559842519686
21
-4.3936757086614175
0
LINE
8
BLACK
6
CONTINUOUS
10
5.2427559842519686
20
-4.3936757086614175
11
5.2408812598425198
21
-4.3955504724409451
0
LINE
8
BLACK
6
CONTINUOUS
10
5.2408812598425198
20
-4.3955504724409451
11
5.240654881889764
21
-4.3957362204724406
0
LINE
8
BLACK
6
CONTINUOUS
10
5.240654881889764
20
-4.3957362204724406
11
5.2406037007874016
21
-4.3957952755905509
0
LINE
8
BLACK
6
CONTINUOUS
10
5.2406037007874016
20
-4.3957952755905509
11
5.240514724409449
21
-4.3958512598425195
0
LINE
8
BLACK
6
CONTINUOUS
10
5.240514724409449
20
-4.3958512598425195
11
5.2404337795275593
21
-4.3959177165354326
0
LINE
8
BLACK
6
CONTINUOUS
10
5.2404337795275593
20
-4.3959177165354326
11
5.2403618110236216
21
-4.3959475196850395
0
LINE
8
BLACK
6
CONTINUOUS
10
5.2403618110236216
20
-4.3959475196850395
11
5.2401138188976377
21
-4.396103622047244
0
LINE
8
BLACK
6
CONTINUOUS
10
5.2401138188976377
20
-4.396103622047244
11
5.2363642913385826
21
-4.3979783858267716
0
LINE
8
BLACK
6
CONTINUOUS
10
5.2363642913385826
20
-4.3979783858267716
11
5.2358236614173226
21
-4.3981852755905511
0
LINE
8
BLACK
6
CONTINUOUS
10
5.2358236614173226
20
-4.3981852755905511
11
5.2357178346456692
21
-4.3981927559055114
0
LINE
8
BLACK
6
CONTINUOUS
10
5.2357178346456692
20
-4.3981927559055114
11
5.2356198425196849
21
-4.3982333858267717
0
LINE
8
BLACK
6
CONTINUOUS
10
5.2356198425196849
20
-4.3982333858267717
11
5.2350437795275591
21
-4.3982901181102365
0
LINE
8
BLACK
6
CONTINUOUS
10
5.2350437795275591
20
-4.3982901181102365
11
5.2256699606299213
21
-4.3982901181102365
0
LINE
8
BLACK
6
CONTINUOUS
10
5.2256699606299213
20
-4.3982901181102365
11
5.2253783464566927
21
-4.398261377952756
0
LINE
8
BLACK
6
CONTINUOUS
10
5.2253783464566927
20
-4.398261377952756
11
5.2253006299212599
21
-4.3982669291338583
0
LINE
8
BLACK
6
CONTINUOUS
10
5.2253006299212599
20
-4.3982669291338583
11
5.2251983464566925
21
-4.3982436614173226
0
LINE
8
BLACK
6
CONTINUOUS
10
5.2251983464566925
20
-4.3982436614173226
11
5.2250938976377954
21
-4.3982333858267717
0
LINE
8
BLACK
6
CONTINUOUS
10
5.2250938976377954
20
-4.3982333858267717
11
5.2250218110236215
21
-4.3982035039370082
0
LINE
8
BLACK
6
CONTINUOUS
10
5.2250218110236215
20
-4.3982035039370082
11
5.2247361811023625
21
-4.3981385826771655
0
LINE
8
BLACK
6
CONTINUOUS
10
5.2247361811023625
20
-4.3981385826771655
11
5.2191119291338586
21
-4.396263818897638
0
LINE
8
BLACK
6
CONTINUOUS
10
5.2191119291338586
20
-4.396263818897638
11
5.2185833464566924
21
-4.3960278346456692
0
LINE
8
BLACK
6
CONTINUOUS
10
5.2185833464566924
20
-4.3960278346456692
11
5.2177129921259837
21
-4.3952729527559056
0
LINE
8
BLACK
6
CONTINUOUS
10
5.2177129921259837
20
-4.3952729527559056
11
5.2171977952755908
21
-4.3942425196850392
0
LINE
8
BLACK
6
CONTINUOUS
10
5.2171977952755908
20
-4.3942425196850392
11
5.2171161023622048
21
-4.3930933070866143
0
LINE
8
BLACK
6
CONTINUOUS
10
5.2171161023622048
20
-4.3930933070866143
11
5.2174804330708664
21
-4.3920002755905507
0
LINE
8
BLACK
6
CONTINUOUS
10
5.2174804330708664
20
-4.3920002755905507
11
5.21823531496063
21
-4.391129921259842
0
LINE
8
BLACK
6
CONTINUOUS
10
5.21823531496063
20
-4.391129921259842
11
5.2192657480314963
21
-4.3906147244094491
0
LINE
8
BLACK
6
CONTINUOUS
10
5.2192657480314963
20
-4.3906147244094491
11
5.2204149606299213
21
-4.3905330314960631
0
LINE
8
BLACK
6
CONTINUOUS
10
5.2204149606299213
20
-4.3905330314960631
11
5.2209794094488187
21
-4.3906613779527559
0
LINE
8
BLACK
6
CONTINUOUS
10
5.2209794094488187
20
-4.3906613779527559
11
5.2261490944881892
21
-4.3923846062992125
0
LINE
8
BLACK
6
CONTINUOUS
10
5.2261490944881892
20
-4.3923846062992125
11
5.2343467322834645
21
-4.3923846062992125
0
LINE
8
BLACK
6
CONTINUOUS
10
5.2343467322834645
20
-4.3923846062992125
11
5.2370441732283464
21
-4.3910358661417321
0
LINE
8
BLACK
6
CONTINUOUS
10
5.2370441732283464
20
-4.3910358661417321
11
5.2382412992125982
21
-4.3898387007874016
0
LINE
8
BLACK
6
CONTINUOUS
10
5.2382412992125982
20
-4.3898387007874016
11
5.2395900787401573
21
-4.3871412204724409
0
LINE
8
BLACK
6
CONTINUOUS
10
5.2395900787401573
20
-4.3871412204724409
11
5.2395900787401573
21
-4.384785787401575
0
LINE
8
BLACK
6
CONTINUOUS
10
5.2395900787401573
20
-4.384785787401575
11
5.2382413385826769
21
-4.3820883070866143
0
LINE
8
BLACK
6
CONTINUOUS
10
5.2382413385826769
20
-4.3820883070866143
11
5.2370442125984251
21
-4.3808911811023625
0
LINE
8
BLACK
6
CONTINUOUS
10
5.2370442125984251
20
-4.3808911811023625
11
5.2340132283464564
21
-4.3793756692913384
0
LINE
8
BLACK
6
CONTINUOUS
10
5.2340132283464564
20
-4.3793756692913384
11
5.2268285826771654
21
-4.377579527559055
0
LINE
8
BLACK
6
CONTINUOUS
10
5.2268285826771654
20
-4.377579527559055
11
5.2267860629921259
21
-4.3775643307086609
0
LINE
8
BLACK
6
CONTINUOUS
10
5.2267860629921259
20
-4.3775643307086609
11
5.2267648031496066
21
-4.3775628346456692
0
LINE
8
BLACK
6
CONTINUOUS
10
5.2267648031496066
20
-4.3775628346456692
11
5.2265250393700784
21
-4.3774710629921261
0
LINE
8
BLACK
6
CONTINUOUS
10
5.2265250393700784
20
-4.3774710629921261
11
5.2262834645669294
21
-4.3773847637795278
0
LINE
8
BLACK
6
CONTINUOUS
10
5.2262834645669294
20
-4.3773847637795278
11
5.2262662992125986
21
-4.3773720472440942
0
LINE
8
BLACK
6
CONTINUOUS
10
5.2262662992125986
20
-4.3773720472440942
11
5.2262242125984253
21
-4.3773559448818897
0
LINE
8
BLACK
6
CONTINUOUS
10
5.2262242125984253
20
-4.3773559448818897
11
5.2224746850393702
21
-4.3754811811023622
0
LINE
8
BLACK
6
CONTINUOUS
10
5.2224746850393702
20
-4.3754811811023622
11
5.2222266535433066
21
-4.3753250787401576
0
LINE
8
BLACK
6
CONTINUOUS
10
5.2222266535433066
20
-4.3753250787401576
11
5.2221547244094486
21
-4.3752952755905508
0
LINE
8
BLACK
6
CONTINUOUS
10
5.2221547244094486
20
-4.3752952755905508
11
5.2220737401574802
21
-4.3752287795275588
0
LINE
8
BLACK
6
CONTINUOUS
10
5.2220737401574802
20
-4.3752287795275588
11
5.2219848031496063
21
-4.3751728346456691
0
LINE
8
BLACK
6
CONTINUOUS
10
5.2219848031496063
20
-4.3751728346456691
11
5.2219336220472439
21
-4.3751138188976375
0
LINE
8
BLACK
6
CONTINUOUS
10
5.2219336220472439
20
-4.3751138188976375
11
5.2217072834645668
21
-4.374928070866142
0
LINE
8
BLACK
6
CONTINUOUS
10
5.2217072834645668
20
-4.374928070866142
11
5.2198325196850393
21
-4.3730533070866144
0
LINE
8
BLACK
6
CONTINUOUS
10
5.2198325196850393
20
-4.3730533070866144
11
5.2196467322834641
21
-4.3728269291338577
0
LINE
8
BLACK
6
CONTINUOUS
10
5.2196467322834641
20
-4.3728269291338577
11
5.2195877559055113
21
-4.3727757874015749
0
LINE
8
BLACK
6
CONTINUOUS
10
5.2195877559055113
20
-4.3727757874015749
11
5.2195317716535428
21
-4.3726868110236223
0
LINE
8
BLACK
6
CONTINUOUS
10
5.2195317716535428
20
-4.3726868110236223
11
5.2194653149606296
21
-4.3726058661417317
0
LINE
8
BLACK
6
CONTINUOUS
10
5.2194653149606296
20
-4.3726058661417317
11
5.2194354724409449
21
-4.372533897637795
0
LINE
8
BLACK
6
CONTINUOUS
10
5.2194354724409449
20
-4.372533897637795
11
5.2192794094488191
21
-4.3722859055118111
0
LINE
8
BLACK
6
CONTINUOUS
10
5.2192794094488191
20
-4.3722859055118111
11
5.2174046456692915
21
-4.368536377952756
0
LINE
8
BLACK
6
CONTINUOUS
10
5.2174046456692915
20
-4.368536377952756
11
5.217197755905512
21
-4.3679957480314959
0
LINE
8
BLACK
6
CONTINUOUS
10
5.217197755905512
20
-4.3679957480314959
11
5.2171902362204721
21
-4.3678899212598425
0
LINE
8
BLACK
6
CONTINUOUS
10
5.2171902362204721
20
-4.3678899212598425
11
5.2171496456692914
21
-4.3677919291338583
0
LINE
8
BLACK
6
CONTINUOUS
10
5.2171496456692914
20
-4.3677919291338583
11
5.2170929133858266
21
-4.3672158661417324
0
LINE
8
BLACK
6
CONTINUOUS
10
5.2170929133858266
20
-4.3672158661417324
11
5.2170929133858266
21
-4.3634663385826773
0
LINE
8
BLACK
6
CONTINUOUS
10
5.2170929133858266
20
-4.3634663385826773
11
5.2171496456692914
21
-4.3628902755905514
0
LINE
8
BLACK
6
CONTINUOUS
10
5.2171496456692914
20
-4.3628902755905514
11
5.2171902362204721
21
-4.3627922440944884
0
LINE
8
BLACK
6
CONTINUOUS
10
5.2171902362204721
20
-4.3627922440944884
11
5.217197755905512
21
-4.3626864566929129
0
LINE
8
BLACK
6
CONTINUOUS
10
5.217197755905512
20
-4.3626864566929129
11
5.2174046456692915
21
-4.3621458267716537
0
LINE
8
BLACK
6
CONTINUOUS
10
5.2174046456692915
20
-4.3621458267716537
11
5.2192794094488191
21
-4.3583962992125986
0
LINE
8
BLACK
6
CONTINUOUS
10
5.2192794094488191
20
-4.3583962992125986
11
5.2194354724409449
21
-4.3581482677165351
0
LINE
8
BLACK
6
CONTINUOUS
10
5.2194354724409449
20
-4.3581482677165351
11
5.2194653149606296
21
-4.3580763385826771
0
LINE
8
BLACK
6
CONTINUOUS
10
5.2194653149606296
20
-4.3580763385826771
11
5.2195317716535428
21
-4.3579953543307086
0
LINE
8
BLACK
6
CONTINUOUS
10
5.2195317716535428
20
-4.3579953543307086
11
5.2195877559055113
21
-4.3579064173228348
0
LINE
8
BLACK
6
CONTINUOUS
10
5.2195877559055113
20
-4.3579064173228348
11
5.2196467322834641
21
-4.3578552362204723
0
LINE
8
BLACK
6
CONTINUOUS
10
5.2196467322834641
20
-4.3578552362204723
11
5.2198325196850393
21
-4.3576288976377953
0
LINE
8
BLACK
6
CONTINUOUS
10
5.2198325196850393
20
-4.3576288976377953
11
5.2217072834645668
21
-4.3557541338582677
0
LINE
8
BLACK
6
CONTINUOUS
10
5.2217072834645668
20
-4.3557541338582677
11
5.2219336220472439
21
-4.3555683464566926
0
LINE
8
BLACK
6
CONTINUOUS
10
5.2219336220472439
20
-4.3555683464566926
11
5.2219848031496063
21
-4.3555093700787397
0
LINE
8
BLACK
6
CONTINUOUS
10
5.2219848031496063
20
-4.3555093700787397
11
5.2220737401574802
21
-4.3554533858267712
0
LINE
8
BLACK
6
CONTINUOUS
10
5.2220737401574802
20
-4.3554533858267712
11
5.2221547244094486
21
-4.3553869291338581
0
LINE
8
BLACK
6
CONTINUOUS
10
5.2221547244094486
20
-4.3553869291338581
11
5.2222266535433066
21
-4.3553570866141733
0
LINE
8
BLACK
6
CONTINUOUS
10
5.2222266535433066
20
-4.3553570866141733
11
5.2224746850393702
21
-4.3552010236220475
0
LINE
8
BLACK
6
CONTINUOUS
10
5.2224746850393702
20
-4.3552010236220475
11
5.2262242125984253
21
-4.35332625984252
0
LINE
8
BLACK
6
CONTINUOUS
10
5.2262242125984253
20
-4.35332625984252
11
5.2267648031496066
21
-4.3531193700787405
0
LINE
8
BLACK
6
CONTINUOUS
10
5.2267648031496066
20
-4.3531193700787405
11
5.2268706692913387
21
-4.3531118110236218
0
LINE
8
BLACK
6
CONTINUOUS
10
5.2268706692913387
20
-4.3531118110236218
11
5.226968661417323
21
-4.3530712598425199
0
LINE
8
BLACK
6
CONTINUOUS
10
5.226968661417323
20
-4.3530712598425199
11
5.2275447244094488
21
-4.353014527559055
0
LINE
8
BLACK
6
CONTINUOUS
10
5.2275447244094488
20
-4.353014527559055
11
5.2369185433070866
21
-4.353014527559055
0
LINE
8
BLACK
6
CONTINUOUS
10
5.2369185433070866
20
-4.353014527559055
11
5.2372100787401576
21
-4.3530432283464568
0
LINE
8
BLACK
6
CONTINUOUS
10
5.2747053937007875
20
-4.3530432283464568
11
5.2747831496062991
21
-4.3530377165354333
0
LINE
8
BLACK
6
CONTINUOUS
10
5.2747831496062991
20
-4.3530377165354333
11
5.2748853937007869
21
-4.3530609448818893
0
LINE
8
BLACK
6
CONTINUOUS
10
5.2748853937007869
20
-4.3530609448818893
11
5.2749899212598423
21
-4.3530712598425199
0
LINE
8
BLACK
6
CONTINUOUS
10
5.2749899212598423
20
-4.3530712598425199
11
5.2750620078740154
21
-4.3531011023622046
0
LINE
8
BLACK
6
CONTINUOUS
10
5.2750620078740154
20
-4.3531011023622046
11
5.2753475984251965
21
-4.3531660629921261
0
LINE
8
BLACK
6
CONTINUOUS
10
5.2753475984251965
20
-4.3531660629921261
11
5.2809718897637792
21
-4.3550408267716536
0
LINE
8
BLACK
6
CONTINUOUS
10
5.2809718897637792
20
-4.3550408267716536
11
5.2815004330708657
21
-4.3552768110236215
0
LINE
8
BLACK
6
CONTINUOUS
10
5.2815004330708657
20
-4.3552768110236215
11
5.2823707874015744
21
-4.356031692913386
0
LINE
8
BLACK
6
CONTINUOUS
10
5.2823707874015744
20
-4.356031692913386
11
5.282886023622047
21
-4.3570621259842515
0
LINE
8
BLACK
6
CONTINUOUS
10
5.282886023622047
20
-4.3570621259842515
11
5.282967716535433
21
-4.3582113385826773
0
LINE
8
BLACK
6
CONTINUOUS
10
5.282967716535433
20
-4.3582113385826773
11
5.2826033858267714
21
-4.3593043307086612
0
LINE
8
BLACK
6
CONTINUOUS
10
5.2826033858267714
20
-4.3593043307086612
11
5.2818485039370078
21
-4.3601747244094486
0
LINE
8
BLACK
6
CONTINUOUS
10
5.2818485039370078
20
-4.3601747244094486
11
5.2808180314960627
21
-4.3606899212598424
0
LINE
8
BLACK
6
CONTINUOUS
10
5.2808180314960627
20
-4.3606899212598424
11
5.2796688188976377
21
-4.3607716141732284
0
LINE
8
BLACK
6
CONTINUOUS
10
5.2796688188976377
20
-4.3607716141732284
11
5.2791043700787403
21
-4.3606432677165357
0
LINE
8
BLACK
6
CONTINUOUS
10
5.2791043700787403
20
-4.3606432677165357
11
5.2739347244094485
21
-4.3589200393700782
0
LINE
8
BLACK
6
CONTINUOUS
10
5.2739347244094485
20
-4.3589200393700782
11
5.2657370866141733
21
-4.3589200393700782
0
LINE
8
BLACK
6
CONTINUOUS
10
5.2657370866141733
20
-4.3589200393700782
11
5.2630396062992126
21
-4.3602687795275585
0
LINE
8
BLACK
6
CONTINUOUS
10
5.2630396062992126
20
-4.3602687795275585
11
5.2618424803149608
21
-4.3614659055118112
0
LINE
8
BLACK
6
CONTINUOUS
10
5.2618424803149608
20
-4.3614659055118112
11
5.2604937401574805
21
-4.3641633858267719
0
LINE
8
BLACK
6
CONTINUOUS
10
5.2604937401574805
20
-4.3641633858267719
11
5.2604937401574805
21
-4.3665188188976378
0
LINE
8
BLACK
6
CONTINUOUS
10
5.2604937401574805
20
-4.3665188188976378
11
5.2618424803149608
21
-4.3692162992125985
0
LINE
8
BLACK
6
CONTINUOUS
10
5.2618424803149608
20
-4.3692162992125985
11
5.2630396062992126
21
-4.3704134251968503
0
LINE
8
BLACK
6
CONTINUOUS
10
5.2630396062992126
20
-4.3704134251968503
11
5.2660705905511813
21
-4.3719288976377948
0
LINE
8
BLACK
6
CONTINUOUS
10
5.2660705905511813
20
-4.3719288976377948
11
5.2732552362204723
21
-4.3737250787401578
0
LINE
8
BLACK
6
CONTINUOUS
10
5.2732552362204723
20
-4.3737250787401578
11
5.2732977165354331
21
-4.3737402362204723
0
LINE
8
BLACK
6
CONTINUOUS
10
5.2732977165354331
20
-4.3737402362204723
11
5.2733189763779524
21
-4.3737417716535436
0
LINE
8
BLACK
6
CONTINUOUS
10
5.2733189763779524
20
-4.3737417716535436
11
5.2735583858267718
21
-4.3738333858267717
0
LINE
8
BLACK
6
CONTINUOUS
10
5.2735583858267718
20
-4.3738333858267717
11
5.2738003543307084
21
-4.373919842519685
0
LINE
8
BLACK
6
CONTINUOUS
10
5.2738003543307084
20
-4.373919842519685
11
5.2738174803149604
21
-4.3739325196850389
0
LINE
8
BLACK
6
CONTINUOUS
10
5.2738174803149604
20
-4.3739325196850389
11
5.2738596062992125
21
-4.3739486614173231
0
LINE
8
BLACK
6
CONTINUOUS
10
5.2738596062992125
20
-4.3739486614173231
11
5.2776091338582676
21
-4.3758234251968506
0
LINE
8
BLACK
6
CONTINUOUS
10
5.2776091338582676
20
-4.3758234251968506
11
5.2778571259842515
21
-4.3759794881889764
0
LINE
8
BLACK
6
CONTINUOUS
10
5.2778571259842515
20
-4.3759794881889764
11
5.2779290944881891
21
-4.3760093307086612
0
LINE
8
BLACK
6
CONTINUOUS
10
5.2779290944881891
20
-4.3760093307086612
11
5.2780100393700788
21
-4.3760757874015743
0
LINE
8
BLACK
6
CONTINUOUS
10
5.2780100393700788
20
-4.3760757874015743
11
5.2780990157480314
21
-4.3761317716535428
0
LINE
8
BLACK
6
CONTINUOUS
10
5.2780990157480314
20
-4.3761317716535428
11
5.2781501574803151
21
-4.3761907480314957
0
LINE
8
BLACK
6
CONTINUOUS
10
5.2781501574803151
20
-4.3761907480314957
11
5.2783765354330709
21
-4.3763765354330708
0
LINE
8
BLACK
6
CONTINUOUS
10
5.2783765354330709
20
-4.3763765354330708
11
5.2802512992125985
21
-4.3782512992125984
0
LINE
8
BLACK
6
CONTINUOUS
10
5.2802512992125985
20
-4.3782512992125984
11
5.280437047244094
21
-4.3784776377952754
0
LINE
8
BLACK
6
CONTINUOUS
10
5.280437047244094
20
-4.3784776377952754
11
5.2804960629921256
21
-4.3785288188976379
0
LINE
8
BLACK
6
CONTINUOUS
10
5.2804960629921256
20
-4.3785288188976379
11
5.2805520078740154
21
-4.3786177559055117
0
LINE
8
BLACK
6
CONTINUOUS
10
5.2805520078740154
20
-4.3786177559055117
11
5.2806185039370082
21
-4.3786987401574802
0
LINE
8
BLACK
6
CONTINUOUS
10
5.2806185039370082
20
-4.3786987401574802
11
5.2806483070866141
21
-4.3787706692913382
0
LINE
8
BLACK
6
CONTINUOUS
10
5.2806483070866141
20
-4.3787706692913382
11
5.2808044094488187
21
-4.3790187007874017
0
LINE
8
BLACK
6
CONTINUOUS
10
5.2808044094488187
20
-4.3790187007874017
11
5.2826791732283462
21
-4.3827682283464569
0
LINE
8
BLACK
6
CONTINUOUS
10
5.2826791732283462
20
-4.3827682283464569
11
5.2828860629921257
21
-4.3833088188976381
0
LINE
8
BLACK
6
CONTINUOUS
10
5.2828860629921257
20
-4.3833088188976381
11
5.2828935826771648
21
-4.3834146850393703
0
LINE
8
BLACK
6
CONTINUOUS
10
5.2828935826771648
20
-4.3834146850393703
11
5.2829341732283464
21
-4.3835126771653545
0
LINE
8
BLACK
6
CONTINUOUS
10
5.2829341732283464
20
-4.3835126771653545
11
5.2829909055118112
21
-4.3840887401574804
0
LINE
8
BLACK
6
CONTINUOUS
10
5.2829909055118112
20
-4.3840887401574804
11
5.2829909055118112
21
-4.3878382677165355
0
LINE
8
BLACK
6
CONTINUOUS
10
5.2829909055118112
20
-4.3878382677165355
11
5.2829341732283464
21
-4.3884143307086614
0
LINE
8
BLACK
6
CONTINUOUS
10
5.2829341732283464
20
-4.3884143307086614
11
5.2828935826771648
21
-4.3885122834645669
0
LINE
8
BLACK
6
CONTINUOUS
10
5.2828935826771648
20
-4.3885122834645669
11
5.2828860629921257
21
-4.3886181889763778
0
LINE
8
BLACK
6
CONTINUOUS
10
5.2828860629921257
20
-4.3886181889763778
11
5.2826791732283462
21
-4.3891587795275591
0
LINE
8
BLACK
6
CONTINUOUS
10
5.2826791732283462
20
-4.3891587795275591
11
5.2808044094488187
21
-4.3929083070866142
0
LINE
8
BLACK
6
CONTINUOUS
10
5.2808044094488187
20
-4.3929083070866142
11
5.2806483464566929
21
-4.3931561811023618
0
LINE
8
BLACK
6
CONTINUOUS
10
5.2806483464566929
20
-4.3931561811023618
11
5.2806185433070869
21
-4.393228228346457
0
LINE
8
BLACK
6
CONTINUOUS
10
5.2806185433070869
20
-4.393228228346457
11
5.2805520078740154
21
-4.3933092519685042
0
LINE
8
BLACK
6
CONTINUOUS
10
5.2805520078740154
20
-4.3933092519685042
11
5.2804960629921256
21
-4.393398188976378
0
LINE
8
BLACK
6
CONTINUOUS
10
5.2804960629921256
20
-4.393398188976378
11
5.280437047244094
21
-4.3934493307086617
0
LINE
8
BLACK
6
CONTINUOUS
10
5.280437047244094
20
-4.3934493307086617
11
5.2802512992125985
21
-4.3936757086614175
0
LINE
8
BLACK
6
CONTINUOUS
10
5.2802512992125985
20
-4.3936757086614175
11
5.2783765748031497
21
-4.3955504724409451
0
LINE
8
BLACK
6
CONTINUOUS
10
5.2783765748031497
20
-4.3955504724409451
11
5.2781501968503939
21
-4.3957362204724406
0
LINE
8
BLACK
6
CONTINUOUS
10
5.2781501968503939
20
-4.3957362204724406
11
5.2780990157480314
21
-4.3957952755905509
0
LINE
8
BLACK
6
CONTINUOUS
10
5.2780990157480314
20
-4.3957952755905509
11
5.2780100393700788
21
-4.3958512598425195
0
LINE
8
BLACK
6
CONTINUOUS
10
5.2780100393700788
20
-4.3958512598425195
11
5.2779290944881891
21
-4.3959177165354326
0
LINE
8
BLACK
6
CONTINUOUS
10
5.2779290944881891
20
-4.3959177165354326
11
5.2778571259842515
21
-4.3959475196850395
0
LINE
8
BLACK
6
CONTINUOUS
10
5.2778571259842515
20
-4.3959475196850395
11
5.2776091338582676
21
-4.396103622047244
0
LINE
8
BLACK
6
CONTINUOUS
10
5.2776091338582676
20
-4.396103622047244
11
5.2738596062992125
21
-4.3979783858267716
0
LINE
8
BLACK
6
CONTINUOUS
10
5.2738596062992125
20
-4.3979783858267716
11
5.2733189763779524
21
-4.3981852755905511
0
LINE
8
BLACK
6
CONTINUOUS
10
5.2733189763779524
20
-4.3981852755905511
11
5.2732131496062991
21
-4.3981927559055114
0
LINE
8
BLACK
6
CONTINUOUS
10
5.2732131496062991
20
-4.3981927559055114
11
5.2731151574803148
21
-4.3982333858267717
0
LINE
8
BLACK
6
CONTINUOUS
10
5.2731151574803148
20
-4.3982333858267717
11
5.2725390944881889
21
-4.3982901181102365
0
LINE
8
BLACK
6
CONTINUOUS
10
5.2725390944881889
20
-4.3982901181102365
11
5.2631652755905511
21
-4.3982901181102365
0
LINE
8
BLACK
6
CONTINUOUS
10
5.2631652755905511
20
-4.3982901181102365
11
5.2628736614173226
21
-4.398261377952756
0
LINE
8
BLACK
6
CONTINUOUS
10
5.2628736614173226
20
-4.398261377952756
11
5.2627959448818897
21
-4.3982669291338583
0
LINE
8
BLACK
6
CONTINUOUS
10
5.2627959448818897
20
-4.3982669291338583
11
5.2626936614173223
21
-4.3982436614173226
0
LINE
8
BLACK
6
CONTINUOUS
10
5.2626936614173223
20
-4.3982436614173226
11
5.2625892125984253
21
-4.3982333858267717
0
LINE
8
BLACK
6
CONTINUOUS
10
5.2625892125984253
20
-4.3982333858267717
11
5.2625171259842523
21
-4.3982035039370082
0
LINE
8
BLACK
6
CONTINUOUS
10
5.2625171259842523
20
-4.3982035039370082
11
5.2622314960629923
21
-4.3981385826771655
0
LINE
8
BLACK
6
CONTINUOUS
10
5.2622314960629923
20
-4.3981385826771655
11
5.2566072440944884
21
-4.396263818897638
0
LINE
8
BLACK
6
CONTINUOUS
10
5.2566072440944884
20
-4.396263818897638
11
5.2560786614173223
21
-4.3960278346456692
0
LINE
8
BLACK
6
CONTINUOUS
10
5.2560786614173223
20
-4.3960278346456692
11
5.2552083070866145
21
-4.3952729527559056
0
LINE
8
BLACK
6
CONTINUOUS
10
5.2552083070866145
20
-4.3952729527559056
11
5.2546931102362207
21
-4.3942425196850392
0
LINE
8
BLACK
6
CONTINUOUS
10
5.2546931102362207
20
-4.3942425196850392
11
5.2546114173228347
21
-4.3930933070866143
0
LINE
8
BLACK
6
CONTINUOUS
10
5.2546114173228347
20
-4.3930933070866143
11
5.2549757480314963
21
-4.3920002755905507
0
LINE
8
BLACK
6
CONTINUOUS
10
5.2549757480314963
20
-4.3920002755905507
11
5.2557306299212598
21
-4.391129921259842
0
LINE
8
BLACK
6
CONTINUOUS
10
5.2557306299212598
20
-4.391129921259842
11
5.2567610629921262
21
-4.3906147244094491
0
LINE
8
BLACK
6
CONTINUOUS
10
5.2567610629921262
20
-4.3906147244094491
11
5.2579102755905511
21
-4.3905330314960631
0
LINE
8
BLACK
6
CONTINUOUS
10
5.2579102755905511
20
-4.3905330314960631
11
5.2584747244094485
21
-4.3906613779527559
0
LINE
8
BLACK
6
CONTINUOUS
10
5.2584747244094485
20
-4.3906613779527559
11
5.2636444094488191
21
-4.3923846062992125
0
LINE
8
BLACK
6
CONTINUOUS
10
5.2636444094488191
20
-4.3923846062992125
11
5.2718420472440943
21
-4.3923846062992125
0
LINE
8
BLACK
6
CONTINUOUS
10
5.2718420472440943
20
-4.3923846062992125
11
5.2745394881889762
21
-4.3910358661417321
0
LINE
8
BLACK
6
CONTINUOUS
10
5.2745394881889762
20
-4.3910358661417321
11
5.275736614173228
21
-4.3898387007874016
0
LINE
8
BLACK
6
CONTINUOUS
10
5.275736614173228
20
-4.3898387007874016
11
5.2770853937007871
21
-4.3871412204724409
0
LINE
8
BLACK
6
CONTINUOUS
10
5.2770853937007871
20
-4.3871412204724409
11
5.2770853937007871
21
-4.384785787401575
0
LINE
8
BLACK
6
CONTINUOUS
10
5.2770853937007871
20
-4.384785787401575
11
5.2757366535433068
21
-4.3820883070866143
0
LINE
8
BLACK
6
CONTINUOUS
10
5.2757366535433068
20
-4.3820883070866143
11
5.274539527559055
21
-4.3808911811023625
0
LINE
8
BLACK
6
CONTINUOUS
10
5.274539527559055
20
-4.3808911811023625
11
5.2715085433070863
21
-4.3793756692913384
0
LINE
8
BLACK
6
CONTINUOUS
10
5.2715085433070863
20
-4.3793756692913384
11
5.2643238976377953
21
-4.377579527559055
0
LINE
8
BLACK
6
CONTINUOUS
10
5.2643238976377953
20
-4.377579527559055
11
5.2642813779527557
21
-4.3775643307086609
0
LINE
8
BLACK
6
CONTINUOUS
10
5.2642813779527557
20
-4.3775643307086609
11
5.2642601181102364
21
-4.3775628346456692
0
LINE
8
BLACK
6
CONTINUOUS
10
5.2642601181102364
20
-4.3775628346456692
11
5.2640203543307083
21
-4.3774710629921261
0
LINE
8
BLACK
6
CONTINUOUS
10
5.2640203543307083
20
-4.3774710629921261
11
5.2637787795275592
21
-4.3773847637795278
0
LINE
8
BLACK
6
CONTINUOUS
10
5.2637787795275592
20
-4.3773847637795278
11
5.2637616141732284
21
-4.3773720472440942
0
LINE
8
BLACK
6
CONTINUOUS
10
5.2637616141732284
20
-4.3773720472440942
11
5.2637195275590551
21
-4.3773559448818897
0
LINE
8
BLACK
6
CONTINUOUS
10
5.2637195275590551
20
-4.3773559448818897
11
5.25997
21
-4.3754811811023622
0
LINE
8
BLACK
6
CONTINUOUS
10
5.25997
20
-4.3754811811023622
11
5.2597219685039365
21
-4.3753250787401576
0
LINE
8
BLACK
6
CONTINUOUS
10
5.2597219685039365
20
-4.3753250787401576
11
5.2596500393700785
21
-4.3752952755905508
0
LINE
8
BLACK
6
CONTINUOUS
10
5.2596500393700785
20
-4.3752952755905508
11
5.25956905511811
21
-4.3752287795275588
0
LINE
8
BLACK
6
CONTINUOUS
10
5.25956905511811
20
-4.3752287795275588
11
5.2594801181102362
21
-4.3751728346456691
0
LINE
8
BLACK
6
CONTINUOUS
10
5.2594801181102362
20
-4.3751728346456691
11
5.2594289370078737
21
-4.3751138188976375
0
LINE
8
BLACK
6
CONTINUOUS
10
5.2594289370078737
20
-4.3751138188976375
11
5.2592025984251967
21
-4.374928070866142
0
LINE
8
BLACK
6
CONTINUOUS
10
5.2592025984251967
20
-4.374928070866142
11
5.2573278346456691
21
-4.3730533070866144
0
LINE
8
BLACK
6
CONTINUOUS
10
5.2573278346456691
20
-4.3730533070866144
11
5.257142047244094
21
-4.3728269291338577
0
LINE
8
BLACK
6
CONTINUOUS
10
5.257142047244094
20
-4.3728269291338577
11
5.257083070866142
21
-4.3727757874015749
0
LINE
8
BLACK
6
CONTINUOUS
10
5.257083070866142
20
-4.3727757874015749
11
5.2570270866141735
21
-4.3726868110236223
0
LINE
8
BLACK
6
CONTINUOUS
10
5.2570270866141735
20
-4.3726868110236223
11
5.2569606299212595
21
-4.3726058661417317
0
LINE
8
BLACK
6
CONTINUOUS
10
5.2569606299212595
20
-4.3726058661417317
11
5.2569307874015747
21
-4.372533897637795
0
LINE
8
BLACK
6
CONTINUOUS
10
5.2569307874015747
20
-4.372533897637795
11
5.2567747244094489
21
-4.3722859055118111
0
LINE
8
BLACK
6
CONTINUOUS
10
5.2567747244094489
20
-4.3722859055118111
11
5.2548999606299214
21
-4.368536377952756
0
LINE
8
BLACK
6
CONTINUOUS
10
5.2548999606299214
20
-4.368536377952756
11
5.2546930708661419
21
-4.3679957480314959
0
LINE
8
BLACK
6
CONTINUOUS
10
5.2546930708661419
20
-4.3679957480314959
11
5.2546855511811019
21
-4.3678899212598425
0
LINE
8
BLACK
6
CONTINUOUS
10
5.2546855511811019
20
-4.3678899212598425
11
5.2546449606299213
21
-4.3677919291338583
0
LINE
8
BLACK
6
CONTINUOUS
10
5.2546449606299213
20
-4.3677919291338583
11
5.2545882283464564
21
-4.3672158661417324
0
LINE
8
BLACK
6
CONTINUOUS
10
5.2545882283464564
20
-4.3672158661417324
11
5.2545882283464564
21
-4.3634663385826773
0
LINE
8
BLACK
6
CONTINUOUS
10
5.2545882283464564
20
-4.3634663385826773
11
5.2546449606299213
21
-4.3628902755905514
0
LINE
8
BLACK
6
CONTINUOUS
10
5.2546449606299213
20
-4.3628902755905514
11
5.2546855511811019
21
-4.3627922440944884
0
LINE
8
BLACK
6
CONTINUOUS
10
5.2546855511811019
20
-4.3627922440944884
11
5.2546930708661419
21
-4.3626864566929129
0
LINE
8
BLACK
6
CONTINUOUS
10
5.2546930708661419
20
-4.3626864566929129
11
5.2548999606299214
21
-4.3621458267716537
0
LINE
8
BLACK
6
CONTINUOUS
10
5.2548999606299214
20
-4.3621458267716537
11
5.2567747244094489
21
-4.3583962992125986
0
LINE
8
BLACK
6
CONTINUOUS
10
5.2567747244094489
20
-4.3583962992125986
11
5.2569307874015747
21
-4.3581482677165351
0
LINE
8
BLACK
6
CONTINUOUS
10
5.2569307874015747
20
-4.3581482677165351
11
5.2569606299212595
21
-4.3580763385826771
0
LINE
8
BLACK
6
CONTINUOUS
10
5.2569606299212595
20
-4.3580763385826771
11
5.2570270866141735
21
-4.3579953543307086
0
LINE
8
BLACK
6
CONTINUOUS
10
5.2570270866141735
20
-4.3579953543307086
11
5.257083070866142
21
-4.3579064173228348
0
LINE
8
BLACK
6
CONTINUOUS
10
5.257083070866142
20
-4.3579064173228348
11
5.257142047244094
21
-4.3578552362204723
0
LINE
8
BLACK
6
CONTINUOUS
10
5.257142047244094
20
-4.3578552362204723
11
5.2573278346456691
21
-4.3576288976377953
0
LINE
8
BLACK
6
CONTINUOUS
10
5.2573278346456691
20
-4.3576288976377953
11
5.2592025984251967
21
-4.3557541338582677
0
LINE
8
BLACK
6
CONTINUOUS
10
5.2592025984251967
20
-4.3557541338582677
11
5.2594289370078737
21
-4.3555683464566926
0
LINE
8
BLACK
6
CONTINUOUS
10
5.2594289370078737
20
-4.3555683464566926
11
5.2594801181102362
21
-4.3555093700787397
0
LINE
8
BLACK
6
CONTINUOUS
10
5.2594801181102362
20
-4.3555093700787397
11
5.25956905511811
21
-4.3554533858267712
0
LINE
8
BLACK
6
CONTINUOUS
10
5.25956905511811
20
-4.3554533858267712
11
5.2596500393700785
21
-4.3553869291338581
0
LINE
8
BLACK
6
CONTINUOUS
10
5.2596500393700785
20
-4.3553869291338581
11
5.2597219685039365
21
-4.3553570866141733
0
LINE
8
BLACK
6
CONTINUOUS
10
5.2597219685039365
20
-4.3553570866141733
11
5.25997
21
-4.3552010236220475
0
LINE
8
BLACK
6
CONTINUOUS
10
5.25997
20
-4.3552010236220475
11
5.2637195275590551
21
-4.35332625984252
0
LINE
8
BLACK
6
CONTINUOUS
10
5.2637195275590551
20
-4.35332625984252
11
5.2642601181102364
21
-4.3531193700787405
0
LINE
8
BLACK
6
CONTINUOUS
10
5.2642601181102364
20
-4.3531193700787405
11
5.2643659842519686
21
-4.3531118110236218
0
LINE
8
BLACK
6
CONTINUOUS
10
5.2643659842519686
20
-4.3531118110236218
11
5.2644639763779528
21
-4.3530712598425199
0
LINE
8
BLACK
6
CONTINUOUS
10
5.2644639763779528
20
-4.3530712598425199
11
5.2650400393700787
21
-4.353014527559055
0
LINE
8
BLACK
6
CONTINUOUS
10
5.2650400393700787
20
-4.353014527559055
11
5.2744138582677165
21
-4.353014527559055
0
LINE
8
BLACK
6
CONTINUOUS
10
5.2744138582677165
20
-4.353014527559055
11
5.2747053937007875
21
-4.3530432283464568
0
LINE
8
BLACK
6
CONTINUOUS
10
5.4024739763779523
20
-4.3530712598425199
11
5.4025719685039366
21
-4.3531118503937005
0
LINE
8
BLACK
6
CONTINUOUS
10
5.4025719685039366
20
-4.3531118503937005
11
5.40267779527559
21
-4.3531193700787405
0
LINE
8
BLACK
6
CONTINUOUS
10
5.40267779527559
20
-4.3531193700787405
11
5.40321842519685
21
-4.35332625984252
0
LINE
8
BLACK
6
CONTINUOUS
10
5.40321842519685
20
-4.35332625984252
11
5.4069679527559051
21
-4.3552010236220475
0
LINE
8
BLACK
6
CONTINUOUS
10
5.4069679527559051
20
-4.3552010236220475
11
5.4072159448818899
21
-4.3553570866141733
0
LINE
8
BLACK
6
CONTINUOUS
10
5.4072159448818899
20
-4.3553570866141733
11
5.4072879133858267
21
-4.3553869291338581
0
LINE
8
BLACK
6
CONTINUOUS
10
5.4072879133858267
20
-4.3553869291338581
11
5.4073688582677164
21
-4.3554533858267712
0
LINE
8
BLACK
6
CONTINUOUS
10
5.4073688582677164
20
-4.3554533858267712
11
5.407457834645669
21
-4.3555093700787397
0
LINE
8
BLACK
6
CONTINUOUS
10
5.407457834645669
20
-4.3555093700787397
11
5.4075089763779527
21
-4.3555683464566926
0
LINE
8
BLACK
6
CONTINUOUS
10
5.4075089763779527
20
-4.3555683464566926
11
5.4077353543307085
21
-4.3557541338582677
0
LINE
8
BLACK
6
CONTINUOUS
10
5.4077353543307085
20
-4.3557541338582677
11
5.4114848818897636
21
-4.3595036614173228
0
LINE
8
BLACK
6
CONTINUOUS
10
5.4114848818897636
20
-4.3595036614173228
11
5.411852125984252
21
-4.3599511023622046
0
LINE
8
BLACK
6
CONTINUOUS
10
5.411852125984252
20
-4.3599511023622046
11
5.4119361417322835
21
-4.3601539763779531
0
LINE
8
BLACK
6
CONTINUOUS
10
5.4119361417322835
20
-4.3601539763779531
11
5.4120668110236219
21
-4.3603303149606294
0
LINE
8
BLACK
6
CONTINUOUS
10
5.4120668110236219
20
-4.3603303149606294
11
5.4122615748031491
21
-4.3608754330708663
0
LINE
8
BLACK
6
CONTINUOUS
10
5.4122615748031491
20
-4.3608754330708663
11
5.4141363385826766
21
-4.3683744881889766
0
LINE
8
BLACK
6
CONTINUOUS
10
5.4141363385826766
20
-4.3683744881889766
11
5.4141511023622044
21
-4.3684743307086613
0
LINE
8
BLACK
6
CONTINUOUS
10
5.4141511023622044
20
-4.3684743307086613
11
5.4141677559055115
21
-4.3685145669291341
0
LINE
8
BLACK
6
CONTINUOUS
10
5.4141677559055115
20
-4.3685145669291341
11
5.4141890944881892
21
-4.3687315748031494
0
LINE
8
BLACK
6
CONTINUOUS
10
5.4141890944881892
20
-4.3687315748031494
11
5.4142209842519682
21
-4.3689470866141731
0
LINE
8
BLACK
6
CONTINUOUS
10
5.4142209842519682
20
-4.3689470866141731
11
5.4142145669291342
21
-4.3689900787401577
0
LINE
8
BLACK
6
CONTINUOUS
10
5.4142145669291342
20
-4.3689900787401577
11
5.4142244881889763
21
-4.36909062992126
0
LINE
8
BLACK
6
CONTINUOUS
10
5.4142244881889763
20
-4.36909062992126
11
5.4142244881889763
21
-4.3822139763779528
0
LINE
8
BLACK
6
CONTINUOUS
10
5.4142244881889763
20
-4.3822139763779528
11
5.4142145669291342
21
-4.3823144881889764
0
LINE
8
BLACK
6
CONTINUOUS
10
5.4142145669291342
20
-4.3823144881889764
11
5.4142209842519682
21
-4.3823575196850388
0
LINE
8
BLACK
6
CONTINUOUS
10
5.4142209842519682
20
-4.3823575196850388
11
5.4141890944881892
21
-4.3825729921259837
0
LINE
8
BLACK
6
CONTINUOUS
10
5.4141890944881892
20
-4.3825729921259837
11
5.4141677559055115
21
-4.3827900393700787
0
LINE
8
BLACK
6
CONTINUOUS
10
5.4141677559055115
20
-4.3827900393700787
11
5.4141511023622044
21
-4.3828302362204727
0
LINE
8
BLACK
6
CONTINUOUS
10
5.4141511023622044
20
-4.3828302362204727
11
5.4141363385826766
21
-4.3829301181102363
0
LINE
8
BLACK
6
CONTINUOUS
10
5.4141363385826766
20
-4.3829301181102363
11
5.4122615748031491
21
-4.3904291732283465
0
LINE
8
BLACK
6
CONTINUOUS
10
5.4122615748031491
20
-4.3904291732283465
11
5.4120668110236219
21
-4.3909742913385825
0
LINE
8
BLACK
6
CONTINUOUS
10
5.4120668110236219
20
-4.3909742913385825
11
5.4119361023622048
21
-4.3911506299212597
0
LINE
8
BLACK
6
CONTINUOUS
10
5.4119361023622048
20
-4.3911506299212597
11
5.411852125984252
21
-4.3913534645669294
0
LINE
8
BLACK
6
CONTINUOUS
10
5.411852125984252
20
-4.3913534645669294
11
5.4114849212598424
21
-4.3918009055118112
0
LINE
8
BLACK
6
CONTINUOUS
10
5.4114849212598424
20
-4.3918009055118112
11
5.4077353543307085
21
-4.3955505118110239
0
LINE
8
BLACK
6
CONTINUOUS
10
5.4077353543307085
20
-4.3955505118110239
11
5.4075089763779527
21
-4.3957362598425194
0
LINE
8
BLACK
6
CONTINUOUS
10
5.4075089763779527
20
-4.3957362598425194
11
5.407457834645669
21
-4.3957952755905509
0
LINE
8
BLACK
6
CONTINUOUS
10
5.407457834645669
20
-4.3957952755905509
11
5.4073688582677164
21
-4.3958512204724407
0
LINE
8
BLACK
6
CONTINUOUS
10
5.4073688582677164
20
-4.3958512204724407
11
5.4072879133858267
21
-4.3959177165354326
0
LINE
8
BLACK
6
CONTINUOUS
10
5.4072879133858267
20
-4.3959177165354326
11
5.4072159448818899
21
-4.3959475196850395
0
LINE
8
BLACK
6
CONTINUOUS
10
5.4072159448818899
20
-4.3959475196850395
11
5.4069679527559051
21
-4.396103622047244
0
LINE
8
BLACK
6
CONTINUOUS
10
5.4069679527559051
20
-4.396103622047244
11
5.40321842519685
21
-4.3979783858267716
0
LINE
8
BLACK
6
CONTINUOUS
10
5.40321842519685
20
-4.3979783858267716
11
5.40267779527559
21
-4.3981852755905511
0
LINE
8
BLACK
6
CONTINUOUS
10
5.40267779527559
20
-4.3981852755905511
11
5.4025719685039366
21
-4.3981927559055114
0
LINE
8
BLACK
6
CONTINUOUS
10
5.4025719685039366
20
-4.3981927559055114
11
5.4024739763779523
21
-4.3982333858267717
0
LINE
8
BLACK
6
CONTINUOUS
10
5.4024739763779523
20
-4.3982333858267717
11
5.4018979133858265
21
-4.3982901181102365
0
LINE
8
BLACK
6
CONTINUOUS
10
5.4018979133858265
20
-4.3982901181102365
11
5.3943988582677163
21
-4.3982901181102365
0
LINE
8
BLACK
6
CONTINUOUS
10
5.3943988582677163
20
-4.3982901181102365
11
5.3938227952755904
21
-4.3982333858267717
0
LINE
8
BLACK
6
CONTINUOUS
10
5.3938227952755904
20
-4.3982333858267717
11
5.3937248031496061
21
-4.3981927952755902
0
LINE
8
BLACK
6
CONTINUOUS
10
5.3937248031496061
20
-4.3981927952755902
11
5.393618937007874
21
-4.3981852755905511
0
LINE
8
BLACK
6
CONTINUOUS
10
5.393618937007874
20
-4.3981852755905511
11
5.3930783464566927
21
-4.3979783858267716
0
LINE
8
BLACK
6
CONTINUOUS
10
5.3930783464566927
20
-4.3979783858267716
11
5.3893288188976376
21
-4.396103622047244
0
LINE
8
BLACK
6
CONTINUOUS
10
5.3893288188976376
20
-4.396103622047244
11
5.3890809842519687
21
-4.395947598425197
0
LINE
8
BLACK
6
CONTINUOUS
10
5.3890809842519687
20
-4.395947598425197
11
5.389008858267716
21
-4.3959177559055114
0
LINE
8
BLACK
6
CONTINUOUS
10
5.389008858267716
20
-4.3959177559055114
11
5.3889276771653538
21
-4.3958511417322832
0
LINE
8
BLACK
6
CONTINUOUS
10
5.3889276771653538
20
-4.3958511417322832
11
5.3888389370078738
21
-4.3957952755905509
0
LINE
8
BLACK
6
CONTINUOUS
10
5.3888389370078738
20
-4.3957952755905509
11
5.38878779527559
21
-4.3957363385826769
0
LINE
8
BLACK
6
CONTINUOUS
10
5.38878779527559
20
-4.3957363385826769
11
5.3885614173228342
21
-4.3955505118110239
0
LINE
8
BLACK
6
CONTINUOUS
10
5.3885614173228342
20
-4.3955505118110239
11
5.3848118897637791
21
-4.39180094488189
0
LINE
8
BLACK
6
CONTINUOUS
10
5.3848118897637791
20
-4.39180094488189
11
5.3844446456692916
21
-4.3913534645669294
0
LINE
8
BLACK
6
CONTINUOUS
10
5.3844446456692916
20
-4.3913534645669294
11
5.3843606299212601
21
-4.3911506299212597
0
LINE
8
BLACK
6
CONTINUOUS
10
5.3843606299212601
20
-4.3911506299212597
11
5.3842299606299209
21
-4.3909742913385825
0
LINE
8
BLACK
6
CONTINUOUS
10
5.3842299606299209
20
-4.3909742913385825
11
5.3840351968503937
21
-4.3904291732283465
0
LINE
8
BLACK
6
CONTINUOUS
10
5.3840351968503937
20
-4.3904291732283465
11
5.3821604330708661
21
-4.3829301181102363
0
LINE
8
BLACK
6
CONTINUOUS
10
5.3821604330708661
20
-4.3829301181102363
11
5.3821456299212596
21
-4.3828302362204727
0
LINE
8
BLACK
6
CONTINUOUS
10
5.3821456299212596
20
-4.3828302362204727
11
5.3821290157480313
21
-4.3827900393700787
0
LINE
8
BLACK
6
CONTINUOUS
10
5.3821290157480313
20
-4.3827900393700787
11
5.3821076377952757
21
-4.3825729921259837
0
LINE
8
BLACK
6
CONTINUOUS
10
5.3821076377952757
20
-4.3825729921259837
11
5.3820757874015746
21
-4.3823575196850388
0
LINE
8
BLACK
6
CONTINUOUS
10
5.3820757874015746
20
-4.3823575196850388
11
5.3820821653543307
21
-4.3823144881889764
0
LINE
8
BLACK
6
CONTINUOUS
10
5.3820821653543307
20
-4.3823144881889764
11
5.3820722834645665
21
-4.3822139763779528
0
LINE
8
BLACK
6
CONTINUOUS
10
5.3820722834645665
20
-4.3822139763779528
11
5.3820722834645665
21
-4.36909062992126
0
LINE
8
BLACK
6
CONTINUOUS
10
5.3820722834645665
20
-4.36909062992126
11
5.3820821653543307
21
-4.3689900787401577
0
LINE
8
BLACK
6
CONTINUOUS
10
5.3820821653543307
20
-4.3689900787401577
11
5.3820757874015746
21
-4.3689470866141731
0
LINE
8
BLACK
6
CONTINUOUS
10
5.3820757874015746
20
-4.3689470866141731
11
5.3821076377952757
21
-4.3687315748031494
0
LINE
8
BLACK
6
CONTINUOUS
10
5.3821076377952757
20
-4.3687315748031494
11
5.3821290157480313
21
-4.3685145669291341
0
LINE
8
BLACK
6
CONTINUOUS
10
5.3821290157480313
20
-4.3685145669291341
11
5.3821456299212596
21
-4.3684743307086613
0
LINE
8
BLACK
6
CONTINUOUS
10
5.3821456299212596
20
-4.3684743307086613
11
5.3821604330708661
21
-4.3683744881889766
0
LINE
8
BLACK
6
CONTINUOUS
10
5.3821604330708661
20
-4.3683744881889766
11
5.3840351968503937
21
-4.3608754330708663
0
LINE
8
BLACK
6
CONTINUOUS
10
5.3840351968503937
20
-4.3608754330708663
11
5.3842299606299209
21
-4.3603303149606294
0
LINE
8
BLACK
6
CONTINUOUS
10
5.3842299606299209
20
-4.3603303149606294
11
5.3843606692913388
21
-4.3601538582677168
0
LINE
8
BLACK
6
CONTINUOUS
10
5.3843606692913388
20
-4.3601538582677168
11
5.3844446850393703
21
-4.3599511023622046
0
LINE
8
BLACK
6
CONTINUOUS
10
5.3844446850393703
20
-4.3599511023622046
11
5.3848118897637791
21
-4.3595036614173228
0
LINE
8
BLACK
6
CONTINUOUS
10
5.3848118897637791
20
-4.3595036614173228
11
5.3885614173228342
21
-4.3557541338582677
0
LINE
8
BLACK
6
CONTINUOUS
10
5.3885614173228342
20
-4.3557541338582677
11
5.38878779527559
21
-4.355568267716535
0
LINE
8
BLACK
6
CONTINUOUS
10
5.38878779527559
20
-4.355568267716535
11
5.3888389370078738
21
-4.3555093700787397
0
LINE
8
BLACK
6
CONTINUOUS
10
5.3888389370078738
20
-4.3555093700787397
11
5.3889276771653538
21
-4.3554534645669287
0
LINE
8
BLACK
6
CONTINUOUS
10
5.3889276771653538
20
-4.3554534645669287
11
5.389008858267716
21
-4.3553868897637793
0
LINE
8
BLACK
6
CONTINUOUS
10
5.389008858267716
20
-4.3553868897637793
11
5.3890809842519687
21
-4.3553570078740158
0
LINE
8
BLACK
6
CONTINUOUS
10
5.3890809842519687
20
-4.3553570078740158
11
5.3893288188976376
21
-4.3552010236220475
0
LINE
8
BLACK
6
CONTINUOUS
10
5.3893288188976376
20
-4.3552010236220475
11
5.3930783464566927
21
-4.35332625984252
0
LINE
8
BLACK
6
CONTINUOUS
10
5.3930783464566927
20
-4.35332625984252
11
5.393618937007874
21
-4.3531193700787405
0
LINE
8
BLACK
6
CONTINUOUS
10
5.393618937007874
20
-4.3531193700787405
11
5.3937248031496061
21
-4.3531118110236218
0
LINE
8
BLACK
6
CONTINUOUS
10
5.3937248031496061
20
-4.3531118110236218
11
5.3938227952755904
21
-4.3530712598425199
0
LINE
8
BLACK
6
CONTINUOUS
10
5.3938227952755904
20
-4.3530712598425199
11
5.3943988582677163
21
-4.353014527559055
0
LINE
8
BLACK
6
CONTINUOUS
10
5.3943988582677163
20
-4.353014527559055
11
5.4018979133858265
21
-4.353014527559055
0
LINE
8
BLACK
6
CONTINUOUS
10
5.4018979133858265
20
-4.353014527559055
11
5.4024739763779523
21
-4.3530712598425199
0
LINE
8
BLACK
6
CONTINUOUS
10
5.3923984251968502
20
-4.3602687795275585
11
5.3895660236220468
21
-4.3631011417322831
0
LINE
8
BLACK
6
CONTINUOUS
10
5.3895660236220468
20
-4.3631011417322831
11
5.3879777952755905
21
-4.3694541732283465
0
LINE
8
BLACK
6
CONTINUOUS
10
5.3879777952755905
20
-4.3694541732283465
11
5.3879777952755905
21
-4.3818504330708663
0
LINE
8
BLACK
6
CONTINUOUS
10
5.3879777952755905
20
-4.3818504330708663
11
5.3895660236220468
21
-4.38820342519685
0
LINE
8
BLACK
6
CONTINUOUS
10
5.3895660236220468
20
-4.38820342519685
11
5.3923984251968502
21
-4.3910358661417321
0
LINE
8
BLACK
6
CONTINUOUS
10
5.3923984251968502
20
-4.3910358661417321
11
5.3950959055118108
21
-4.3923846062992125
0
LINE
8
BLACK
6
CONTINUOUS
10
5.3950959055118108
20
-4.3923846062992125
11
5.4012008661417319
21
-4.3923846062992125
0
LINE
8
BLACK
6
CONTINUOUS
10
5.4012008661417319
20
-4.3923846062992125
11
5.4038983070866138
21
-4.3910358661417321
0
LINE
8
BLACK
6
CONTINUOUS
10
5.4038983070866138
20
-4.3910358661417321
11
5.4067307086614171
21
-4.38820342519685
0
LINE
8
BLACK
6
CONTINUOUS
10
5.4067307086614171
20
-4.38820342519685
11
5.4083189763779522
21
-4.3818504330708663
0
LINE
8
BLACK
6
CONTINUOUS
10
5.4083189763779522
20
-4.3818504330708663
11
5.4083189763779522
21
-4.3694541732283465
0
LINE
8
BLACK
6
CONTINUOUS
10
5.4083189763779522
20
-4.3694541732283465
11
5.4067307086614171
21
-4.3631011417322831
0
LINE
8
BLACK
6
CONTINUOUS
10
5.4067307086614171
20
-4.3631011417322831
11
5.4038983464566925
21
-4.3602687795275585
0
LINE
8
BLACK
6
CONTINUOUS
10
5.4038983464566925
20
-4.3602687795275585
11
5.4012008661417319
21
-4.3589200393700782
0
LINE
8
BLACK
6
CONTINUOUS
10
5.4012008661417319
20
-4.3589200393700782
11
5.3950959055118108
21
-4.3589200393700782
0
LINE
8
BLACK
6
CONTINUOUS
10
5.3950959055118108
20
-4.3589200393700782
11
5.3923984251968502
21
-4.3602687795275585
0
LINE
8
BLACK
6
CONTINUOUS
10
5.4297851181102361
20
-4.3535121653543305
11
5.4305997637795276
21
-4.354326811023622
0
LINE
8
BLACK
6
CONTINUOUS
10
5.4305997637795276
20
-4.354326811023622
11
5.4310406692913382
21
-4.3553912204724412
0
LINE
8
BLACK
6
CONTINUOUS
10
5.4310406692913382
20
-4.3553912204724412
11
5.431097401574803
21
-4.3559672834645671
0
LINE
8
BLACK
6
CONTINUOUS
10
5.431097401574803
20
-4.3559672834645671
11
5.431097401574803
21
-4.3923846062992125
0
LINE
8
BLACK
6
CONTINUOUS
10
5.431097401574803
20
-4.3923846062992125
11
5.4468922834645666
21
-4.3923846062992125
0
LINE
8
BLACK
6
CONTINUOUS
10
5.4468922834645666
20
-4.3923846062992125
11
5.4474683464566924
21
-4.3924413385826773
0
LINE
8
BLACK
6
CONTINUOUS
10
5.4474683464566924
20
-4.3924413385826773
11
5.4485327559055117
21
-4.3928822440944879
0
LINE
8
BLACK
6
CONTINUOUS
10
5.4485327559055117
20
-4.3928822440944879
11
5.4493474015748031
21
-4.3936968897637794
0
LINE
8
BLACK
6
CONTINUOUS
10
5.4493474015748031
20
-4.3936968897637794
11
5.4497883070866138
21
-4.3947612992125986
0
LINE
8
BLACK
6
CONTINUOUS
10
5.4497883070866138
20
-4.3947612992125986
11
5.4497883070866138
21
-4.3959134251968504
0
LINE
8
BLACK
6
CONTINUOUS
10
5.4497883070866138
20
-4.3959134251968504
11
5.4493474015748031
21
-4.3969778346456696
0
LINE
8
BLACK
6
CONTINUOUS
10
5.4493474015748031
20
-4.3969778346456696
11
5.4485327559055117
21
-4.3977924803149602
0
LINE
8
BLACK
6
CONTINUOUS
10
5.4485327559055117
20
-4.3977924803149602
11
5.4474683464566924
21
-4.3982333858267717
0
LINE
8
BLACK
6
CONTINUOUS
10
5.4474683464566924
20
-4.3982333858267717
11
5.4468922834645666
21
-4.3982901181102365
0
LINE
8
BLACK
6
CONTINUOUS
10
5.4468922834645666
20
-4.3982901181102365
11
5.428144645669291
21
-4.3982901181102365
0
LINE
8
BLACK
6
CONTINUOUS
10
5.428144645669291
20
-4.3982901181102365
11
5.4275685826771651
21
-4.3982333858267717
0
LINE
8
BLACK
6
CONTINUOUS
10
5.4275685826771651
20
-4.3982333858267717
11
5.4265041732283468
21
-4.3977924803149602
0
LINE
8
BLACK
6
CONTINUOUS
10
5.4265041732283468
20
-4.3977924803149602
11
5.4256895275590553
21
-4.3969778346456696
0
LINE
8
BLACK
6
CONTINUOUS
10
5.4256895275590553
20
-4.3969778346456696
11
5.4252486220472438
21
-4.3959134251968504
0
LINE
8
BLACK
6
CONTINUOUS
10
5.4252486220472438
20
-4.3959134251968504
11
5.425191889763779
21
-4.3953373622047245
0
LINE
8
BLACK
6
CONTINUOUS
10
5.425191889763779
20
-4.3953373622047245
11
5.425191889763779
21
-4.3559672834645671
0
LINE
8
BLACK
6
CONTINUOUS
10
5.425191889763779
20
-4.3559672834645671
11
5.4252486220472438
21
-4.3553912204724412
0
LINE
8
BLACK
6
CONTINUOUS
10
5.4252486220472438
20
-4.3553912204724412
11
5.4256895275590553
21
-4.354326811023622
0
LINE
8
BLACK
6
CONTINUOUS
10
5.4256895275590553
20
-4.354326811023622
11
5.4265041732283468
21
-4.3535121653543305
0
LINE
8
BLACK
6
CONTINUOUS
10
5.4265041732283468
20
-4.3535121653543305
11
5.4275685826771651
21
-4.3530712598425199
0
LINE
8
BLACK
6
CONTINUOUS
10
5.4275685826771651
20
-4.3530712598425199
11
5.4287207086614169
21
-4.3530712598425199
0
LINE
8
BLACK
6
CONTINUOUS
10
5.4287207086614169
20
-4.3530712598425199
11
5.4297851181102361
21
-4.3535121653543305
0
LINE
8
BLACK
6
CONTINUOUS
10
5.469681023622047
20
-4.3530432283464568
11
5.4697587795275586
21
-4.3530377165354333
0
LINE
8
BLACK
6
CONTINUOUS
10
5.4697587795275586
20
-4.3530377165354333
11
5.4698610236220473
21
-4.3530609448818893
0
LINE
8
BLACK
6
CONTINUOUS
10
5.4698610236220473
20
-4.3530609448818893
11
5.4699655511811018
21
-4.3530712598425199
0
LINE
8
BLACK
6
CONTINUOUS
10
5.4699655511811018
20
-4.3530712598425199
11
5.4700376377952757
21
-4.3531011023622046
0
LINE
8
BLACK
6
CONTINUOUS
10
5.4700376377952757
20
-4.3531011023622046
11
5.4703232283464569
21
-4.3531660629921261
0
LINE
8
BLACK
6
CONTINUOUS
10
5.4703232283464569
20
-4.3531660629921261
11
5.4759475196850396
21
-4.3550408267716536
0
LINE
8
BLACK
6
CONTINUOUS
10
5.4759475196850396
20
-4.3550408267716536
11
5.4764760629921261
21
-4.3552768110236215
0
LINE
8
BLACK
6
CONTINUOUS
10
5.4764760629921261
20
-4.3552768110236215
11
5.476556181102362
21
-4.3553462992125986
0
LINE
8
BLACK
6
CONTINUOUS
10
5.476556181102362
20
-4.3553462992125986
11
5.4766542519685038
21
-4.3553869291338581
0
LINE
8
BLACK
6
CONTINUOUS
10
5.4766542519685038
20
-4.3553869291338581
11
5.4771016929133856
21
-4.3557541338582677
0
LINE
8
BLACK
6
CONTINUOUS
10
5.4771016929133856
20
-4.3557541338582677
11
5.4808512204724407
21
-4.3595036614173228
0
LINE
8
BLACK
6
CONTINUOUS
10
5.4808512204724407
20
-4.3595036614173228
11
5.4810370472440946
21
-4.3597300393700786
0
LINE
8
BLACK
6
CONTINUOUS
10
5.4810370472440946
20
-4.3597300393700786
11
5.4810959842519686
21
-4.3597811811023623
0
LINE
8
BLACK
6
CONTINUOUS
10
5.4810959842519686
20
-4.3597811811023623
11
5.4811518503937009
21
-4.3598699212598424
0
LINE
8
BLACK
6
CONTINUOUS
10
5.4811518503937009
20
-4.3598699212598424
11
5.4812184645669291
21
-4.3599511023622046
0
LINE
8
BLACK
6
CONTINUOUS
10
5.4812184645669291
20
-4.3599511023622046
11
5.4812483070866138
21
-4.3600232283464564
0
LINE
8
BLACK
6
CONTINUOUS
10
5.4812483070866138
20
-4.3600232283464564
11
5.4814043307086617
21
-4.3602710629921262
0
LINE
8
BLACK
6
CONTINUOUS
10
5.4814043307086617
20
-4.3602710629921262
11
5.4832790944881893
21
-4.3640205905511813
0
LINE
8
BLACK
6
CONTINUOUS
10
5.4832790944881893
20
-4.3640205905511813
11
5.4832951968503938
21
-4.3640626771653546
0
LINE
8
BLACK
6
CONTINUOUS
10
5.4832951968503938
20
-4.3640626771653546
11
5.4833079133858265
21
-4.3640798425196845
0
LINE
8
BLACK
6
CONTINUOUS
10
5.4833079133858265
20
-4.3640798425196845
11
5.4833942125984247
21
-4.3643214173228344
0
LINE
8
BLACK
6
CONTINUOUS
10
5.4833942125984247
20
-4.3643214173228344
11
5.4834859842519688
21
-4.3645611811023617
0
LINE
8
BLACK
6
CONTINUOUS
10
5.4834859842519688
20
-4.3645611811023617
11
5.4834874803149605
21
-4.3645824409448819
0
LINE
8
BLACK
6
CONTINUOUS
10
5.4834874803149605
20
-4.3645824409448819
11
5.4835026771653546
21
-4.3646249606299214
0
LINE
8
BLACK
6
CONTINUOUS
10
5.4835026771653546
20
-4.3646249606299214
11
5.4853774409448821
21
-4.3721240157480317
0
LINE
8
BLACK
6
CONTINUOUS
10
5.4853774409448821
20
-4.3721240157480317
11
5.485392204724409
21
-4.3722238582677164
0
LINE
8
BLACK
6
CONTINUOUS
10
5.485392204724409
20
-4.3722238582677164
11
5.4854088582677161
21
-4.3722640944881892
0
LINE
8
BLACK
6
CONTINUOUS
10
5.4854088582677161
20
-4.3722640944881892
11
5.4854301968503938
21
-4.3724811023622046
0
LINE
8
BLACK
6
CONTINUOUS
10
5.4854301968503938
20
-4.3724811023622046
11
5.4854620866141728
21
-4.3726966141732282
0
LINE
8
BLACK
6
CONTINUOUS
10
5.4854620866141728
20
-4.3726966141732282
11
5.4854556692913388
21
-4.3727396062992128
0
LINE
8
BLACK
6
CONTINUOUS
10
5.4854556692913388
20
-4.3727396062992128
11
5.4854655905511809
21
-4.3728401574803151
0
LINE
8
BLACK
6
CONTINUOUS
10
5.4854655905511809
20
-4.3728401574803151
11
5.4854655905511809
21
-4.3784644488188977
0
LINE
8
BLACK
6
CONTINUOUS
10
5.4854655905511809
20
-4.3784644488188977
11
5.4854556692913388
21
-4.3785649606299213
0
LINE
8
BLACK
6
CONTINUOUS
10
5.4854556692913388
20
-4.3785649606299213
11
5.4854620866141728
21
-4.3786079921259837
0
LINE
8
BLACK
6
CONTINUOUS
10
5.4854620866141728
20
-4.3786079921259837
11
5.4854301968503938
21
-4.3788234645669286
0
LINE
8
BLACK
6
CONTINUOUS
10
5.4854301968503938
20
-4.3788234645669286
11
5.4854088582677161
21
-4.3790405118110236
0
LINE
8
BLACK
6
CONTINUOUS
10
5.4854088582677161
20
-4.3790405118110236
11
5.485392204724409
21
-4.3790807086614176
0
LINE
8
BLACK
6
CONTINUOUS
10
5.485392204724409
20
-4.3790807086614176
11
5.4853774409448821
21
-4.3791805905511811
0
LINE
8
BLACK
6
CONTINUOUS
10
5.4853774409448821
20
-4.3791805905511811
11
5.4835026771653546
21
-4.3866796456692914
0
LINE
8
BLACK
6
CONTINUOUS
10
5.4835026771653546
20
-4.3866796456692914
11
5.4834874803149605
21
-4.3867221259842522
0
LINE
8
BLACK
6
CONTINUOUS
10
5.4834874803149605
20
-4.3867221259842522
11
5.4834859842519688
21
-4.3867434251968502
0
LINE
8
BLACK
6
CONTINUOUS
10
5.4834859842519688
20
-4.3867434251968502
11
5.4833942125984247
21
-4.3869831496062988
0
LINE
8
BLACK
6
CONTINUOUS
10
5.4833942125984247
20
-4.3869831496062988
11
5.4833079133858265
21
-4.3872247637795274
0
LINE
8
BLACK
6
CONTINUOUS
10
5.4833079133858265
20
-4.3872247637795274
11
5.4832951968503938
21
-4.3872418897637795
0
LINE
8
BLACK
6
CONTINUOUS
10
5.4832951968503938
20
-4.3872418897637795
11
5.4832790944881893
21
-4.3872840157480315
0
LINE
8
BLACK
6
CONTINUOUS
10
5.4832790944881893
20
-4.3872840157480315
11
5.4814043307086617
21
-4.3910335433070866
0
LINE
8
BLACK
6
CONTINUOUS
10
5.4814043307086617
20
-4.3910335433070866
11
5.4812482677165351
21
-4.3912814173228343
0
LINE
8
BLACK
6
CONTINUOUS
10
5.4812482677165351
20
-4.3912814173228343
11
5.4812184645669291
21
-4.3913534645669294
0
LINE
8
BLACK
6
CONTINUOUS
10
5.4812184645669291
20
-4.3913534645669294
11
5.4811519291338584
21
-4.3914344881889766
0
LINE
8
BLACK
6
CONTINUOUS
10
5.4811519291338584
20
-4.3914344881889766
11
5.4810959842519686
21
-4.3915234251968505
0
LINE
8
BLACK
6
CONTINUOUS
10
5.4810959842519686
20
-4.3915234251968505
11
5.4810369685039371
21
-4.3915745669291342
0
LINE
8
BLACK
6
CONTINUOUS
10
5.4810369685039371
20
-4.3915745669291342
11
5.4808512598425194
21
-4.3918009055118112
0
LINE
8
BLACK
6
CONTINUOUS
10
5.4808512598425194
20
-4.3918009055118112
11
5.4771016929133856
21
-4.3955505118110239
0
LINE
8
BLACK
6
CONTINUOUS
10
5.4771016929133856
20
-4.3955505118110239
11
5.4766542519685038
21
-4.3959177165354326
0
LINE
8
BLACK
6
CONTINUOUS
10
5.4766542519685038
20
-4.3959177165354326
11
5.476556181102362
21
-4.3959583070866142
0
LINE
8
BLACK
6
CONTINUOUS
10
5.476556181102362
20
-4.3959583070866142
11
5.4764760629921261
21
-4.3960278346456692
0
LINE
8
BLACK
6
CONTINUOUS
10
5.4764760629921261
20
-4.3960278346456692
11
5.4759475196850396
21
-4.396263818897638
0
LINE
8
BLACK
6
CONTINUOUS
10
5.4759475196850396
20
-4.396263818897638
11
5.4703232283464569
21
-4.3981385826771655
0
LINE
8
BLACK
6
CONTINUOUS
10
5.4703232283464569
20
-4.3981385826771655
11
5.4700376377952757
21
-4.3982035039370082
0
LINE
8
BLACK
6
CONTINUOUS
10
5.4700376377952757
20
-4.3982035039370082
11
5.4699655511811018
21
-4.3982333858267717
0
LINE
8
BLACK
6
CONTINUOUS
10
5.4699655511811018
20
-4.3982333858267717
11
5.4698610236220473
21
-4.3982436614173226
0
LINE
8
BLACK
6
CONTINUOUS
10
5.4698610236220473
20
-4.3982436614173226
11
5.4697587795275586
21
-4.3982669291338583
0
LINE
8
BLACK
6
CONTINUOUS
10
5.4697587795275586
20
-4.3982669291338583
11
5.469681023622047
21
-4.398261377952756
0
LINE
8
BLACK
6
CONTINUOUS
10
5.469681023622047
20
-4.398261377952756
11
5.469389488188976
21
-4.3982901181102365
0
LINE
8
BLACK
6
CONTINUOUS
10
5.469389488188976
20
-4.3982901181102365
11
5.4600156692913382
21
-4.3982901181102365
0
LINE
8
BLACK
6
CONTINUOUS
10
5.4600156692913382
20
-4.3982901181102365
11
5.4594396062992123
21
-4.3982333858267717
0
LINE
8
BLACK
6
CONTINUOUS
10
5.4594396062992123
20
-4.3982333858267717
11
5.458375196850394
21
-4.3977924803149602
0
LINE
8
BLACK
6
CONTINUOUS
10
5.458375196850394
20
-4.3977924803149602
11
5.4575605511811025
21
-4.3969778346456696
0
LINE
8
BLACK
6
CONTINUOUS
10
5.4575605511811025
20
-4.3969778346456696
11
5.457119645669291
21
-4.3959134251968504
0
LINE
8
BLACK
6
CONTINUOUS
10
5.457119645669291
20
-4.3959134251968504
11
5.4570629133858271
21
-4.3953373622047245
0
LINE
8
BLACK
6
CONTINUOUS
10
5.4570629133858271
20
-4.3953373622047245
11
5.4570629133858271
21
-4.3559672834645671
0
LINE
8
BLACK
6
CONTINUOUS
10
5.4570629133858271
20
-4.3559672834645671
11
5.457119645669291
21
-4.3553912204724412
0
LINE
8
BLACK
6
CONTINUOUS
10
5.457119645669291
20
-4.3553912204724412
11
5.4575605511811025
21
-4.354326811023622
0
LINE
8
BLACK
6
CONTINUOUS
10
5.4575605511811025
20
-4.354326811023622
11
5.458375196850394
21
-4.3535121653543305
0
LINE
8
BLACK
6
CONTINUOUS
10
5.458375196850394
20
-4.3535121653543305
11
5.4594396062992123
21
-4.3530712598425199
0
LINE
8
BLACK
6
CONTINUOUS
10
5.4594396062992123
20
-4.3530712598425199
11
5.4600156692913382
21
-4.353014527559055
0
LINE
8
BLACK
6
CONTINUOUS
10
5.4600156692913382
20
-4.353014527559055
11
5.469389488188976
21
-4.353014527559055
0
LINE
8
BLACK
6
CONTINUOUS
10
5.469389488188976
20
-4.353014527559055
11
5.469681023622047
21
-4.3530432283464568
0
LINE
8
BLACK
6
CONTINUOUS
10
5.4629684251968502
20
-4.3923846062992125
11
5.4689103543307089
21
-4.3923846062992125
0
LINE
8
BLACK
6
CONTINUOUS
10
5.4689103543307089
20
-4.3923846062992125
11
5.4734187401574799
21
-4.3908817716535431
0
LINE
8
BLACK
6
CONTINUOUS
10
5.4734187401574799
20
-4.3908817716535431
11
5.4763365354330711
21
-4.387963937007874
0
LINE
8
BLACK
6
CONTINUOUS
10
5.4763365354330711
20
-4.387963937007874
11
5.4778520472440944
21
-4.3849329527559053
0
LINE
8
BLACK
6
CONTINUOUS
10
5.4778520472440944
20
-4.3849329527559053
11
5.4795600787401577
21
-4.3781009055118112
0
LINE
8
BLACK
6
CONTINUOUS
10
5.4795600787401577
20
-4.3781009055118112
11
5.4795600787401577
21
-4.3732037007874016
0
LINE
8
BLACK
6
CONTINUOUS
10
5.4795600787401577
20
-4.3732037007874016
11
5.4778520472440944
21
-4.3663716535433066
0
LINE
8
BLACK
6
CONTINUOUS
10
5.4778520472440944
20
-4.3663716535433066
11
5.4763365748031498
21
-4.3633406692913388
0
LINE
8
BLACK
6
CONTINUOUS
10
5.4763365748031498
20
-4.3633406692913388
11
5.4734187401574799
21
-4.3604228346456688
0
LINE
8
BLACK
6
CONTINUOUS
10
5.4734187401574799
20
-4.3604228346456688
11
5.4689103543307089
21
-4.3589200393700782
0
LINE
8
BLACK
6
CONTINUOUS
10
5.4689103543307089
20
-4.3589200393700782
11
5.4629684251968502
21
-4.3589200393700782
0
LINE
8
BLACK
6
CONTINUOUS
10
5.4629684251968502
20
-4.3589200393700782
11
5.4629684251968502
21
-4.3923846062992125
0
LINE
8
BLACK
6
CONTINUOUS
10
5.1981245275590551
20
-4.3530712598425199
11
5.1982225196850393
21
-4.3531118503937005
0
LINE
8
BLACK
6
CONTINUOUS
10
5.1982225196850393
20
-4.3531118503937005
11
5.1983283464566927
21
-4.3531193700787405
0
LINE
8
BLACK
6
CONTINUOUS
10
5.1983283464566927
20
-4.3531193700787405
11
5.1988689763779528
21
-4.35332625984252
0
LINE
8
BLACK
6
CONTINUOUS
10
5.1988689763779528
20
-4.35332625984252
11
5.2026185039370079
21
-4.3552010236220475
0
LINE
8
BLACK
6
CONTINUOUS
10
5.2026185039370079
20
-4.3552010236220475
11
5.2028664960629918
21
-4.3553570866141733
0
LINE
8
BLACK
6
CONTINUOUS
10
5.2028664960629918
20
-4.3553570866141733
11
5.2029384645669294
21
-4.3553869291338581
0
LINE
8
BLACK
6
CONTINUOUS
10
5.2029384645669294
20
-4.3553869291338581
11
5.2030194094488191
21
-4.3554533858267712
0
LINE
8
BLACK
6
CONTINUOUS
10
5.2030194094488191
20
-4.3554533858267712
11
5.2031083858267717
21
-4.3555093700787397
0
LINE
8
BLACK
6
CONTINUOUS
10
5.2031083858267717
20
-4.3555093700787397
11
5.2031595275590554
21
-4.3555683464566926
0
LINE
8
BLACK
6
CONTINUOUS
10
5.2031595275590554
20
-4.3555683464566926
11
5.2033859055118112
21
-4.3557541338582677
0
LINE
8
BLACK
6
CONTINUOUS
10
5.2033859055118112
20
-4.3557541338582677
11
5.2052606692913388
21
-4.3576288976377953
0
LINE
8
BLACK
6
CONTINUOUS
10
5.2052606692913388
20
-4.3576288976377953
11
5.2054464173228343
21
-4.3578552362204723
0
LINE
8
BLACK
6
CONTINUOUS
10
5.2054464173228343
20
-4.3578552362204723
11
5.2055054330708659
21
-4.3579064173228348
0
LINE
8
BLACK
6
CONTINUOUS
10
5.2055054330708659
20
-4.3579064173228348
11
5.2055613779527556
21
-4.3579953543307086
0
LINE
8
BLACK
6
CONTINUOUS
10
5.2055613779527556
20
-4.3579953543307086
11
5.2056278740157476
21
-4.3580763385826771
0
LINE
8
BLACK
6
CONTINUOUS
10
5.2056278740157476
20
-4.3580763385826771
11
5.2056576771653544
21
-4.3581482677165351
0
LINE
8
BLACK
6
CONTINUOUS
10
5.2056576771653544
20
-4.3581482677165351
11
5.205813779527559
21
-4.3583962992125986
0
LINE
8
BLACK
6
CONTINUOUS
10
5.205813779527559
20
-4.3583962992125986
11
5.2076885433070865
21
-4.3621458267716537
0
LINE
8
BLACK
6
CONTINUOUS
10
5.2076885433070865
20
-4.3621458267716537
11
5.207895433070866
21
-4.3626864173228341
0
LINE
8
BLACK
6
CONTINUOUS
10
5.207895433070866
20
-4.3626864173228341
11
5.2079029527559051
21
-4.3627922834645672
0
LINE
8
BLACK
6
CONTINUOUS
10
5.2079029527559051
20
-4.3627922834645672
11
5.2079435433070866
21
-4.3628902755905514
0
LINE
8
BLACK
6
CONTINUOUS
10
5.2079435433070866
20
-4.3628902755905514
11
5.2080002755905515
21
-4.3634663385826773
0
LINE
8
BLACK
6
CONTINUOUS
10
5.2080002755905515
20
-4.3634663385826773
11
5.2080002755905515
21
-4.36909062992126
0
LINE
8
BLACK
6
CONTINUOUS
10
5.2080002755905515
20
-4.36909062992126
11
5.2079435433070866
21
-4.3696666929133858
0
LINE
8
BLACK
6
CONTINUOUS
10
5.2079435433070866
20
-4.3696666929133858
11
5.2079029527559051
21
-4.3697646456692913
0
LINE
8
BLACK
6
CONTINUOUS
10
5.2079029527559051
20
-4.3697646456692913
11
5.207895433070866
21
-4.3698705511811022
0
LINE
8
BLACK
6
CONTINUOUS
10
5.207895433070866
20
-4.3698705511811022
11
5.2076885433070865
21
-4.3704111417322835
0
LINE
8
BLACK
6
CONTINUOUS
10
5.2076885433070865
20
-4.3704111417322835
11
5.205813779527559
21
-4.3741606692913386
0
LINE
8
BLACK
6
CONTINUOUS
10
5.205813779527559
20
-4.3741606692913386
11
5.2056576771653544
21
-4.3744086614173225
0
LINE
8
BLACK
6
CONTINUOUS
10
5.2056576771653544
20
-4.3744086614173225
11
5.2056278740157476
21
-4.3744806299212593
0
LINE
8
BLACK
6
CONTINUOUS
10
5.2056278740157476
20
-4.3744806299212593
11
5.2055613779527556
21
-4.3745615748031499
0
LINE
8
BLACK
6
CONTINUOUS
10
5.2055613779527556
20
-4.3745615748031499
11
5.2055054330708659
21
-4.3746505511811025
0
LINE
8
BLACK
6
CONTINUOUS
10
5.2055054330708659
20
-4.3746505511811025
11
5.2054464173228343
21
-4.3747016929133853
0
LINE
8
BLACK
6
CONTINUOUS
10
5.2054464173228343
20
-4.3747016929133853
11
5.2052606692913388
21
-4.374928070866142
0
LINE
8
BLACK
6
CONTINUOUS
10
5.2052606692913388
20
-4.374928070866142
11
5.2033859055118112
21
-4.3768028346456695
0
LINE
8
BLACK
6
CONTINUOUS
10
5.2033859055118112
20
-4.3768028346456695
11
5.2031595275590554
21
-4.3769885826771651
0
LINE
8
BLACK
6
CONTINUOUS
10
5.2031595275590554
20
-4.3769885826771651
11
5.2031083858267717
21
-4.3770475984251966
0
LINE
8
BLACK
6
CONTINUOUS
10
5.2031083858267717
20
-4.3770475984251966
11
5.2030194094488191
21
-4.3771035433070864
0
LINE
8
BLACK
6
CONTINUOUS
10
5.2030194094488191
20
-4.3771035433070864
11
5.2029384645669294
21
-4.3771700393700783
0
LINE
8
BLACK
6
CONTINUOUS
10
5.2029384645669294
20
-4.3771700393700783
11
5.2028664960629918
21
-4.3771998425196852
0
LINE
8
BLACK
6
CONTINUOUS
10
5.2028664960629918
20
-4.3771998425196852
11
5.2026185039370079
21
-4.3773559448818897
0
LINE
8
BLACK
6
CONTINUOUS
10
5.2026185039370079
20
-4.3773559448818897
11
5.1988689763779528
21
-4.3792307086614173
0
LINE
8
BLACK
6
CONTINUOUS
10
5.1988689763779528
20
-4.3792307086614173
11
5.1983283464566927
21
-4.3794375984251968
0
LINE
8
BLACK
6
CONTINUOUS
10
5.1983283464566927
20
-4.3794375984251968
11
5.1982225196850393
21
-4.3794450787401571
0
LINE
8
BLACK
6
CONTINUOUS
10
5.1982225196850393
20
-4.3794450787401571
11
5.1981245275590551
21
-4.3794857086614174
0
LINE
8
BLACK
6
CONTINUOUS
10
5.1981245275590551
20
-4.3794857086614174
11
5.1975923622047242
21
-4.3795381102362203
0
LINE
8
BLACK
6
CONTINUOUS
10
5.1975923622047242
20
-4.3795381102362203
11
5.2074665354330705
21
-4.3936440944881889
0
LINE
8
BLACK
6
CONTINUOUS
10
5.2074665354330705
20
-4.3936440944881889
11
5.2077503937007874
21
-4.3941485433070868
0
LINE
8
BLACK
6
CONTINUOUS
10
5.2077503937007874
20
-4.3941485433070868
11
5.2079995669291339
21
-4.3952733858267719
0
LINE
8
BLACK
6
CONTINUOUS
10
5.2079995669291339
20
-4.3952733858267719
11
5.2077993700787397
21
-4.3964079527559052
0
LINE
8
BLACK
6
CONTINUOUS
10
5.2077993700787397
20
-4.3964079527559052
11
5.2071801968503939
21
-4.397379527559055
0
LINE
8
BLACK
6
CONTINUOUS
10
5.2071801968503939
20
-4.397379527559055
11
5.2062363385826771
21
-4.3980402362204725
0
LINE
8
BLACK
6
CONTINUOUS
10
5.2062363385826771
20
-4.3980402362204725
11
5.2051114960629921
21
-4.3982894488188977
0
LINE
8
BLACK
6
CONTINUOUS
10
5.2051114960629921
20
-4.3982894488188977
11
5.2039769685039365
21
-4.3980892125984248
0
LINE
8
BLACK
6
CONTINUOUS
10
5.2039769685039365
20
-4.3980892125984248
11
5.2030053543307089
21
-4.397470039370079
0
LINE
8
BLACK
6
CONTINUOUS
10
5.2030053543307089
20
-4.397470039370079
11
5.2026285433070862
21
-4.3970306692913388
0
LINE
8
BLACK
6
CONTINUOUS
10
5.2026285433070862
20
-4.3970306692913388
11
5.1903868110236218
21
-4.3795424409448822
0
LINE
8
BLACK
6
CONTINUOUS
10
5.1903868110236218
20
-4.3795424409448822
11
5.1855031102362208
21
-4.3795424409448822
0
LINE
8
BLACK
6
CONTINUOUS
10
5.1855031102362208
20
-4.3795424409448822
11
5.1855031102362208
21
-4.3953373622047245
0
LINE
8
BLACK
6
CONTINUOUS
10
5.1855031102362208
20
-4.3953373622047245
11
5.185446377952756
21
-4.3959134251968504
0
LINE
8
BLACK
6
CONTINUOUS
10
5.185446377952756
20
-4.3959134251968504
11
5.1850054724409445
21
-4.3969778346456696
0
LINE
8
BLACK
6
CONTINUOUS
10
5.1850054724409445
20
-4.3969778346456696
11
5.184190826771653
21
-4.3977924803149602
0
LINE
8
BLACK
6
CONTINUOUS
10
5.184190826771653
20
-4.3977924803149602
11
5.1831264173228346
21
-4.3982333858267717
0
LINE
8
BLACK
6
CONTINUOUS
10
5.1831264173228346
20
-4.3982333858267717
11
5.1819742913385829
21
-4.3982333858267717
0
LINE
8
BLACK
6
CONTINUOUS
10
5.1819742913385829
20
-4.3982333858267717
11
5.1809098818897636
21
-4.3977924803149602
0
LINE
8
BLACK
6
CONTINUOUS
10
5.1809098818897636
20
-4.3977924803149602
11
5.1800952362204722
21
-4.3969778346456696
0
LINE
8
BLACK
6
CONTINUOUS
10
5.1800952362204722
20
-4.3969778346456696
11
5.1796543307086615
21
-4.3959134251968504
0
LINE
8
BLACK
6
CONTINUOUS
10
5.1796543307086615
20
-4.3959134251968504
11
5.1795975984251967
21
-4.3953373622047245
0
LINE
8
BLACK
6
CONTINUOUS
10
5.1795975984251967
20
-4.3953373622047245
11
5.1795975984251967
21
-4.3559672834645671
0
LINE
8
BLACK
6
CONTINUOUS
10
5.1795975984251967
20
-4.3559672834645671
11
5.1796543307086615
21
-4.3553912204724412
0
LINE
8
BLACK
6
CONTINUOUS
10
5.1796543307086615
20
-4.3553912204724412
11
5.1800952362204722
21
-4.354326811023622
0
LINE
8
BLACK
6
CONTINUOUS
10
5.1800952362204722
20
-4.354326811023622
11
5.1809098818897636
21
-4.3535121653543305
0
LINE
8
BLACK
6
CONTINUOUS
10
5.1809098818897636
20
-4.3535121653543305
11
5.1819742913385829
21
-4.3530712598425199
0
LINE
8
BLACK
6
CONTINUOUS
10
5.1819742913385829
20
-4.3530712598425199
11
5.1825503543307088
21
-4.353014527559055
0
LINE
8
BLACK
6
CONTINUOUS
10
5.1825503543307088
20
-4.353014527559055
11
5.1975484645669292
21
-4.353014527559055
0
LINE
8
BLACK
6
CONTINUOUS
10
5.1975484645669292
20
-4.353014527559055
11
5.1981245275590551
21
-4.3530712598425199
0
LINE
8
BLACK
6
CONTINUOUS
10
5.1855031102362208
20
-4.3736369291338582
11
5.1968514173228346
21
-4.3736369291338582
0
LINE
8
BLACK
6
CONTINUOUS
10
5.1968514173228346
20
-4.3736369291338582
11
5.1995488976377953
21
-4.3722881889763778
0
LINE
8
BLACK
6
CONTINUOUS
10
5.1995488976377953
20
-4.3722881889763778
11
5.2007460236220471
21
-4.371091062992126
0
LINE
8
BLACK
6
CONTINUOUS
10
5.2007460236220471
20
-4.371091062992126
11
5.2020947637795274
21
-4.3683935826771654
0
LINE
8
BLACK
6
CONTINUOUS
10
5.2020947637795274
20
-4.3683935826771654
11
5.2020947637795274
21
-4.3641633858267719
0
LINE
8
BLACK
6
CONTINUOUS
10
5.2020947637795274
20
-4.3641633858267719
11
5.2007460236220471
21
-4.3614659055118112
0
LINE
8
BLACK
6
CONTINUOUS
10
5.2007460236220471
20
-4.3614659055118112
11
5.1995488976377953
21
-4.3602687795275585
0
LINE
8
BLACK
6
CONTINUOUS
10
5.1995488976377953
20
-4.3602687795275585
11
5.1968514173228346
21
-4.3589200393700782
0
LINE
8
BLACK
6
CONTINUOUS
10
5.1968514173228346
20
-4.3589200393700782
11
5.1855031102362208
21
-4.3589200393700782
0
LINE
8
BLACK
6
CONTINUOUS
10
5.1855031102362208
20
-4.3589200393700782
11
5.1855031102362208
21
-4.3736369291338582
0
LINE
8
BLACK
6
CONTINUOUS
10
5.298551535433071
20
-4.3535121653543305
11
5.2993661811023625
21
-4.354326811023622
0
LINE
8
BLACK
6
CONTINUOUS
10
5.2993661811023625
20
-4.354326811023622
11
5.2998070866141731
21
-4.3553912204724412
0
LINE
8
BLACK
6
CONTINUOUS
10
5.2998070866141731
20
-4.3553912204724412
11
5.2998638188976379
21
-4.3559672834645671
0
LINE
8
BLACK
6
CONTINUOUS
10
5.2998638188976379
20
-4.3559672834645671
11
5.2998638188976379
21
-4.3953373622047245
0
LINE
8
BLACK
6
CONTINUOUS
10
5.2998638188976379
20
-4.3953373622047245
11
5.2998070866141731
21
-4.3959134251968504
0
LINE
8
BLACK
6
CONTINUOUS
10
5.2998070866141731
20
-4.3959134251968504
11
5.2993661811023625
21
-4.3969778346456696
0
LINE
8
BLACK
6
CONTINUOUS
10
5.2993661811023625
20
-4.3969778346456696
11
5.298551535433071
21
-4.3977924803149602
0
LINE
8
BLACK
6
CONTINUOUS
10
5.298551535433071
20
-4.3977924803149602
11
5.2974871259842518
21
-4.3982333858267717
0
LINE
8
BLACK
6
CONTINUOUS
10
5.2974871259842518
20
-4.3982333858267717
11
5.296335
21
-4.3982333858267717
0
LINE
8
BLACK
6
CONTINUOUS
10
5.296335
20
-4.3982333858267717
11
5.2952705905511808
21
-4.3977924803149602
0
LINE
8
BLACK
6
CONTINUOUS
10
5.2952705905511808
20
-4.3977924803149602
11
5.2944559448818893
21
-4.3969778346456696
0
LINE
8
BLACK
6
CONTINUOUS
10
5.2944559448818893
20
-4.3969778346456696
11
5.2940150393700787
21
-4.3959134251968504
0
LINE
8
BLACK
6
CONTINUOUS
10
5.2940150393700787
20
-4.3959134251968504
11
5.2939583070866139
21
-4.3953373622047245
0
LINE
8
BLACK
6
CONTINUOUS
10
5.2939583070866139
20
-4.3953373622047245
11
5.2939583070866139
21
-4.3559672834645671
0
LINE
8
BLACK
6
CONTINUOUS
10
5.2939583070866139
20
-4.3559672834645671
11
5.2940150393700787
21
-4.3553912204724412
0
LINE
8
BLACK
6
CONTINUOUS
10
5.2940150393700787
20
-4.3553912204724412
11
5.2944559448818893
21
-4.354326811023622
0
LINE
8
BLACK
6
CONTINUOUS
10
5.2944559448818893
20
-4.354326811023622
11
5.2952705905511808
21
-4.3535121653543305
0
LINE
8
BLACK
6
CONTINUOUS
10
5.2952705905511808
20
-4.3535121653543305
11
5.296335
21
-4.3530712598425199
0
LINE
8
BLACK
6
CONTINUOUS
10
5.296335
20
-4.3530712598425199
11
5.2974871259842518
21
-4.3530712598425199
0
LINE
8
BLACK
6
CONTINUOUS
10
5.2974871259842518
20
-4.3530712598425199
11
5.298551535433071
21
-4.3535121653543305
0
LINE
8
BLACK
6
CONTINUOUS
10
5.3472954330708662
20
-4.3535121653543305
11
5.3481100787401576
21
-4.354326811023622
0
LINE
8
BLACK
6
CONTINUOUS
10
5.3481100787401576
20
-4.354326811023622
11
5.3485509842519683
21
-4.3553912204724412
0
LINE
8
BLACK
6
CONTINUOUS
10
5.3485509842519683
20
-4.3553912204724412
11
5.3486077165354331
21
-4.3559672834645671
0
LINE
8
BLACK
6
CONTINUOUS
10
5.3486077165354331
20
-4.3559672834645671
11
5.3486077165354331
21
-4.3717621653543306
0
LINE
8
BLACK
6
CONTINUOUS
10
5.3486077165354331
20
-4.3717621653543306
11
5.3651993700787397
21
-4.3717621653543306
0
LINE
8
BLACK
6
CONTINUOUS
10
5.3651993700787397
20
-4.3717621653543306
11
5.3651993700787397
21
-4.3559672834645671
0
LINE
8
BLACK
6
CONTINUOUS
10
5.3651993700787397
20
-4.3559672834645671
11
5.3652561023622045
21
-4.3553912204724412
0
LINE
8
BLACK
6
CONTINUOUS
10
5.3652561023622045
20
-4.3553912204724412
11
5.365697007874016
21
-4.354326811023622
0
LINE
8
BLACK
6
CONTINUOUS
10
5.365697007874016
20
-4.354326811023622
11
5.3665116535433066
21
-4.3535121653543305
0
LINE
8
BLACK
6
CONTINUOUS
10
5.3665116535433066
20
-4.3535121653543305
11
5.3675760629921259
21
-4.3530712598425199
0
LINE
8
BLACK
6
CONTINUOUS
10
5.3675760629921259
20
-4.3530712598425199
11
5.3687281889763776
21
-4.3530712598425199
0
LINE
8
BLACK
6
CONTINUOUS
10
5.3687281889763776
20
-4.3530712598425199
11
5.3697925984251969
21
-4.3535121653543305
0
LINE
8
BLACK
6
CONTINUOUS
10
5.3697925984251969
20
-4.3535121653543305
11
5.3706072440944883
21
-4.354326811023622
0
LINE
8
BLACK
6
CONTINUOUS
10
5.3706072440944883
20
-4.354326811023622
11
5.3710481496062989
21
-4.3553912204724412
0
LINE
8
BLACK
6
CONTINUOUS
10
5.3710481496062989
20
-4.3553912204724412
11
5.3711048818897638
21
-4.3559672834645671
0
LINE
8
BLACK
6
CONTINUOUS
10
5.3711048818897638
20
-4.3559672834645671
11
5.3711048818897638
21
-4.3953373622047245
0
LINE
8
BLACK
6
CONTINUOUS
10
5.3711048818897638
20
-4.3953373622047245
11
5.3710481496062989
21
-4.3959134251968504
0
LINE
8
BLACK
6
CONTINUOUS
10
5.3710481496062989
20
-4.3959134251968504
11
5.3706072440944883
21
-4.3969778346456696
0
LINE
8
BLACK
6
CONTINUOUS
10
5.3706072440944883
20
-4.3969778346456696
11
5.3697925984251969
21
-4.3977924803149602
0
LINE
8
BLACK
6
CONTINUOUS
10
5.3697925984251969
20
-4.3977924803149602
11
5.3687281889763776
21
-4.3982333858267717
0
LINE
8
BLACK
6
CONTINUOUS
10
5.3687281889763776
20
-4.3982333858267717
11
5.3675760629921259
21
-4.3982333858267717
0
LINE
8
BLACK
6
CONTINUOUS
10
5.3675760629921259
20
-4.3982333858267717
11
5.3665116535433066
21
-4.3977924803149602
0
LINE
8
BLACK
6
CONTINUOUS
10
5.3665116535433066
20
-4.3977924803149602
11
5.365697007874016
21
-4.3969778346456696
0
LINE
8
BLACK
6
CONTINUOUS
10
5.365697007874016
20
-4.3969778346456696
11
5.3652561023622045
21
-4.3959134251968504
0
LINE
8
BLACK
6
CONTINUOUS
10
5.3652561023622045
20
-4.3959134251968504
11
5.3651993700787397
21
-4.3953373622047245
0
LINE
8
BLACK
6
CONTINUOUS
10
5.3651993700787397
20
-4.3953373622047245
11
5.3651993700787397
21
-4.3776676771653547
0
LINE
8
BLACK
6
CONTINUOUS
10
5.3651993700787397
20
-4.3776676771653547
11
5.3486077165354331
21
-4.3776676771653547
0
LINE
8
BLACK
6
CONTINUOUS
10
5.3486077165354331
20
-4.3776676771653547
11
5.3486077165354331
21
-4.3953373622047245
0
LINE
8
BLACK
6
CONTINUOUS
10
5.3486077165354331
20
-4.3953373622047245
11
5.3485509842519683
21
-4.3959134251968504
0
LINE
8
BLACK
6
CONTINUOUS
10
5.3485509842519683
20
-4.3959134251968504
11
5.3481100787401576
21
-4.3969778346456696
0
LINE
8
BLACK
6
CONTINUOUS
10
5.3481100787401576
20
-4.3969778346456696
11
5.3472954330708662
21
-4.3977924803149602
0
LINE
8
BLACK
6
CONTINUOUS
10
5.3472954330708662
20
-4.3977924803149602
11
5.3462310236220469
21
-4.3982333858267717
0
LINE
8
BLACK
6
CONTINUOUS
10
5.3462310236220469
20
-4.3982333858267717
11
5.3450788976377952
21
-4.3982333858267717
0
LINE
8
BLACK
6
CONTINUOUS
10
5.3450788976377952
20
-4.3982333858267717
11
5.344014488188976
21
-4.3977924803149602
0
LINE
8
BLACK
6
CONTINUOUS
10
5.344014488188976
20
-4.3977924803149602
11
5.3431998425196845
21
-4.3969778346456696
0
LINE
8
BLACK
6
CONTINUOUS
10
5.3431998425196845
20
-4.3969778346456696
11
5.3427589370078739
21
-4.3959134251968504
0
LINE
8
BLACK
6
CONTINUOUS
10
5.3427589370078739
20
-4.3959134251968504
11
5.342702204724409
21
-4.3953373622047245
0
LINE
8
BLACK
6
CONTINUOUS
10
5.342702204724409
20
-4.3953373622047245
11
5.342702204724409
21
-4.3559672834645671
0
LINE
8
BLACK
6
CONTINUOUS
10
5.342702204724409
20
-4.3559672834645671
11
5.3427589370078739
21
-4.3553912204724412
0
LINE
8
BLACK
6
CONTINUOUS
10
5.3427589370078739
20
-4.3553912204724412
11
5.3431998425196845
21
-4.354326811023622
0
LINE
8
BLACK
6
CONTINUOUS
10
5.3431998425196845
20
-4.354326811023622
11
5.344014488188976
21
-4.3535121653543305
0
LINE
8
BLACK
6
CONTINUOUS
10
5.344014488188976
20
-4.3535121653543305
11
5.3450788976377952
21
-4.3530712598425199
0
LINE
8
BLACK
6
CONTINUOUS
10
5.3450788976377952
20
-4.3530712598425199
11
5.3462310236220469
21
-4.3530712598425199
0
LINE
8
BLACK
6
CONTINUOUS
10
5.3462310236220469
20
-4.3530712598425199
11
5.3472954330708662
21
-4.3535121653543305
0
LINE
8
BLACK
6
CONTINUOUS
10
5.1922157086614176
20
-4.2530432283464563
11
5.1922934645669292
21
-4.2530377165354327
0
LINE
8
BLACK
6
CONTINUOUS
10
5.1922934645669292
20
-4.2530377165354327
11
5.192395708661417
21
-4.2530609448818897
0
LINE
8
BLACK
6
CONTINUOUS
10
5.192395708661417
20
-4.2530609448818897
11
5.1925002362204724
21
-4.2530712598425193
0
LINE
8
BLACK
6
CONTINUOUS
10
5.1925002362204724
20
-4.2530712598425193
11
5.1925723228346454
21
-4.253101102362205
0
LINE
8
BLACK
6
CONTINUOUS
10
5.1925723228346454
20
-4.253101102362205
11
5.1928579133858266
21
-4.2531660629921255
0
LINE
8
BLACK
6
CONTINUOUS
10
5.1928579133858266
20
-4.2531660629921255
11
5.1984822047244093
21
-4.2550408267716531
0
LINE
8
BLACK
6
CONTINUOUS
10
5.1984822047244093
20
-4.2550408267716531
11
5.1990107480314958
21
-4.2552768110236219
0
LINE
8
BLACK
6
CONTINUOUS
10
5.1990107480314958
20
-4.2552768110236219
11
5.1990908661417325
21
-4.2553462992125981
0
LINE
8
BLACK
6
CONTINUOUS
10
5.1990908661417325
20
-4.2553462992125981
11
5.1991889370078743
21
-4.2553869291338584
0
LINE
8
BLACK
6
CONTINUOUS
10
5.1991889370078743
20
-4.2553869291338584
11
5.1996363779527561
21
-4.2557541338582681
0
LINE
8
BLACK
6
CONTINUOUS
10
5.1996363779527561
20
-4.2557541338582681
11
5.2033859055118112
21
-4.2595036614173232
0
LINE
8
BLACK
6
CONTINUOUS
10
5.2033859055118112
20
-4.2595036614173232
11
5.2035717322834643
21
-4.259730039370079
0
LINE
8
BLACK
6
CONTINUOUS
10
5.2035717322834643
20
-4.259730039370079
11
5.2036306692913383
21
-4.2597811811023618
0
LINE
8
BLACK
6
CONTINUOUS
10
5.2036306692913383
20
-4.2597811811023618
11
5.2036865354330706
21
-4.2598699212598428
0
LINE
8
BLACK
6
CONTINUOUS
10
5.2036865354330706
20
-4.2598699212598428
11
5.2037531496062988
21
-4.259951102362205
0
LINE
8
BLACK
6
CONTINUOUS
10
5.2037531496062988
20
-4.259951102362205
11
5.2037829921259844
21
-4.2600232283464567
0
LINE
8
BLACK
6
CONTINUOUS
10
5.2037829921259844
20
-4.2600232283464567
11
5.2039390157480314
21
-4.2602710629921257
0
LINE
8
BLACK
6
CONTINUOUS
10
5.2039390157480314
20
-4.2602710629921257
11
5.205813779527559
21
-4.2640205905511808
0
LINE
8
BLACK
6
CONTINUOUS
10
5.205813779527559
20
-4.2640205905511808
11
5.2058298818897635
21
-4.264062677165354
0
LINE
8
BLACK
6
CONTINUOUS
10
5.2058298818897635
20
-4.264062677165354
11
5.205842598425197
21
-4.2640798425196849
0
LINE
8
BLACK
6
CONTINUOUS
10
5.205842598425197
20
-4.2640798425196849
11
5.2059288976377953
21
-4.2643214173228348
0
LINE
8
BLACK
6
CONTINUOUS
10
5.2059288976377953
20
-4.2643214173228348
11
5.2060206692913384
21
-4.264561181102362
0
LINE
8
BLACK
6
CONTINUOUS
10
5.2060206692913384
20
-4.264561181102362
11
5.2060221653543302
21
-4.2645824409448814
0
LINE
8
BLACK
6
CONTINUOUS
10
5.2060221653543302
20
-4.2645824409448814
11
5.2060373622047242
21
-4.2646249606299209
0
LINE
8
BLACK
6
CONTINUOUS
10
5.2060373622047242
20
-4.2646249606299209
11
5.2079121259842518
21
-4.2721240157480311
0
LINE
8
BLACK
6
CONTINUOUS
10
5.2079121259842518
20
-4.2721240157480311
11
5.2079268897637796
21
-4.2722238582677168
0
LINE
8
BLACK
6
CONTINUOUS
10
5.2079268897637796
20
-4.2722238582677168
11
5.2079435433070866
21
-4.2722640944881887
0
LINE
8
BLACK
6
CONTINUOUS
10
5.2079435433070866
20
-4.2722640944881887
11
5.2079648818897635
21
-4.2724811023622049
0
LINE
8
BLACK
6
CONTINUOUS
10
5.2079648818897635
20
-4.2724811023622049
11
5.2079967716535434
21
-4.2726966141732285
0
LINE
8
BLACK
6
CONTINUOUS
10
5.2079967716535434
20
-4.2726966141732285
11
5.2079903543307084
21
-4.2727396062992122
0
LINE
8
BLACK
6
CONTINUOUS
10
5.2079903543307084
20
-4.2727396062992122
11
5.2080002755905515
21
-4.2728401574803145
0
LINE
8
BLACK
6
CONTINUOUS
10
5.2080002755905515
20
-4.2728401574803145
11
5.2080002755905515
21
-4.2784644488188972
0
LINE
8
BLACK
6
CONTINUOUS
10
5.2080002755905515
20
-4.2784644488188972
11
5.2079903543307084
21
-4.2785649606299208
0
LINE
8
BLACK
6
CONTINUOUS
10
5.2079903543307084
20
-4.2785649606299208
11
5.2079967716535434
21
-4.2786079921259841
0
LINE
8
BLACK
6
CONTINUOUS
10
5.2079967716535434
20
-4.2786079921259841
11
5.2079648818897635
21
-4.278823464566929
0
LINE
8
BLACK
6
CONTINUOUS
10
5.2079648818897635
20
-4.278823464566929
11
5.2079435433070866
21
-4.279040511811024
0
LINE
8
BLACK
6
CONTINUOUS
10
5.2079435433070866
20
-4.279040511811024
11
5.2079268897637796
21
-4.2790807086614171
0
LINE
8
BLACK
6
CONTINUOUS
10
5.2079268897637796
20
-4.2790807086614171
11
5.2079121259842518
21
-4.2791805905511806
0
LINE
8
BLACK
6
CONTINUOUS
10
5.2079121259842518
20
-4.2791805905511806
11
5.2060373622047242
21
-4.2866796456692908
0
LINE
8
BLACK
6
CONTINUOUS
10
5.2060373622047242
20
-4.2866796456692908
11
5.2060221653543302
21
-4.2867221259842516
0
LINE
8
BLACK
6
CONTINUOUS
10
5.2060221653543302
20
-4.2867221259842516
11
5.2060206692913384
21
-4.2867434251968506
0
LINE
8
BLACK
6
CONTINUOUS
10
5.2060206692913384
20
-4.2867434251968506
11
5.2059288976377953
21
-4.2869831496062991
0
LINE
8
BLACK
6
CONTINUOUS
10
5.2059288976377953
20
-4.2869831496062991
11
5.205842598425197
21
-4.2872247637795278
0
LINE
8
BLACK
6
CONTINUOUS
10
5.205842598425197
20
-4.2872247637795278
11
5.2058298818897635
21
-4.2872418897637798
0
LINE
8
BLACK
6
CONTINUOUS
10
5.2058298818897635
20
-4.2872418897637798
11
5.205813779527559
21
-4.287284015748031
0
LINE
8
BLACK
6
CONTINUOUS
10
5.205813779527559
20
-4.287284015748031
11
5.2039390157480314
21
-4.2910335433070861
0
LINE
8
BLACK
6
CONTINUOUS
10
5.2039390157480314
20
-4.2910335433070861
11
5.2037829527559056
21
-4.2912814173228346
0
LINE
8
BLACK
6
CONTINUOUS
10
5.2037829527559056
20
-4.2912814173228346
11
5.2037531496062988
21
-4.2913534645669289
0
LINE
8
BLACK
6
CONTINUOUS
10
5.2037531496062988
20
-4.2913534645669289
11
5.2036866141732281
21
-4.2914344881889761
0
LINE
8
BLACK
6
CONTINUOUS
10
5.2036866141732281
20
-4.2914344881889761
11
5.2036306692913383
21
-4.2915234251968499
0
LINE
8
BLACK
6
CONTINUOUS
10
5.2036306692913383
20
-4.2915234251968499
11
5.2035716535433068
21
-4.2915745669291336
0
LINE
8
BLACK
6
CONTINUOUS
10
5.2035716535433068
20
-4.2915745669291336
11
5.20338594488189
21
-4.2918009055118107
0
LINE
8
BLACK
6
CONTINUOUS
10
5.20338594488189
20
-4.2918009055118107
11
5.1996363779527561
21
-4.2955505118110233
0
LINE
8
BLACK
6
CONTINUOUS
10
5.1996363779527561
20
-4.2955505118110233
11
5.1991889370078743
21
-4.295917716535433
0
LINE
8
BLACK
6
CONTINUOUS
10
5.1991889370078743
20
-4.295917716535433
11
5.1990908661417325
21
-4.2959583070866136
0
LINE
8
BLACK
6
CONTINUOUS
10
5.1990908661417325
20
-4.2959583070866136
11
5.1990107480314958
21
-4.2960278346456695
0
LINE
8
BLACK
6
CONTINUOUS
10
5.1990107480314958
20
-4.2960278346456695
11
5.1984822047244093
21
-4.2962638188976374
0
LINE
8
BLACK
6
CONTINUOUS
10
5.1984822047244093
20
-4.2962638188976374
11
5.1928579133858266
21
-4.298138582677165
0
LINE
8
BLACK
6
CONTINUOUS
10
5.1928579133858266
20
-4.298138582677165
11
5.1925723228346454
21
-4.2982035039370077
0
LINE
8
BLACK
6
CONTINUOUS
10
5.1925723228346454
20
-4.2982035039370077
11
5.1925002362204724
21
-4.2982333858267712
0
LINE
8
BLACK
6
CONTINUOUS
10
5.1925002362204724
20
-4.2982333858267712
11
5.192395708661417
21
-4.2982436614173229
0
LINE
8
BLACK
6
CONTINUOUS
10
5.192395708661417
20
-4.2982436614173229
11
5.1922934645669292
21
-4.2982669291338578
0
LINE
8
BLACK
6
CONTINUOUS
10
5.1922934645669292
20
-4.2982669291338578
11
5.1922157086614176
21
-4.2982613779527554
0
LINE
8
BLACK
6
CONTINUOUS
10
5.1922157086614176
20
-4.2982613779527554
11
5.1919241732283465
21
-4.298290118110236
0
LINE
8
BLACK
6
CONTINUOUS
10
5.1919241732283465
20
-4.298290118110236
11
5.1825503543307088
21
-4.298290118110236
0
LINE
8
BLACK
6
CONTINUOUS
10
5.1825503543307088
20
-4.298290118110236
11
5.1819742913385829
21
-4.2982333858267712
0
LINE
8
BLACK
6
CONTINUOUS
10
5.1819742913385829
20
-4.2982333858267712
11
5.1809098818897636
21
-4.2977924803149605
0
LINE
8
BLACK
6
CONTINUOUS
10
5.1809098818897636
20
-4.2977924803149605
11
5.1800952362204722
21
-4.2969778346456691
0
LINE
8
BLACK
6
CONTINUOUS
10
5.1800952362204722
20
-4.2969778346456691
11
5.1796543307086615
21
-4.2959134251968507
0
LINE
8
BLACK
6
CONTINUOUS
10
5.1796543307086615
20
-4.2959134251968507
11
5.1795975984251967
21
-4.295337362204724
0
LINE
8
BLACK
6
CONTINUOUS
10
5.1795975984251967
20
-4.295337362204724
11
5.1795975984251967
21
-4.2559672834645665
0
LINE
8
BLACK
6
CONTINUOUS
10
5.1795975984251967
20
-4.2559672834645665
11
5.1796543307086615
21
-4.2553912204724407
0
LINE
8
BLACK
6
CONTINUOUS
10
5.1796543307086615
20
-4.2553912204724407
11
5.1800952362204722
21
-4.2543268110236223
0
LINE
8
BLACK
6
CONTINUOUS
10
5.1800952362204722
20
-4.2543268110236223
11
5.1809098818897636
21
-4.2535121653543309
0
LINE
8
BLACK
6
CONTINUOUS
10
5.1809098818897636
20
-4.2535121653543309
11
5.1819742913385829
21
-4.2530712598425193
0
LINE
8
BLACK
6
CONTINUOUS
10
5.1819742913385829
20
-4.2530712598425193
11
5.1825503543307088
21
-4.2530145275590554
0
LINE
8
BLACK
6
CONTINUOUS
10
5.1825503543307088
20
-4.2530145275590554
11
5.1919241732283465
21
-4.2530145275590554
0
LINE
8
BLACK
6
CONTINUOUS
10
5.1919241732283465
20
-4.2530145275590554
11
5.1922157086614176
21
-4.2530432283464563
0
LINE
8
BLACK
6
CONTINUOUS
10
5.1855031102362208
20
-4.2923846062992128
11
5.1914450393700786
21
-4.2923846062992128
0
LINE
8
BLACK
6
CONTINUOUS
10
5.1914450393700786
20
-4.2923846062992128
11
5.1959534251968504
21
-4.2908817716535435
0
LINE
8
BLACK
6
CONTINUOUS
10
5.1959534251968504
20
-4.2908817716535435
11
5.1988712204724408
21
-4.2879639370078735
0
LINE
8
BLACK
6
CONTINUOUS
10
5.1988712204724408
20
-4.2879639370078735
11
5.200386732283464
21
-4.2849329527559057
0
LINE
8
BLACK
6
CONTINUOUS
10
5.200386732283464
20
-4.2849329527559057
11
5.2020947637795274
21
-4.2781009055118107
0
LINE
8
BLACK
6
CONTINUOUS
10
5.2020947637795274
20
-4.2781009055118107
11
5.2020947637795274
21
-4.2732037007874011
0
LINE
8
BLACK
6
CONTINUOUS
10
5.2020947637795274
20
-4.2732037007874011
11
5.200386732283464
21
-4.2663716535433069
0
LINE
8
BLACK
6
CONTINUOUS
10
5.200386732283464
20
-4.2663716535433069
11
5.1988712598425195
21
-4.2633406692913383
0
LINE
8
BLACK
6
CONTINUOUS
10
5.1988712598425195
20
-4.2633406692913383
11
5.1959534251968504
21
-4.2604228346456692
0
LINE
8
BLACK
6
CONTINUOUS
10
5.1959534251968504
20
-4.2604228346456692
11
5.1914450393700786
21
-4.2589200393700786
0
LINE
8
BLACK
6
CONTINUOUS
10
5.1914450393700786
20
-4.2589200393700786
11
5.1855031102362208
21
-4.2589200393700786
0
LINE
8
BLACK
6
CONTINUOUS
10
5.1855031102362208
20
-4.2589200393700786
11
5.1855031102362208
21
-4.2923846062992128
0
LINE
8
BLACK
6
CONTINUOUS
10
5.2412441338582676
20
-4.2530712598425193
11
5.2423085433070868
21
-4.2535121653543309
0
LINE
8
BLACK
6
CONTINUOUS
10
5.2423085433070868
20
-4.2535121653543309
11
5.2431231889763774
21
-4.2543268110236223
0
LINE
8
BLACK
6
CONTINUOUS
10
5.2431231889763774
20
-4.2543268110236223
11
5.2435640944881889
21
-4.2553912204724407
0
LINE
8
BLACK
6
CONTINUOUS
10
5.2435640944881889
20
-4.2553912204724407
11
5.2435640944881889
21
-4.2565433464566924
0
LINE
8
BLACK
6
CONTINUOUS
10
5.2435640944881889
20
-4.2565433464566924
11
5.2431231889763774
21
-4.2576077559055117
0
LINE
8
BLACK
6
CONTINUOUS
10
5.2431231889763774
20
-4.2576077559055117
11
5.2423085433070868
21
-4.2584224015748031
0
LINE
8
BLACK
6
CONTINUOUS
10
5.2423085433070868
20
-4.2584224015748031
11
5.2412441338582676
21
-4.2588633070866138
0
LINE
8
BLACK
6
CONTINUOUS
10
5.2412441338582676
20
-4.2588633070866138
11
5.2406680708661417
21
-4.2589200393700786
0
LINE
8
BLACK
6
CONTINUOUS
10
5.2406680708661417
20
-4.2589200393700786
11
5.2248731889763782
21
-4.2589200393700786
0
LINE
8
BLACK
6
CONTINUOUS
10
5.2248731889763782
20
-4.2589200393700786
11
5.2248731889763782
21
-4.271762165354331
0
LINE
8
BLACK
6
CONTINUOUS
10
5.2248731889763782
20
-4.271762165354331
11
5.2350437795275591
21
-4.271762165354331
0
LINE
8
BLACK
6
CONTINUOUS
10
5.2350437795275591
20
-4.271762165354331
11
5.2356198425196849
21
-4.2718188976377949
0
LINE
8
BLACK
6
CONTINUOUS
10
5.2356198425196849
20
-4.2718188976377949
11
5.2366842519685042
21
-4.2722598031496064
0
LINE
8
BLACK
6
CONTINUOUS
10
5.2366842519685042
20
-4.2722598031496064
11
5.2374988976377947
21
-4.2730744488188979
0
LINE
8
BLACK
6
CONTINUOUS
10
5.2374988976377947
20
-4.2730744488188979
11
5.2379398031496063
21
-4.2741388582677162
0
LINE
8
BLACK
6
CONTINUOUS
10
5.2379398031496063
20
-4.2741388582677162
11
5.2379398031496063
21
-4.275290984251968
0
LINE
8
BLACK
6
CONTINUOUS
10
5.2379398031496063
20
-4.275290984251968
11
5.2374988976377947
21
-4.2763553937007872
0
LINE
8
BLACK
6
CONTINUOUS
10
5.2374988976377947
20
-4.2763553937007872
11
5.2366842519685042
21
-4.2771700393700787
0
LINE
8
BLACK
6
CONTINUOUS
10
5.2366842519685042
20
-4.2771700393700787
11
5.2356198425196849
21
-4.2776109448818893
0
LINE
8
BLACK
6
CONTINUOUS
10
5.2356198425196849
20
-4.2776109448818893
11
5.2350437795275591
21
-4.2776676771653541
0
LINE
8
BLACK
6
CONTINUOUS
10
5.2350437795275591
20
-4.2776676771653541
11
5.2248731889763782
21
-4.2776676771653541
0
LINE
8
BLACK
6
CONTINUOUS
10
5.2248731889763782
20
-4.2776676771653541
11
5.2248731889763782
21
-4.2923846062992128
0
LINE
8
BLACK
6
CONTINUOUS
10
5.2248731889763782
20
-4.2923846062992128
11
5.2406680708661417
21
-4.2923846062992128
0
LINE
8
BLACK
6
CONTINUOUS
10
5.2406680708661417
20
-4.2923846062992128
11
5.2412441338582676
21
-4.2924413385826767
0
LINE
8
BLACK
6
CONTINUOUS
10
5.2412441338582676
20
-4.2924413385826767
11
5.2423085433070868
21
-4.2928822440944883
0
LINE
8
BLACK
6
CONTINUOUS
10
5.2423085433070868
20
-4.2928822440944883
11
5.2431231889763774
21
-4.2936968897637797
0
LINE
8
BLACK
6
CONTINUOUS
10
5.2431231889763774
20
-4.2936968897637797
11
5.2435640944881889
21
-4.2947612992125981
0
LINE
8
BLACK
6
CONTINUOUS
10
5.2435640944881889
20
-4.2947612992125981
11
5.2435640944881889
21
-4.2959134251968507
0
LINE
8
BLACK
6
CONTINUOUS
10
5.2435640944881889
20
-4.2959134251968507
11
5.2431231889763774
21
-4.2969778346456691
0
LINE
8
BLACK
6
CONTINUOUS
10
5.2431231889763774
20
-4.2969778346456691
11
5.2423085433070868
21
-4.2977924803149605
0
LINE
8
BLACK
6
CONTINUOUS
10
5.2423085433070868
20
-4.2977924803149605
11
5.2412441338582676
21
-4.2982333858267712
0
LINE
8
BLACK
6
CONTINUOUS
10
5.2412441338582676
20
-4.2982333858267712
11
5.2406680708661417
21
-4.298290118110236
0
LINE
8
BLACK
6
CONTINUOUS
10
5.2406680708661417
20
-4.298290118110236
11
5.2219204330708662
21
-4.298290118110236
0
LINE
8
BLACK
6
CONTINUOUS
10
5.2219204330708662
20
-4.298290118110236
11
5.2213443700787403
21
-4.2982333858267712
0
LINE
8
BLACK
6
CONTINUOUS
10
5.2213443700787403
20
-4.2982333858267712
11
5.2202799606299211
21
-4.2977924803149605
0
LINE
8
BLACK
6
CONTINUOUS
10
5.2202799606299211
20
-4.2977924803149605
11
5.2194653149606296
21
-4.2969778346456691
0
LINE
8
BLACK
6
CONTINUOUS
10
5.2194653149606296
20
-4.2969778346456691
11
5.219024409448819
21
-4.2959134251968507
0
LINE
8
BLACK
6
CONTINUOUS
10
5.219024409448819
20
-4.2959134251968507
11
5.2189676771653541
21
-4.295337362204724
0
LINE
8
BLACK
6
CONTINUOUS
10
5.2189676771653541
20
-4.295337362204724
11
5.2189676771653541
21
-4.2559672834645665
0
LINE
8
BLACK
6
CONTINUOUS
10
5.2189676771653541
20
-4.2559672834645665
11
5.219024409448819
21
-4.2553912204724407
0
LINE
8
BLACK
6
CONTINUOUS
10
5.219024409448819
20
-4.2553912204724407
11
5.2194653149606296
21
-4.2543268110236223
0
LINE
8
BLACK
6
CONTINUOUS
10
5.2194653149606296
20
-4.2543268110236223
11
5.2202799606299211
21
-4.2535121653543309
0
LINE
8
BLACK
6
CONTINUOUS
10
5.2202799606299211
20
-4.2535121653543309
11
5.2213443700787403
21
-4.2530712598425193
0
LINE
8
BLACK
6
CONTINUOUS
10
5.2213443700787403
20
-4.2530712598425193
11
5.2219204330708662
21
-4.2530145275590554
0
LINE
8
BLACK
6
CONTINUOUS
10
5.2219204330708662
20
-4.2530145275590554
11
5.2406680708661417
21
-4.2530145275590554
0
LINE
8
BLACK
6
CONTINUOUS
10
5.2406680708661417
20
-4.2530145275590554
11
5.2412441338582676
21
-4.2530712598425193
0
LINE
8
BLACK
6
CONTINUOUS
10
5.2728306299212599
20
-4.2530432283464563
11
5.2729083858267716
21
-4.2530377165354327
0
LINE
8
BLACK
6
CONTINUOUS
10
5.2729083858267716
20
-4.2530377165354327
11
5.2730106299212594
21
-4.2530609448818897
0
LINE
8
BLACK
6
CONTINUOUS
10
5.2730106299212594
20
-4.2530609448818897
11
5.2731151574803148
21
-4.2530712598425193
0
LINE
8
BLACK
6
CONTINUOUS
10
5.2731151574803148
20
-4.2530712598425193
11
5.2731872440944878
21
-4.253101102362205
0
LINE
8
BLACK
6
CONTINUOUS
10
5.2731872440944878
20
-4.253101102362205
11
5.273472834645669
21
-4.2531660629921255
0
LINE
8
BLACK
6
CONTINUOUS
10
5.273472834645669
20
-4.2531660629921255
11
5.2790971259842516
21
-4.2550408267716531
0
LINE
8
BLACK
6
CONTINUOUS
10
5.2790971259842516
20
-4.2550408267716531
11
5.2796256692913381
21
-4.2552768110236219
0
LINE
8
BLACK
6
CONTINUOUS
10
5.2796256692913381
20
-4.2552768110236219
11
5.2797057874015749
21
-4.2553462992125981
0
LINE
8
BLACK
6
CONTINUOUS
10
5.2797057874015749
20
-4.2553462992125981
11
5.2798038582677167
21
-4.2553869291338584
0
LINE
8
BLACK
6
CONTINUOUS
10
5.2798038582677167
20
-4.2553869291338584
11
5.2802512992125985
21
-4.2557541338582681
0
LINE
8
BLACK
6
CONTINUOUS
10
5.2802512992125985
20
-4.2557541338582681
11
5.2821260629921261
21
-4.2576288976377956
0
LINE
8
BLACK
6
CONTINUOUS
10
5.2821260629921261
20
-4.2576288976377956
11
5.2824932677165357
21
-4.2580763385826774
0
LINE
8
BLACK
6
CONTINUOUS
10
5.2824932677165357
20
-4.2580763385826774
11
5.2829341732283464
21
-4.2591407480314958
0
LINE
8
BLACK
6
CONTINUOUS
10
5.2829341732283464
20
-4.2591407480314958
11
5.2829341732283464
21
-4.2602928346456688
0
LINE
8
BLACK
6
CONTINUOUS
10
5.2829341732283464
20
-4.2602928346456688
11
5.2824932677165357
21
-4.261357244094488
0
LINE
8
BLACK
6
CONTINUOUS
10
5.2824932677165357
20
-4.261357244094488
11
5.2816785826771655
21
-4.2621719291338582
0
LINE
8
BLACK
6
CONTINUOUS
10
5.2816785826771655
20
-4.2621719291338582
11
5.2806141732283463
21
-4.2626128346456689
0
LINE
8
BLACK
6
CONTINUOUS
10
5.2806141732283463
20
-4.2626128346456689
11
5.2794620866141733
21
-4.2626128346456689
0
LINE
8
BLACK
6
CONTINUOUS
10
5.2794620866141733
20
-4.2626128346456689
11
5.278397677165354
21
-4.2621719291338582
0
LINE
8
BLACK
6
CONTINUOUS
10
5.278397677165354
20
-4.2621719291338582
11
5.2779502362204722
21
-4.2618047244094486
0
LINE
8
BLACK
6
CONTINUOUS
10
5.2779502362204722
20
-4.2618047244094486
11
5.2765683464566928
21
-4.2604228346456692
0
LINE
8
BLACK
6
CONTINUOUS
10
5.2765683464566928
20
-4.2604228346456692
11
5.272059960629921
21
-4.2589200393700786
0
LINE
8
BLACK
6
CONTINUOUS
10
5.272059960629921
20
-4.2589200393700786
11
5.2692687007874017
21
-4.2589200393700786
0
LINE
8
BLACK
6
CONTINUOUS
10
5.2692687007874017
20
-4.2589200393700786
11
5.2647603149606299
21
-4.2604228346456692
0
LINE
8
BLACK
6
CONTINUOUS
10
5.2647603149606299
20
-4.2604228346456692
11
5.2618424803149608
21
-4.2633406692913383
0
LINE
8
BLACK
6
CONTINUOUS
10
5.2618424803149608
20
-4.2633406692913383
11
5.2603269685039367
21
-4.2663716535433069
0
LINE
8
BLACK
6
CONTINUOUS
10
5.2603269685039367
20
-4.2663716535433069
11
5.2586189763779529
21
-4.2732037007874011
0
LINE
8
BLACK
6
CONTINUOUS
10
5.2586189763779529
20
-4.2732037007874011
11
5.2586189763779529
21
-4.2781009055118107
0
LINE
8
BLACK
6
CONTINUOUS
10
5.2586189763779529
20
-4.2781009055118107
11
5.2603269685039367
21
-4.2849329527559057
0
LINE
8
BLACK
6
CONTINUOUS
10
5.2603269685039367
20
-4.2849329527559057
11
5.2618424803149608
21
-4.2879639370078735
0
LINE
8
BLACK
6
CONTINUOUS
10
5.2618424803149608
20
-4.2879639370078735
11
5.2647603149606299
21
-4.2908818110236222
0
LINE
8
BLACK
6
CONTINUOUS
10
5.2647603149606299
20
-4.2908818110236222
11
5.2692687007874017
21
-4.2923846062992128
0
LINE
8
BLACK
6
CONTINUOUS
10
5.2692687007874017
20
-4.2923846062992128
11
5.272059960629921
21
-4.2923846062992128
0
LINE
8
BLACK
6
CONTINUOUS
10
5.272059960629921
20
-4.2923846062992128
11
5.2765683464566928
21
-4.2908817716535435
0
LINE
8
BLACK
6
CONTINUOUS
10
5.2765683464566928
20
-4.2908817716535435
11
5.2779501968503935
21
-4.2894999212598428
0
LINE
8
BLACK
6
CONTINUOUS
10
5.2779501968503935
20
-4.2894999212598428
11
5.278397677165354
21
-4.2891326771653544
0
LINE
8
BLACK
6
CONTINUOUS
10
5.278397677165354
20
-4.2891326771653544
11
5.2794620866141733
21
-4.2886917716535429
0
LINE
8
BLACK
6
CONTINUOUS
10
5.2794620866141733
20
-4.2886917716535429
11
5.2806141732283463
21
-4.2886917716535429
0
LINE
8
BLACK
6
CONTINUOUS
10
5.2806141732283463
20
-4.2886917716535429
11
5.2816785826771655
21
-4.2891326377952756
0
LINE
8
BLACK
6
CONTINUOUS
10
5.2816785826771655
20
-4.2891326377952756
11
5.2824932677165357
21
-4.2899473228346459
0
LINE
8
BLACK
6
CONTINUOUS
10
5.2824932677165357
20
-4.2899473228346459
11
5.2829341732283464
21
-4.2910117322834642
0
LINE
8
BLACK
6
CONTINUOUS
10
5.2829341732283464
20
-4.2910117322834642
11
5.2829341732283464
21
-4.2921638188976381
0
LINE
8
BLACK
6
CONTINUOUS
10
5.2829341732283464
20
-4.2921638188976381
11
5.2824933070866145
21
-4.2932282283464565
0
LINE
8
BLACK
6
CONTINUOUS
10
5.2824933070866145
20
-4.2932282283464565
11
5.2821260629921261
21
-4.293675708661417
0
LINE
8
BLACK
6
CONTINUOUS
10
5.2821260629921261
20
-4.293675708661417
11
5.2802513385826773
21
-4.2955504724409446
0
LINE
8
BLACK
6
CONTINUOUS
10
5.2802513385826773
20
-4.2955504724409446
11
5.2798038582677167
21
-4.295917716535433
0
LINE
8
BLACK
6
CONTINUOUS
10
5.2798038582677167
20
-4.295917716535433
11
5.2797057874015749
21
-4.2959583070866136
0
LINE
8
BLACK
6
CONTINUOUS
10
5.2797057874015749
20
-4.2959583070866136
11
5.2796256692913381
21
-4.2960278346456695
0
LINE
8
BLACK
6
CONTINUOUS
10
5.2796256692913381
20
-4.2960278346456695
11
5.2790971259842516
21
-4.2962638188976374
0
LINE
8
BLACK
6
CONTINUOUS
10
5.2790971259842516
20
-4.2962638188976374
11
5.273472834645669
21
-4.298138582677165
0
LINE
8
BLACK
6
CONTINUOUS
10
5.273472834645669
20
-4.298138582677165
11
5.2731872440944878
21
-4.2982035039370077
0
LINE
8
BLACK
6
CONTINUOUS
10
5.2731872440944878
20
-4.2982035039370077
11
5.2731151574803148
21
-4.2982333858267712
0
LINE
8
BLACK
6
CONTINUOUS
10
5.2731151574803148
20
-4.2982333858267712
11
5.2730106299212594
21
-4.2982436614173229
0
LINE
8
BLACK
6
CONTINUOUS
10
5.2730106299212594
20
-4.2982436614173229
11
5.2729083858267716
21
-4.2982669291338578
0
LINE
8
BLACK
6
CONTINUOUS
10
5.2729083858267716
20
-4.2982669291338578
11
5.2728306299212599
21
-4.2982613779527554
0
LINE
8
BLACK
6
CONTINUOUS
10
5.2728306299212599
20
-4.2982613779527554
11
5.2725390944881889
21
-4.298290118110236
0
LINE
8
BLACK
6
CONTINUOUS
10
5.2725390944881889
20
-4.298290118110236
11
5.2687895669291338
21
-4.298290118110236
0
LINE
8
BLACK
6
CONTINUOUS
10
5.2687895669291338
20
-4.298290118110236
11
5.2684979527559053
21
-4.2982613779527554
0
LINE
8
BLACK
6
CONTINUOUS
10
5.2684979527559053
20
-4.2982613779527554
11
5.2684202362204724
21
-4.2982669291338578
0
LINE
8
BLACK
6
CONTINUOUS
10
5.2684202362204724
20
-4.2982669291338578
11
5.268317952755905
21
-4.2982436614173229
0
LINE
8
BLACK
6
CONTINUOUS
10
5.268317952755905
20
-4.2982436614173229
11
5.2682135039370079
21
-4.2982333858267712
0
LINE
8
BLACK
6
CONTINUOUS
10
5.2682135039370079
20
-4.2982333858267712
11
5.2681414173228349
21
-4.2982035039370077
0
LINE
8
BLACK
6
CONTINUOUS
10
5.2681414173228349
20
-4.2982035039370077
11
5.267855787401575
21
-4.298138582677165
0
LINE
8
BLACK
6
CONTINUOUS
10
5.267855787401575
20
-4.298138582677165
11
5.2622315354330711
21
-4.2962638188976374
0
LINE
8
BLACK
6
CONTINUOUS
10
5.2622315354330711
20
-4.2962638188976374
11
5.2617029527559058
21
-4.2960278346456695
0
LINE
8
BLACK
6
CONTINUOUS
10
5.2617029527559058
20
-4.2960278346456695
11
5.261622834645669
21
-4.2959583464566924
0
LINE
8
BLACK
6
CONTINUOUS
10
5.261622834645669
20
-4.2959583464566924
11
5.261524803149606
21
-4.2959177559055117
0
LINE
8
BLACK
6
CONTINUOUS
10
5.261524803149606
20
-4.2959177559055117
11
5.2610773622047242
21
-4.2955505118110233
0
LINE
8
BLACK
6
CONTINUOUS
10
5.2610773622047242
20
-4.2955505118110233
11
5.2573278346456691
21
-4.2918009448818895
0
LINE
8
BLACK
6
CONTINUOUS
10
5.2573278346456691
20
-4.2918009448818895
11
5.257142047244094
21
-4.2915745669291336
0
LINE
8
BLACK
6
CONTINUOUS
10
5.257142047244094
20
-4.2915745669291336
11
5.257083070866142
21
-4.2915234251968499
0
LINE
8
BLACK
6
CONTINUOUS
10
5.257083070866142
20
-4.2915234251968499
11
5.2570270866141735
21
-4.2914344881889761
0
LINE
8
BLACK
6
CONTINUOUS
10
5.2570270866141735
20
-4.2914344881889761
11
5.2569605905511807
21
-4.2913534645669289
0
LINE
8
BLACK
6
CONTINUOUS
10
5.2569605905511807
20
-4.2913534645669289
11
5.256930748031496
21
-4.2912814173228346
0
LINE
8
BLACK
6
CONTINUOUS
10
5.256930748031496
20
-4.2912814173228346
11
5.2567747244094489
21
-4.2910335433070861
0
LINE
8
BLACK
6
CONTINUOUS
10
5.2567747244094489
20
-4.2910335433070861
11
5.2548999606299214
21
-4.287284015748031
0
LINE
8
BLACK
6
CONTINUOUS
10
5.2548999606299214
20
-4.287284015748031
11
5.2548838188976381
21
-4.2872418897637798
0
LINE
8
BLACK
6
CONTINUOUS
10
5.2548838188976381
20
-4.2872418897637798
11
5.2548711417322833
21
-4.2872247637795278
0
LINE
8
BLACK
6
CONTINUOUS
10
5.2548711417322833
20
-4.2872247637795278
11
5.25478468503937
21
-4.2869827952755903
0
LINE
8
BLACK
6
CONTINUOUS
10
5.25478468503937
20
-4.2869827952755903
11
5.2546930708661419
21
-4.2867433858267718
0
LINE
8
BLACK
6
CONTINUOUS
10
5.2546930708661419
20
-4.2867433858267718
11
5.2546915354330705
21
-4.2867221259842516
0
LINE
8
BLACK
6
CONTINUOUS
10
5.2546915354330705
20
-4.2867221259842516
11
5.2546763779527561
21
-4.2866796456692908
0
LINE
8
BLACK
6
CONTINUOUS
10
5.2546763779527561
20
-4.2866796456692908
11
5.2528016141732286
21
-4.2791805905511806
0
LINE
8
BLACK
6
CONTINUOUS
10
5.2528016141732286
20
-4.2791805905511806
11
5.252786811023622
21
-4.2790807086614171
0
LINE
8
BLACK
6
CONTINUOUS
10
5.252786811023622
20
-4.2790807086614171
11
5.2527701968503937
21
-4.279040511811024
0
LINE
8
BLACK
6
CONTINUOUS
10
5.2527701968503937
20
-4.279040511811024
11
5.2527488188976381
21
-4.278823464566929
0
LINE
8
BLACK
6
CONTINUOUS
10
5.2527488188976381
20
-4.278823464566929
11
5.252716968503937
21
-4.2786079921259841
0
LINE
8
BLACK
6
CONTINUOUS
10
5.252716968503937
20
-4.2786079921259841
11
5.2527233464566931
21
-4.2785649606299208
0
LINE
8
BLACK
6
CONTINUOUS
10
5.2527233464566931
20
-4.2785649606299208
11
5.2527134645669289
21
-4.2784644488188972
0
LINE
8
BLACK
6
CONTINUOUS
10
5.2527134645669289
20
-4.2784644488188972
11
5.2527134645669289
21
-4.2728401574803145
0
LINE
8
BLACK
6
CONTINUOUS
10
5.2527134645669289
20
-4.2728401574803145
11
5.2527233464566931
21
-4.2727396062992122
0
LINE
8
BLACK
6
CONTINUOUS
10
5.2527233464566931
20
-4.2727396062992122
11
5.252716968503937
21
-4.2726966141732285
0
LINE
8
BLACK
6
CONTINUOUS
10
5.252716968503937
20
-4.2726966141732285
11
5.2527488188976381
21
-4.2724811023622049
0
LINE
8
BLACK
6
CONTINUOUS
10
5.2527488188976381
20
-4.2724811023622049
11
5.2527701968503937
21
-4.2722640944881887
0
LINE
8
BLACK
6
CONTINUOUS
10
5.2527701968503937
20
-4.2722640944881887
11
5.252786811023622
21
-4.2722238582677168
0
LINE
8
BLACK
6
CONTINUOUS
10
5.252786811023622
20
-4.2722238582677168
11
5.2528016141732286
21
-4.2721240157480311
0
LINE
8
BLACK
6
CONTINUOUS
10
5.2528016141732286
20
-4.2721240157480311
11
5.2546763779527561
21
-4.2646249606299209
0
LINE
8
BLACK
6
CONTINUOUS
10
5.2546763779527561
20
-4.2646249606299209
11
5.2546915354330705
21
-4.2645824409448814
0
LINE
8
BLACK
6
CONTINUOUS
10
5.2546915354330705
20
-4.2645824409448814
11
5.2546930708661419
21
-4.2645612204724408
0
LINE
8
BLACK
6
CONTINUOUS
10
5.2546930708661419
20
-4.2645612204724408
11
5.25478468503937
21
-4.2643217716535435
0
LINE
8
BLACK
6
CONTINUOUS
10
5.25478468503937
20
-4.2643217716535435
11
5.2548711417322833
21
-4.2640798425196849
0
LINE
8
BLACK
6
CONTINUOUS
10
5.2548711417322833
20
-4.2640798425196849
11
5.2548838188976381
21
-4.264062677165354
0
LINE
8
BLACK
6
CONTINUOUS
10
5.2548838188976381
20
-4.264062677165354
11
5.2548999606299214
21
-4.2640205905511808
0
LINE
8
BLACK
6
CONTINUOUS
10
5.2548999606299214
20
-4.2640205905511808
11
5.2567747244094489
21
-4.2602710629921257
0
LINE
8
BLACK
6
CONTINUOUS
10
5.2567747244094489
20
-4.2602710629921257
11
5.2569307874015747
21
-4.260023031496063
0
LINE
8
BLACK
6
CONTINUOUS
10
5.2569307874015747
20
-4.260023031496063
11
5.2569606299212595
21
-4.259951102362205
0
LINE
8
BLACK
6
CONTINUOUS
10
5.2569606299212595
20
-4.259951102362205
11
5.2570270866141735
21
-4.2598701181102365
0
LINE
8
BLACK
6
CONTINUOUS
10
5.2570270866141735
20
-4.2598701181102365
11
5.257083070866142
21
-4.2597811811023618
0
LINE
8
BLACK
6
CONTINUOUS
10
5.257083070866142
20
-4.2597811811023618
11
5.257142047244094
21
-4.2597300000000002
0
LINE
8
BLACK
6
CONTINUOUS
10
5.257142047244094
20
-4.2597300000000002
11
5.2573278346456691
21
-4.2595036614173232
0
LINE
8
BLACK
6
CONTINUOUS
10
5.2573278346456691
20
-4.2595036614173232
11
5.2610773622047242
21
-4.2557541338582681
0
LINE
8
BLACK
6
CONTINUOUS
10
5.2610773622047242
20
-4.2557541338582681
11
5.261524803149606
21
-4.2553868897637797
0
LINE
8
BLACK
6
CONTINUOUS
10
5.261524803149606
20
-4.2553868897637797
11
5.261622834645669
21
-4.2553462598425194
0
LINE
8
BLACK
6
CONTINUOUS
10
5.261622834645669
20
-4.2553462598425194
11
5.2617029527559058
21
-4.2552768110236219
0
LINE
8
BLACK
6
CONTINUOUS
10
5.2617029527559058
20
-4.2552768110236219
11
5.2622315354330711
21
-4.2550408267716531
0
LINE
8
BLACK
6
CONTINUOUS
10
5.2622315354330711
20
-4.2550408267716531
11
5.267855787401575
21
-4.2531660629921255
0
LINE
8
BLACK
6
CONTINUOUS
10
5.267855787401575
20
-4.2531660629921255
11
5.2681414173228349
21
-4.253101102362205
0
LINE
8
BLACK
6
CONTINUOUS
10
5.2681414173228349
20
-4.253101102362205
11
5.2682135039370079
21
-4.2530712598425193
0
LINE
8
BLACK
6
CONTINUOUS
10
5.2682135039370079
20
-4.2530712598425193
11
5.268317952755905
21
-4.2530609448818897
0
LINE
8
BLACK
6
CONTINUOUS
10
5.268317952755905
20
-4.2530609448818897
11
5.2684202362204724
21
-4.2530377165354327
0
LINE
8
BLACK
6
CONTINUOUS
10
5.2684202362204724
20
-4.2530377165354327
11
5.2684979527559053
21
-4.2530432283464563
0
LINE
8
BLACK
6
CONTINUOUS
10
5.2684979527559053
20
-4.2530432283464563
11
5.2687895669291338
21
-4.2530145275590554
0
LINE
8
BLACK
6
CONTINUOUS
10
5.2687895669291338
20
-4.2530145275590554
11
5.2725390944881889
21
-4.2530145275590554
0
LINE
8
BLACK
6
CONTINUOUS
10
5.2725390944881889
20
-4.2530145275590554
11
5.2728306299212599
21
-4.2530432283464563
0
LINE
8
BLACK
6
CONTINUOUS
10
5.3124852362204722
20
-4.2530712598425193
11
5.3125832283464565
21
-4.2531118503937009
0
LINE
8
BLACK
6
CONTINUOUS
10
5.3125832283464565
20
-4.2531118503937009
11
5.3126890551181098
21
-4.25311937007874
0
LINE
8
BLACK
6
CONTINUOUS
10
5.3126890551181098
20
-4.25311937007874
11
5.3132296850393699
21
-4.2533262598425194
0
LINE
8
BLACK
6
CONTINUOUS
10
5.3132296850393699
20
-4.2533262598425194
11
5.316979212598425
21
-4.255201023622047
0
LINE
8
BLACK
6
CONTINUOUS
10
5.316979212598425
20
-4.255201023622047
11
5.3172272047244089
21
-4.2553570866141728
0
LINE
8
BLACK
6
CONTINUOUS
10
5.3172272047244089
20
-4.2553570866141728
11
5.3172991732283466
21
-4.2553869291338584
0
LINE
8
BLACK
6
CONTINUOUS
10
5.3172991732283466
20
-4.2553869291338584
11
5.3173801181102363
21
-4.2554533858267716
0
LINE
8
BLACK
6
CONTINUOUS
10
5.3173801181102363
20
-4.2554533858267716
11
5.3174690944881888
21
-4.2555093700787401
0
LINE
8
BLACK
6
CONTINUOUS
10
5.3174690944881888
20
-4.2555093700787401
11
5.3175202362204725
21
-4.2555683464566929
0
LINE
8
BLACK
6
CONTINUOUS
10
5.3175202362204725
20
-4.2555683464566929
11
5.3177466141732284
21
-4.2557541338582681
0
LINE
8
BLACK
6
CONTINUOUS
10
5.3177466141732284
20
-4.2557541338582681
11
5.3214961417322835
21
-4.2595036614173232
0
LINE
8
BLACK
6
CONTINUOUS
10
5.3214961417322835
20
-4.2595036614173232
11
5.3218633858267719
21
-4.259951102362205
0
LINE
8
BLACK
6
CONTINUOUS
10
5.3218633858267719
20
-4.259951102362205
11
5.3219474015748034
21
-4.2601539763779526
0
LINE
8
BLACK
6
CONTINUOUS
10
5.3219474015748034
20
-4.2601539763779526
11
5.3220780708661417
21
-4.2603303149606297
0
LINE
8
BLACK
6
CONTINUOUS
10
5.3220780708661417
20
-4.2603303149606297
11
5.3222728346456689
21
-4.2608754330708658
0
LINE
8
BLACK
6
CONTINUOUS
10
5.3222728346456689
20
-4.2608754330708658
11
5.3241475984251965
21
-4.268374488188976
0
LINE
8
BLACK
6
CONTINUOUS
10
5.3241475984251965
20
-4.268374488188976
11
5.3241623622047243
21
-4.2684743307086617
0
LINE
8
BLACK
6
CONTINUOUS
10
5.3241623622047243
20
-4.2684743307086617
11
5.3241790157480313
21
-4.2685145669291336
0
LINE
8
BLACK
6
CONTINUOUS
10
5.3241790157480313
20
-4.2685145669291336
11
5.3242003543307082
21
-4.2687315748031498
0
LINE
8
BLACK
6
CONTINUOUS
10
5.3242003543307082
20
-4.2687315748031498
11
5.324232244094488
21
-4.2689470866141734
0
LINE
8
BLACK
6
CONTINUOUS
10
5.324232244094488
20
-4.2689470866141734
11
5.3242258267716531
21
-4.2689900787401571
0
LINE
8
BLACK
6
CONTINUOUS
10
5.3242258267716531
20
-4.2689900787401571
11
5.3242357480314961
21
-4.2690906299212594
0
LINE
8
BLACK
6
CONTINUOUS
10
5.3242357480314961
20
-4.2690906299212594
11
5.3242357480314961
21
-4.2822139763779523
0
LINE
8
BLACK
6
CONTINUOUS
10
5.3242357480314961
20
-4.2822139763779523
11
5.3242258267716531
21
-4.2823144881889759
0
LINE
8
BLACK
6
CONTINUOUS
10
5.3242258267716531
20
-4.2823144881889759
11
5.324232244094488
21
-4.2823575196850392
0
LINE
8
BLACK
6
CONTINUOUS
10
5.324232244094488
20
-4.2823575196850392
11
5.3242003543307082
21
-4.2825729921259841
0
LINE
8
BLACK
6
CONTINUOUS
10
5.3242003543307082
20
-4.2825729921259841
11
5.3241790157480313
21
-4.2827900393700791
0
LINE
8
BLACK
6
CONTINUOUS
10
5.3241790157480313
20
-4.2827900393700791
11
5.3241623622047243
21
-4.2828302362204722
0
LINE
8
BLACK
6
CONTINUOUS
10
5.3241623622047243
20
-4.2828302362204722
11
5.3241475984251965
21
-4.2829301181102357
0
LINE
8
BLACK
6
CONTINUOUS
10
5.3241475984251965
20
-4.2829301181102357
11
5.3222728346456689
21
-4.2904291732283459
0
LINE
8
BLACK
6
CONTINUOUS
10
5.3222728346456689
20
-4.2904291732283459
11
5.3220780708661417
21
-4.2909742913385829
0
LINE
8
BLACK
6
CONTINUOUS
10
5.3220780708661417
20
-4.2909742913385829
11
5.3219473622047246
21
-4.2911506299212601
0
LINE
8
BLACK
6
CONTINUOUS
10
5.3219473622047246
20
-4.2911506299212601
11
5.3218633858267719
21
-4.2913534645669289
0
LINE
8
BLACK
6
CONTINUOUS
10
5.3218633858267719
20
-4.2913534645669289
11
5.3214961811023622
21
-4.2918009055118107
0
LINE
8
BLACK
6
CONTINUOUS
10
5.3214961811023622
20
-4.2918009055118107
11
5.3177466141732284
21
-4.2955505118110233
0
LINE
8
BLACK
6
CONTINUOUS
10
5.3177466141732284
20
-4.2955505118110233
11
5.3175202362204725
21
-4.2957362598425197
0
LINE
8
BLACK
6
CONTINUOUS
10
5.3175202362204725
20
-4.2957362598425197
11
5.3174690944881888
21
-4.2957952755905513
0
LINE
8
BLACK
6
CONTINUOUS
10
5.3174690944881888
20
-4.2957952755905513
11
5.3173801181102363
21
-4.2958512204724411
0
LINE
8
BLACK
6
CONTINUOUS
10
5.3173801181102363
20
-4.2958512204724411
11
5.3172991732283466
21
-4.295917716535433
0
LINE
8
BLACK
6
CONTINUOUS
10
5.3172991732283466
20
-4.295917716535433
11
5.3172272047244089
21
-4.295947519685039
0
LINE
8
BLACK
6
CONTINUOUS
10
5.3172272047244089
20
-4.295947519685039
11
5.316979212598425
21
-4.2961036220472444
0
LINE
8
BLACK
6
CONTINUOUS
10
5.316979212598425
20
-4.2961036220472444
11
5.3132296850393699
21
-4.2979783858267719
0
LINE
8
BLACK
6
CONTINUOUS
10
5.3132296850393699
20
-4.2979783858267719
11
5.3126890551181098
21
-4.2981852755905514
0
LINE
8
BLACK
6
CONTINUOUS
10
5.3126890551181098
20
-4.2981852755905514
11
5.3125832283464565
21
-4.2981927559055118
0
LINE
8
BLACK
6
CONTINUOUS
10
5.3125832283464565
20
-4.2981927559055118
11
5.3124852362204722
21
-4.2982333858267712
0
LINE
8
BLACK
6
CONTINUOUS
10
5.3124852362204722
20
-4.2982333858267712
11
5.3119091732283463
21
-4.298290118110236
0
LINE
8
BLACK
6
CONTINUOUS
10
5.3119091732283463
20
-4.298290118110236
11
5.3044101181102361
21
-4.298290118110236
0
LINE
8
BLACK
6
CONTINUOUS
10
5.3044101181102361
20
-4.298290118110236
11
5.3038340551181102
21
-4.2982333858267712
0
LINE
8
BLACK
6
CONTINUOUS
10
5.3038340551181102
20
-4.2982333858267712
11
5.303736062992126
21
-4.2981927952755905
0
LINE
8
BLACK
6
CONTINUOUS
10
5.303736062992126
20
-4.2981927952755905
11
5.3036301968503938
21
-4.2981852755905514
0
LINE
8
BLACK
6
CONTINUOUS
10
5.3036301968503938
20
-4.2981852755905514
11
5.3030896062992126
21
-4.2979783858267719
0
LINE
8
BLACK
6
CONTINUOUS
10
5.3030896062992126
20
-4.2979783858267719
11
5.2993400787401574
21
-4.2961036220472444
0
LINE
8
BLACK
6
CONTINUOUS
10
5.2993400787401574
20
-4.2961036220472444
11
5.2990922440944876
21
-4.2959475984251965
0
LINE
8
BLACK
6
CONTINUOUS
10
5.2990922440944876
20
-4.2959475984251965
11
5.2990201181102359
21
-4.2959177559055117
0
LINE
8
BLACK
6
CONTINUOUS
10
5.2990201181102359
20
-4.2959177559055117
11
5.2989389370078737
21
-4.2958511417322836
0
LINE
8
BLACK
6
CONTINUOUS
10
5.2989389370078737
20
-4.2958511417322836
11
5.2988501968503936
21
-4.2957952755905513
0
LINE
8
BLACK
6
CONTINUOUS
10
5.2988501968503936
20
-4.2957952755905513
11
5.2987990551181099
21
-4.2957363385826772
0
LINE
8
BLACK
6
CONTINUOUS
10
5.2987990551181099
20
-4.2957363385826772
11
5.2985726771653541
21
-4.2955505118110233
0
LINE
8
BLACK
6
CONTINUOUS
10
5.2985726771653541
20
-4.2955505118110233
11
5.294823149606299
21
-4.2918009448818895
0
LINE
8
BLACK
6
CONTINUOUS
10
5.294823149606299
20
-4.2918009448818895
11
5.2944559055118106
21
-4.2913534645669289
0
LINE
8
BLACK
6
CONTINUOUS
10
5.2944559055118106
20
-4.2913534645669289
11
5.294371889763779
21
-4.2911506299212601
0
LINE
8
BLACK
6
CONTINUOUS
10
5.294371889763779
20
-4.2911506299212601
11
5.2942412204724407
21
-4.2909742913385829
0
LINE
8
BLACK
6
CONTINUOUS
10
5.2942412204724407
20
-4.2909742913385829
11
5.2940464566929135
21
-4.2904291732283459
0
LINE
8
BLACK
6
CONTINUOUS
10
5.2940464566929135
20
-4.2904291732283459
11
5.292171692913386
21
-4.2829301181102357
0
LINE
8
BLACK
6
CONTINUOUS
10
5.292171692913386
20
-4.2829301181102357
11
5.2921568897637794
21
-4.2828302362204722
0
LINE
8
BLACK
6
CONTINUOUS
10
5.2921568897637794
20
-4.2828302362204722
11
5.2921402755905511
21
-4.2827900393700791
0
LINE
8
BLACK
6
CONTINUOUS
10
5.2921402755905511
20
-4.2827900393700791
11
5.2921188976377955
21
-4.2825729921259841
0
LINE
8
BLACK
6
CONTINUOUS
10
5.2921188976377955
20
-4.2825729921259841
11
5.2920870472440944
21
-4.2823575196850392
0
LINE
8
BLACK
6
CONTINUOUS
10
5.2920870472440944
20
-4.2823575196850392
11
5.2920934251968506
21
-4.2823144881889759
0
LINE
8
BLACK
6
CONTINUOUS
10
5.2920934251968506
20
-4.2823144881889759
11
5.2920835433070863
21
-4.2822139763779523
0
LINE
8
BLACK
6
CONTINUOUS
10
5.2920835433070863
20
-4.2822139763779523
11
5.2920835433070863
21
-4.2690906299212594
0
LINE
8
BLACK
6
CONTINUOUS
10
5.2920835433070863
20
-4.2690906299212594
11
5.2920934251968506
21
-4.2689900787401571
0
LINE
8
BLACK
6
CONTINUOUS
10
5.2920934251968506
20
-4.2689900787401571
11
5.2920870472440944
21
-4.2689470866141734
0
LINE
8
BLACK
6
CONTINUOUS
10
5.2920870472440944
20
-4.2689470866141734
11
5.2921188976377955
21
-4.2687315748031498
0
LINE
8
BLACK
6
CONTINUOUS
10
5.2921188976377955
20
-4.2687315748031498
11
5.2921402755905511
21
-4.2685145669291336
0
LINE
8
BLACK
6
CONTINUOUS
10
5.2921402755905511
20
-4.2685145669291336
11
5.2921568897637794
21
-4.2684743307086617
0
LINE
8
BLACK
6
CONTINUOUS
10
5.2921568897637794
20
-4.2684743307086617
11
5.292171692913386
21
-4.268374488188976
0
LINE
8
BLACK
6
CONTINUOUS
10
5.292171692913386
20
-4.268374488188976
11
5.2940464566929135
21
-4.2608754330708658
0
LINE
8
BLACK
6
CONTINUOUS
10
5.2940464566929135
20
-4.2608754330708658
11
5.2942412204724407
21
-4.2603303149606297
0
LINE
8
BLACK
6
CONTINUOUS
10
5.2942412204724407
20
-4.2603303149606297
11
5.2943719291338578
21
-4.2601538582677163
0
LINE
8
BLACK
6
CONTINUOUS
10
5.2943719291338578
20
-4.2601538582677163
11
5.2944559448818893
21
-4.259951102362205
0
LINE
8
BLACK
6
CONTINUOUS
10
5.2944559448818893
20
-4.259951102362205
11
5.294823149606299
21
-4.2595036614173232
0
LINE
8
BLACK
6
CONTINUOUS
10
5.294823149606299
20
-4.2595036614173232
11
5.2985726771653541
21
-4.2557541338582681
0
LINE
8
BLACK
6
CONTINUOUS
10
5.2985726771653541
20
-4.2557541338582681
11
5.2987990551181099
21
-4.2555682677165354
0
LINE
8
BLACK
6
CONTINUOUS
10
5.2987990551181099
20
-4.2555682677165354
11
5.2988501968503936
21
-4.2555093700787401
0
LINE
8
BLACK
6
CONTINUOUS
10
5.2988501968503936
20
-4.2555093700787401
11
5.2989389370078737
21
-4.2554534645669291
0
LINE
8
BLACK
6
CONTINUOUS
10
5.2989389370078737
20
-4.2554534645669291
11
5.2990201181102359
21
-4.2553868897637797
0
LINE
8
BLACK
6
CONTINUOUS
10
5.2990201181102359
20
-4.2553868897637797
11
5.2990922440944876
21
-4.2553570078740153
0
LINE
8
BLACK
6
CONTINUOUS
10
5.2990922440944876
20
-4.2553570078740153
11
5.2993400787401574
21
-4.255201023622047
0
LINE
8
BLACK
6
CONTINUOUS
10
5.2993400787401574
20
-4.255201023622047
11
5.3030896062992126
21
-4.2533262598425194
0
LINE
8
BLACK
6
CONTINUOUS
10
5.3030896062992126
20
-4.2533262598425194
11
5.3036301968503938
21
-4.25311937007874
0
LINE
8
BLACK
6
CONTINUOUS
10
5.3036301968503938
20
-4.25311937007874
11
5.303736062992126
21
-4.2531118110236221
0
LINE
8
BLACK
6
CONTINUOUS
10
5.303736062992126
20
-4.2531118110236221
11
5.3038340551181102
21
-4.2530712598425193
0
LINE
8
BLACK
6
CONTINUOUS
10
5.3038340551181102
20
-4.2530712598425193
11
5.3044101181102361
21
-4.2530145275590554
0
LINE
8
BLACK
6
CONTINUOUS
10
5.3044101181102361
20
-4.2530145275590554
11
5.3119091732283463
21
-4.2530145275590554
0
LINE
8
BLACK
6
CONTINUOUS
10
5.3119091732283463
20
-4.2530145275590554
11
5.3124852362204722
21
-4.2530712598425193
0
LINE
8
BLACK
6
CONTINUOUS
10
5.30240968503937
20
-4.2602687795275589
11
5.2995772834645667
21
-4.2631011417322835
0
LINE
8
BLACK
6
CONTINUOUS
10
5.2995772834645667
20
-4.2631011417322835
11
5.2979890551181104
21
-4.269454173228346
0
LINE
8
BLACK
6
CONTINUOUS
10
5.2979890551181104
20
-4.269454173228346
11
5.2979890551181104
21
-4.2818504330708658
0
LINE
8
BLACK
6
CONTINUOUS
10
5.2979890551181104
20
-4.2818504330708658
11
5.2995772834645667
21
-4.2882034251968504
0
LINE
8
BLACK
6
CONTINUOUS
10
5.2995772834645667
20
-4.2882034251968504
11
5.30240968503937
21
-4.2910358661417325
0
LINE
8
BLACK
6
CONTINUOUS
10
5.30240968503937
20
-4.2910358661417325
11
5.3051071653543307
21
-4.2923846062992128
0
LINE
8
BLACK
6
CONTINUOUS
10
5.3051071653543307
20
-4.2923846062992128
11
5.3112121259842517
21
-4.2923846062992128
0
LINE
8
BLACK
6
CONTINUOUS
10
5.3112121259842517
20
-4.2923846062992128
11
5.3139095669291336
21
-4.2910358661417325
0
LINE
8
BLACK
6
CONTINUOUS
10
5.3139095669291336
20
-4.2910358661417325
11
5.316741968503937
21
-4.2882034251968504
0
LINE
8
BLACK
6
CONTINUOUS
10
5.316741968503937
20
-4.2882034251968504
11
5.3183302362204721
21
-4.2818504330708658
0
LINE
8
BLACK
6
CONTINUOUS
10
5.3183302362204721
20
-4.2818504330708658
11
5.3183302362204721
21
-4.269454173228346
0
LINE
8
BLACK
6
CONTINUOUS
10
5.3183302362204721
20
-4.269454173228346
11
5.316741968503937
21
-4.2631011417322835
0
LINE
8
BLACK
6
CONTINUOUS
10
5.316741968503937
20
-4.2631011417322835
11
5.3139096062992124
21
-4.2602687795275589
0
LINE
8
BLACK
6
CONTINUOUS
10
5.3139096062992124
20
-4.2602687795275589
11
5.3112121259842517
21
-4.2589200393700786
0
LINE
8
BLACK
6
CONTINUOUS
10
5.3112121259842517
20
-4.2589200393700786
11
5.3051071653543307
21
-4.2589200393700786
0
LINE
8
BLACK
6
CONTINUOUS
10
5.3051071653543307
20
-4.2589200393700786
11
5.30240968503937
21
-4.2602687795275589
0
LINE
8
BLACK
6
CONTINUOUS
10
5.3478212598425197
20
-4.2530432283464563
11
5.3478990157480313
21
-4.2530377165354327
0
LINE
8
BLACK
6
CONTINUOUS
10
5.3478990157480313
20
-4.2530377165354327
11
5.3480012598425199
21
-4.2530609448818897
0
LINE
8
BLACK
6
CONTINUOUS
10
5.3480012598425199
20
-4.2530609448818897
11
5.3481057874015745
21
-4.2530712598425193
0
LINE
8
BLACK
6
CONTINUOUS
10
5.3481057874015745
20
-4.2530712598425193
11
5.3481778740157475
21
-4.253101102362205
0
LINE
8
BLACK
6
CONTINUOUS
10
5.3481778740157475
20
-4.253101102362205
11
5.3484634645669287
21
-4.2531660629921255
0
LINE
8
BLACK
6
CONTINUOUS
10
5.3484634645669287
20
-4.2531660629921255
11
5.3540877559055113
21
-4.2550408267716531
0
LINE
8
BLACK
6
CONTINUOUS
10
5.3540877559055113
20
-4.2550408267716531
11
5.3546162992125987
21
-4.2552768110236219
0
LINE
8
BLACK
6
CONTINUOUS
10
5.3546162992125987
20
-4.2552768110236219
11
5.3546964173228346
21
-4.2553462992125981
0
LINE
8
BLACK
6
CONTINUOUS
10
5.3546964173228346
20
-4.2553462992125981
11
5.3547944881889764
21
-4.2553869291338584
0
LINE
8
BLACK
6
CONTINUOUS
10
5.3547944881889764
20
-4.2553869291338584
11
5.3552419291338582
21
-4.2557541338582681
0
LINE
8
BLACK
6
CONTINUOUS
10
5.3552419291338582
20
-4.2557541338582681
11
5.3589914566929133
21
-4.2595036614173232
0
LINE
8
BLACK
6
CONTINUOUS
10
5.3589914566929133
20
-4.2595036614173232
11
5.3591772834645672
21
-4.259730039370079
0
LINE
8
BLACK
6
CONTINUOUS
10
5.3591772834645672
20
-4.259730039370079
11
5.3592362204724404
21
-4.2597811811023618
0
LINE
8
BLACK
6
CONTINUOUS
10
5.3592362204724404
20
-4.2597811811023618
11
5.3592920866141727
21
-4.2598699212598428
0
LINE
8
BLACK
6
CONTINUOUS
10
5.3592920866141727
20
-4.2598699212598428
11
5.3593587007874017
21
-4.259951102362205
0
LINE
8
BLACK
6
CONTINUOUS
10
5.3593587007874017
20
-4.259951102362205
11
5.3593885433070865
21
-4.2600232283464567
0
LINE
8
BLACK
6
CONTINUOUS
10
5.3593885433070865
20
-4.2600232283464567
11
5.3595445669291335
21
-4.2602710629921257
0
LINE
8
BLACK
6
CONTINUOUS
10
5.3595445669291335
20
-4.2602710629921257
11
5.3614193307086611
21
-4.2640205905511808
0
LINE
8
BLACK
6
CONTINUOUS
10
5.3614193307086611
20
-4.2640205905511808
11
5.3614354330708665
21
-4.264062677165354
0
LINE
8
BLACK
6
CONTINUOUS
10
5.3614354330708665
20
-4.264062677165354
11
5.3614481496062991
21
-4.2640798425196849
0
LINE
8
BLACK
6
CONTINUOUS
10
5.3614481496062991
20
-4.2640798425196849
11
5.3615344488188974
21
-4.2643214173228348
0
LINE
8
BLACK
6
CONTINUOUS
10
5.3615344488188974
20
-4.2643214173228348
11
5.3616262204724405
21
-4.264561181102362
0
LINE
8
BLACK
6
CONTINUOUS
10
5.3616262204724405
20
-4.264561181102362
11
5.3616277165354331
21
-4.2645824409448814
0
LINE
8
BLACK
6
CONTINUOUS
10
5.3616277165354331
20
-4.2645824409448814
11
5.3616429133858263
21
-4.2646249606299209
0
LINE
8
BLACK
6
CONTINUOUS
10
5.3616429133858263
20
-4.2646249606299209
11
5.3635176771653539
21
-4.2721240157480311
0
LINE
8
BLACK
6
CONTINUOUS
10
5.3635176771653539
20
-4.2721240157480311
11
5.3635324409448817
21
-4.2722238582677168
0
LINE
8
BLACK
6
CONTINUOUS
10
5.3635324409448817
20
-4.2722238582677168
11
5.3635490944881887
21
-4.2722640944881887
0
LINE
8
BLACK
6
CONTINUOUS
10
5.3635490944881887
20
-4.2722640944881887
11
5.3635704330708665
21
-4.2724811023622049
0
LINE
8
BLACK
6
CONTINUOUS
10
5.3635704330708665
20
-4.2724811023622049
11
5.3636023228346454
21
-4.2726966141732285
0
LINE
8
BLACK
6
CONTINUOUS
10
5.3636023228346454
20
-4.2726966141732285
11
5.3635959055118105
21
-4.2727396062992122
0
LINE
8
BLACK
6
CONTINUOUS
10
5.3635959055118105
20
-4.2727396062992122
11
5.3636058267716535
21
-4.2728401574803145
0
LINE
8
BLACK
6
CONTINUOUS
10
5.3636058267716535
20
-4.2728401574803145
11
5.3636058267716535
21
-4.2784644488188972
0
LINE
8
BLACK
6
CONTINUOUS
10
5.3636058267716535
20
-4.2784644488188972
11
5.3635959055118105
21
-4.2785649606299208
0
LINE
8
BLACK
6
CONTINUOUS
10
5.3635959055118105
20
-4.2785649606299208
11
5.3636023228346454
21
-4.2786079921259841
0
LINE
8
BLACK
6
CONTINUOUS
10
5.3636023228346454
20
-4.2786079921259841
11
5.3635704330708665
21
-4.278823464566929
0
LINE
8
BLACK
6
CONTINUOUS
10
5.3635704330708665
20
-4.278823464566929
11
5.3635490944881887
21
-4.279040511811024
0
LINE
8
BLACK
6
CONTINUOUS
10
5.3635490944881887
20
-4.279040511811024
11
5.3635324409448817
21
-4.2790807086614171
0
LINE
8
BLACK
6
CONTINUOUS
10
5.3635324409448817
20
-4.2790807086614171
11
5.3635176771653539
21
-4.2791805905511806
0
LINE
8
BLACK
6
CONTINUOUS
10
5.3635176771653539
20
-4.2791805905511806
11
5.3616429133858263
21
-4.2866796456692908
0
LINE
8
BLACK
6
CONTINUOUS
10
5.3616429133858263
20
-4.2866796456692908
11
5.3616277165354331
21
-4.2867221259842516
0
LINE
8
BLACK
6
CONTINUOUS
10
5.3616277165354331
20
-4.2867221259842516
11
5.3616262204724405
21
-4.2867434251968506
0
LINE
8
BLACK
6
CONTINUOUS
10
5.3616262204724405
20
-4.2867434251968506
11
5.3615344488188974
21
-4.2869831496062991
0
LINE
8
BLACK
6
CONTINUOUS
10
5.3615344488188974
20
-4.2869831496062991
11
5.3614481496062991
21
-4.2872247637795278
0
LINE
8
BLACK
6
CONTINUOUS
10
5.3614481496062991
20
-4.2872247637795278
11
5.3614354330708665
21
-4.2872418897637798
0
LINE
8
BLACK
6
CONTINUOUS
10
5.3614354330708665
20
-4.2872418897637798
11
5.3614193307086611
21
-4.287284015748031
0
LINE
8
BLACK
6
CONTINUOUS
10
5.3614193307086611
20
-4.287284015748031
11
5.3595445669291335
21
-4.2910335433070861
0
LINE
8
BLACK
6
CONTINUOUS
10
5.3595445669291335
20
-4.2910335433070861
11
5.3593885039370077
21
-4.2912814173228346
0
LINE
8
BLACK
6
CONTINUOUS
10
5.3593885039370077
20
-4.2912814173228346
11
5.3593587007874017
21
-4.2913534645669289
0
LINE
8
BLACK
6
CONTINUOUS
10
5.3593587007874017
20
-4.2913534645669289
11
5.3592921653543302
21
-4.2914344881889761
0
LINE
8
BLACK
6
CONTINUOUS
10
5.3592921653543302
20
-4.2914344881889761
11
5.3592362204724404
21
-4.2915234251968499
0
LINE
8
BLACK
6
CONTINUOUS
10
5.3592362204724404
20
-4.2915234251968499
11
5.3591772047244097
21
-4.2915745669291336
0
LINE
8
BLACK
6
CONTINUOUS
10
5.3591772047244097
20
-4.2915745669291336
11
5.3589914960629921
21
-4.2918009055118107
0
LINE
8
BLACK
6
CONTINUOUS
10
5.3589914960629921
20
-4.2918009055118107
11
5.3552419291338582
21
-4.2955505118110233
0
LINE
8
BLACK
6
CONTINUOUS
10
5.3552419291338582
20
-4.2955505118110233
11
5.3547944881889764
21
-4.295917716535433
0
LINE
8
BLACK
6
CONTINUOUS
10
5.3547944881889764
20
-4.295917716535433
11
5.3546964173228346
21
-4.2959583070866136
0
LINE
8
BLACK
6
CONTINUOUS
10
5.3546964173228346
20
-4.2959583070866136
11
5.3546162992125987
21
-4.2960278346456695
0
LINE
8
BLACK
6
CONTINUOUS
10
5.3546162992125987
20
-4.2960278346456695
11
5.3540877559055113
21
-4.2962638188976374
0
LINE
8
BLACK
6
CONTINUOUS
10
5.3540877559055113
20
-4.2962638188976374
11
5.3484634645669287
21
-4.298138582677165
0
LINE
8
BLACK
6
CONTINUOUS
10
5.3484634645669287
20
-4.298138582677165
11
5.3481778740157475
21
-4.2982035039370077
0
LINE
8
BLACK
6
CONTINUOUS
10
5.3481778740157475
20
-4.2982035039370077
11
5.3481057874015745
21
-4.2982333858267712
0
LINE
8
BLACK
6
CONTINUOUS
10
5.3481057874015745
20
-4.2982333858267712
11
5.3480012598425199
21
-4.2982436614173229
0
LINE
8
BLACK
6
CONTINUOUS
10
5.3480012598425199
20
-4.2982436614173229
11
5.3478990157480313
21
-4.2982669291338578
0
LINE
8
BLACK
6
CONTINUOUS
10
5.3478990157480313
20
-4.2982669291338578
11
5.3478212598425197
21
-4.2982613779527554
0
LINE
8
BLACK
6
CONTINUOUS
10
5.3478212598425197
20
-4.2982613779527554
11
5.3475297244094486
21
-4.298290118110236
0
LINE
8
BLACK
6
CONTINUOUS
10
5.3475297244094486
20
-4.298290118110236
11
5.3381559055118109
21
-4.298290118110236
0
LINE
8
BLACK
6
CONTINUOUS
10
5.3381559055118109
20
-4.298290118110236
11
5.337579842519685
21
-4.2982333858267712
0
LINE
8
BLACK
6
CONTINUOUS
10
5.337579842519685
20
-4.2982333858267712
11
5.3365154330708657
21
-4.2977924803149605
0
LINE
8
BLACK
6
CONTINUOUS
10
5.3365154330708657
20
-4.2977924803149605
11
5.3357007874015743
21
-4.2969778346456691
0
LINE
8
BLACK
6
CONTINUOUS
10
5.3357007874015743
20
-4.2969778346456691
11
5.3352598818897636
21
-4.2959134251968507
0
LINE
8
BLACK
6
CONTINUOUS
10
5.3352598818897636
20
-4.2959134251968507
11
5.3352031496062988
21
-4.295337362204724
0
LINE
8
BLACK
6
CONTINUOUS
10
5.3352031496062988
20
-4.295337362204724
11
5.3352031496062988
21
-4.2559672834645665
0
LINE
8
BLACK
6
CONTINUOUS
10
5.3352031496062988
20
-4.2559672834645665
11
5.3352598818897636
21
-4.2553912204724407
0
LINE
8
BLACK
6
CONTINUOUS
10
5.3352598818897636
20
-4.2553912204724407
11
5.3357007874015743
21
-4.2543268110236223
0
LINE
8
BLACK
6
CONTINUOUS
10
5.3357007874015743
20
-4.2543268110236223
11
5.3365154330708657
21
-4.2535121653543309
0
LINE
8
BLACK
6
CONTINUOUS
10
5.3365154330708657
20
-4.2535121653543309
11
5.337579842519685
21
-4.2530712598425193
0
LINE
8
BLACK
6
CONTINUOUS
10
5.337579842519685
20
-4.2530712598425193
11
5.3381559055118109
21
-4.2530145275590554
0
LINE
8
BLACK
6
CONTINUOUS
10
5.3381559055118109
20
-4.2530145275590554
11
5.3475297244094486
21
-4.2530145275590554
0
LINE
8
BLACK
6
CONTINUOUS
10
5.3475297244094486
20
-4.2530145275590554
11
5.3478212598425197
21
-4.2530432283464563
0
LINE
8
BLACK
6
CONTINUOUS
10
5.3411086614173229
20
-4.2923846062992128
11
5.3470505905511807
21
-4.2923846062992128
0
LINE
8
BLACK
6
CONTINUOUS
10
5.3470505905511807
20
-4.2923846062992128
11
5.3515589763779525
21
-4.2908817716535435
0
LINE
8
BLACK
6
CONTINUOUS
10
5.3515589763779525
20
-4.2908817716535435
11
5.3544767716535429
21
-4.2879639370078735
0
LINE
8
BLACK
6
CONTINUOUS
10
5.3544767716535429
20
-4.2879639370078735
11
5.355992283464567
21
-4.2849329527559057
0
LINE
8
BLACK
6
CONTINUOUS
10
5.355992283464567
20
-4.2849329527559057
11
5.3577003149606295
21
-4.2781009055118107
0
LINE
8
BLACK
6
CONTINUOUS
10
5.3577003149606295
20
-4.2781009055118107
11
5.3577003149606295
21
-4.2732037007874011
0
LINE
8
BLACK
6
CONTINUOUS
10
5.3577003149606295
20
-4.2732037007874011
11
5.355992283464567
21
-4.2663716535433069
0
LINE
8
BLACK
6
CONTINUOUS
10
5.355992283464567
20
-4.2663716535433069
11
5.3544768110236216
21
-4.2633406692913383
0
LINE
8
BLACK
6
CONTINUOUS
10
5.3544768110236216
20
-4.2633406692913383
11
5.3515589763779525
21
-4.2604228346456692
0
LINE
8
BLACK
6
CONTINUOUS
10
5.3515589763779525
20
-4.2604228346456692
11
5.3470505905511807
21
-4.2589200393700786
0
LINE
8
BLACK
6
CONTINUOUS
10
5.3470505905511807
20
-4.2589200393700786
11
5.3411086614173229
21
-4.2589200393700786
0
LINE
8
BLACK
6
CONTINUOUS
10
5.3411086614173229
20
-4.2589200393700786
11
5.3411086614173229
21
-4.2923846062992128
0
LINE
8
BLACK
6
CONTINUOUS
10
5.3968496850393697
20
-4.2530712598425193
11
5.3979140944881889
21
-4.2535121653543309
0
LINE
8
BLACK
6
CONTINUOUS
10
5.3979140944881889
20
-4.2535121653543309
11
5.3987287401574804
21
-4.2543268110236223
0
LINE
8
BLACK
6
CONTINUOUS
10
5.3987287401574804
20
-4.2543268110236223
11
5.399169645669291
21
-4.2553912204724407
0
LINE
8
BLACK
6
CONTINUOUS
10
5.399169645669291
20
-4.2553912204724407
11
5.399169645669291
21
-4.2565433464566924
0
LINE
8
BLACK
6
CONTINUOUS
10
5.399169645669291
20
-4.2565433464566924
11
5.3987287401574804
21
-4.2576077559055117
0
LINE
8
BLACK
6
CONTINUOUS
10
5.3987287401574804
20
-4.2576077559055117
11
5.3979140944881889
21
-4.2584224015748031
0
LINE
8
BLACK
6
CONTINUOUS
10
5.3979140944881889
20
-4.2584224015748031
11
5.3968496850393697
21
-4.2588633070866138
0
LINE
8
BLACK
6
CONTINUOUS
10
5.3968496850393697
20
-4.2588633070866138
11
5.3962736220472438
21
-4.2589200393700786
0
LINE
8
BLACK
6
CONTINUOUS
10
5.3962736220472438
20
-4.2589200393700786
11
5.3804787401574803
21
-4.2589200393700786
0
LINE
8
BLACK
6
CONTINUOUS
10
5.3804787401574803
20
-4.2589200393700786
11
5.3804787401574803
21
-4.271762165354331
0
LINE
8
BLACK
6
CONTINUOUS
10
5.3804787401574803
20
-4.271762165354331
11
5.3906493307086611
21
-4.271762165354331
0
LINE
8
BLACK
6
CONTINUOUS
10
5.3906493307086611
20
-4.271762165354331
11
5.391225393700787
21
-4.2718188976377949
0
LINE
8
BLACK
6
CONTINUOUS
10
5.391225393700787
20
-4.2718188976377949
11
5.3922898031496063
21
-4.2722598031496064
0
LINE
8
BLACK
6
CONTINUOUS
10
5.3922898031496063
20
-4.2722598031496064
11
5.3931044488188977
21
-4.2730744488188979
0
LINE
8
BLACK
6
CONTINUOUS
10
5.3931044488188977
20
-4.2730744488188979
11
5.3935453543307084
21
-4.2741388582677162
0
LINE
8
BLACK
6
CONTINUOUS
10
5.3935453543307084
20
-4.2741388582677162
11
5.3935453543307084
21
-4.275290984251968
0
LINE
8
BLACK
6
CONTINUOUS
10
5.3935453543307084
20
-4.275290984251968
11
5.3931044488188977
21
-4.2763553937007872
0
LINE
8
BLACK
6
CONTINUOUS
10
5.3931044488188977
20
-4.2763553937007872
11
5.3922898031496063
21
-4.2771700393700787
0
LINE
8
BLACK
6
CONTINUOUS
10
5.3922898031496063
20
-4.2771700393700787
11
5.391225393700787
21
-4.2776109448818893
0
LINE
8
BLACK
6
CONTINUOUS
10
5.391225393700787
20
-4.2776109448818893
11
5.3906493307086611
21
-4.2776676771653541
0
LINE
8
BLACK
6
CONTINUOUS
10
5.3906493307086611
20
-4.2776676771653541
11
5.3804787401574803
21
-4.2776676771653541
0
LINE
8
BLACK
6
CONTINUOUS
10
5.3804787401574803
20
-4.2776676771653541
11
5.3804787401574803
21
-4.2923846062992128
0
LINE
8
BLACK
6
CONTINUOUS
10
5.3804787401574803
20
-4.2923846062992128
11
5.3962736220472438
21
-4.2923846062992128
0
LINE
8
BLACK
6
CONTINUOUS
10
5.3962736220472438
20
-4.2923846062992128
11
5.3968496850393697
21
-4.2924413385826767
0
LINE
8
BLACK
6
CONTINUOUS
10
5.3968496850393697
20
-4.2924413385826767
11
5.3979140944881889
21
-4.2928822440944883
0
LINE
8
BLACK
6
CONTINUOUS
10
5.3979140944881889
20
-4.2928822440944883
11
5.3987287401574804
21
-4.2936968897637797
0
LINE
8
BLACK
6
CONTINUOUS
10
5.3987287401574804
20
-4.2936968897637797
11
5.399169645669291
21
-4.2947612992125981
0
LINE
8
BLACK
6
CONTINUOUS
10
5.399169645669291
20
-4.2947612992125981
11
5.399169645669291
21
-4.2959134251968507
0
LINE
8
BLACK
6
CONTINUOUS
10
5.399169645669291
20
-4.2959134251968507
11
5.3987287401574804
21
-4.2969778346456691
0
LINE
8
BLACK
6
CONTINUOUS
10
5.3987287401574804
20
-4.2969778346456691
11
5.3979140944881889
21
-4.2977924803149605
0
LINE
8
BLACK
6
CONTINUOUS
10
5.3979140944881889
20
-4.2977924803149605
11
5.3968496850393697
21
-4.2982333858267712
0
LINE
8
BLACK
6
CONTINUOUS
10
5.3968496850393697
20
-4.2982333858267712
11
5.3962736220472438
21
-4.298290118110236
0
LINE
8
BLACK
6
CONTINUOUS
10
5.3962736220472438
20
-4.298290118110236
11
5.3775259842519683
21
-4.298290118110236
0
LINE
8
BLACK
6
CONTINUOUS
10
5.3775259842519683
20
-4.298290118110236
11
5.3769499212598424
21
-4.2982333858267712
0
LINE
8
BLACK
6
CONTINUOUS
10
5.3769499212598424
20
-4.2982333858267712
11
5.3758855118110231
21
-4.2977924803149605
0
LINE
8
BLACK
6
CONTINUOUS
10
5.3758855118110231
20
-4.2977924803149605
11
5.3750708661417326
21
-4.2969778346456691
0
LINE
8
BLACK
6
CONTINUOUS
10
5.3750708661417326
20
-4.2969778346456691
11
5.374629960629921
21
-4.2959134251968507
0
LINE
8
BLACK
6
CONTINUOUS
10
5.374629960629921
20
-4.2959134251968507
11
5.3745732283464562
21
-4.295337362204724
0
LINE
8
BLACK
6
CONTINUOUS
10
5.3745732283464562
20
-4.295337362204724
11
5.3745732283464562
21
-4.2559672834645665
0
LINE
8
BLACK
6
CONTINUOUS
10
5.3745732283464562
20
-4.2559672834645665
11
5.374629960629921
21
-4.2553912204724407
0
LINE
8
BLACK
6
CONTINUOUS
10
5.374629960629921
20
-4.2553912204724407
11
5.3750708661417326
21
-4.2543268110236223
0
LINE
8
BLACK
6
CONTINUOUS
10
5.3750708661417326
20
-4.2543268110236223
11
5.3758855118110231
21
-4.2535121653543309
0
LINE
8
BLACK
6
CONTINUOUS
10
5.3758855118110231
20
-4.2535121653543309
11
5.3769499212598424
21
-4.2530712598425193
0
LINE
8
BLACK
6
CONTINUOUS
10
5.3769499212598424
20
-4.2530712598425193
11
5.3775259842519683
21
-4.2530145275590554
0
LINE
8
BLACK
6
CONTINUOUS
10
5.3775259842519683
20
-4.2530145275590554
11
5.3962736220472438
21
-4.2530145275590554
0
LINE
8
BLACK
6
CONTINUOUS
10
5.3962736220472438
20
-4.2530145275590554
11
5.3968496850393697
21
-4.2530712598425193
0
LINE
8
BLACK
6
CONTINUOUS
10
5.2235609055118113
20
-4.1535121653543303
11
5.2243755511811019
21
-4.1543268110236218
0
LINE
8
BLACK
6
CONTINUOUS
10
5.2243755511811019
20
-4.1543268110236218
11
5.2248164566929134
21
-4.155391220472441
0
LINE
8
BLACK
6
CONTINUOUS
10
5.2248164566929134
20
-4.155391220472441
11
5.2248731889763782
21
-4.1559672834645669
0
LINE
8
BLACK
6
CONTINUOUS
10
5.2248731889763782
20
-4.1559672834645669
11
5.2248731889763782
21
-4.1871412204724408
0
LINE
8
BLACK
6
CONTINUOUS
10
5.2248731889763782
20
-4.1871412204724408
11
5.2262219291338585
21
-4.1898387007874014
0
LINE
8
BLACK
6
CONTINUOUS
10
5.2262219291338585
20
-4.1898387007874014
11
5.2274190551181103
21
-4.191035866141732
0
LINE
8
BLACK
6
CONTINUOUS
10
5.2274190551181103
20
-4.191035866141732
11
5.230116535433071
21
-4.1923846062992123
0
LINE
8
BLACK
6
CONTINUOUS
10
5.230116535433071
20
-4.1923846062992123
11
5.236221496062992
21
-4.1923846062992123
0
LINE
8
BLACK
6
CONTINUOUS
10
5.236221496062992
20
-4.1923846062992123
11
5.2389189370078739
21
-4.191035866141732
0
LINE
8
BLACK
6
CONTINUOUS
10
5.2389189370078739
20
-4.191035866141732
11
5.2401160629921257
21
-4.1898387007874014
0
LINE
8
BLACK
6
CONTINUOUS
10
5.2401160629921257
20
-4.1898387007874014
11
5.2414648425196848
21
-4.1871412204724408
0
LINE
8
BLACK
6
CONTINUOUS
10
5.2414648425196848
20
-4.1871412204724408
11
5.2414648425196848
21
-4.1559672834645669
0
LINE
8
BLACK
6
CONTINUOUS
10
5.2414648425196848
20
-4.1559672834645669
11
5.2415215748031496
21
-4.155391220472441
0
LINE
8
BLACK
6
CONTINUOUS
10
5.2415215748031496
20
-4.155391220472441
11
5.2419624803149603
21
-4.1543268110236218
0
LINE
8
BLACK
6
CONTINUOUS
10
5.2419624803149603
20
-4.1543268110236218
11
5.2427771259842517
21
-4.1535121653543303
0
LINE
8
BLACK
6
CONTINUOUS
10
5.2427771259842517
20
-4.1535121653543303
11
5.243841535433071
21
-4.1530712598425197
0
LINE
8
BLACK
6
CONTINUOUS
10
5.243841535433071
20
-4.1530712598425197
11
5.2449936614173227
21
-4.1530712598425197
0
LINE
8
BLACK
6
CONTINUOUS
10
5.2449936614173227
20
-4.1530712598425197
11
5.246058070866142
21
-4.1535121653543303
0
LINE
8
BLACK
6
CONTINUOUS
10
5.246058070866142
20
-4.1535121653543303
11
5.2468727165354325
21
-4.1543268110236218
0
LINE
8
BLACK
6
CONTINUOUS
10
5.2468727165354325
20
-4.1543268110236218
11
5.2473136220472441
21
-4.155391220472441
0
LINE
8
BLACK
6
CONTINUOUS
10
5.2473136220472441
20
-4.155391220472441
11
5.2473703543307089
21
-4.1559672834645669
0
LINE
8
BLACK
6
CONTINUOUS
10
5.2473703543307089
20
-4.1559672834645669
11
5.2473703543307089
21
-4.1878382677165353
0
LINE
8
BLACK
6
CONTINUOUS
10
5.2473703543307089
20
-4.1878382677165353
11
5.2473136220472441
21
-4.1884143307086612
0
LINE
8
BLACK
6
CONTINUOUS
10
5.2473136220472441
20
-4.1884143307086612
11
5.2472730314960625
21
-4.1885122834645667
0
LINE
8
BLACK
6
CONTINUOUS
10
5.2472730314960625
20
-4.1885122834645667
11
5.2472655118110234
21
-4.1886181889763776
0
LINE
8
BLACK
6
CONTINUOUS
10
5.2472655118110234
20
-4.1886181889763776
11
5.2470586220472439
21
-4.1891587795275589
0
LINE
8
BLACK
6
CONTINUOUS
10
5.2470586220472439
20
-4.1891587795275589
11
5.2451838582677164
21
-4.192908307086614
0
LINE
8
BLACK
6
CONTINUOUS
10
5.2451838582677164
20
-4.192908307086614
11
5.2450277952755906
21
-4.1931561811023625
0
LINE
8
BLACK
6
CONTINUOUS
10
5.2450277952755906
20
-4.1931561811023625
11
5.2449979921259837
21
-4.1932282283464568
0
LINE
8
BLACK
6
CONTINUOUS
10
5.2449979921259837
20
-4.1932282283464568
11
5.2449314566929131
21
-4.193309251968504
0
LINE
8
BLACK
6
CONTINUOUS
10
5.2449314566929131
20
-4.193309251968504
11
5.2448755118110233
21
-4.1933981889763778
0
LINE
8
BLACK
6
CONTINUOUS
10
5.2448755118110233
20
-4.1933981889763778
11
5.2448164960629917
21
-4.1934493307086615
0
LINE
8
BLACK
6
CONTINUOUS
10
5.2448164960629917
20
-4.1934493307086615
11
5.2446307480314962
21
-4.1936757086614174
0
LINE
8
BLACK
6
CONTINUOUS
10
5.2446307480314962
20
-4.1936757086614174
11
5.2427560236220474
21
-4.1955504724409449
0
LINE
8
BLACK
6
CONTINUOUS
10
5.2427560236220474
20
-4.1955504724409449
11
5.2425296456692916
21
-4.1957362204724404
0
LINE
8
BLACK
6
CONTINUOUS
10
5.2425296456692916
20
-4.1957362204724404
11
5.2424784645669291
21
-4.1957952755905508
0
LINE
8
BLACK
6
CONTINUOUS
10
5.2424784645669291
20
-4.1957952755905508
11
5.2423894881889765
21
-4.1958512598425193
0
LINE
8
BLACK
6
CONTINUOUS
10
5.2423894881889765
20
-4.1958512598425193
11
5.2423085433070868
21
-4.1959177165354333
0
LINE
8
BLACK
6
CONTINUOUS
10
5.2423085433070868
20
-4.1959177165354333
11
5.2422365748031492
21
-4.1959475196850393
0
LINE
8
BLACK
6
CONTINUOUS
10
5.2422365748031492
20
-4.1959475196850393
11
5.2419885826771653
21
-4.1961036220472439
0
LINE
8
BLACK
6
CONTINUOUS
10
5.2419885826771653
20
-4.1961036220472439
11
5.2382390551181102
21
-4.1979783858267714
0
LINE
8
BLACK
6
CONTINUOUS
10
5.2382390551181102
20
-4.1979783858267714
11
5.2376984251968501
21
-4.1981852755905509
0
LINE
8
BLACK
6
CONTINUOUS
10
5.2376984251968501
20
-4.1981852755905509
11
5.2375925984251968
21
-4.1981927559055121
0
LINE
8
BLACK
6
CONTINUOUS
10
5.2375925984251968
20
-4.1981927559055121
11
5.2374946062992125
21
-4.1982333858267715
0
LINE
8
BLACK
6
CONTINUOUS
10
5.2374946062992125
20
-4.1982333858267715
11
5.2369185433070866
21
-4.1982901181102363
0
LINE
8
BLACK
6
CONTINUOUS
10
5.2369185433070866
20
-4.1982901181102363
11
5.2294194881889764
21
-4.1982901181102363
0
LINE
8
BLACK
6
CONTINUOUS
10
5.2294194881889764
20
-4.1982901181102363
11
5.2288434251968505
21
-4.1982333858267715
0
LINE
8
BLACK
6
CONTINUOUS
10
5.2288434251968505
20
-4.1982333858267715
11
5.2287454330708663
21
-4.1981927952755909
0
LINE
8
BLACK
6
CONTINUOUS
10
5.2287454330708663
20
-4.1981927952755909
11
5.2286395669291341
21
-4.1981852755905509
0
LINE
8
BLACK
6
CONTINUOUS
10
5.2286395669291341
20
-4.1981852755905509
11
5.2280989763779528
21
-4.1979783858267714
0
LINE
8
BLACK
6
CONTINUOUS
10
5.2280989763779528
20
-4.1979783858267714
11
5.2243494488188977
21
-4.1961036220472439
0
LINE
8
BLACK
6
CONTINUOUS
10
5.2243494488188977
20
-4.1961036220472439
11
5.2241014173228342
21
-4.1959475196850393
0
LINE
8
BLACK
6
CONTINUOUS
10
5.2241014173228342
20
-4.1959475196850393
11
5.2240294881889762
21
-4.1959177165354333
0
LINE
8
BLACK
6
CONTINUOUS
10
5.2240294881889762
20
-4.1959177165354333
11
5.2239485039370077
21
-4.1958512598425193
0
LINE
8
BLACK
6
CONTINUOUS
10
5.2239485039370077
20
-4.1958512598425193
11
5.2238595669291339
21
-4.1957952755905508
0
LINE
8
BLACK
6
CONTINUOUS
10
5.2238595669291339
20
-4.1957952755905508
11
5.2238083464566927
21
-4.1957362204724404
0
LINE
8
BLACK
6
CONTINUOUS
10
5.2238083464566927
20
-4.1957362204724404
11
5.2235820078740156
21
-4.1955504724409449
0
LINE
8
BLACK
6
CONTINUOUS
10
5.2235820078740156
20
-4.1955504724409449
11
5.2217072440944881
21
-4.1936756692913386
0
LINE
8
BLACK
6
CONTINUOUS
10
5.2217072440944881
20
-4.1936756692913386
11
5.2215214960629917
21
-4.1934493307086615
0
LINE
8
BLACK
6
CONTINUOUS
10
5.2215214960629917
20
-4.1934493307086615
11
5.2214625196850388
21
-4.1933981889763778
0
LINE
8
BLACK
6
CONTINUOUS
10
5.2214625196850388
20
-4.1933981889763778
11
5.2214065354330703
21
-4.193309251968504
0
LINE
8
BLACK
6
CONTINUOUS
10
5.2214065354330703
20
-4.193309251968504
11
5.2213400393700784
21
-4.1932282283464568
0
LINE
8
BLACK
6
CONTINUOUS
10
5.2213400393700784
20
-4.1932282283464568
11
5.2213101968503937
21
-4.1931561811023625
0
LINE
8
BLACK
6
CONTINUOUS
10
5.2213101968503937
20
-4.1931561811023625
11
5.2211541732283466
21
-4.192908307086614
0
LINE
8
BLACK
6
CONTINUOUS
10
5.2211541732283466
20
-4.192908307086614
11
5.2192794094488191
21
-4.1891587795275589
0
LINE
8
BLACK
6
CONTINUOUS
10
5.2192794094488191
20
-4.1891587795275589
11
5.2190725196850396
21
-4.1886181496062989
0
LINE
8
BLACK
6
CONTINUOUS
10
5.2190725196850396
20
-4.1886181496062989
11
5.2190649999999996
21
-4.1885123228346455
0
LINE
8
BLACK
6
CONTINUOUS
10
5.2190649999999996
20
-4.1885123228346455
11
5.219024409448819
21
-4.1884143307086612
0
LINE
8
BLACK
6
CONTINUOUS
10
5.219024409448819
20
-4.1884143307086612
11
5.2189676771653541
21
-4.1878382677165353
0
LINE
8
BLACK
6
CONTINUOUS
10
5.2189676771653541
20
-4.1878382677165353
11
5.2189676771653541
21
-4.1559672834645669
0
LINE
8
BLACK
6
CONTINUOUS
10
5.2189676771653541
20
-4.1559672834645669
11
5.219024409448819
21
-4.155391220472441
0
LINE
8
BLACK
6
CONTINUOUS
10
5.219024409448819
20
-4.155391220472441
11
5.2194653149606296
21
-4.1543268110236218
0
LINE
8
BLACK
6
CONTINUOUS
10
5.2194653149606296
20
-4.1543268110236218
11
5.2202799606299211
21
-4.1535121653543303
0
LINE
8
BLACK
6
CONTINUOUS
10
5.2202799606299211
20
-4.1535121653543303
11
5.2213443700787403
21
-4.1530712598425197
0
LINE
8
BLACK
6
CONTINUOUS
10
5.2213443700787403
20
-4.1530712598425197
11
5.222496496062992
21
-4.1530712598425197
0
LINE
8
BLACK
6
CONTINUOUS
10
5.222496496062992
20
-4.1530712598425197
11
5.2235609055118113
21
-4.1535121653543303
0
LINE
8
BLACK
6
CONTINUOUS
10
5.2648057480314963
20
-4.1535121653543303
11
5.2656203937007877
21
-4.1543268110236218
0
LINE
8
BLACK
6
CONTINUOUS
10
5.2656203937007877
20
-4.1543268110236218
11
5.2660612992125984
21
-4.155391220472441
0
LINE
8
BLACK
6
CONTINUOUS
10
5.2660612992125984
20
-4.155391220472441
11
5.2661180314960632
21
-4.1559672834645669
0
LINE
8
BLACK
6
CONTINUOUS
10
5.2661180314960632
20
-4.1559672834645669
11
5.2661180314960632
21
-4.1923846062992123
0
LINE
8
BLACK
6
CONTINUOUS
10
5.2661180314960632
20
-4.1923846062992123
11
5.2819129133858267
21
-4.1923846062992123
0
LINE
8
BLACK
6
CONTINUOUS
10
5.2819129133858267
20
-4.1923846062992123
11
5.2824889763779526
21
-4.1924413385826771
0
LINE
8
BLACK
6
CONTINUOUS
10
5.2824889763779526
20
-4.1924413385826771
11
5.2835533858267718
21
-4.1928822440944877
0
LINE
8
BLACK
6
CONTINUOUS
10
5.2835533858267718
20
-4.1928822440944877
11
5.2843680314960633
21
-4.1936968897637792
0
LINE
8
BLACK
6
CONTINUOUS
10
5.2843680314960633
20
-4.1936968897637792
11
5.2848089370078739
21
-4.1947612992125984
0
LINE
8
BLACK
6
CONTINUOUS
10
5.2848089370078739
20
-4.1947612992125984
11
5.2848089370078739
21
-4.1959134251968502
0
LINE
8
BLACK
6
CONTINUOUS
10
5.2848089370078739
20
-4.1959134251968502
11
5.2843680314960633
21
-4.1969778346456694
0
LINE
8
BLACK
6
CONTINUOUS
10
5.2843680314960633
20
-4.1969778346456694
11
5.2835533858267718
21
-4.1977924803149609
0
LINE
8
BLACK
6
CONTINUOUS
10
5.2835533858267718
20
-4.1977924803149609
11
5.2824889763779526
21
-4.1982333858267715
0
LINE
8
BLACK
6
CONTINUOUS
10
5.2824889763779526
20
-4.1982333858267715
11
5.2819129133858267
21
-4.1982901181102363
0
LINE
8
BLACK
6
CONTINUOUS
10
5.2819129133858267
20
-4.1982901181102363
11
5.2631652755905511
21
-4.1982901181102363
0
LINE
8
BLACK
6
CONTINUOUS
10
5.2631652755905511
20
-4.1982901181102363
11
5.2625892125984253
21
-4.1982333858267715
0
LINE
8
BLACK
6
CONTINUOUS
10
5.2625892125984253
20
-4.1982333858267715
11
5.261524803149606
21
-4.1977924803149609
0
LINE
8
BLACK
6
CONTINUOUS
10
5.261524803149606
20
-4.1977924803149609
11
5.2607101574803146
21
-4.1969778346456694
0
LINE
8
BLACK
6
CONTINUOUS
10
5.2607101574803146
20
-4.1969778346456694
11
5.2602692519685039
21
-4.1959134251968502
0
LINE
8
BLACK
6
CONTINUOUS
10
5.2602692519685039
20
-4.1959134251968502
11
5.2602125196850391
21
-4.1953373622047243
0
LINE
8
BLACK
6
CONTINUOUS
10
5.2602125196850391
20
-4.1953373622047243
11
5.2602125196850391
21
-4.1559672834645669
0
LINE
8
BLACK
6
CONTINUOUS
10
5.2602125196850391
20
-4.1559672834645669
11
5.2602692519685039
21
-4.155391220472441
0
LINE
8
BLACK
6
CONTINUOUS
10
5.2602692519685039
20
-4.155391220472441
11
5.2607101574803146
21
-4.1543268110236218
0
LINE
8
BLACK
6
CONTINUOUS
10
5.2607101574803146
20
-4.1543268110236218
11
5.261524803149606
21
-4.1535121653543303
0
LINE
8
BLACK
6
CONTINUOUS
10
5.261524803149606
20
-4.1535121653543303
11
5.2625892125984253
21
-4.1530712598425197
0
LINE
8
BLACK
6
CONTINUOUS
10
5.2625892125984253
20
-4.1530712598425197
11
5.263741338582677
21
-4.1530712598425197
0
LINE
8
BLACK
6
CONTINUOUS
10
5.263741338582677
20
-4.1530712598425197
11
5.2648057480314963
21
-4.1535121653543303
0
LINE
8
BLACK
6
CONTINUOUS
10
5.3103259448818898
20
-4.1530432283464567
11
5.3104037007874014
21
-4.1530377165354331
0
LINE
8
BLACK
6
CONTINUOUS
10
5.3104037007874014
20
-4.1530377165354331
11
5.3105059448818892
21
-4.15306094488189
0
LINE
8
BLACK
6
CONTINUOUS
10
5.3105059448818892
20
-4.15306094488189
11
5.3106104724409446
21
-4.1530712598425197
0
LINE
8
BLACK
6
CONTINUOUS
10
5.3106104724409446
20
-4.1530712598425197
11
5.3106825590551177
21
-4.1531011023622044
0
LINE
8
BLACK
6
CONTINUOUS
10
5.3106825590551177
20
-4.1531011023622044
11
5.3109681496062988
21
-4.1531660629921259
0
LINE
8
BLACK
6
CONTINUOUS
10
5.3109681496062988
20
-4.1531660629921259
11
5.3165924409448815
21
-4.1550408267716534
0
LINE
8
BLACK
6
CONTINUOUS
10
5.3165924409448815
20
-4.1550408267716534
11
5.317120984251968
21
-4.1552768110236222
0
LINE
8
BLACK
6
CONTINUOUS
10
5.317120984251968
20
-4.1552768110236222
11
5.3179913385826767
21
-4.1560316929133858
0
LINE
8
BLACK
6
CONTINUOUS
10
5.3179913385826767
20
-4.1560316929133858
11
5.3185065748031493
21
-4.1570621259842522
0
LINE
8
BLACK
6
CONTINUOUS
10
5.3185065748031493
20
-4.1570621259842522
11
5.3185882677165353
21
-4.1582113385826771
0
LINE
8
BLACK
6
CONTINUOUS
10
5.3185882677165353
20
-4.1582113385826771
11
5.3182239370078737
21
-4.159304330708661
0
LINE
8
BLACK
6
CONTINUOUS
10
5.3182239370078737
20
-4.159304330708661
11
5.3174690551181101
21
-4.1601747244094485
0
LINE
8
BLACK
6
CONTINUOUS
10
5.3174690551181101
20
-4.1601747244094485
11
5.316438582677165
21
-4.1606899212598423
0
LINE
8
BLACK
6
CONTINUOUS
10
5.316438582677165
20
-4.1606899212598423
11
5.31528937007874
21
-4.1607716141732283
0
LINE
8
BLACK
6
CONTINUOUS
10
5.31528937007874
20
-4.1607716141732283
11
5.3147249212598426
21
-4.1606432677165355
0
LINE
8
BLACK
6
CONTINUOUS
10
5.3147249212598426
20
-4.1606432677165355
11
5.3095552755905508
21
-4.1589200393700789
0
LINE
8
BLACK
6
CONTINUOUS
10
5.3095552755905508
20
-4.1589200393700789
11
5.3013576377952756
21
-4.1589200393700789
0
LINE
8
BLACK
6
CONTINUOUS
10
5.3013576377952756
20
-4.1589200393700789
11
5.2986601574803149
21
-4.1602687795275592
0
LINE
8
BLACK
6
CONTINUOUS
10
5.2986601574803149
20
-4.1602687795275592
11
5.2974630314960631
21
-4.1614659055118111
0
LINE
8
BLACK
6
CONTINUOUS
10
5.2974630314960631
20
-4.1614659055118111
11
5.2961142913385828
21
-4.1641633858267717
0
LINE
8
BLACK
6
CONTINUOUS
10
5.2961142913385828
20
-4.1641633858267717
11
5.2961142913385828
21
-4.1665188188976376
0
LINE
8
BLACK
6
CONTINUOUS
10
5.2961142913385828
20
-4.1665188188976376
11
5.2974630314960631
21
-4.1692162992125983
0
LINE
8
BLACK
6
CONTINUOUS
10
5.2974630314960631
20
-4.1692162992125983
11
5.2986601574803149
21
-4.1704134251968501
0
LINE
8
BLACK
6
CONTINUOUS
10
5.2986601574803149
20
-4.1704134251968501
11
5.3016911417322836
21
-4.1719288976377955
0
LINE
8
BLACK
6
CONTINUOUS
10
5.3016911417322836
20
-4.1719288976377955
11
5.3088757874015746
21
-4.1737250787401576
0
LINE
8
BLACK
6
CONTINUOUS
10
5.3088757874015746
20
-4.1737250787401576
11
5.3089182677165354
21
-4.1737402362204721
0
LINE
8
BLACK
6
CONTINUOUS
10
5.3089182677165354
20
-4.1737402362204721
11
5.3089395275590547
21
-4.1737417716535434
0
LINE
8
BLACK
6
CONTINUOUS
10
5.3089395275590547
20
-4.1737417716535434
11
5.3091789370078741
21
-4.1738333858267715
0
LINE
8
BLACK
6
CONTINUOUS
10
5.3091789370078741
20
-4.1738333858267715
11
5.3094209055118107
21
-4.1739198425196848
0
LINE
8
BLACK
6
CONTINUOUS
10
5.3094209055118107
20
-4.1739198425196848
11
5.3094380314960627
21
-4.1739325196850396
0
LINE
8
BLACK
6
CONTINUOUS
10
5.3094380314960627
20
-4.1739325196850396
11
5.3094801574803148
21
-4.1739486614173229
0
LINE
8
BLACK
6
CONTINUOUS
10
5.3094801574803148
20
-4.1739486614173229
11
5.3132296850393699
21
-4.1758234251968505
0
LINE
8
BLACK
6
CONTINUOUS
10
5.3132296850393699
20
-4.1758234251968505
11
5.3134776771653538
21
-4.1759794881889762
0
LINE
8
BLACK
6
CONTINUOUS
10
5.3134776771653538
20
-4.1759794881889762
11
5.3135496456692914
21
-4.176009330708661
0
LINE
8
BLACK
6
CONTINUOUS
10
5.3135496456692914
20
-4.176009330708661
11
5.3136305905511811
21
-4.176075787401575
0
LINE
8
BLACK
6
CONTINUOUS
10
5.3136305905511811
20
-4.176075787401575
11
5.3137195669291337
21
-4.1761317716535435
0
LINE
8
BLACK
6
CONTINUOUS
10
5.3137195669291337
20
-4.1761317716535435
11
5.3137707086614174
21
-4.1761907480314964
0
LINE
8
BLACK
6
CONTINUOUS
10
5.3137707086614174
20
-4.1761907480314964
11
5.3139970866141732
21
-4.1763765354330706
0
LINE
8
BLACK
6
CONTINUOUS
10
5.3139970866141732
20
-4.1763765354330706
11
5.3158718503937008
21
-4.1782512992125982
0
LINE
8
BLACK
6
CONTINUOUS
10
5.3158718503937008
20
-4.1782512992125982
11
5.3160575984251963
21
-4.1784776377952753
0
LINE
8
BLACK
6
CONTINUOUS
10
5.3160575984251963
20
-4.1784776377952753
11
5.3161166141732279
21
-4.1785288188976377
0
LINE
8
BLACK
6
CONTINUOUS
10
5.3161166141732279
20
-4.1785288188976377
11
5.3161725590551177
21
-4.1786177559055115
0
LINE
8
BLACK
6
CONTINUOUS
10
5.3161725590551177
20
-4.1786177559055115
11
5.3162390551181105
21
-4.17869874015748
0
LINE
8
BLACK
6
CONTINUOUS
10
5.3162390551181105
20
-4.17869874015748
11
5.3162688582677164
21
-4.1787706692913389
0
LINE
8
BLACK
6
CONTINUOUS
10
5.3162688582677164
20
-4.1787706692913389
11
5.316424960629921
21
-4.1790187007874016
0
LINE
8
BLACK
6
CONTINUOUS
10
5.316424960629921
20
-4.1790187007874016
11
5.3182997244094485
21
-4.1827682283464567
0
LINE
8
BLACK
6
CONTINUOUS
10
5.3182997244094485
20
-4.1827682283464567
11
5.318506614173228
21
-4.1833088188976379
0
LINE
8
BLACK
6
CONTINUOUS
10
5.318506614173228
20
-4.1833088188976379
11
5.318514133858268
21
-4.1834146850393701
0
LINE
8
BLACK
6
CONTINUOUS
10
5.318514133858268
20
-4.1834146850393701
11
5.3185547244094487
21
-4.1835126771653544
0
LINE
8
BLACK
6
CONTINUOUS
10
5.3185547244094487
20
-4.1835126771653544
11
5.3186114566929135
21
-4.1840887401574802
0
LINE
8
BLACK
6
CONTINUOUS
10
5.3186114566929135
20
-4.1840887401574802
11
5.3186114566929135
21
-4.1878382677165353
0
LINE
8
BLACK
6
CONTINUOUS
10
5.3186114566929135
20
-4.1878382677165353
11
5.3185547244094487
21
-4.1884143307086612
0
LINE
8
BLACK
6
CONTINUOUS
10
5.3185547244094487
20
-4.1884143307086612
11
5.318514133858268
21
-4.1885122834645667
0
LINE
8
BLACK
6
CONTINUOUS
10
5.318514133858268
20
-4.1885122834645667
11
5.318506614173228
21
-4.1886181889763776
0
LINE
8
BLACK
6
CONTINUOUS
10
5.318506614173228
20
-4.1886181889763776
11
5.3182997244094485
21
-4.1891587795275589
0
LINE
8
BLACK
6
CONTINUOUS
10
5.3182997244094485
20
-4.1891587795275589
11
5.316424960629921
21
-4.192908307086614
0
LINE
8
BLACK
6
CONTINUOUS
10
5.316424960629921
20
-4.192908307086614
11
5.3162688976377952
21
-4.1931561811023625
0
LINE
8
BLACK
6
CONTINUOUS
10
5.3162688976377952
20
-4.1931561811023625
11
5.3162390944881892
21
-4.1932282283464568
0
LINE
8
BLACK
6
CONTINUOUS
10
5.3162390944881892
20
-4.1932282283464568
11
5.3161725590551177
21
-4.193309251968504
0
LINE
8
BLACK
6
CONTINUOUS
10
5.3161725590551177
20
-4.193309251968504
11
5.3161166141732279
21
-4.1933981889763778
0
LINE
8
BLACK
6
CONTINUOUS
10
5.3161166141732279
20
-4.1933981889763778
11
5.3160575984251963
21
-4.1934493307086615
0
LINE
8
BLACK
6
CONTINUOUS
10
5.3160575984251963
20
-4.1934493307086615
11
5.3158718503937008
21
-4.1936757086614174
0
LINE
8
BLACK
6
CONTINUOUS
10
5.3158718503937008
20
-4.1936757086614174
11
5.313997125984252
21
-4.1955504724409449
0
LINE
8
BLACK
6
CONTINUOUS
10
5.313997125984252
20
-4.1955504724409449
11
5.3137707480314962
21
-4.1957362204724404
0
LINE
8
BLACK
6
CONTINUOUS
10
5.3137707480314962
20
-4.1957362204724404
11
5.3137195669291337
21
-4.1957952755905508
0
LINE
8
BLACK
6
CONTINUOUS
10
5.3137195669291337
20
-4.1957952755905508
11
5.3136305905511811
21
-4.1958512598425193
0
LINE
8
BLACK
6
CONTINUOUS
10
5.3136305905511811
20
-4.1958512598425193
11
5.3135496456692914
21
-4.1959177165354333
0
LINE
8
BLACK
6
CONTINUOUS
10
5.3135496456692914
20
-4.1959177165354333
11
5.3134776771653538
21
-4.1959475196850393
0
LINE
8
BLACK
6
CONTINUOUS
10
5.3134776771653538
20
-4.1959475196850393
11
5.3132296850393699
21
-4.1961036220472439
0
LINE
8
BLACK
6
CONTINUOUS
10
5.3132296850393699
20
-4.1961036220472439
11
5.3094801574803148
21
-4.1979783858267714
0
LINE
8
BLACK
6
CONTINUOUS
10
5.3094801574803148
20
-4.1979783858267714
11
5.3089395275590547
21
-4.1981852755905509
0
LINE
8
BLACK
6
CONTINUOUS
10
5.3089395275590547
20
-4.1981852755905509
11
5.3088337007874014
21
-4.1981927559055121
0
LINE
8
BLACK
6
CONTINUOUS
10
5.3088337007874014
20
-4.1981927559055121
11
5.3087357086614171
21
-4.1982333858267715
0
LINE
8
BLACK
6
CONTINUOUS
10
5.3087357086614171
20
-4.1982333858267715
11
5.3081596456692912
21
-4.1982901181102363
0
LINE
8
BLACK
6
CONTINUOUS
10
5.3081596456692912
20
-4.1982901181102363
11
5.2987858267716534
21
-4.1982901181102363
0
LINE
8
BLACK
6
CONTINUOUS
10
5.2987858267716534
20
-4.1982901181102363
11
5.2984942125984249
21
-4.1982613779527558
0
LINE
8
BLACK
6
CONTINUOUS
10
5.2984942125984249
20
-4.1982613779527558
11
5.298416496062992
21
-4.1982669291338581
0
LINE
8
BLACK
6
CONTINUOUS
10
5.298416496062992
20
-4.1982669291338581
11
5.2983142125984255
21
-4.1982436614173224
0
LINE
8
BLACK
6
CONTINUOUS
10
5.2983142125984255
20
-4.1982436614173224
11
5.2982097637795276
21
-4.1982333858267715
0
LINE
8
BLACK
6
CONTINUOUS
10
5.2982097637795276
20
-4.1982333858267715
11
5.2981376771653546
21
-4.198203503937008
0
LINE
8
BLACK
6
CONTINUOUS
10
5.2981376771653546
20
-4.198203503937008
11
5.2978520472440946
21
-4.1981385826771653
0
LINE
8
BLACK
6
CONTINUOUS
10
5.2978520472440946
20
-4.1981385826771653
11
5.2922277952755907
21
-4.1962638188976378
0
LINE
8
BLACK
6
CONTINUOUS
10
5.2922277952755907
20
-4.1962638188976378
11
5.2916992125984255
21
-4.196027834645669
0
LINE
8
BLACK
6
CONTINUOUS
10
5.2916992125984255
20
-4.196027834645669
11
5.2908288582677168
21
-4.1952729527559054
0
LINE
8
BLACK
6
CONTINUOUS
10
5.2908288582677168
20
-4.1952729527559054
11
5.290313661417323
21
-4.194242519685039
0
LINE
8
BLACK
6
CONTINUOUS
10
5.290313661417323
20
-4.194242519685039
11
5.290231968503937
21
-4.1930933070866141
0
LINE
8
BLACK
6
CONTINUOUS
10
5.290231968503937
20
-4.1930933070866141
11
5.2905962992125986
21
-4.1920002755905514
0
LINE
8
BLACK
6
CONTINUOUS
10
5.2905962992125986
20
-4.1920002755905514
11
5.2913511811023621
21
-4.1911299212598427
0
LINE
8
BLACK
6
CONTINUOUS
10
5.2913511811023621
20
-4.1911299212598427
11
5.2923816141732285
21
-4.1906147244094489
0
LINE
8
BLACK
6
CONTINUOUS
10
5.2923816141732285
20
-4.1906147244094489
11
5.2935308267716534
21
-4.1905330314960629
0
LINE
8
BLACK
6
CONTINUOUS
10
5.2935308267716534
20
-4.1905330314960629
11
5.2940952755905508
21
-4.1906613779527557
0
LINE
8
BLACK
6
CONTINUOUS
10
5.2940952755905508
20
-4.1906613779527557
11
5.2992649606299214
21
-4.1923846062992123
0
LINE
8
BLACK
6
CONTINUOUS
10
5.2992649606299214
20
-4.1923846062992123
11
5.3074625984251966
21
-4.1923846062992123
0
LINE
8
BLACK
6
CONTINUOUS
10
5.3074625984251966
20
-4.1923846062992123
11
5.3101600393700785
21
-4.191035866141732
0
LINE
8
BLACK
6
CONTINUOUS
10
5.3101600393700785
20
-4.191035866141732
11
5.3113571653543303
21
-4.1898387007874014
0
LINE
8
BLACK
6
CONTINUOUS
10
5.3113571653543303
20
-4.1898387007874014
11
5.3127059448818894
21
-4.1871412204724408
0
LINE
8
BLACK
6
CONTINUOUS
10
5.3127059448818894
20
-4.1871412204724408
11
5.3127059448818894
21
-4.1847857874015748
0
LINE
8
BLACK
6
CONTINUOUS
10
5.3127059448818894
20
-4.1847857874015748
11
5.3113572047244091
21
-4.1820883070866142
0
LINE
8
BLACK
6
CONTINUOUS
10
5.3113572047244091
20
-4.1820883070866142
11
5.3101600787401573
21
-4.1808911811023624
0
LINE
8
BLACK
6
CONTINUOUS
10
5.3101600787401573
20
-4.1808911811023624
11
5.3071290944881886
21
-4.1793756692913382
0
LINE
8
BLACK
6
CONTINUOUS
10
5.3071290944881886
20
-4.1793756692913382
11
5.2999444488188976
21
-4.1775795275590548
0
LINE
8
BLACK
6
CONTINUOUS
10
5.2999444488188976
20
-4.1775795275590548
11
5.299901929133858
21
-4.1775643307086616
0
LINE
8
BLACK
6
CONTINUOUS
10
5.299901929133858
20
-4.1775643307086616
11
5.2998806692913387
21
-4.177562834645669
0
LINE
8
BLACK
6
CONTINUOUS
10
5.2998806692913387
20
-4.177562834645669
11
5.2996409055118106
21
-4.1774710629921259
0
LINE
8
BLACK
6
CONTINUOUS
10
5.2996409055118106
20
-4.1774710629921259
11
5.2993993307086615
21
-4.1773847637795276
0
LINE
8
BLACK
6
CONTINUOUS
10
5.2993993307086615
20
-4.1773847637795276
11
5.2993821653543307
21
-4.1773720472440941
0
LINE
8
BLACK
6
CONTINUOUS
10
5.2993821653543307
20
-4.1773720472440941
11
5.2993400787401574
21
-4.1773559448818895
0
LINE
8
BLACK
6
CONTINUOUS
10
5.2993400787401574
20
-4.1773559448818895
11
5.2955905511811023
21
-4.175481181102362
0
LINE
8
BLACK
6
CONTINUOUS
10
5.2955905511811023
20
-4.175481181102362
11
5.2953425196850397
21
-4.1753250787401575
0
LINE
8
BLACK
6
CONTINUOUS
10
5.2953425196850397
20
-4.1753250787401575
11
5.2952705905511808
21
-4.1752952755905515
0
LINE
8
BLACK
6
CONTINUOUS
10
5.2952705905511808
20
-4.1752952755905515
11
5.2951896062992123
21
-4.1752287795275587
0
LINE
8
BLACK
6
CONTINUOUS
10
5.2951896062992123
20
-4.1752287795275587
11
5.2951006692913385
21
-4.1751728346456689
0
LINE
8
BLACK
6
CONTINUOUS
10
5.2951006692913385
20
-4.1751728346456689
11
5.295049488188976
21
-4.1751138188976373
0
LINE
8
BLACK
6
CONTINUOUS
10
5.295049488188976
20
-4.1751138188976373
11
5.294823149606299
21
-4.1749280708661418
0
LINE
8
BLACK
6
CONTINUOUS
10
5.294823149606299
20
-4.1749280708661418
11
5.2929483858267714
21
-4.1730533070866143
0
LINE
8
BLACK
6
CONTINUOUS
10
5.2929483858267714
20
-4.1730533070866143
11
5.2927625984251971
21
-4.1728269291338584
0
LINE
8
BLACK
6
CONTINUOUS
10
5.2927625984251971
20
-4.1728269291338584
11
5.2927036220472443
21
-4.1727757874015747
0
LINE
8
BLACK
6
CONTINUOUS
10
5.2927036220472443
20
-4.1727757874015747
11
5.2926476377952758
21
-4.1726868110236222
0
LINE
8
BLACK
6
CONTINUOUS
10
5.2926476377952758
20
-4.1726868110236222
11
5.2925811811023618
21
-4.1726058661417325
0
LINE
8
BLACK
6
CONTINUOUS
10
5.2925811811023618
20
-4.1726058661417325
11
5.292551338582677
21
-4.1725338976377948
0
LINE
8
BLACK
6
CONTINUOUS
10
5.292551338582677
20
-4.1725338976377948
11
5.2923952755905512
21
-4.1722859055118109
0
LINE
8
BLACK
6
CONTINUOUS
10
5.2923952755905512
20
-4.1722859055118109
11
5.2905205118110237
21
-4.1685363779527558
0
LINE
8
BLACK
6
CONTINUOUS
10
5.2905205118110237
20
-4.1685363779527558
11
5.2903136220472442
21
-4.1679957480314958
0
LINE
8
BLACK
6
CONTINUOUS
10
5.2903136220472442
20
-4.1679957480314958
11
5.2903061023622042
21
-4.1678899212598424
0
LINE
8
BLACK
6
CONTINUOUS
10
5.2903061023622042
20
-4.1678899212598424
11
5.2902655118110236
21
-4.1677919291338581
0
LINE
8
BLACK
6
CONTINUOUS
10
5.2902655118110236
20
-4.1677919291338581
11
5.2902087795275587
21
-4.1672158661417322
0
LINE
8
BLACK
6
CONTINUOUS
10
5.2902087795275587
20
-4.1672158661417322
11
5.2902087795275587
21
-4.1634663385826771
0
LINE
8
BLACK
6
CONTINUOUS
10
5.2902087795275587
20
-4.1634663385826771
11
5.2902655118110236
21
-4.1628902755905512
0
LINE
8
BLACK
6
CONTINUOUS
10
5.2902655118110236
20
-4.1628902755905512
11
5.2903061023622042
21
-4.1627922440944882
0
LINE
8
BLACK
6
CONTINUOUS
10
5.2903061023622042
20
-4.1627922440944882
11
5.2903136220472442
21
-4.1626864566929136
0
LINE
8
BLACK
6
CONTINUOUS
10
5.2903136220472442
20
-4.1626864566929136
11
5.2905205118110237
21
-4.1621458267716536
0
LINE
8
BLACK
6
CONTINUOUS
10
5.2905205118110237
20
-4.1621458267716536
11
5.2923952755905512
21
-4.1583962992125985
0
LINE
8
BLACK
6
CONTINUOUS
10
5.2923952755905512
20
-4.1583962992125985
11
5.292551338582677
21
-4.1581482677165349
0
LINE
8
BLACK
6
CONTINUOUS
10
5.292551338582677
20
-4.1581482677165349
11
5.2925811811023618
21
-4.1580763385826769
0
LINE
8
BLACK
6
CONTINUOUS
10
5.2925811811023618
20
-4.1580763385826769
11
5.2926476377952758
21
-4.1579953543307084
0
LINE
8
BLACK
6
CONTINUOUS
10
5.2926476377952758
20
-4.1579953543307084
11
5.2927036220472443
21
-4.1579064173228346
0
LINE
8
BLACK
6
CONTINUOUS
10
5.2927036220472443
20
-4.1579064173228346
11
5.2927625984251971
21
-4.1578552362204722
0
LINE
8
BLACK
6
CONTINUOUS
10
5.2927625984251971
20
-4.1578552362204722
11
5.2929483858267714
21
-4.1576288976377951
0
LINE
8
BLACK
6
CONTINUOUS
10
5.2929483858267714
20
-4.1576288976377951
11
5.294823149606299
21
-4.1557541338582675
0
LINE
8
BLACK
6
CONTINUOUS
10
5.294823149606299
20
-4.1557541338582675
11
5.295049488188976
21
-4.1555683464566933
0
LINE
8
BLACK
6
CONTINUOUS
10
5.295049488188976
20
-4.1555683464566933
11
5.2951006692913385
21
-4.1555093700787404
0
LINE
8
BLACK
6
CONTINUOUS
10
5.2951006692913385
20
-4.1555093700787404
11
5.2951896062992123
21
-4.1554533858267719
0
LINE
8
BLACK
6
CONTINUOUS
10
5.2951896062992123
20
-4.1554533858267719
11
5.2952705905511808
21
-4.1553869291338579
0
LINE
8
BLACK
6
CONTINUOUS
10
5.2952705905511808
20
-4.1553869291338579
11
5.2953425196850397
21
-4.1553570866141731
0
LINE
8
BLACK
6
CONTINUOUS
10
5.2953425196850397
20
-4.1553570866141731
11
5.2955905511811023
21
-4.1552010236220474
0
LINE
8
BLACK
6
CONTINUOUS
10
5.2955905511811023
20
-4.1552010236220474
11
5.2993400787401574
21
-4.1533262598425198
0
LINE
8
BLACK
6
CONTINUOUS
10
5.2993400787401574
20
-4.1533262598425198
11
5.2998806692913387
21
-4.1531193700787403
0
LINE
8
BLACK
6
CONTINUOUS
10
5.2998806692913387
20
-4.1531193700787403
11
5.2999865354330709
21
-4.1531118110236216
0
LINE
8
BLACK
6
CONTINUOUS
10
5.2999865354330709
20
-4.1531118110236216
11
5.3000845275590551
21
-4.1530712598425197
0
LINE
8
BLACK
6
CONTINUOUS
10
5.3000845275590551
20
-4.1530712598425197
11
5.300660590551181
21
-4.1530145275590549
0
LINE
8
BLACK
6
CONTINUOUS
10
5.300660590551181
20
-4.1530145275590549
11
5.3100344094488188
21
-4.1530145275590549
0
LINE
8
BLACK
6
CONTINUOUS
10
5.3100344094488188
20
-4.1530145275590549
11
5.3103259448818898
21
-4.1530432283464567
0
LINE
8
BLACK
6
CONTINUOUS
10
5.3518553149606296
20
-4.1530712598425197
11
5.3529197244094489
21
-4.1535121653543303
0
LINE
8
BLACK
6
CONTINUOUS
10
5.3529197244094489
20
-4.1535121653543303
11
5.3537343700787403
21
-4.1543268110236218
0
LINE
8
BLACK
6
CONTINUOUS
10
5.3537343700787403
20
-4.1543268110236218
11
5.354175275590551
21
-4.155391220472441
0
LINE
8
BLACK
6
CONTINUOUS
10
5.354175275590551
20
-4.155391220472441
11
5.354175275590551
21
-4.1565433464566928
0
LINE
8
BLACK
6
CONTINUOUS
10
5.354175275590551
20
-4.1565433464566928
11
5.3537343700787403
21
-4.157607755905512
0
LINE
8
BLACK
6
CONTINUOUS
10
5.3537343700787403
20
-4.157607755905512
11
5.3529197244094489
21
-4.1584224015748035
0
LINE
8
BLACK
6
CONTINUOUS
10
5.3529197244094489
20
-4.1584224015748035
11
5.3518553149606296
21
-4.1588633070866141
0
LINE
8
BLACK
6
CONTINUOUS
10
5.3518553149606296
20
-4.1588633070866141
11
5.3512792519685037
21
-4.1589200393700789
0
LINE
8
BLACK
6
CONTINUOUS
10
5.3512792519685037
20
-4.1589200393700789
11
5.3354843700787402
21
-4.1589200393700789
0
LINE
8
BLACK
6
CONTINUOUS
10
5.3354843700787402
20
-4.1589200393700789
11
5.3354843700787402
21
-4.1717621653543304
0
LINE
8
BLACK
6
CONTINUOUS
10
5.3354843700787402
20
-4.1717621653543304
11
5.3456549606299211
21
-4.1717621653543304
0
LINE
8
BLACK
6
CONTINUOUS
10
5.3456549606299211
20
-4.1717621653543304
11
5.3462310236220469
21
-4.1718188976377952
0
LINE
8
BLACK
6
CONTINUOUS
10
5.3462310236220469
20
-4.1718188976377952
11
5.3472954330708662
21
-4.1722598031496059
0
LINE
8
BLACK
6
CONTINUOUS
10
5.3472954330708662
20
-4.1722598031496059
11
5.3481100787401576
21
-4.1730744488188973
0
LINE
8
BLACK
6
CONTINUOUS
10
5.3481100787401576
20
-4.1730744488188973
11
5.3485509842519683
21
-4.1741388582677166
0
LINE
8
BLACK
6
CONTINUOUS
10
5.3485509842519683
20
-4.1741388582677166
11
5.3485509842519683
21
-4.1752909842519683
0
LINE
8
BLACK
6
CONTINUOUS
10
5.3485509842519683
20
-4.1752909842519683
11
5.3481100787401576
21
-4.1763553937007876
0
LINE
8
BLACK
6
CONTINUOUS
10
5.3481100787401576
20
-4.1763553937007876
11
5.3472954330708662
21
-4.177170039370079
0
LINE
8
BLACK
6
CONTINUOUS
10
5.3472954330708662
20
-4.177170039370079
11
5.3462310236220469
21
-4.1776109448818897
0
LINE
8
BLACK
6
CONTINUOUS
10
5.3462310236220469
20
-4.1776109448818897
11
5.3456549606299211
21
-4.1776676771653545
0
LINE
8
BLACK
6
CONTINUOUS
10
5.3456549606299211
20
-4.1776676771653545
11
5.3354843700787402
21
-4.1776676771653545
0
LINE
8
BLACK
6
CONTINUOUS
10
5.3354843700787402
20
-4.1776676771653545
11
5.3354843700787402
21
-4.1923846062992123
0
LINE
8
BLACK
6
CONTINUOUS
10
5.3354843700787402
20
-4.1923846062992123
11
5.3512792519685037
21
-4.1923846062992123
0
LINE
8
BLACK
6
CONTINUOUS
10
5.3512792519685037
20
-4.1923846062992123
11
5.3518553149606296
21
-4.1924413385826771
0
LINE
8
BLACK
6
CONTINUOUS
10
5.3518553149606296
20
-4.1924413385826771
11
5.3529197244094489
21
-4.1928822440944877
0
LINE
8
BLACK
6
CONTINUOUS
10
5.3529197244094489
20
-4.1928822440944877
11
5.3537343700787403
21
-4.1936968897637792
0
LINE
8
BLACK
6
CONTINUOUS
10
5.3537343700787403
20
-4.1936968897637792
11
5.354175275590551
21
-4.1947612992125984
0
LINE
8
BLACK
6
CONTINUOUS
10
5.354175275590551
20
-4.1947612992125984
11
5.354175275590551
21
-4.1959134251968502
0
LINE
8
BLACK
6
CONTINUOUS
10
5.354175275590551
20
-4.1959134251968502
11
5.3537343700787403
21
-4.1969778346456694
0
LINE
8
BLACK
6
CONTINUOUS
10
5.3537343700787403
20
-4.1969778346456694
11
5.3529197244094489
21
-4.1977924803149609
0
LINE
8
BLACK
6
CONTINUOUS
10
5.3529197244094489
20
-4.1977924803149609
11
5.3518553149606296
21
-4.1982333858267715
0
LINE
8
BLACK
6
CONTINUOUS
10
5.3518553149606296
20
-4.1982333858267715
11
5.3512792519685037
21
-4.1982901181102363
0
LINE
8
BLACK
6
CONTINUOUS
10
5.3512792519685037
20
-4.1982901181102363
11
5.3325316141732282
21
-4.1982901181102363
0
LINE
8
BLACK
6
CONTINUOUS
10
5.3325316141732282
20
-4.1982901181102363
11
5.3319555511811023
21
-4.1982333858267715
0
LINE
8
BLACK
6
CONTINUOUS
10
5.3319555511811023
20
-4.1982333858267715
11
5.3308911417322831
21
-4.1977924803149609
0
LINE
8
BLACK
6
CONTINUOUS
10
5.3308911417322831
20
-4.1977924803149609
11
5.3300764960629916
21
-4.1969778346456694
0
LINE
8
BLACK
6
CONTINUOUS
10
5.3300764960629916
20
-4.1969778346456694
11
5.329635590551181
21
-4.1959134251968502
0
LINE
8
BLACK
6
CONTINUOUS
10
5.329635590551181
20
-4.1959134251968502
11
5.3295788582677162
21
-4.1953373622047243
0
LINE
8
BLACK
6
CONTINUOUS
10
5.3295788582677162
20
-4.1953373622047243
11
5.3295788582677162
21
-4.1559672834645669
0
LINE
8
BLACK
6
CONTINUOUS
10
5.3295788582677162
20
-4.1559672834645669
11
5.329635590551181
21
-4.155391220472441
0
LINE
8
BLACK
6
CONTINUOUS
10
5.329635590551181
20
-4.155391220472441
11
5.3300764960629916
21
-4.1543268110236218
0
LINE
8
BLACK
6
CONTINUOUS
10
5.3300764960629916
20
-4.1543268110236218
11
5.3308911417322831
21
-4.1535121653543303
0
LINE
8
BLACK
6
CONTINUOUS
10
5.3308911417322831
20
-4.1535121653543303
11
5.3319555511811023
21
-4.1530712598425197
0
LINE
8
BLACK
6
CONTINUOUS
10
5.3319555511811023
20
-4.1530712598425197
11
5.3325316141732282
21
-4.1530145275590549
0
LINE
8
BLACK
6
CONTINUOUS
10
5.3325316141732282
20
-4.1530145275590549
11
5.3512792519685037
21
-4.1530145275590549
0
LINE
8
BLACK
6
CONTINUOUS
10
5.3512792519685037
20
-4.1530145275590549
11
5.3518553149606296
21
-4.1530712598425197
0
LINE
8
BLACK
6
CONTINUOUS
10
5.383441811023622
20
-4.1530432283464567
11
5.3835195669291336
21
-4.1530377165354331
0
LINE
8
BLACK
6
CONTINUOUS
10
5.3835195669291336
20
-4.1530377165354331
11
5.3836218110236223
21
-4.15306094488189
0
LINE
8
BLACK
6
CONTINUOUS
10
5.3836218110236223
20
-4.15306094488189
11
5.3837263385826768
21
-4.1530712598425197
0
LINE
8
BLACK
6
CONTINUOUS
10
5.3837263385826768
20
-4.1530712598425197
11
5.3837984251968507
21
-4.1531011023622044
0
LINE
8
BLACK
6
CONTINUOUS
10
5.3837984251968507
20
-4.1531011023622044
11
5.384084015748031
21
-4.1531660629921259
0
LINE
8
BLACK
6
CONTINUOUS
10
5.384084015748031
20
-4.1531660629921259
11
5.3897083070866136
21
-4.1550408267716534
0
LINE
8
BLACK
6
CONTINUOUS
10
5.3897083070866136
20
-4.1550408267716534
11
5.390236850393701
21
-4.1552768110236222
0
LINE
8
BLACK
6
CONTINUOUS
10
5.390236850393701
20
-4.1552768110236222
11
5.3911072047244097
21
-4.1560316929133858
0
LINE
8
BLACK
6
CONTINUOUS
10
5.3911072047244097
20
-4.1560316929133858
11
5.3916224409448814
21
-4.1570621259842522
0
LINE
8
BLACK
6
CONTINUOUS
10
5.3916224409448814
20
-4.1570621259842522
11
5.3917041338582674
21
-4.1582113385826771
0
LINE
8
BLACK
6
CONTINUOUS
10
5.3917041338582674
20
-4.1582113385826771
11
5.3913398031496058
21
-4.159304330708661
0
LINE
8
BLACK
6
CONTINUOUS
10
5.3913398031496058
20
-4.159304330708661
11
5.3905849212598422
21
-4.1601747244094485
0
LINE
8
BLACK
6
CONTINUOUS
10
5.3905849212598422
20
-4.1601747244094485
11
5.3895544488188971
21
-4.1606899212598423
0
LINE
8
BLACK
6
CONTINUOUS
10
5.3895544488188971
20
-4.1606899212598423
11
5.3884052362204722
21
-4.1607716141732283
0
LINE
8
BLACK
6
CONTINUOUS
10
5.3884052362204722
20
-4.1607716141732283
11
5.3878407874015748
21
-4.1606432677165355
0
LINE
8
BLACK
6
CONTINUOUS
10
5.3878407874015748
20
-4.1606432677165355
11
5.382671141732283
21
-4.1589200393700789
0
LINE
8
BLACK
6
CONTINUOUS
10
5.382671141732283
20
-4.1589200393700789
11
5.3744735039370077
21
-4.1589200393700789
0
LINE
8
BLACK
6
CONTINUOUS
10
5.3744735039370077
20
-4.1589200393700789
11
5.3717760236220471
21
-4.1602687795275592
0
LINE
8
BLACK
6
CONTINUOUS
10
5.3717760236220471
20
-4.1602687795275592
11
5.3705788976377953
21
-4.1614659055118111
0
LINE
8
BLACK
6
CONTINUOUS
10
5.3705788976377953
20
-4.1614659055118111
11
5.369230157480315
21
-4.1641633858267717
0
LINE
8
BLACK
6
CONTINUOUS
10
5.369230157480315
20
-4.1641633858267717
11
5.369230157480315
21
-4.1665188188976376
0
LINE
8
BLACK
6
CONTINUOUS
10
5.369230157480315
20
-4.1665188188976376
11
5.3705788976377953
21
-4.1692162992125983
0
LINE
8
BLACK
6
CONTINUOUS
10
5.3705788976377953
20
-4.1692162992125983
11
5.3717760236220471
21
-4.1704134251968501
0
LINE
8
BLACK
6
CONTINUOUS
10
5.3717760236220471
20
-4.1704134251968501
11
5.3748070078740158
21
-4.1719288976377955
0
LINE
8
BLACK
6
CONTINUOUS
10
5.3748070078740158
20
-4.1719288976377955
11
5.3819916535433068
21
-4.1737250787401576
0
LINE
8
BLACK
6
CONTINUOUS
10
5.3819916535433068
20
-4.1737250787401576
11
5.3820341338582676
21
-4.1737402362204721
0
LINE
8
BLACK
6
CONTINUOUS
10
5.3820341338582676
20
-4.1737402362204721
11
5.3820553937007869
21
-4.1737417716535434
0
LINE
8
BLACK
6
CONTINUOUS
10
5.3820553937007869
20
-4.1737417716535434
11
5.3822948031496063
21
-4.1738333858267715
0
LINE
8
BLACK
6
CONTINUOUS
10
5.3822948031496063
20
-4.1738333858267715
11
5.3825367716535428
21
-4.1739198425196848
0
LINE
8
BLACK
6
CONTINUOUS
10
5.3825367716535428
20
-4.1739198425196848
11
5.3825538976377949
21
-4.1739325196850396
0
LINE
8
BLACK
6
CONTINUOUS
10
5.3825538976377949
20
-4.1739325196850396
11
5.3825960236220469
21
-4.1739486614173229
0
LINE
8
BLACK
6
CONTINUOUS
10
5.3825960236220469
20
-4.1739486614173229
11
5.386345551181102
21
-4.1758234251968505
0
LINE
8
BLACK
6
CONTINUOUS
10
5.386345551181102
20
-4.1758234251968505
11
5.3865935433070868
21
-4.1759794881889762
0
LINE
8
BLACK
6
CONTINUOUS
10
5.3865935433070868
20
-4.1759794881889762
11
5.3866655118110236
21
-4.176009330708661
0
LINE
8
BLACK
6
CONTINUOUS
10
5.3866655118110236
20
-4.176009330708661
11
5.3867464566929133
21
-4.176075787401575
0
LINE
8
BLACK
6
CONTINUOUS
10
5.3867464566929133
20
-4.176075787401575
11
5.3868354330708659
21
-4.1761317716535435
0
LINE
8
BLACK
6
CONTINUOUS
10
5.3868354330708659
20
-4.1761317716535435
11
5.3868865748031496
21
-4.1761907480314964
0
LINE
8
BLACK
6
CONTINUOUS
10
5.3868865748031496
20
-4.1761907480314964
11
5.3871129527559054
21
-4.1763765354330706
0
LINE
8
BLACK
6
CONTINUOUS
10
5.3871129527559054
20
-4.1763765354330706
11
5.388987716535433
21
-4.1782512992125982
0
LINE
8
BLACK
6
CONTINUOUS
10
5.388987716535433
20
-4.1782512992125982
11
5.3891734645669294
21
-4.1784776377952753
0
LINE
8
BLACK
6
CONTINUOUS
10
5.3891734645669294
20
-4.1784776377952753
11
5.3892324803149609
21
-4.1785288188976377
0
LINE
8
BLACK
6
CONTINUOUS
10
5.3892324803149609
20
-4.1785288188976377
11
5.3892884251968507
21
-4.1786177559055115
0
LINE
8
BLACK
6
CONTINUOUS
10
5.3892884251968507
20
-4.1786177559055115
11
5.3893549212598426
21
-4.17869874015748
0
LINE
8
BLACK
6
CONTINUOUS
10
5.3893549212598426
20
-4.17869874015748
11
5.3893847244094486
21
-4.1787706692913389
0
LINE
8
BLACK
6
CONTINUOUS
10
5.3893847244094486
20
-4.1787706692913389
11
5.3895408267716531
21
-4.1790187007874016
0
LINE
8
BLACK
6
CONTINUOUS
10
5.3895408267716531
20
-4.1790187007874016
11
5.3914155905511807
21
-4.1827682283464567
0
LINE
8
BLACK
6
CONTINUOUS
10
5.3914155905511807
20
-4.1827682283464567
11
5.3916224803149602
21
-4.1833088188976379
0
LINE
8
BLACK
6
CONTINUOUS
10
5.3916224803149602
20
-4.1833088188976379
11
5.3916300000000001
21
-4.1834146850393701
0
LINE
8
BLACK
6
CONTINUOUS
10
5.3916300000000001
20
-4.1834146850393701
11
5.3916705905511808
21
-4.1835126771653544
0
LINE
8
BLACK
6
CONTINUOUS
10
5.3916705905511808
20
-4.1835126771653544
11
5.3917273228346456
21
-4.1840887401574802
0
LINE
8
BLACK
6
CONTINUOUS
10
5.3917273228346456
20
-4.1840887401574802
11
5.3917273228346456
21
-4.1878382677165353
0
LINE
8
BLACK
6
CONTINUOUS
10
5.3917273228346456
20
-4.1878382677165353
11
5.3916705905511808
21
-4.1884143307086612
0
LINE
8
BLACK
6
CONTINUOUS
10
5.3916705905511808
20
-4.1884143307086612
11
5.3916300000000001
21
-4.1885122834645667
0
LINE
8
BLACK
6
CONTINUOUS
10
5.3916300000000001
20
-4.1885122834645667
11
5.3916224803149602
21
-4.1886181889763776
0
LINE
8
BLACK
6
CONTINUOUS
10
5.3916224803149602
20
-4.1886181889763776
11
5.3914155905511807
21
-4.1891587795275589
0
LINE
8
BLACK
6
CONTINUOUS
10
5.3914155905511807
20
-4.1891587795275589
11
5.3895408267716531
21
-4.192908307086614
0
LINE
8
BLACK
6
CONTINUOUS
10
5.3895408267716531
20
-4.192908307086614
11
5.3893847637795274
21
-4.1931561811023625
0
LINE
8
BLACK
6
CONTINUOUS
10
5.3893847637795274
20
-4.1931561811023625
11
5.3893549606299214
21
-4.1932282283464568
0
LINE
8
BLACK
6
CONTINUOUS
10
5.3893549606299214
20
-4.1932282283464568
11
5.3892884251968507
21
-4.193309251968504
0
LINE
8
BLACK
6
CONTINUOUS
10
5.3892884251968507
20
-4.193309251968504
11
5.3892324803149609
21
-4.1933981889763778
0
LINE
8
BLACK
6
CONTINUOUS
10
5.3892324803149609
20
-4.1933981889763778
11
5.3891734645669294
21
-4.1934493307086615
0
LINE
8
BLACK
6
CONTINUOUS
10
5.3891734645669294
20
-4.1934493307086615
11
5.388987716535433
21
-4.1936757086614174
0
LINE
8
BLACK
6
CONTINUOUS
10
5.388987716535433
20
-4.1936757086614174
11
5.3871129921259842
21
-4.1955504724409449
0
LINE
8
BLACK
6
CONTINUOUS
10
5.3871129921259842
20
-4.1955504724409449
11
5.3868866141732283
21
-4.1957362204724404
0
LINE
8
BLACK
6
CONTINUOUS
10
5.3868866141732283
20
-4.1957362204724404
11
5.3868354330708659
21
-4.1957952755905508
0
LINE
8
BLACK
6
CONTINUOUS
10
5.3868354330708659
20
-4.1957952755905508
11
5.3867464566929133
21
-4.1958512598425193
0
LINE
8
BLACK
6
CONTINUOUS
10
5.3867464566929133
20
-4.1958512598425193
11
5.3866655118110236
21
-4.1959177165354333
0
LINE
8
BLACK
6
CONTINUOUS
10
5.3866655118110236
20
-4.1959177165354333
11
5.3865935433070868
21
-4.1959475196850393
0
LINE
8
BLACK
6
CONTINUOUS
10
5.3865935433070868
20
-4.1959475196850393
11
5.386345551181102
21
-4.1961036220472439
0
LINE
8
BLACK
6
CONTINUOUS
10
5.386345551181102
20
-4.1961036220472439
11
5.3825960236220469
21
-4.1979783858267714
0
LINE
8
BLACK
6
CONTINUOUS
10
5.3825960236220469
20
-4.1979783858267714
11
5.3820553937007869
21
-4.1981852755905509
0
LINE
8
BLACK
6
CONTINUOUS
10
5.3820553937007869
20
-4.1981852755905509
11
5.3819495669291335
21
-4.1981927559055121
0
LINE
8
BLACK
6
CONTINUOUS
10
5.3819495669291335
20
-4.1981927559055121
11
5.3818515748031492
21
-4.1982333858267715
0
LINE
8
BLACK
6
CONTINUOUS
10
5.3818515748031492
20
-4.1982333858267715
11
5.3812755118110234
21
-4.1982901181102363
0
LINE
8
BLACK
6
CONTINUOUS
10
5.3812755118110234
20
-4.1982901181102363
11
5.3719016929133856
21
-4.1982901181102363
0
LINE
8
BLACK
6
CONTINUOUS
10
5.3719016929133856
20
-4.1982901181102363
11
5.3716100787401571
21
-4.1982613779527558
0
LINE
8
BLACK
6
CONTINUOUS
10
5.3716100787401571
20
-4.1982613779527558
11
5.3715323622047242
21
-4.1982669291338581
0
LINE
8
BLACK
6
CONTINUOUS
10
5.3715323622047242
20
-4.1982669291338581
11
5.3714300787401577
21
-4.1982436614173224
0
LINE
8
BLACK
6
CONTINUOUS
10
5.3714300787401577
20
-4.1982436614173224
11
5.3713256299212597
21
-4.1982333858267715
0
LINE
8
BLACK
6
CONTINUOUS
10
5.3713256299212597
20
-4.1982333858267715
11
5.3712535433070867
21
-4.198203503937008
0
LINE
8
BLACK
6
CONTINUOUS
10
5.3712535433070867
20
-4.198203503937008
11
5.3709679133858268
21
-4.1981385826771653
0
LINE
8
BLACK
6
CONTINUOUS
10
5.3709679133858268
20
-4.1981385826771653
11
5.3653436614173229
21
-4.1962638188976378
0
LINE
8
BLACK
6
CONTINUOUS
10
5.3653436614173229
20
-4.1962638188976378
11
5.3648150787401576
21
-4.196027834645669
0
LINE
8
BLACK
6
CONTINUOUS
10
5.3648150787401576
20
-4.196027834645669
11
5.3639447244094489
21
-4.1952729527559054
0
LINE
8
BLACK
6
CONTINUOUS
10
5.3639447244094489
20
-4.1952729527559054
11
5.3634295275590551
21
-4.194242519685039
0
LINE
8
BLACK
6
CONTINUOUS
10
5.3634295275590551
20
-4.194242519685039
11
5.3633478346456691
21
-4.1930933070866141
0
LINE
8
BLACK
6
CONTINUOUS
10
5.3633478346456691
20
-4.1930933070866141
11
5.3637121653543307
21
-4.1920002755905514
0
LINE
8
BLACK
6
CONTINUOUS
10
5.3637121653543307
20
-4.1920002755905514
11
5.3644670472440943
21
-4.1911299212598427
0
LINE
8
BLACK
6
CONTINUOUS
10
5.3644670472440943
20
-4.1911299212598427
11
5.3654974803149607
21
-4.1906147244094489
0
LINE
8
BLACK
6
CONTINUOUS
10
5.3654974803149607
20
-4.1906147244094489
11
5.3666466929133856
21
-4.1905330314960629
0
LINE
8
BLACK
6
CONTINUOUS
10
5.3666466929133856
20
-4.1905330314960629
11
5.367211141732283
21
-4.1906613779527557
0
LINE
8
BLACK
6
CONTINUOUS
10
5.367211141732283
20
-4.1906613779527557
11
5.3723808267716535
21
-4.1923846062992123
0
LINE
8
BLACK
6
CONTINUOUS
10
5.3723808267716535
20
-4.1923846062992123
11
5.3805784645669288
21
-4.1923846062992123
0
LINE
8
BLACK
6
CONTINUOUS
10
5.3805784645669288
20
-4.1923846062992123
11
5.3832759055118107
21
-4.191035866141732
0
LINE
8
BLACK
6
CONTINUOUS
10
5.3832759055118107
20
-4.191035866141732
11
5.3844730314960625
21
-4.1898387007874014
0
LINE
8
BLACK
6
CONTINUOUS
10
5.3844730314960625
20
-4.1898387007874014
11
5.3858218110236216
21
-4.1871412204724408
0
LINE
8
BLACK
6
CONTINUOUS
10
5.3858218110236216
20
-4.1871412204724408
11
5.3858218110236216
21
-4.1847857874015748
0
LINE
8
BLACK
6
CONTINUOUS
10
5.3858218110236216
20
-4.1847857874015748
11
5.3844730708661412
21
-4.1820883070866142
0
LINE
8
BLACK
6
CONTINUOUS
10
5.3844730708661412
20
-4.1820883070866142
11
5.3832759448818894
21
-4.1808911811023624
0
LINE
8
BLACK
6
CONTINUOUS
10
5.3832759448818894
20
-4.1808911811023624
11
5.3802449606299207
21
-4.1793756692913382
0
LINE
8
BLACK
6
CONTINUOUS
10
5.3802449606299207
20
-4.1793756692913382
11
5.3730603149606297
21
-4.1775795275590548
0
LINE
8
BLACK
6
CONTINUOUS
10
5.3730603149606297
20
-4.1775795275590548
11
5.3730177952755902
21
-4.1775643307086616
0
LINE
8
BLACK
6
CONTINUOUS
10
5.3730177952755902
20
-4.1775643307086616
11
5.3729965354330709
21
-4.177562834645669
0
LINE
8
BLACK
6
CONTINUOUS
10
5.3729965354330709
20
-4.177562834645669
11
5.3727567716535436
21
-4.1774710629921259
0
LINE
8
BLACK
6
CONTINUOUS
10
5.3727567716535436
20
-4.1774710629921259
11
5.3725151968503937
21
-4.1773847637795276
0
LINE
8
BLACK
6
CONTINUOUS
10
5.3725151968503937
20
-4.1773847637795276
11
5.3724980314960629
21
-4.1773720472440941
0
LINE
8
BLACK
6
CONTINUOUS
10
5.3724980314960629
20
-4.1773720472440941
11
5.3724559448818896
21
-4.1773559448818895
0
LINE
8
BLACK
6
CONTINUOUS
10
5.3724559448818896
20
-4.1773559448818895
11
5.3687064173228345
21
-4.175481181102362
0
LINE
8
BLACK
6
CONTINUOUS
10
5.3687064173228345
20
-4.175481181102362
11
5.3684583858267718
21
-4.1753250787401575
0
LINE
8
BLACK
6
CONTINUOUS
10
5.3684583858267718
20
-4.1753250787401575
11
5.3683864566929129
21
-4.1752952755905515
0
LINE
8
BLACK
6
CONTINUOUS
10
5.3683864566929129
20
-4.1752952755905515
11
5.3683054724409445
21
-4.1752287795275587
0
LINE
8
BLACK
6
CONTINUOUS
10
5.3683054724409445
20
-4.1752287795275587
11
5.3682165354330706
21
-4.1751728346456689
0
LINE
8
BLACK
6
CONTINUOUS
10
5.3682165354330706
20
-4.1751728346456689
11
5.3681653543307082
21
-4.1751138188976373
0
LINE
8
BLACK
6
CONTINUOUS
10
5.3681653543307082
20
-4.1751138188976373
11
5.3679390157480311
21
-4.1749280708661418
0
LINE
8
BLACK
6
CONTINUOUS
10
5.3679390157480311
20
-4.1749280708661418
11
5.3660642519685036
21
-4.1730533070866143
0
LINE
8
BLACK
6
CONTINUOUS
10
5.3660642519685036
20
-4.1730533070866143
11
5.3658784645669293
21
-4.1728269291338584
0
LINE
8
BLACK
6
CONTINUOUS
10
5.3658784645669293
20
-4.1728269291338584
11
5.3658194881889765
21
-4.1727757874015747
0
LINE
8
BLACK
6
CONTINUOUS
10
5.3658194881889765
20
-4.1727757874015747
11
5.365763503937008
21
-4.1726868110236222
0
LINE
8
BLACK
6
CONTINUOUS
10
5.365763503937008
20
-4.1726868110236222
11
5.3656970472440948
21
-4.1726058661417325
0
LINE
8
BLACK
6
CONTINUOUS
10
5.3656970472440948
20
-4.1726058661417325
11
5.3656672047244092
21
-4.1725338976377948
0
LINE
8
BLACK
6
CONTINUOUS
10
5.3656672047244092
20
-4.1725338976377948
11
5.3655111417322834
21
-4.1722859055118109
0
LINE
8
BLACK
6
CONTINUOUS
10
5.3655111417322834
20
-4.1722859055118109
11
5.3636363779527558
21
-4.1685363779527558
0
LINE
8
BLACK
6
CONTINUOUS
10
5.3636363779527558
20
-4.1685363779527558
11
5.3634294881889764
21
-4.1679957480314958
0
LINE
8
BLACK
6
CONTINUOUS
10
5.3634294881889764
20
-4.1679957480314958
11
5.3634219685039373
21
-4.1678899212598424
0
LINE
8
BLACK
6
CONTINUOUS
10
5.3634219685039373
20
-4.1678899212598424
11
5.3633813779527557
21
-4.1677919291338581
0
LINE
8
BLACK
6
CONTINUOUS
10
5.3633813779527557
20
-4.1677919291338581
11
5.3633246456692909
21
-4.1672158661417322
0
LINE
8
BLACK
6
CONTINUOUS
10
5.3633246456692909
20
-4.1672158661417322
11
5.3633246456692909
21
-4.1634663385826771
0
LINE
8
BLACK
6
CONTINUOUS
10
5.3633246456692909
20
-4.1634663385826771
11
5.3633813779527557
21
-4.1628902755905512
0
LINE
8
BLACK
6
CONTINUOUS
10
5.3633813779527557
20
-4.1628902755905512
11
5.3634219685039373
21
-4.1627922440944882
0
LINE
8
BLACK
6
CONTINUOUS
10
5.3634219685039373
20
-4.1627922440944882
11
5.3634294881889764
21
-4.1626864566929136
0
LINE
8
BLACK
6
CONTINUOUS
10
5.3634294881889764
20
-4.1626864566929136
11
5.3636363779527558
21
-4.1621458267716536
0
LINE
8
BLACK
6
CONTINUOUS
10
5.3636363779527558
20
-4.1621458267716536
11
5.3655111417322834
21
-4.1583962992125985
0
LINE
8
BLACK
6
CONTINUOUS
10
5.3655111417322834
20
-4.1583962992125985
11
5.3656672047244092
21
-4.1581482677165349
0
LINE
8
BLACK
6
CONTINUOUS
10
5.3656672047244092
20
-4.1581482677165349
11
5.3656970472440948
21
-4.1580763385826769
0
LINE
8
BLACK
6
CONTINUOUS
10
5.3656970472440948
20
-4.1580763385826769
11
5.365763503937008
21
-4.1579953543307084
0
LINE
8
BLACK
6
CONTINUOUS
10
5.365763503937008
20
-4.1579953543307084
11
5.3658194881889765
21
-4.1579064173228346
0
LINE
8
BLACK
6
CONTINUOUS
10
5.3658194881889765
20
-4.1579064173228346
11
5.3658784645669293
21
-4.1578552362204722
0
LINE
8
BLACK
6
CONTINUOUS
10
5.3658784645669293
20
-4.1578552362204722
11
5.3660642519685036
21
-4.1576288976377951
0
LINE
8
BLACK
6
CONTINUOUS
10
5.3660642519685036
20
-4.1576288976377951
11
5.3679390157480311
21
-4.1557541338582675
0
LINE
8
BLACK
6
CONTINUOUS
10
5.3679390157480311
20
-4.1557541338582675
11
5.3681653543307082
21
-4.1555683464566933
0
LINE
8
BLACK
6
CONTINUOUS
10
5.3681653543307082
20
-4.1555683464566933
11
5.3682165354330706
21
-4.1555093700787404
0
LINE
8
BLACK
6
CONTINUOUS
10
5.3682165354330706
20
-4.1555093700787404
11
5.3683054724409445
21
-4.1554533858267719
0
LINE
8
BLACK
6
CONTINUOUS
10
5.3683054724409445
20
-4.1554533858267719
11
5.3683864566929129
21
-4.1553869291338579
0
LINE
8
BLACK
6
CONTINUOUS
10
5.3683864566929129
20
-4.1553869291338579
11
5.3684583858267718
21
-4.1553570866141731
0
LINE
8
BLACK
6
CONTINUOUS
10
5.3684583858267718
20
-4.1553570866141731
11
5.3687064173228345
21
-4.1552010236220474
0
LINE
8
BLACK
6
CONTINUOUS
10
5.3687064173228345
20
-4.1552010236220474
11
5.3724559448818896
21
-4.1533262598425198
0
LINE
8
BLACK
6
CONTINUOUS
10
5.3724559448818896
20
-4.1533262598425198
11
5.3729965354330709
21
-4.1531193700787403
0
LINE
8
BLACK
6
CONTINUOUS
10
5.3729965354330709
20
-4.1531193700787403
11
5.373102401574803
21
-4.1531118110236216
0
LINE
8
BLACK
6
CONTINUOUS
10
5.373102401574803
20
-4.1531118110236216
11
5.3732003937007873
21
-4.1530712598425197
0
LINE
8
BLACK
6
CONTINUOUS
10
5.3732003937007873
20
-4.1530712598425197
11
5.3737764566929132
21
-4.1530145275590549
0
LINE
8
BLACK
6
CONTINUOUS
10
5.3737764566929132
20
-4.1530145275590549
11
5.3831502755905509
21
-4.1530145275590549
0
LINE
8
BLACK
6
CONTINUOUS
10
5.3831502755905509
20
-4.1530145275590549
11
5.383441811023622
21
-4.1530432283464567
0
LINE
8
BLACK
6
CONTINUOUS
10
5.1981245275590551
20
-4.1530712598425197
11
5.1982225196850393
21
-4.1531118503937003
0
LINE
8
BLACK
6
CONTINUOUS
10
5.1982225196850393
20
-4.1531118503937003
11
5.1983283464566927
21
-4.1531193700787403
0
LINE
8
BLACK
6
CONTINUOUS
10
5.1983283464566927
20
-4.1531193700787403
11
5.1988689763779528
21
-4.1533262598425198
0
LINE
8
BLACK
6
CONTINUOUS
10
5.1988689763779528
20
-4.1533262598425198
11
5.2026185039370079
21
-4.1552010236220474
0
LINE
8
BLACK
6
CONTINUOUS
10
5.2026185039370079
20
-4.1552010236220474
11
5.2028664960629918
21
-4.1553570866141731
0
LINE
8
BLACK
6
CONTINUOUS
10
5.2028664960629918
20
-4.1553570866141731
11
5.2029384645669294
21
-4.1553869291338579
0
LINE
8
BLACK
6
CONTINUOUS
10
5.2029384645669294
20
-4.1553869291338579
11
5.2030194094488191
21
-4.1554533858267719
0
LINE
8
BLACK
6
CONTINUOUS
10
5.2030194094488191
20
-4.1554533858267719
11
5.2031083858267717
21
-4.1555093700787404
0
LINE
8
BLACK
6
CONTINUOUS
10
5.2031083858267717
20
-4.1555093700787404
11
5.2031595275590554
21
-4.1555683464566933
0
LINE
8
BLACK
6
CONTINUOUS
10
5.2031595275590554
20
-4.1555683464566933
11
5.2033859055118112
21
-4.1557541338582675
0
LINE
8
BLACK
6
CONTINUOUS
10
5.2033859055118112
20
-4.1557541338582675
11
5.2052606692913388
21
-4.1576288976377951
0
LINE
8
BLACK
6
CONTINUOUS
10
5.2052606692913388
20
-4.1576288976377951
11
5.2054464173228343
21
-4.1578552362204722
0
LINE
8
BLACK
6
CONTINUOUS
10
5.2054464173228343
20
-4.1578552362204722
11
5.2055054330708659
21
-4.1579064173228346
0
LINE
8
BLACK
6
CONTINUOUS
10
5.2055054330708659
20
-4.1579064173228346
11
5.2055613779527556
21
-4.1579953543307084
0
LINE
8
BLACK
6
CONTINUOUS
10
5.2055613779527556
20
-4.1579953543307084
11
5.2056278740157476
21
-4.1580763385826769
0
LINE
8
BLACK
6
CONTINUOUS
10
5.2056278740157476
20
-4.1580763385826769
11
5.2056576771653544
21
-4.1581482677165349
0
LINE
8
BLACK
6
CONTINUOUS
10
5.2056576771653544
20
-4.1581482677165349
11
5.205813779527559
21
-4.1583962992125985
0
LINE
8
BLACK
6
CONTINUOUS
10
5.205813779527559
20
-4.1583962992125985
11
5.2076885433070865
21
-4.1621458267716536
0
LINE
8
BLACK
6
CONTINUOUS
10
5.2076885433070865
20
-4.1621458267716536
11
5.207895433070866
21
-4.1626864173228348
0
LINE
8
BLACK
6
CONTINUOUS
10
5.207895433070866
20
-4.1626864173228348
11
5.2079029527559051
21
-4.162792283464567
0
LINE
8
BLACK
6
CONTINUOUS
10
5.2079029527559051
20
-4.162792283464567
11
5.2079435433070866
21
-4.1628902755905512
0
LINE
8
BLACK
6
CONTINUOUS
10
5.2079435433070866
20
-4.1628902755905512
11
5.2080002755905515
21
-4.1634663385826771
0
LINE
8
BLACK
6
CONTINUOUS
10
5.2080002755905515
20
-4.1634663385826771
11
5.2080002755905515
21
-4.1690906299212598
0
LINE
8
BLACK
6
CONTINUOUS
10
5.2080002755905515
20
-4.1690906299212598
11
5.2079435433070866
21
-4.1696666929133857
0
LINE
8
BLACK
6
CONTINUOUS
10
5.2079435433070866
20
-4.1696666929133857
11
5.2079029527559051
21
-4.1697646456692912
0
LINE
8
BLACK
6
CONTINUOUS
10
5.2079029527559051
20
-4.1697646456692912
11
5.207895433070866
21
-4.1698705511811021
0
LINE
8
BLACK
6
CONTINUOUS
10
5.207895433070866
20
-4.1698705511811021
11
5.2076885433070865
21
-4.1704111417322833
0
LINE
8
BLACK
6
CONTINUOUS
10
5.2076885433070865
20
-4.1704111417322833
11
5.205813779527559
21
-4.1741606692913384
0
LINE
8
BLACK
6
CONTINUOUS
10
5.205813779527559
20
-4.1741606692913384
11
5.2056576771653544
21
-4.1744086614173224
0
LINE
8
BLACK
6
CONTINUOUS
10
5.2056576771653544
20
-4.1744086614173224
11
5.2056278740157476
21
-4.17448062992126
0
LINE
8
BLACK
6
CONTINUOUS
10
5.2056278740157476
20
-4.17448062992126
11
5.2055613779527556
21
-4.1745615748031497
0
LINE
8
BLACK
6
CONTINUOUS
10
5.2055613779527556
20
-4.1745615748031497
11
5.2055054330708659
21
-4.1746505511811023
0
LINE
8
BLACK
6
CONTINUOUS
10
5.2055054330708659
20
-4.1746505511811023
11
5.2054464173228343
21
-4.174701692913386
0
LINE
8
BLACK
6
CONTINUOUS
10
5.2054464173228343
20
-4.174701692913386
11
5.2052606692913388
21
-4.1749280708661418
0
LINE
8
BLACK
6
CONTINUOUS
10
5.2052606692913388
20
-4.1749280708661418
11
5.2033859055118112
21
-4.1768028346456694
0
LINE
8
BLACK
6
CONTINUOUS
10
5.2033859055118112
20
-4.1768028346456694
11
5.2031595275590554
21
-4.1769885826771649
0
LINE
8
BLACK
6
CONTINUOUS
10
5.2031595275590554
20
-4.1769885826771649
11
5.2031083858267717
21
-4.1770475984251965
0
LINE
8
BLACK
6
CONTINUOUS
10
5.2031083858267717
20
-4.1770475984251965
11
5.2030194094488191
21
-4.1771035433070862
0
LINE
8
BLACK
6
CONTINUOUS
10
5.2030194094488191
20
-4.1771035433070862
11
5.2029384645669294
21
-4.177170039370079
0
LINE
8
BLACK
6
CONTINUOUS
10
5.2029384645669294
20
-4.177170039370079
11
5.2028664960629918
21
-4.177199842519685
0
LINE
8
BLACK
6
CONTINUOUS
10
5.2028664960629918
20
-4.177199842519685
11
5.2026185039370079
21
-4.1773559448818895
0
LINE
8
BLACK
6
CONTINUOUS
10
5.2026185039370079
20
-4.1773559448818895
11
5.1988689763779528
21
-4.1792307086614171
0
LINE
8
BLACK
6
CONTINUOUS
10
5.1988689763779528
20
-4.1792307086614171
11
5.1983283464566927
21
-4.1794375984251966
0
LINE
8
BLACK
6
CONTINUOUS
10
5.1983283464566927
20
-4.1794375984251966
11
5.1982225196850393
21
-4.1794450787401578
0
LINE
8
BLACK
6
CONTINUOUS
10
5.1982225196850393
20
-4.1794450787401578
11
5.1981245275590551
21
-4.1794857086614172
0
LINE
8
BLACK
6
CONTINUOUS
10
5.1981245275590551
20
-4.1794857086614172
11
5.1975484645669292
21
-4.179542440944882
0
LINE
8
BLACK
6
CONTINUOUS
10
5.1975484645669292
20
-4.179542440944882
11
5.1855031102362208
21
-4.179542440944882
0
LINE
8
BLACK
6
CONTINUOUS
10
5.1855031102362208
20
-4.179542440944882
11
5.1855031102362208
21
-4.1953373622047243
0
LINE
8
BLACK
6
CONTINUOUS
10
5.1855031102362208
20
-4.1953373622047243
11
5.185446377952756
21
-4.1959134251968502
0
LINE
8
BLACK
6
CONTINUOUS
10
5.185446377952756
20
-4.1959134251968502
11
5.1850054724409445
21
-4.1969778346456694
0
LINE
8
BLACK
6
CONTINUOUS
10
5.1850054724409445
20
-4.1969778346456694
11
5.184190826771653
21
-4.1977924803149609
0
LINE
8
BLACK
6
CONTINUOUS
10
5.184190826771653
20
-4.1977924803149609
11
5.1831264173228346
21
-4.1982333858267715
0
LINE
8
BLACK
6
CONTINUOUS
10
5.1831264173228346
20
-4.1982333858267715
11
5.1819742913385829
21
-4.1982333858267715
0
LINE
8
BLACK
6
CONTINUOUS
10
5.1819742913385829
20
-4.1982333858267715
11
5.1809098818897636
21
-4.1977924803149609
0
LINE
8
BLACK
6
CONTINUOUS
10
5.1809098818897636
20
-4.1977924803149609
11
5.1800952362204722
21
-4.1969778346456694
0
LINE
8
BLACK
6
CONTINUOUS
10
5.1800952362204722
20
-4.1969778346456694
11
5.1796543307086615
21
-4.1959134251968502
0
LINE
8
BLACK
6
CONTINUOUS
10
5.1796543307086615
20
-4.1959134251968502
11
5.1795975984251967
21
-4.1953373622047243
0
LINE
8
BLACK
6
CONTINUOUS
10
5.1795975984251967
20
-4.1953373622047243
11
5.1795975984251967
21
-4.1559672834645669
0
LINE
8
BLACK
6
CONTINUOUS
10
5.1795975984251967
20
-4.1559672834645669
11
5.1796543307086615
21
-4.155391220472441
0
LINE
8
BLACK
6
CONTINUOUS
10
5.1796543307086615
20
-4.155391220472441
11
5.1800952362204722
21
-4.1543268110236218
0
LINE
8
BLACK
6
CONTINUOUS
10
5.1800952362204722
20
-4.1543268110236218
11
5.1809098818897636
21
-4.1535121653543303
0
LINE
8
BLACK
6
CONTINUOUS
10
5.1809098818897636
20
-4.1535121653543303
11
5.1819742913385829
21
-4.1530712598425197
0
LINE
8
BLACK
6
CONTINUOUS
10
5.1819742913385829
20
-4.1530712598425197
11
5.1825503543307088
21
-4.1530145275590549
0
LINE
8
BLACK
6
CONTINUOUS
10
5.1825503543307088
20
-4.1530145275590549
11
5.1975484645669292
21
-4.1530145275590549
0
LINE
8
BLACK
6
CONTINUOUS
10
5.1975484645669292
20
-4.1530145275590549
11
5.1981245275590551
21
-4.1530712598425197
0
LINE
8
BLACK
6
CONTINUOUS
10
5.1855031102362208
20
-4.173636929133858
11
5.1968514173228346
21
-4.173636929133858
0
LINE
8
BLACK
6
CONTINUOUS
10
5.1968514173228346
20
-4.173636929133858
11
5.1995488976377953
21
-4.1722881889763777
0
LINE
8
BLACK
6
CONTINUOUS
10
5.1995488976377953
20
-4.1722881889763777
11
5.2007460236220471
21
-4.1710910629921258
0
LINE
8
BLACK
6
CONTINUOUS
10
5.2007460236220471
20
-4.1710910629921258
11
5.2020947637795274
21
-4.1683935826771652
0
LINE
8
BLACK
6
CONTINUOUS
10
5.2020947637795274
20
-4.1683935826771652
11
5.2020947637795274
21
-4.1641633858267717
0
LINE
8
BLACK
6
CONTINUOUS
10
5.2020947637795274
20
-4.1641633858267717
11
5.2007460236220471
21
-4.1614659055118111
0
LINE
8
BLACK
6
CONTINUOUS
10
5.2007460236220471
20
-4.1614659055118111
11
5.1995488976377953
21
-4.1602687795275592
0
LINE
8
BLACK
6
CONTINUOUS
10
5.1995488976377953
20
-4.1602687795275592
11
5.1968514173228346
21
-4.1589200393700789
0
LINE
8
BLACK
6
CONTINUOUS
10
5.1968514173228346
20
-4.1589200393700789
11
5.1855031102362208
21
-4.1589200393700789
0
LINE
8
BLACK
6
CONTINUOUS
10
5.1855031102362208
20
-4.1589200393700789
11
5.1855031102362208
21
-4.173636929133858
0
LINE
8
BLACK
6
CONTINUOUS
10
5.1999992913385826
20
-4.05307125984252
11
5.2000972834645669
21
-4.0531118503937007
0
LINE
8
BLACK
6
CONTINUOUS
10
5.2000972834645669
20
-4.0531118503937007
11
5.2002031102362203
21
-4.0531193700787398
0
LINE
8
BLACK
6
CONTINUOUS
10
5.2002031102362203
20
-4.0531193700787398
11
5.2007437401574803
21
-4.0533262598425193
0
LINE
8
BLACK
6
CONTINUOUS
10
5.2007437401574803
20
-4.0533262598425193
11
5.2044932677165354
21
-4.0552010236220468
0
LINE
8
BLACK
6
CONTINUOUS
10
5.2044932677165354
20
-4.0552010236220468
11
5.2049831496062993
21
-4.0555093700787399
0
LINE
8
BLACK
6
CONTINUOUS
10
5.2049831496062993
20
-4.0555093700787399
11
5.2057379921259841
21
-4.0563797637795274
0
LINE
8
BLACK
6
CONTINUOUS
10
5.2057379921259841
20
-4.0563797637795274
11
5.2061023228346457
21
-4.0574727165354334
0
LINE
8
BLACK
6
CONTINUOUS
10
5.2061023228346457
20
-4.0574727165354334
11
5.2060206692913384
21
-4.0586219291338583
0
LINE
8
BLACK
6
CONTINUOUS
10
5.2060206692913384
20
-4.0586219291338583
11
5.2055053937007871
21
-4.0596524409448822
0
LINE
8
BLACK
6
CONTINUOUS
10
5.2055053937007871
20
-4.0596524409448822
11
5.2046350393700784
21
-4.060407283464567
0
LINE
8
BLACK
6
CONTINUOUS
10
5.2046350393700784
20
-4.060407283464567
11
5.2035420472440945
21
-4.0607716141732286
0
LINE
8
BLACK
6
CONTINUOUS
10
5.2035420472440945
20
-4.0607716141732286
11
5.2023928346456696
21
-4.0606899606299214
0
LINE
8
BLACK
6
CONTINUOUS
10
5.2023928346456696
20
-4.0606899606299214
11
5.2018522440944883
21
-4.0604830708661419
0
LINE
8
BLACK
6
CONTINUOUS
10
5.2018522440944883
20
-4.0604830708661419
11
5.1987261811023622
21
-4.0589200393700784
0
LINE
8
BLACK
6
CONTINUOUS
10
5.1987261811023622
20
-4.0589200393700784
11
5.194278070866142
21
-4.0589200393700784
0
LINE
8
BLACK
6
CONTINUOUS
10
5.194278070866142
20
-4.0589200393700784
11
5.1897696850393702
21
-4.060422834645669
0
LINE
8
BLACK
6
CONTINUOUS
10
5.1897696850393702
20
-4.060422834645669
11
5.1868518503937011
21
-4.0633406692913381
0
LINE
8
BLACK
6
CONTINUOUS
10
5.1868518503937011
20
-4.0633406692913381
11
5.185336338582677
21
-4.0663716535433068
0
LINE
8
BLACK
6
CONTINUOUS
10
5.185336338582677
20
-4.0663716535433068
11
5.1836283464566932
21
-4.0732037007874018
0
LINE
8
BLACK
6
CONTINUOUS
10
5.1836283464566932
20
-4.0732037007874018
11
5.1836283464566932
21
-4.0781009055118114
0
LINE
8
BLACK
6
CONTINUOUS
10
5.1836283464566932
20
-4.0781009055118114
11
5.185336338582677
21
-4.0849329527559055
0
LINE
8
BLACK
6
CONTINUOUS
10
5.185336338582677
20
-4.0849329527559055
11
5.1868518503937011
21
-4.0879639370078742
0
LINE
8
BLACK
6
CONTINUOUS
10
5.1868518503937011
20
-4.0879639370078742
11
5.1897696850393702
21
-4.090881811023622
0
LINE
8
BLACK
6
CONTINUOUS
10
5.1897696850393702
20
-4.090881811023622
11
5.194278070866142
21
-4.0923846062992126
0
LINE
8
BLACK
6
CONTINUOUS
10
5.194278070866142
20
-4.0923846062992126
11
5.1970693307086613
21
-4.0923846062992126
0
LINE
8
BLACK
6
CONTINUOUS
10
5.1970693307086613
20
-4.0923846062992126
11
5.2015777165354331
21
-4.0908817716535433
0
LINE
8
BLACK
6
CONTINUOUS
10
5.2015777165354331
20
-4.0908817716535433
11
5.2020947637795274
21
-4.090364724409449
0
LINE
8
BLACK
6
CONTINUOUS
10
5.2020947637795274
20
-4.090364724409449
11
5.2020947637795274
21
-4.0814172047244091
0
LINE
8
BLACK
6
CONTINUOUS
10
5.2020947637795274
20
-4.0814172047244091
11
5.1975484645669292
21
-4.0814172047244091
0
LINE
8
BLACK
6
CONTINUOUS
10
5.1975484645669292
20
-4.0814172047244091
11
5.1969724015748033
21
-4.0813604724409451
0
LINE
8
BLACK
6
CONTINUOUS
10
5.1969724015748033
20
-4.0813604724409451
11
5.1959079921259841
21
-4.0809195669291336
0
LINE
8
BLACK
6
CONTINUOUS
10
5.1959079921259841
20
-4.0809195669291336
11
5.1950933464566926
21
-4.0801049212598421
0
LINE
8
BLACK
6
CONTINUOUS
10
5.1950933464566926
20
-4.0801049212598421
11
5.194652440944882
21
-4.0790405118110238
0
LINE
8
BLACK
6
CONTINUOUS
10
5.194652440944882
20
-4.0790405118110238
11
5.194652440944882
21
-4.0778883858267712
0
LINE
8
BLACK
6
CONTINUOUS
10
5.194652440944882
20
-4.0778883858267712
11
5.1950933464566926
21
-4.0768239763779528
0
LINE
8
BLACK
6
CONTINUOUS
10
5.1950933464566926
20
-4.0768239763779528
11
5.1959079921259841
21
-4.0760093307086613
0
LINE
8
BLACK
6
CONTINUOUS
10
5.1959079921259841
20
-4.0760093307086613
11
5.1969724015748033
21
-4.0755684251968507
0
LINE
8
BLACK
6
CONTINUOUS
10
5.1969724015748033
20
-4.0755684251968507
11
5.1975484645669292
21
-4.0755116929133859
0
LINE
8
BLACK
6
CONTINUOUS
10
5.1975484645669292
20
-4.0755116929133859
11
5.2050475196850394
21
-4.0755116929133859
0
LINE
8
BLACK
6
CONTINUOUS
10
5.2050475196850394
20
-4.0755116929133859
11
5.2056235826771653
21
-4.0755684251968507
0
LINE
8
BLACK
6
CONTINUOUS
10
5.2056235826771653
20
-4.0755684251968507
11
5.2066879921259845
21
-4.0760093307086613
0
LINE
8
BLACK
6
CONTINUOUS
10
5.2066879921259845
20
-4.0760093307086613
11
5.2075026377952751
21
-4.0768239763779528
0
LINE
8
BLACK
6
CONTINUOUS
10
5.2075026377952751
20
-4.0768239763779528
11
5.2079435433070866
21
-4.0778883858267712
0
LINE
8
BLACK
6
CONTINUOUS
10
5.2079435433070866
20
-4.0778883858267712
11
5.2080002755905515
21
-4.0784644488188979
0
LINE
8
BLACK
6
CONTINUOUS
10
5.2080002755905515
20
-4.0784644488188979
11
5.2080002755905515
21
-4.0915877952755908
0
LINE
8
BLACK
6
CONTINUOUS
10
5.2080002755905515
20
-4.0915877952755908
11
5.2079435433070866
21
-4.0921638582677167
0
LINE
8
BLACK
6
CONTINUOUS
10
5.2079435433070866
20
-4.0921638582677167
11
5.2077893307086613
21
-4.0925361417322836
0
LINE
8
BLACK
6
CONTINUOUS
10
5.2077893307086613
20
-4.0925361417322836
11
5.2075026771653539
21
-4.0932282283464563
0
LINE
8
BLACK
6
CONTINUOUS
10
5.2075026771653539
20
-4.0932282283464563
11
5.2071354330708663
21
-4.0936757086614168
0
LINE
8
BLACK
6
CONTINUOUS
10
5.2071354330708663
20
-4.0936757086614168
11
5.2052607086614175
21
-4.0955504724409444
0
LINE
8
BLACK
6
CONTINUOUS
10
5.2052607086614175
20
-4.0955504724409444
11
5.204813228346457
21
-4.0959177165354328
0
LINE
8
BLACK
6
CONTINUOUS
10
5.204813228346457
20
-4.0959177165354328
11
5.2047151574803152
21
-4.0959583070866143
0
LINE
8
BLACK
6
CONTINUOUS
10
5.2047151574803152
20
-4.0959583070866143
11
5.2046350393700784
21
-4.0960278346456693
0
LINE
8
BLACK
6
CONTINUOUS
10
5.2046350393700784
20
-4.0960278346456693
11
5.2041064960629919
21
-4.0962638188976381
0
LINE
8
BLACK
6
CONTINUOUS
10
5.2041064960629919
20
-4.0962638188976381
11
5.1984822047244093
21
-4.0981385826771657
0
LINE
8
BLACK
6
CONTINUOUS
10
5.1984822047244093
20
-4.0981385826771657
11
5.1981966141732281
21
-4.0982035039370075
0
LINE
8
BLACK
6
CONTINUOUS
10
5.1981966141732281
20
-4.0982035039370075
11
5.1981245275590551
21
-4.0982333858267719
0
LINE
8
BLACK
6
CONTINUOUS
10
5.1981245275590551
20
-4.0982333858267719
11
5.1980199999999996
21
-4.0982436614173228
0
LINE
8
BLACK
6
CONTINUOUS
10
5.1980199999999996
20
-4.0982436614173228
11
5.1979177559055119
21
-4.0982669291338585
0
LINE
8
BLACK
6
CONTINUOUS
10
5.1979177559055119
20
-4.0982669291338585
11
5.1978400000000002
21
-4.0982613779527561
0
LINE
8
BLACK
6
CONTINUOUS
10
5.1978400000000002
20
-4.0982613779527561
11
5.1975484645669292
21
-4.0982901181102358
0
LINE
8
BLACK
6
CONTINUOUS
10
5.1975484645669292
20
-4.0982901181102358
11
5.1937989370078741
21
-4.0982901181102358
0
LINE
8
BLACK
6
CONTINUOUS
10
5.1937989370078741
20
-4.0982901181102358
11
5.1935073228346456
21
-4.0982613779527561
0
LINE
8
BLACK
6
CONTINUOUS
10
5.1935073228346456
20
-4.0982613779527561
11
5.1934296062992127
21
-4.0982669291338585
0
LINE
8
BLACK
6
CONTINUOUS
10
5.1934296062992127
20
-4.0982669291338585
11
5.1933273228346453
21
-4.0982436614173228
0
LINE
8
BLACK
6
CONTINUOUS
10
5.1933273228346453
20
-4.0982436614173228
11
5.1932228740157482
21
-4.0982333858267719
0
LINE
8
BLACK
6
CONTINUOUS
10
5.1932228740157482
20
-4.0982333858267719
11
5.1931507874015743
21
-4.0982035039370075
0
LINE
8
BLACK
6
CONTINUOUS
10
5.1931507874015743
20
-4.0982035039370075
11
5.1928651574803144
21
-4.0981385826771657
0
LINE
8
BLACK
6
CONTINUOUS
10
5.1928651574803144
20
-4.0981385826771657
11
5.1872409055118105
21
-4.0962638188976381
0
LINE
8
BLACK
6
CONTINUOUS
10
5.1872409055118105
20
-4.0962638188976381
11
5.1867123228346452
21
-4.0960278346456693
0
LINE
8
BLACK
6
CONTINUOUS
10
5.1867123228346452
20
-4.0960278346456693
11
5.1866322047244093
21
-4.0959583464566931
0
LINE
8
BLACK
6
CONTINUOUS
10
5.1866322047244093
20
-4.0959583464566931
11
5.1865341732283463
21
-4.0959177559055115
0
LINE
8
BLACK
6
CONTINUOUS
10
5.1865341732283463
20
-4.0959177559055115
11
5.1860867322834645
21
-4.0955505118110231
0
LINE
8
BLACK
6
CONTINUOUS
10
5.1860867322834645
20
-4.0955505118110231
11
5.1823372047244094
21
-4.0918009448818893
0
LINE
8
BLACK
6
CONTINUOUS
10
5.1823372047244094
20
-4.0918009448818893
11
5.1821514173228342
21
-4.0915745669291335
0
LINE
8
BLACK
6
CONTINUOUS
10
5.1821514173228342
20
-4.0915745669291335
11
5.1820924409448814
21
-4.0915234251968506
0
LINE
8
BLACK
6
CONTINUOUS
10
5.1820924409448814
20
-4.0915234251968506
11
5.1820364566929129
21
-4.0914344881889759
0
LINE
8
BLACK
6
CONTINUOUS
10
5.1820364566929129
20
-4.0914344881889759
11
5.181969960629921
21
-4.0913534645669287
0
LINE
8
BLACK
6
CONTINUOUS
10
5.181969960629921
20
-4.0913534645669287
11
5.1819401181102362
21
-4.0912814173228345
0
LINE
8
BLACK
6
CONTINUOUS
10
5.1819401181102362
20
-4.0912814173228345
11
5.1817840944881892
21
-4.0910335433070868
0
LINE
8
BLACK
6
CONTINUOUS
10
5.1817840944881892
20
-4.0910335433070868
11
5.1799093307086617
21
-4.0872840157480317
0
LINE
8
BLACK
6
CONTINUOUS
10
5.1799093307086617
20
-4.0872840157480317
11
5.1798931889763775
21
-4.0872418897637797
0
LINE
8
BLACK
6
CONTINUOUS
10
5.1798931889763775
20
-4.0872418897637797
11
5.1798805118110236
21
-4.0872247637795276
0
LINE
8
BLACK
6
CONTINUOUS
10
5.1798805118110236
20
-4.0872247637795276
11
5.1797940551181103
21
-4.0869827952755902
0
LINE
8
BLACK
6
CONTINUOUS
10
5.1797940551181103
20
-4.0869827952755902
11
5.1797024409448822
21
-4.0867433858267717
0
LINE
8
BLACK
6
CONTINUOUS
10
5.1797024409448822
20
-4.0867433858267717
11
5.1797009055118108
21
-4.0867221259842514
0
LINE
8
BLACK
6
CONTINUOUS
10
5.1797009055118108
20
-4.0867221259842514
11
5.1796857480314955
21
-4.0866796456692915
0
LINE
8
BLACK
6
CONTINUOUS
10
5.1796857480314955
20
-4.0866796456692915
11
5.177810984251968
21
-4.0791805905511813
0
LINE
8
BLACK
6
CONTINUOUS
10
5.177810984251968
20
-4.0791805905511813
11
5.1777961811023623
21
-4.0790807086614169
0
LINE
8
BLACK
6
CONTINUOUS
10
5.1777961811023623
20
-4.0790807086614169
11
5.177779566929134
21
-4.0790405118110238
0
LINE
8
BLACK
6
CONTINUOUS
10
5.177779566929134
20
-4.0790405118110238
11
5.1777581889763775
21
-4.0788234645669288
0
LINE
8
BLACK
6
CONTINUOUS
10
5.1777581889763775
20
-4.0788234645669288
11
5.1777263385826773
21
-4.0786079921259839
0
LINE
8
BLACK
6
CONTINUOUS
10
5.1777263385826773
20
-4.0786079921259839
11
5.1777327165354325
21
-4.0785649606299215
0
LINE
8
BLACK
6
CONTINUOUS
10
5.1777327165354325
20
-4.0785649606299215
11
5.1777228346456692
21
-4.0784644488188979
0
LINE
8
BLACK
6
CONTINUOUS
10
5.1777228346456692
20
-4.0784644488188979
11
5.1777228346456692
21
-4.0728401574803152
0
LINE
8
BLACK
6
CONTINUOUS
10
5.1777228346456692
20
-4.0728401574803152
11
5.1777327165354325
21
-4.0727396062992129
0
LINE
8
BLACK
6
CONTINUOUS
10
5.1777327165354325
20
-4.0727396062992129
11
5.1777263385826773
21
-4.0726966141732284
0
LINE
8
BLACK
6
CONTINUOUS
10
5.1777263385826773
20
-4.0726966141732284
11
5.1777581889763775
21
-4.0724811023622047
0
LINE
8
BLACK
6
CONTINUOUS
10
5.1777581889763775
20
-4.0724811023622047
11
5.177779566929134
21
-4.0722640944881885
0
LINE
8
BLACK
6
CONTINUOUS
10
5.177779566929134
20
-4.0722640944881885
11
5.1777961811023623
21
-4.0722238582677166
0
LINE
8
BLACK
6
CONTINUOUS
10
5.1777961811023623
20
-4.0722238582677166
11
5.177810984251968
21
-4.0721240157480318
0
LINE
8
BLACK
6
CONTINUOUS
10
5.177810984251968
20
-4.0721240157480318
11
5.1796857480314955
21
-4.0646249606299207
0
LINE
8
BLACK
6
CONTINUOUS
10
5.1796857480314955
20
-4.0646249606299207
11
5.1797009055118108
21
-4.0645824409448821
0
LINE
8
BLACK
6
CONTINUOUS
10
5.1797009055118108
20
-4.0645824409448821
11
5.1797024409448822
21
-4.0645612204724406
0
LINE
8
BLACK
6
CONTINUOUS
10
5.1797024409448822
20
-4.0645612204724406
11
5.1797940551181103
21
-4.0643217716535434
0
LINE
8
BLACK
6
CONTINUOUS
10
5.1797940551181103
20
-4.0643217716535434
11
5.1798805118110236
21
-4.0640798425196847
0
LINE
8
BLACK
6
CONTINUOUS
10
5.1798805118110236
20
-4.0640798425196847
11
5.1798931889763775
21
-4.0640626771653539
0
LINE
8
BLACK
6
CONTINUOUS
10
5.1798931889763775
20
-4.0640626771653539
11
5.1799093307086617
21
-4.0640205905511806
0
LINE
8
BLACK
6
CONTINUOUS
10
5.1799093307086617
20
-4.0640205905511806
11
5.1817840944881892
21
-4.0602710629921255
0
LINE
8
BLACK
6
CONTINUOUS
10
5.1817840944881892
20
-4.0602710629921255
11
5.181940157480315
21
-4.0600230314960628
0
LINE
8
BLACK
6
CONTINUOUS
10
5.181940157480315
20
-4.0600230314960628
11
5.1819699999999997
21
-4.0599511023622048
0
LINE
8
BLACK
6
CONTINUOUS
10
5.1819699999999997
20
-4.0599511023622048
11
5.1820364566929129
21
-4.0598701181102363
0
LINE
8
BLACK
6
CONTINUOUS
10
5.1820364566929129
20
-4.0598701181102363
11
5.1820924409448814
21
-4.0597811811023625
0
LINE
8
BLACK
6
CONTINUOUS
10
5.1820924409448814
20
-4.0597811811023625
11
5.1821514173228342
21
-4.0597300000000001
0
LINE
8
BLACK
6
CONTINUOUS
10
5.1821514173228342
20
-4.0597300000000001
11
5.1823372047244094
21
-4.059503661417323
0
LINE
8
BLACK
6
CONTINUOUS
10
5.1823372047244094
20
-4.059503661417323
11
5.1860867322834645
21
-4.0557541338582679
0
LINE
8
BLACK
6
CONTINUOUS
10
5.1860867322834645
20
-4.0557541338582679
11
5.1865341732283463
21
-4.0553868897637795
0
LINE
8
BLACK
6
CONTINUOUS
10
5.1865341732283463
20
-4.0553868897637795
11
5.1866322047244093
21
-4.0553462598425192
0
LINE
8
BLACK
6
CONTINUOUS
10
5.1866322047244093
20
-4.0553462598425192
11
5.1867123228346452
21
-4.0552768110236217
0
LINE
8
BLACK
6
CONTINUOUS
10
5.1867123228346452
20
-4.0552768110236217
11
5.1872409055118105
21
-4.0550408267716538
0
LINE
8
BLACK
6
CONTINUOUS
10
5.1872409055118105
20
-4.0550408267716538
11
5.1928651574803144
21
-4.0531660629921262
0
LINE
8
BLACK
6
CONTINUOUS
10
5.1928651574803144
20
-4.0531660629921262
11
5.1931507874015743
21
-4.0531011023622048
0
LINE
8
BLACK
6
CONTINUOUS
10
5.1931507874015743
20
-4.0531011023622048
11
5.1932228740157482
21
-4.05307125984252
0
LINE
8
BLACK
6
CONTINUOUS
10
5.1932228740157482
20
-4.05307125984252
11
5.1933273228346453
21
-4.0530609448818895
0
LINE
8
BLACK
6
CONTINUOUS
10
5.1933273228346453
20
-4.0530609448818895
11
5.1934296062992127
21
-4.0530377165354325
0
LINE
8
BLACK
6
CONTINUOUS
10
5.1934296062992127
20
-4.0530377165354325
11
5.1935073228346456
21
-4.053043228346457
0
LINE
8
BLACK
6
CONTINUOUS
10
5.1935073228346456
20
-4.053043228346457
11
5.1937989370078741
21
-4.0530145275590552
0
LINE
8
BLACK
6
CONTINUOUS
10
5.1937989370078741
20
-4.0530145275590552
11
5.1994232283464568
21
-4.0530145275590552
0
LINE
8
BLACK
6
CONTINUOUS
10
5.1994232283464568
20
-4.0530145275590552
11
5.1999992913385826
21
-4.05307125984252
0
LINE
8
BLACK
6
CONTINUOUS
10
5.2728306299212599
20
-4.053043228346457
11
5.2729083858267716
21
-4.0530377165354325
0
LINE
8
BLACK
6
CONTINUOUS
10
5.2729083858267716
20
-4.0530377165354325
11
5.2730106299212594
21
-4.0530609448818895
0
LINE
8
BLACK
6
CONTINUOUS
10
5.2730106299212594
20
-4.0530609448818895
11
5.2731151574803148
21
-4.05307125984252
0
LINE
8
BLACK
6
CONTINUOUS
10
5.2731151574803148
20
-4.05307125984252
11
5.2731872440944878
21
-4.0531011023622048
0
LINE
8
BLACK
6
CONTINUOUS
10
5.2731872440944878
20
-4.0531011023622048
11
5.273472834645669
21
-4.0531660629921262
0
LINE
8
BLACK
6
CONTINUOUS
10
5.273472834645669
20
-4.0531660629921262
11
5.2790971259842516
21
-4.0550408267716538
0
LINE
8
BLACK
6
CONTINUOUS
10
5.2790971259842516
20
-4.0550408267716538
11
5.2796256692913381
21
-4.0552768110236217
0
LINE
8
BLACK
6
CONTINUOUS
10
5.2796256692913381
20
-4.0552768110236217
11
5.2797057874015749
21
-4.0553462992125979
0
LINE
8
BLACK
6
CONTINUOUS
10
5.2797057874015749
20
-4.0553462992125979
11
5.2798038582677167
21
-4.0553869291338582
0
LINE
8
BLACK
6
CONTINUOUS
10
5.2798038582677167
20
-4.0553869291338582
11
5.2802512992125985
21
-4.0557541338582679
0
LINE
8
BLACK
6
CONTINUOUS
10
5.2802512992125985
20
-4.0557541338582679
11
5.2840008267716536
21
-4.059503661417323
0
LINE
8
BLACK
6
CONTINUOUS
10
5.2840008267716536
20
-4.059503661417323
11
5.2841866535433066
21
-4.0597300393700788
0
LINE
8
BLACK
6
CONTINUOUS
10
5.2841866535433066
20
-4.0597300393700788
11
5.2842455905511807
21
-4.0597811811023625
0
LINE
8
BLACK
6
CONTINUOUS
10
5.2842455905511807
20
-4.0597811811023625
11
5.284301456692913
21
-4.0598699212598426
0
LINE
8
BLACK
6
CONTINUOUS
10
5.284301456692913
20
-4.0598699212598426
11
5.284368070866142
21
-4.0599511023622048
0
LINE
8
BLACK
6
CONTINUOUS
10
5.284368070866142
20
-4.0599511023622048
11
5.2843979133858268
21
-4.0600232283464566
0
LINE
8
BLACK
6
CONTINUOUS
10
5.2843979133858268
20
-4.0600232283464566
11
5.2845539370078738
21
-4.0602710629921255
0
LINE
8
BLACK
6
CONTINUOUS
10
5.2845539370078738
20
-4.0602710629921255
11
5.2864287007874013
21
-4.0640205905511806
0
LINE
8
BLACK
6
CONTINUOUS
10
5.2864287007874013
20
-4.0640205905511806
11
5.2864448031496059
21
-4.0640626771653539
0
LINE
8
BLACK
6
CONTINUOUS
10
5.2864448031496059
20
-4.0640626771653539
11
5.2864575196850394
21
-4.0640798425196847
0
LINE
8
BLACK
6
CONTINUOUS
10
5.2864575196850394
20
-4.0640798425196847
11
5.2865438188976377
21
-4.0643214173228346
0
LINE
8
BLACK
6
CONTINUOUS
10
5.2865438188976377
20
-4.0643214173228346
11
5.2866355905511808
21
-4.0645611811023619
0
LINE
8
BLACK
6
CONTINUOUS
10
5.2866355905511808
20
-4.0645611811023619
11
5.2866370866141734
21
-4.0645824409448821
0
LINE
8
BLACK
6
CONTINUOUS
10
5.2866370866141734
20
-4.0645824409448821
11
5.2866522834645666
21
-4.0646249606299207
0
LINE
8
BLACK
6
CONTINUOUS
10
5.2866522834645666
20
-4.0646249606299207
11
5.2885270472440942
21
-4.0721240157480318
0
LINE
8
BLACK
6
CONTINUOUS
10
5.2885270472440942
20
-4.0721240157480318
11
5.288541811023622
21
-4.0722238582677166
0
LINE
8
BLACK
6
CONTINUOUS
10
5.288541811023622
20
-4.0722238582677166
11
5.288558464566929
21
-4.0722640944881885
0
LINE
8
BLACK
6
CONTINUOUS
10
5.288558464566929
20
-4.0722640944881885
11
5.2885798031496059
21
-4.0724811023622047
0
LINE
8
BLACK
6
CONTINUOUS
10
5.2885798031496059
20
-4.0724811023622047
11
5.2886116929133857
21
-4.0726966141732284
0
LINE
8
BLACK
6
CONTINUOUS
10
5.2886116929133857
20
-4.0726966141732284
11
5.2886052755905508
21
-4.0727396062992129
0
LINE
8
BLACK
6
CONTINUOUS
10
5.2886052755905508
20
-4.0727396062992129
11
5.2886151968503938
21
-4.0728401574803152
0
LINE
8
BLACK
6
CONTINUOUS
10
5.2886151968503938
20
-4.0728401574803152
11
5.2886151968503938
21
-4.0784644488188979
0
LINE
8
BLACK
6
CONTINUOUS
10
5.2886151968503938
20
-4.0784644488188979
11
5.2886052755905508
21
-4.0785649606299215
0
LINE
8
BLACK
6
CONTINUOUS
10
5.2886052755905508
20
-4.0785649606299215
11
5.2886116929133857
21
-4.0786079921259839
0
LINE
8
BLACK
6
CONTINUOUS
10
5.2886116929133857
20
-4.0786079921259839
11
5.2885798031496059
21
-4.0788234645669288
0
LINE
8
BLACK
6
CONTINUOUS
10
5.2885798031496059
20
-4.0788234645669288
11
5.288558464566929
21
-4.0790405118110238
0
LINE
8
BLACK
6
CONTINUOUS
10
5.288558464566929
20
-4.0790405118110238
11
5.288541811023622
21
-4.0790807086614169
0
LINE
8
BLACK
6
CONTINUOUS
10
5.288541811023622
20
-4.0790807086614169
11
5.2885270472440942
21
-4.0791805905511813
0
LINE
8
BLACK
6
CONTINUOUS
10
5.2885270472440942
20
-4.0791805905511813
11
5.2866522834645666
21
-4.0866796456692915
0
LINE
8
BLACK
6
CONTINUOUS
10
5.2866522834645666
20
-4.0866796456692915
11
5.2866370866141734
21
-4.0867221259842514
0
LINE
8
BLACK
6
CONTINUOUS
10
5.2866370866141734
20
-4.0867221259842514
11
5.2866355905511808
21
-4.0867434251968504
0
LINE
8
BLACK
6
CONTINUOUS
10
5.2866355905511808
20
-4.0867434251968504
11
5.2865438188976377
21
-4.0869831496062989
0
LINE
8
BLACK
6
CONTINUOUS
10
5.2865438188976377
20
-4.0869831496062989
11
5.2864575196850394
21
-4.0872247637795276
0
LINE
8
BLACK
6
CONTINUOUS
10
5.2864575196850394
20
-4.0872247637795276
11
5.2864448031496059
21
-4.0872418897637797
0
LINE
8
BLACK
6
CONTINUOUS
10
5.2864448031496059
20
-4.0872418897637797
11
5.2864287007874013
21
-4.0872840157480317
0
LINE
8
BLACK
6
CONTINUOUS
10
5.2864287007874013
20
-4.0872840157480317
11
5.2845539370078738
21
-4.0910335433070868
0
LINE
8
BLACK
6
CONTINUOUS
10
5.2845539370078738
20
-4.0910335433070868
11
5.284397874015748
21
-4.0912814173228345
0
LINE
8
BLACK
6
CONTINUOUS
10
5.284397874015748
20
-4.0912814173228345
11
5.284368070866142
21
-4.0913534645669287
0
LINE
8
BLACK
6
CONTINUOUS
10
5.284368070866142
20
-4.0913534645669287
11
5.2843015354330705
21
-4.0914344881889759
0
LINE
8
BLACK
6
CONTINUOUS
10
5.2843015354330705
20
-4.0914344881889759
11
5.2842455905511807
21
-4.0915234251968506
0
LINE
8
BLACK
6
CONTINUOUS
10
5.2842455905511807
20
-4.0915234251968506
11
5.2841865748031491
21
-4.0915745669291335
0
LINE
8
BLACK
6
CONTINUOUS
10
5.2841865748031491
20
-4.0915745669291335
11
5.2840008661417324
21
-4.0918009055118105
0
LINE
8
BLACK
6
CONTINUOUS
10
5.2840008661417324
20
-4.0918009055118105
11
5.2802512992125985
21
-4.0955505118110231
0
LINE
8
BLACK
6
CONTINUOUS
10
5.2802512992125985
20
-4.0955505118110231
11
5.2798038582677167
21
-4.0959177165354328
0
LINE
8
BLACK
6
CONTINUOUS
10
5.2798038582677167
20
-4.0959177165354328
11
5.2797057874015749
21
-4.0959583070866143
0
LINE
8
BLACK
6
CONTINUOUS
10
5.2797057874015749
20
-4.0959583070866143
11
5.2796256692913381
21
-4.0960278346456693
0
LINE
8
BLACK
6
CONTINUOUS
10
5.2796256692913381
20
-4.0960278346456693
11
5.2790971259842516
21
-4.0962638188976381
0
LINE
8
BLACK
6
CONTINUOUS
10
5.2790971259842516
20
-4.0962638188976381
11
5.273472834645669
21
-4.0981385826771657
0
LINE
8
BLACK
6
CONTINUOUS
10
5.273472834645669
20
-4.0981385826771657
11
5.2731872440944878
21
-4.0982035039370075
0
LINE
8
BLACK
6
CONTINUOUS
10
5.2731872440944878
20
-4.0982035039370075
11
5.2731151574803148
21
-4.0982333858267719
0
LINE
8
BLACK
6
CONTINUOUS
10
5.2731151574803148
20
-4.0982333858267719
11
5.2730106299212594
21
-4.0982436614173228
0
LINE
8
BLACK
6
CONTINUOUS
10
5.2730106299212594
20
-4.0982436614173228
11
5.2729083858267716
21
-4.0982669291338585
0
LINE
8
BLACK
6
CONTINUOUS
10
5.2729083858267716
20
-4.0982669291338585
11
5.2728306299212599
21
-4.0982613779527561
0
LINE
8
BLACK
6
CONTINUOUS
10
5.2728306299212599
20
-4.0982613779527561
11
5.2725390944881889
21
-4.0982901181102358
0
LINE
8
BLACK
6
CONTINUOUS
10
5.2725390944881889
20
-4.0982901181102358
11
5.2631652755905511
21
-4.0982901181102358
0
LINE
8
BLACK
6
CONTINUOUS
10
5.2631652755905511
20
-4.0982901181102358
11
5.2625892125984253
21
-4.0982333858267719
0
LINE
8
BLACK
6
CONTINUOUS
10
5.2625892125984253
20
-4.0982333858267719
11
5.261524803149606
21
-4.0977924803149604
0
LINE
8
BLACK
6
CONTINUOUS
10
5.261524803149606
20
-4.0977924803149604
11
5.2607101574803146
21
-4.0969778346456689
0
LINE
8
BLACK
6
CONTINUOUS
10
5.2607101574803146
20
-4.0969778346456689
11
5.2602692519685039
21
-4.0959134251968505
0
LINE
8
BLACK
6
CONTINUOUS
10
5.2602692519685039
20
-4.0959134251968505
11
5.2602125196850391
21
-4.0953373622047247
0
LINE
8
BLACK
6
CONTINUOUS
10
5.2602125196850391
20
-4.0953373622047247
11
5.2602125196850391
21
-4.0559672834645673
0
LINE
8
BLACK
6
CONTINUOUS
10
5.2602125196850391
20
-4.0559672834645673
11
5.2602692519685039
21
-4.0553912204724405
0
LINE
8
BLACK
6
CONTINUOUS
10
5.2602692519685039
20
-4.0553912204724405
11
5.2607101574803146
21
-4.0543268110236221
0
LINE
8
BLACK
6
CONTINUOUS
10
5.2607101574803146
20
-4.0543268110236221
11
5.261524803149606
21
-4.0535121653543307
0
LINE
8
BLACK
6
CONTINUOUS
10
5.261524803149606
20
-4.0535121653543307
11
5.2625892125984253
21
-4.05307125984252
0
LINE
8
BLACK
6
CONTINUOUS
10
5.2625892125984253
20
-4.05307125984252
11
5.2631652755905511
21
-4.0530145275590552
0
LINE
8
BLACK
6
CONTINUOUS
10
5.2631652755905511
20
-4.0530145275590552
11
5.2725390944881889
21
-4.0530145275590552
0
LINE
8
BLACK
6
CONTINUOUS
10
5.2725390944881889
20
-4.0530145275590552
11
5.2728306299212599
21
-4.053043228346457
0
LINE
8
BLACK
6
CONTINUOUS
10
5.2661180314960632
20
-4.0923846062992126
11
5.272059960629921
21
-4.0923846062992126
0
LINE
8
BLACK
6
CONTINUOUS
10
5.272059960629921
20
-4.0923846062992126
11
5.2765683464566928
21
-4.0908817716535433
0
LINE
8
BLACK
6
CONTINUOUS
10
5.2765683464566928
20
-4.0908817716535433
11
5.2794861417322831
21
-4.0879639370078742
0
LINE
8
BLACK
6
CONTINUOUS
10
5.2794861417322831
20
-4.0879639370078742
11
5.2810016535433073
21
-4.0849329527559055
0
LINE
8
BLACK
6
CONTINUOUS
10
5.2810016535433073
20
-4.0849329527559055
11
5.2827096850393698
21
-4.0781009055118114
0
LINE
8
BLACK
6
CONTINUOUS
10
5.2827096850393698
20
-4.0781009055118114
11
5.2827096850393698
21
-4.0732037007874018
0
LINE
8
BLACK
6
CONTINUOUS
10
5.2827096850393698
20
-4.0732037007874018
11
5.2810016535433073
21
-4.0663716535433068
0
LINE
8
BLACK
6
CONTINUOUS
10
5.2810016535433073
20
-4.0663716535433068
11
5.2794861811023619
21
-4.0633406692913381
0
LINE
8
BLACK
6
CONTINUOUS
10
5.2794861811023619
20
-4.0633406692913381
11
5.2765683464566928
21
-4.060422834645669
0
LINE
8
BLACK
6
CONTINUOUS
10
5.2765683464566928
20
-4.060422834645669
11
5.272059960629921
21
-4.0589200393700784
0
LINE
8
BLACK
6
CONTINUOUS
10
5.272059960629921
20
-4.0589200393700784
11
5.2661180314960632
21
-4.0589200393700784
0
LINE
8
BLACK
6
CONTINUOUS
10
5.2661180314960632
20
-4.0589200393700784
11
5.2661180314960632
21
-4.0923846062992126
0
LINE
8
BLACK
6
CONTINUOUS
10
5.2223082677165351
20
-4.05307125984252
11
5.222496496062992
21
-4.05307125984252
0
LINE
8
BLACK
6
CONTINUOUS
10
5.222496496062992
20
-4.05307125984252
11
5.2228592913385823
21
-4.053221535433071
0
LINE
8
BLACK
6
CONTINUOUS
10
5.2228592913385823
20
-4.053221535433071
11
5.2232381889763779
21
-4.0533248818897638
0
LINE
8
BLACK
6
CONTINUOUS
10
5.2232381889763779
20
-4.0533248818897638
11
5.2233870078740159
21
-4.0534401181102364
0
LINE
8
BLACK
6
CONTINUOUS
10
5.2233870078740159
20
-4.0534401181102364
11
5.2235609055118113
21
-4.0535121653543307
0
LINE
8
BLACK
6
CONTINUOUS
10
5.2235609055118113
20
-4.0535121653543307
11
5.2238384645669287
21
-4.053789724409449
0
LINE
8
BLACK
6
CONTINUOUS
10
5.2238384645669287
20
-4.053789724409449
11
5.2241490944881885
21
-4.0540302755905513
0
LINE
8
BLACK
6
CONTINUOUS
10
5.2241490944881885
20
-4.0540302755905513
11
5.2243204330708659
21
-4.0542716929133853
0
LINE
8
BLACK
6
CONTINUOUS
10
5.2243204330708659
20
-4.0542716929133853
11
5.2243755511811019
21
-4.0543268110236221
0
LINE
8
BLACK
6
CONTINUOUS
10
5.2243755511811019
20
-4.0543268110236221
11
5.224397952755905
21
-4.0543809055118105
0
LINE
8
BLACK
6
CONTINUOUS
10
5.224397952755905
20
-4.0543809055118105
11
5.2244841338582679
21
-4.0545023228346455
0
LINE
8
BLACK
6
CONTINUOUS
10
5.2244841338582679
20
-4.0545023228346455
11
5.2414648425196848
21
-4.0842185826771651
0
LINE
8
BLACK
6
CONTINUOUS
10
5.2414648425196848
20
-4.0842185826771651
11
5.2414648425196848
21
-4.0559672834645673
0
LINE
8
BLACK
6
CONTINUOUS
10
5.2414648425196848
20
-4.0559672834645673
11
5.2415215748031496
21
-4.0553912204724405
0
LINE
8
BLACK
6
CONTINUOUS
10
5.2415215748031496
20
-4.0553912204724405
11
5.2419624803149603
21
-4.0543268110236221
0
LINE
8
BLACK
6
CONTINUOUS
10
5.2419624803149603
20
-4.0543268110236221
11
5.2427771259842517
21
-4.0535121653543307
0
LINE
8
BLACK
6
CONTINUOUS
10
5.2427771259842517
20
-4.0535121653543307
11
5.243841535433071
21
-4.05307125984252
0
LINE
8
BLACK
6
CONTINUOUS
10
5.243841535433071
20
-4.05307125984252
11
5.2449936614173227
21
-4.05307125984252
0
LINE
8
BLACK
6
CONTINUOUS
10
5.2449936614173227
20
-4.05307125984252
11
5.246058070866142
21
-4.0535121653543307
0
LINE
8
BLACK
6
CONTINUOUS
10
5.246058070866142
20
-4.0535121653543307
11
5.2468727165354325
21
-4.0543268110236221
0
LINE
8
BLACK
6
CONTINUOUS
10
5.2468727165354325
20
-4.0543268110236221
11
5.2473136220472441
21
-4.0553912204724405
0
LINE
8
BLACK
6
CONTINUOUS
10
5.2473136220472441
20
-4.0553912204724405
11
5.2473703543307089
21
-4.0559672834645673
0
LINE
8
BLACK
6
CONTINUOUS
10
5.2473703543307089
20
-4.0559672834645673
11
5.2473703543307089
21
-4.0953373622047247
0
LINE
8
BLACK
6
CONTINUOUS
10
5.2473703543307089
20
-4.0953373622047247
11
5.2473557480314961
21
-4.0954855118110238
0
LINE
8
BLACK
6
CONTINUOUS
10
5.2473557480314961
20
-4.0954855118110238
11
5.2473631496062989
21
-4.0955436220472441
0
LINE
8
BLACK
6
CONTINUOUS
10
5.2473631496062989
20
-4.0955436220472441
11
5.2473425984251971
21
-4.0956188188976377
0
LINE
8
BLACK
6
CONTINUOUS
10
5.2473425984251971
20
-4.0956188188976377
11
5.2473136220472441
21
-4.0959134251968505
0
LINE
8
BLACK
6
CONTINUOUS
10
5.2473136220472441
20
-4.0959134251968505
11
5.2471633070866144
21
-4.0962762204724408
0
LINE
8
BLACK
6
CONTINUOUS
10
5.2471633070866144
20
-4.0962762204724408
11
5.2470600000000003
21
-4.0966551181102364
0
LINE
8
BLACK
6
CONTINUOUS
10
5.2470600000000003
20
-4.0966551181102364
11
5.2469447244094489
21
-4.0968039370078735
0
LINE
8
BLACK
6
CONTINUOUS
10
5.2469447244094489
20
-4.0968039370078735
11
5.2468727165354325
21
-4.0969778346456689
0
LINE
8
BLACK
6
CONTINUOUS
10
5.2468727165354325
20
-4.0969778346456689
11
5.2465951181102364
21
-4.0972553937007872
0
LINE
8
BLACK
6
CONTINUOUS
10
5.2465951181102364
20
-4.0972553937007872
11
5.2463546062992128
21
-4.097566023622047
0
LINE
8
BLACK
6
CONTINUOUS
10
5.2463546062992128
20
-4.097566023622047
11
5.2461910629921258
21
-4.0976594488188978
0
LINE
8
BLACK
6
CONTINUOUS
10
5.2461910629921258
20
-4.0976594488188978
11
5.246058070866142
21
-4.0977924803149604
0
LINE
8
BLACK
6
CONTINUOUS
10
5.246058070866142
20
-4.0977924803149604
11
5.2456953543307083
21
-4.0979427165354334
0
LINE
8
BLACK
6
CONTINUOUS
10
5.2456953543307083
20
-4.0979427165354334
11
5.2453542519685037
21
-4.0981376377952756
0
LINE
8
BLACK
6
CONTINUOUS
10
5.2453542519685037
20
-4.0981376377952756
11
5.2451674803149606
21
-4.0981613385826767
0
LINE
8
BLACK
6
CONTINUOUS
10
5.2451674803149606
20
-4.0981613385826767
11
5.2449936614173227
21
-4.0982333858267719
0
LINE
8
BLACK
6
CONTINUOUS
10
5.2449936614173227
20
-4.0982333858267719
11
5.2446009842519681
21
-4.0982333858267719
0
LINE
8
BLACK
6
CONTINUOUS
10
5.2446009842519681
20
-4.0982333858267719
11
5.2442113385826774
21
-4.0982829133858267
0
LINE
8
BLACK
6
CONTINUOUS
10
5.2442113385826774
20
-4.0982829133858267
11
5.244029763779527
21
-4.0982333858267719
0
LINE
8
BLACK
6
CONTINUOUS
10
5.244029763779527
20
-4.0982333858267719
11
5.243841535433071
21
-4.0982333858267719
0
LINE
8
BLACK
6
CONTINUOUS
10
5.243841535433071
20
-4.0982333858267719
11
5.2434786614173223
21
-4.0980830708661413
0
LINE
8
BLACK
6
CONTINUOUS
10
5.2434786614173223
20
-4.0980830708661413
11
5.2430998818897638
21
-4.0979797637795272
0
LINE
8
BLACK
6
CONTINUOUS
10
5.2430998818897638
20
-4.0979797637795272
11
5.2429510629921259
21
-4.0978645275590546
0
LINE
8
BLACK
6
CONTINUOUS
10
5.2429510629921259
20
-4.0978645275590546
11
5.2427771259842517
21
-4.0977924803149604
0
LINE
8
BLACK
6
CONTINUOUS
10
5.2427771259842517
20
-4.0977924803149604
11
5.2424994881889759
21
-4.0975148425196846
0
LINE
8
BLACK
6
CONTINUOUS
10
5.2424994881889759
20
-4.0975148425196846
11
5.2421889370078736
21
-4.0972743700787397
0
LINE
8
BLACK
6
CONTINUOUS
10
5.2421889370078736
20
-4.0972743700787397
11
5.2420174803149608
21
-4.0970328346456695
0
LINE
8
BLACK
6
CONTINUOUS
10
5.2420174803149608
20
-4.0970328346456695
11
5.2419624803149603
21
-4.0969778346456689
0
LINE
8
BLACK
6
CONTINUOUS
10
5.2419624803149603
20
-4.0969778346456689
11
5.2419400787401571
21
-4.0969237795275593
0
LINE
8
BLACK
6
CONTINUOUS
10
5.2419400787401571
20
-4.0969237795275593
11
5.2418538976377951
21
-4.0968023622047243
0
LINE
8
BLACK
6
CONTINUOUS
10
5.2418538976377951
20
-4.0968023622047243
11
5.2248731889763782
21
-4.0670860236220472
0
LINE
8
BLACK
6
CONTINUOUS
10
5.2248731889763782
20
-4.0670860236220472
11
5.2248731889763782
21
-4.0953373622047247
0
LINE
8
BLACK
6
CONTINUOUS
10
5.2248731889763782
20
-4.0953373622047247
11
5.2248164566929134
21
-4.0959134251968505
0
LINE
8
BLACK
6
CONTINUOUS
10
5.2248164566929134
20
-4.0959134251968505
11
5.2243755511811019
21
-4.0969778346456689
0
LINE
8
BLACK
6
CONTINUOUS
10
5.2243755511811019
20
-4.0969778346456689
11
5.2235609055118113
21
-4.0977924803149604
0
LINE
8
BLACK
6
CONTINUOUS
10
5.2235609055118113
20
-4.0977924803149604
11
5.222496496062992
21
-4.0982333858267719
0
LINE
8
BLACK
6
CONTINUOUS
10
5.222496496062992
20
-4.0982333858267719
11
5.2213443700787403
21
-4.0982333858267719
0
LINE
8
BLACK
6
CONTINUOUS
10
5.2213443700787403
20
-4.0982333858267719
11
5.2202799606299211
21
-4.0977924803149604
0
LINE
8
BLACK
6
CONTINUOUS
10
5.2202799606299211
20
-4.0977924803149604
11
5.2194653149606296
21
-4.0969778346456689
0
LINE
8
BLACK
6
CONTINUOUS
10
5.2194653149606296
20
-4.0969778346456689
11
5.219024409448819
21
-4.0959134251968505
0
LINE
8
BLACK
6
CONTINUOUS
10
5.219024409448819
20
-4.0959134251968505
11
5.2189676771653541
21
-4.0953373622047247
0
LINE
8
BLACK
6
CONTINUOUS
10
5.2189676771653541
20
-4.0953373622047247
11
5.2189676771653541
21
-4.0559672834645673
0
LINE
8
BLACK
6
CONTINUOUS
10
5.2189676771653541
20
-4.0559672834645673
11
5.2189822440944882
21
-4.0558190944881884
0
LINE
8
BLACK
6
CONTINUOUS
10
5.2189822440944882
20
-4.0558190944881884
11
5.2189748818897632
21
-4.0557610236220469
0
LINE
8
BLACK
6
CONTINUOUS
10
5.2189748818897632
20
-4.0557610236220469
11
5.2189953937007871
21
-4.0556857874015746
0
LINE
8
BLACK
6
CONTINUOUS
10
5.2189953937007871
20
-4.0556857874015746
11
5.219024409448819
21
-4.0553912204724405
0
LINE
8
BLACK
6
CONTINUOUS
10
5.219024409448819
20
-4.0553912204724405
11
5.2191746850393699
21
-4.0550283858267715
0
LINE
8
BLACK
6
CONTINUOUS
10
5.2191746850393699
20
-4.0550283858267715
11
5.2192780314960627
21
-4.0546495275590546
0
LINE
8
BLACK
6
CONTINUOUS
10
5.2192780314960627
20
-4.0546495275590546
11
5.2193932677165353
21
-4.0545006692913388
0
LINE
8
BLACK
6
CONTINUOUS
10
5.2193932677165353
20
-4.0545006692913388
11
5.2194653149606296
21
-4.0543268110236221
0
LINE
8
BLACK
6
CONTINUOUS
10
5.2194653149606296
20
-4.0543268110236221
11
5.2197428740157479
21
-4.0540492125984251
0
LINE
8
BLACK
6
CONTINUOUS
10
5.2197428740157479
20
-4.0540492125984251
11
5.2199834251968502
21
-4.053738622047244
0
LINE
8
BLACK
6
CONTINUOUS
10
5.2199834251968502
20
-4.053738622047244
11
5.2201469291338585
21
-4.0536451574803145
0
LINE
8
BLACK
6
CONTINUOUS
10
5.2201469291338585
20
-4.0536451574803145
11
5.2202799606299211
21
-4.0535121653543307
0
LINE
8
BLACK
6
CONTINUOUS
10
5.2202799606299211
20
-4.0535121653543307
11
5.220642637795275
21
-4.0533618897637798
0
LINE
8
BLACK
6
CONTINUOUS
10
5.220642637795275
20
-4.0533618897637798
11
5.2209837795275593
21
-4.0531670078740154
0
LINE
8
BLACK
6
CONTINUOUS
10
5.2209837795275593
20
-4.0531670078740154
11
5.2211705118110237
21
-4.0531432677165355
0
LINE
8
BLACK
6
CONTINUOUS
10
5.2211705118110237
20
-4.0531432677165355
11
5.2213443700787403
21
-4.05307125984252
0
LINE
8
BLACK
6
CONTINUOUS
10
5.2213443700787403
20
-4.05307125984252
11
5.221737047244094
21
-4.05307125984252
0
LINE
8
BLACK
6
CONTINUOUS
10
5.221737047244094
20
-4.05307125984252
11
5.2221266929133856
21
-4.0530217322834643
0
LINE
8
BLACK
6
CONTINUOUS
10
5.2221266929133856
20
-4.0530217322834643
11
5.2223082677165351
21
-4.05307125984252
0
LINE
8
BLACK
6
CONTINUOUS
10
5.2591814566929136
20
-3.9535121653543306
11
5.2599961023622042
21
-3.954326811023622
0
LINE
8
BLACK
6
CONTINUOUS
10
5.2599961023622042
20
-3.954326811023622
11
5.2604370078740157
21
-3.9553912204724408
0
LINE
8
BLACK
6
CONTINUOUS
10
5.2604370078740157
20
-3.9553912204724408
11
5.2604937401574805
21
-3.9559672834645667
0
LINE
8
BLACK
6
CONTINUOUS
10
5.2604937401574805
20
-3.9559672834645667
11
5.2604937401574805
21
-3.9923846062992125
0
LINE
8
BLACK
6
CONTINUOUS
10
5.2604937401574805
20
-3.9923846062992125
11
5.276288622047244
21
-3.9923846062992125
0
LINE
8
BLACK
6
CONTINUOUS
10
5.276288622047244
20
-3.9923846062992125
11
5.2768646850393699
21
-3.9924413385826769
0
LINE
8
BLACK
6
CONTINUOUS
10
5.2768646850393699
20
-3.9924413385826769
11
5.2779290944881891
21
-3.992882244094488
0
LINE
8
BLACK
6
CONTINUOUS
10
5.2779290944881891
20
-3.992882244094488
11
5.2787437401574806
21
-3.9936968897637795
0
LINE
8
BLACK
6
CONTINUOUS
10
5.2787437401574806
20
-3.9936968897637795
11
5.2791846456692912
21
-3.9947612992125983
0
LINE
8
BLACK
6
CONTINUOUS
10
5.2791846456692912
20
-3.9947612992125983
11
5.2791846456692912
21
-3.9959134251968504
0
LINE
8
BLACK
6
CONTINUOUS
10
5.2791846456692912
20
-3.9959134251968504
11
5.2789884251968502
21
-3.9963870472440943
0
LINE
8
BLACK
6
CONTINUOUS
10
5.2789884251968502
20
-3.9963870472440943
11
5.279462125984252
21
-3.996190866141732
0
LINE
8
BLACK
6
CONTINUOUS
10
5.279462125984252
20
-3.996190866141732
11
5.2800381889763779
21
-3.9961341338582677
0
LINE
8
BLACK
6
CONTINUOUS
10
5.2800381889763779
20
-3.9961341338582677
11
5.3100344094488188
21
-3.9961341338582677
0
LINE
8
BLACK
6
CONTINUOUS
10
5.3100344094488188
20
-3.9961341338582677
11
5.3106104724409446
21
-3.996190866141732
0
LINE
8
BLACK
6
CONTINUOUS
10
5.3106104724409446
20
-3.996190866141732
11
5.3116748818897639
21
-3.9966317716535431
0
LINE
8
BLACK
6
CONTINUOUS
10
5.3116748818897639
20
-3.9966317716535431
11
5.3124895275590553
21
-3.9974464173228346
0
LINE
8
BLACK
6
CONTINUOUS
10
5.3124895275590553
20
-3.9974464173228346
11
5.312930433070866
21
-3.9985108267716534
0
LINE
8
BLACK
6
CONTINUOUS
10
5.312930433070866
20
-3.9985108267716534
11
5.312930433070866
21
-3.9996629527559056
0
LINE
8
BLACK
6
CONTINUOUS
10
5.312930433070866
20
-3.9996629527559056
11
5.3124895275590553
21
-4.0007273622047244
0
LINE
8
BLACK
6
CONTINUOUS
10
5.3124895275590553
20
-4.0007273622047244
11
5.3116748818897639
21
-4.0015420078740158
0
LINE
8
BLACK
6
CONTINUOUS
10
5.3116748818897639
20
-4.0015420078740158
11
5.3106104724409446
21
-4.0019829133858265
0
LINE
8
BLACK
6
CONTINUOUS
10
5.3106104724409446
20
-4.0019829133858265
11
5.3100344094488188
21
-4.0020396456692913
0
LINE
8
BLACK
6
CONTINUOUS
10
5.3100344094488188
20
-4.0020396456692913
11
5.2800381889763779
21
-4.0020396456692913
0
LINE
8
BLACK
6
CONTINUOUS
10
5.2800381889763779
20
-4.0020396456692913
11
5.279462125984252
21
-4.0019829133858265
0
LINE
8
BLACK
6
CONTINUOUS
10
5.279462125984252
20
-4.0019829133858265
11
5.2783977165354328
21
-4.0015420078740158
0
LINE
8
BLACK
6
CONTINUOUS
10
5.2783977165354328
20
-4.0015420078740158
11
5.2775830708661413
21
-4.0007273622047244
0
LINE
8
BLACK
6
CONTINUOUS
10
5.2775830708661413
20
-4.0007273622047244
11
5.2771421653543307
21
-3.9996629527559056
0
LINE
8
BLACK
6
CONTINUOUS
10
5.2771421653543307
20
-3.9996629527559056
11
5.2771421653543307
21
-3.9985108267716534
0
LINE
8
BLACK
6
CONTINUOUS
10
5.2771421653543307
20
-3.9985108267716534
11
5.277338346456693
21
-3.9980371653543307
0
LINE
8
BLACK
6
CONTINUOUS
10
5.277338346456693
20
-3.9980371653543307
11
5.2768646850393699
21
-3.9982333858267713
0
LINE
8
BLACK
6
CONTINUOUS
10
5.2768646850393699
20
-3.9982333858267713
11
5.276288622047244
21
-3.9982901181102362
0
LINE
8
BLACK
6
CONTINUOUS
10
5.276288622047244
20
-3.9982901181102362
11
5.2575409842519685
21
-3.9982901181102362
0
LINE
8
BLACK
6
CONTINUOUS
10
5.2575409842519685
20
-3.9982901181102362
11
5.2569649212598426
21
-3.9982333858267713
0
LINE
8
BLACK
6
CONTINUOUS
10
5.2569649212598426
20
-3.9982333858267713
11
5.2559005118110234
21
-3.9977924803149607
0
LINE
8
BLACK
6
CONTINUOUS
10
5.2559005118110234
20
-3.9977924803149607
11
5.2550858661417319
21
-3.9969778346456692
0
LINE
8
BLACK
6
CONTINUOUS
10
5.2550858661417319
20
-3.9969778346456692
11
5.2546449606299213
21
-3.9959134251968504
0
LINE
8
BLACK
6
CONTINUOUS
10
5.2546449606299213
20
-3.9959134251968504
11
5.2545882283464564
21
-3.9953373622047241
0
LINE
8
BLACK
6
CONTINUOUS
10
5.2545882283464564
20
-3.9953373622047241
11
5.2545882283464564
21
-3.9559672834645667
0
LINE
8
BLACK
6
CONTINUOUS
10
5.2545882283464564
20
-3.9559672834645667
11
5.2546449606299213
21
-3.9553912204724408
0
LINE
8
BLACK
6
CONTINUOUS
10
5.2546449606299213
20
-3.9553912204724408
11
5.2550858661417319
21
-3.954326811023622
0
LINE
8
BLACK
6
CONTINUOUS
10
5.2550858661417319
20
-3.954326811023622
11
5.2559005118110234
21
-3.9535121653543306
0
LINE
8
BLACK
6
CONTINUOUS
10
5.2559005118110234
20
-3.9535121653543306
11
5.2569649212598426
21
-3.9530712598425195
0
LINE
8
BLACK
6
CONTINUOUS
10
5.2569649212598426
20
-3.9530712598425195
11
5.2581170472440943
21
-3.9530712598425195
0
LINE
8
BLACK
6
CONTINUOUS
10
5.2581170472440943
20
-3.9530712598425195
11
5.2591814566929136
21
-3.9535121653543306
0
LINE
8
BLACK
6
CONTINUOUS
10
5.4005992125984248
20
-3.996190866141732
11
5.401663622047244
21
-3.9966317716535431
0
LINE
8
BLACK
6
CONTINUOUS
10
5.401663622047244
20
-3.9966317716535431
11
5.4024782677165355
21
-3.9974464173228346
0
LINE
8
BLACK
6
CONTINUOUS
10
5.4024782677165355
20
-3.9974464173228346
11
5.4029191732283461
21
-3.9985108267716534
0
LINE
8
BLACK
6
CONTINUOUS
10
5.4029191732283461
20
-3.9985108267716534
11
5.4029191732283461
21
-3.9996629527559056
0
LINE
8
BLACK
6
CONTINUOUS
10
5.4029191732283461
20
-3.9996629527559056
11
5.4024782677165355
21
-4.0007273622047244
0
LINE
8
BLACK
6
CONTINUOUS
10
5.4024782677165355
20
-4.0007273622047244
11
5.401663622047244
21
-4.0015420078740158
0
LINE
8
BLACK
6
CONTINUOUS
10
5.401663622047244
20
-4.0015420078740158
11
5.4005992125984248
21
-4.0019829133858265
0
LINE
8
BLACK
6
CONTINUOUS
10
5.4005992125984248
20
-4.0019829133858265
11
5.4000231496062989
21
-4.0020396456692913
0
LINE
8
BLACK
6
CONTINUOUS
10
5.4000231496062989
20
-4.0020396456692913
11
5.370026929133858
21
-4.0020396456692913
0
LINE
8
BLACK
6
CONTINUOUS
10
5.370026929133858
20
-4.0020396456692913
11
5.3694508661417322
21
-4.0019829133858265
0
LINE
8
BLACK
6
CONTINUOUS
10
5.3694508661417322
20
-4.0019829133858265
11
5.3683864566929129
21
-4.0015420078740158
0
LINE
8
BLACK
6
CONTINUOUS
10
5.3683864566929129
20
-4.0015420078740158
11
5.3675718110236224
21
-4.0007273622047244
0
LINE
8
BLACK
6
CONTINUOUS
10
5.3675718110236224
20
-4.0007273622047244
11
5.3671309055118108
21
-3.9996629527559056
0
LINE
8
BLACK
6
CONTINUOUS
10
5.3671309055118108
20
-3.9996629527559056
11
5.3671309055118108
21
-3.9985108267716534
0
LINE
8
BLACK
6
CONTINUOUS
10
5.3671309055118108
20
-3.9985108267716534
11
5.3675718110236224
21
-3.9974464173228346
0
LINE
8
BLACK
6
CONTINUOUS
10
5.3675718110236224
20
-3.9974464173228346
11
5.3683864566929129
21
-3.9966317716535431
0
LINE
8
BLACK
6
CONTINUOUS
10
5.3683864566929129
20
-3.9966317716535431
11
5.3694508661417322
21
-3.996190866141732
0
LINE
8
BLACK
6
CONTINUOUS
10
5.3694508661417322
20
-3.996190866141732
11
5.370026929133858
21
-3.9961341338582677
0
LINE
8
BLACK
6
CONTINUOUS
10
5.370026929133858
20
-3.9961341338582677
11
5.4000231496062989
21
-3.9961341338582677
0
LINE
8
BLACK
6
CONTINUOUS
10
5.4000231496062989
20
-3.9961341338582677
11
5.4005992125984248
21
-3.996190866141732
0
LINE
8
BLACK
6
CONTINUOUS
10
5.4230964173228342
20
-3.9530712598425195
11
5.4231944094488185
21
-3.9531118503937006
0
LINE
8
BLACK
6
CONTINUOUS
10
5.4231944094488185
20
-3.9531118503937006
11
5.4233002362204727
21
-3.9531193700787401
0
LINE
8
BLACK
6
CONTINUOUS
10
5.4233002362204727
20
-3.9531193700787401
11
5.4238408661417319
21
-3.9533262598425196
0
LINE
8
BLACK
6
CONTINUOUS
10
5.4238408661417319
20
-3.9533262598425196
11
5.427590393700787
21
-3.9552010236220472
0
LINE
8
BLACK
6
CONTINUOUS
10
5.427590393700787
20
-3.9552010236220472
11
5.4278383858267718
21
-3.955357086614173
0
LINE
8
BLACK
6
CONTINUOUS
10
5.4278383858267718
20
-3.955357086614173
11
5.4279103543307086
21
-3.9553869291338581
0
LINE
8
BLACK
6
CONTINUOUS
10
5.4279103543307086
20
-3.9553869291338581
11
5.4279912992125983
21
-3.9554533858267718
0
LINE
8
BLACK
6
CONTINUOUS
10
5.4279912992125983
20
-3.9554533858267718
11
5.4280802755905508
21
-3.9555093700787403
0
LINE
8
BLACK
6
CONTINUOUS
10
5.4280802755905508
20
-3.9555093700787403
11
5.4281314173228346
21
-3.9555683464566926
0
LINE
8
BLACK
6
CONTINUOUS
10
5.4281314173228346
20
-3.9555683464566926
11
5.4283577952755904
21
-3.9557541338582678
0
LINE
8
BLACK
6
CONTINUOUS
10
5.4283577952755904
20
-3.9557541338582678
11
5.4302325590551179
21
-3.9576288976377954
0
LINE
8
BLACK
6
CONTINUOUS
10
5.4302325590551179
20
-3.9576288976377954
11
5.4304183070866143
21
-3.9578552362204724
0
LINE
8
BLACK
6
CONTINUOUS
10
5.4304183070866143
20
-3.9578552362204724
11
5.4304773228346459
21
-3.9579064173228344
0
LINE
8
BLACK
6
CONTINUOUS
10
5.4304773228346459
20
-3.9579064173228344
11
5.4305332677165357
21
-3.9579953543307087
0
LINE
8
BLACK
6
CONTINUOUS
10
5.4305332677165357
20
-3.9579953543307087
11
5.4305997637795276
21
-3.9580763385826772
0
LINE
8
BLACK
6
CONTINUOUS
10
5.4305997637795276
20
-3.9580763385826772
11
5.4306295669291336
21
-3.9581482677165352
0
LINE
8
BLACK
6
CONTINUOUS
10
5.4306295669291336
20
-3.9581482677165352
11
5.4307856692913381
21
-3.9583962992125983
0
LINE
8
BLACK
6
CONTINUOUS
10
5.4307856692913381
20
-3.9583962992125983
11
5.4326604330708657
21
-3.9621458267716534
0
LINE
8
BLACK
6
CONTINUOUS
10
5.4326604330708657
20
-3.9621458267716534
11
5.4328673228346451
21
-3.9626864173228347
0
LINE
8
BLACK
6
CONTINUOUS
10
5.4328673228346451
20
-3.9626864173228347
11
5.4328748425196851
21
-3.9627922834645668
0
LINE
8
BLACK
6
CONTINUOUS
10
5.4328748425196851
20
-3.9627922834645668
11
5.4329154330708658
21
-3.9628902755905511
0
LINE
8
BLACK
6
CONTINUOUS
10
5.4329154330708658
20
-3.9628902755905511
11
5.4329721653543306
21
-3.9634663385826769
0
LINE
8
BLACK
6
CONTINUOUS
10
5.4329721653543306
20
-3.9634663385826769
11
5.4329721653543306
21
-3.9672158661417321
0
LINE
8
BLACK
6
CONTINUOUS
10
5.4329721653543306
20
-3.9672158661417321
11
5.4329154330708658
21
-3.9677919291338584
0
LINE
8
BLACK
6
CONTINUOUS
10
5.4329154330708658
20
-3.9677919291338584
11
5.4328748425196851
21
-3.9678898818897639
0
LINE
8
BLACK
6
CONTINUOUS
10
5.4328748425196851
20
-3.9678898818897639
11
5.4328673228346451
21
-3.9679957874015748
0
LINE
8
BLACK
6
CONTINUOUS
10
5.4328673228346451
20
-3.9679957874015748
11
5.4326604330708657
21
-3.9685363779527556
0
LINE
8
BLACK
6
CONTINUOUS
10
5.4326604330708657
20
-3.9685363779527556
11
5.4307856692913381
21
-3.9722859055118112
0
LINE
8
BLACK
6
CONTINUOUS
10
5.4307856692913381
20
-3.9722859055118112
11
5.4306295669291336
21
-3.9725338976377951
0
LINE
8
BLACK
6
CONTINUOUS
10
5.4306295669291336
20
-3.9725338976377951
11
5.4305997637795276
21
-3.9726058661417323
0
LINE
8
BLACK
6
CONTINUOUS
10
5.4305997637795276
20
-3.9726058661417323
11
5.4305332677165357
21
-3.972686811023622
0
LINE
8
BLACK
6
CONTINUOUS
10
5.4305332677165357
20
-3.972686811023622
11
5.4304773228346459
21
-3.9727757874015746
0
LINE
8
BLACK
6
CONTINUOUS
10
5.4304773228346459
20
-3.9727757874015746
11
5.4304183070866143
21
-3.9728269291338583
0
LINE
8
BLACK
6
CONTINUOUS
10
5.4304183070866143
20
-3.9728269291338583
11
5.4302325590551179
21
-3.9730533070866141
0
LINE
8
BLACK
6
CONTINUOUS
10
5.4302325590551179
20
-3.9730533070866141
11
5.4293680314960628
21
-3.9739177952755904
0
LINE
8
BLACK
6
CONTINUOUS
10
5.4293680314960628
20
-3.9739177952755904
11
5.4296069291338585
21
-3.9740244488188976
0
LINE
8
BLACK
6
CONTINUOUS
10
5.4296069291338585
20
-3.9740244488188976
11
5.4296870472440943
21
-3.9740939370078738
0
LINE
8
BLACK
6
CONTINUOUS
10
5.4296870472440943
20
-3.9740939370078738
11
5.4297851181102361
21
-3.9741345669291337
0
LINE
8
BLACK
6
CONTINUOUS
10
5.4297851181102361
20
-3.9741345669291337
11
5.4302325590551179
21
-3.9745017716535433
0
LINE
8
BLACK
6
CONTINUOUS
10
5.4302325590551179
20
-3.9745017716535433
11
5.4321073228346455
21
-3.9763765354330709
0
LINE
8
BLACK
6
CONTINUOUS
10
5.4321073228346455
20
-3.9763765354330709
11
5.4322930708661419
21
-3.976602874015748
0
LINE
8
BLACK
6
CONTINUOUS
10
5.4322930708661419
20
-3.976602874015748
11
5.4323520866141735
21
-3.97665405511811
0
LINE
8
BLACK
6
CONTINUOUS
10
5.4323520866141735
20
-3.97665405511811
11
5.4324080314960632
21
-3.9767429921259843
0
LINE
8
BLACK
6
CONTINUOUS
10
5.4324080314960632
20
-3.9767429921259843
11
5.4324745275590551
21
-3.9768239763779527
0
LINE
8
BLACK
6
CONTINUOUS
10
5.4324745275590551
20
-3.9768239763779527
11
5.4325043307086611
21
-3.9768959055118107
0
LINE
8
BLACK
6
CONTINUOUS
10
5.4325043307086611
20
-3.9768959055118107
11
5.4326604330708657
21
-3.9771439370078738
0
LINE
8
BLACK
6
CONTINUOUS
10
5.4326604330708657
20
-3.9771439370078738
11
5.4345351968503932
21
-3.9808934645669289
0
LINE
8
BLACK
6
CONTINUOUS
10
5.4345351968503932
20
-3.9808934645669289
11
5.4347420866141727
21
-3.9814340551181102
0
LINE
8
BLACK
6
CONTINUOUS
10
5.4347420866141727
20
-3.9814340551181102
11
5.4347496062992127
21
-3.9815399212598424
0
LINE
8
BLACK
6
CONTINUOUS
10
5.4347496062992127
20
-3.9815399212598424
11
5.4347901968503933
21
-3.9816379133858266
0
LINE
8
BLACK
6
CONTINUOUS
10
5.4347901968503933
20
-3.9816379133858266
11
5.4348469291338581
21
-3.9822139763779525
0
LINE
8
BLACK
6
CONTINUOUS
10
5.4348469291338581
20
-3.9822139763779525
11
5.4348469291338581
21
-3.9878382677165352
0
LINE
8
BLACK
6
CONTINUOUS
10
5.4348469291338581
20
-3.9878382677165352
11
5.4347901968503933
21
-3.9884143307086615
0
LINE
8
BLACK
6
CONTINUOUS
10
5.4347901968503933
20
-3.9884143307086615
11
5.4347496062992127
21
-3.988512283464567
0
LINE
8
BLACK
6
CONTINUOUS
10
5.4347496062992127
20
-3.988512283464567
11
5.4347420866141727
21
-3.9886181889763779
0
LINE
8
BLACK
6
CONTINUOUS
10
5.4347420866141727
20
-3.9886181889763779
11
5.4345351968503932
21
-3.9891587795275592
0
LINE
8
BLACK
6
CONTINUOUS
10
5.4345351968503932
20
-3.9891587795275592
11
5.4326604330708657
21
-3.9929083070866143
0
LINE
8
BLACK
6
CONTINUOUS
10
5.4326604330708657
20
-3.9929083070866143
11
5.4325043700787399
21
-3.9931561811023619
0
LINE
8
BLACK
6
CONTINUOUS
10
5.4325043700787399
20
-3.9931561811023619
11
5.4324745669291339
21
-3.9932282283464566
0
LINE
8
BLACK
6
CONTINUOUS
10
5.4324745669291339
20
-3.9932282283464566
11
5.4324080314960632
21
-3.9933092519685038
0
LINE
8
BLACK
6
CONTINUOUS
10
5.4324080314960632
20
-3.9933092519685038
11
5.4323520866141735
21
-3.9933981889763777
0
LINE
8
BLACK
6
CONTINUOUS
10
5.4323520866141735
20
-3.9933981889763777
11
5.4322930708661419
21
-3.9934493307086614
0
LINE
8
BLACK
6
CONTINUOUS
10
5.4322930708661419
20
-3.9934493307086614
11
5.4321073228346455
21
-3.9936757086614172
0
LINE
8
BLACK
6
CONTINUOUS
10
5.4321073228346455
20
-3.9936757086614172
11
5.4302325984251967
21
-3.9955504724409447
0
LINE
8
BLACK
6
CONTINUOUS
10
5.4302325984251967
20
-3.9955504724409447
11
5.4300062204724409
21
-3.9957362204724407
0
LINE
8
BLACK
6
CONTINUOUS
10
5.4300062204724409
20
-3.9957362204724407
11
5.4299550393700784
21
-3.995795275590551
0
LINE
8
BLACK
6
CONTINUOUS
10
5.4299550393700784
20
-3.995795275590551
11
5.4298660629921258
21
-3.9958512598425195
0
LINE
8
BLACK
6
CONTINUOUS
10
5.4298660629921258
20
-3.9958512598425195
11
5.4297851181102361
21
-3.9959177165354332
0
LINE
8
BLACK
6
CONTINUOUS
10
5.4297851181102361
20
-3.9959177165354332
11
5.4297131496062994
21
-3.9959475196850391
0
LINE
8
BLACK
6
CONTINUOUS
10
5.4297131496062994
20
-3.9959475196850391
11
5.4294651574803146
21
-3.9961036220472441
0
LINE
8
BLACK
6
CONTINUOUS
10
5.4294651574803146
20
-3.9961036220472441
11
5.4257156299212594
21
-3.9979783858267717
0
LINE
8
BLACK
6
CONTINUOUS
10
5.4257156299212594
20
-3.9979783858267717
11
5.4251750000000003
21
-3.9981852755905511
0
LINE
8
BLACK
6
CONTINUOUS
10
5.4251750000000003
20
-3.9981852755905511
11
5.425069173228346
21
-3.9981927559055119
0
LINE
8
BLACK
6
CONTINUOUS
10
5.425069173228346
20
-3.9981927559055119
11
5.4249711811023618
21
-3.9982333858267713
0
LINE
8
BLACK
6
CONTINUOUS
10
5.4249711811023618
20
-3.9982333858267713
11
5.4243951181102359
21
-3.9982901181102362
0
LINE
8
BLACK
6
CONTINUOUS
10
5.4243951181102359
20
-3.9982901181102362
11
5.4093970078740155
21
-3.9982901181102362
0
LINE
8
BLACK
6
CONTINUOUS
10
5.4093970078740155
20
-3.9982901181102362
11
5.4088209448818896
21
-3.9982333858267713
0
LINE
8
BLACK
6
CONTINUOUS
10
5.4088209448818896
20
-3.9982333858267713
11
5.4077565354330703
21
-3.9977924803149607
0
LINE
8
BLACK
6
CONTINUOUS
10
5.4077565354330703
20
-3.9977924803149607
11
5.4069418897637798
21
-3.9969778346456692
0
LINE
8
BLACK
6
CONTINUOUS
10
5.4069418897637798
20
-3.9969778346456692
11
5.4065009842519682
21
-3.9959134251968504
0
LINE
8
BLACK
6
CONTINUOUS
10
5.4065009842519682
20
-3.9959134251968504
11
5.4064442519685034
21
-3.9953373622047241
0
LINE
8
BLACK
6
CONTINUOUS
10
5.4064442519685034
20
-3.9953373622047241
11
5.4064442519685034
21
-3.9559672834645667
0
LINE
8
BLACK
6
CONTINUOUS
10
5.4064442519685034
20
-3.9559672834645667
11
5.4065009842519682
21
-3.9553912204724408
0
LINE
8
BLACK
6
CONTINUOUS
10
5.4065009842519682
20
-3.9553912204724408
11
5.4069418897637798
21
-3.954326811023622
0
LINE
8
BLACK
6
CONTINUOUS
10
5.4069418897637798
20
-3.954326811023622
11
5.4077565354330703
21
-3.9535121653543306
0
LINE
8
BLACK
6
CONTINUOUS
10
5.4077565354330703
20
-3.9535121653543306
11
5.4088209448818896
21
-3.9530712598425195
0
LINE
8
BLACK
6
CONTINUOUS
10
5.4088209448818896
20
-3.9530712598425195
11
5.4093970078740155
21
-3.9530145275590551
0
LINE
8
BLACK
6
CONTINUOUS
10
5.4093970078740155
20
-3.9530145275590551
11
5.4225203543307083
21
-3.9530145275590551
0
LINE
8
BLACK
6
CONTINUOUS
10
5.4225203543307083
20
-3.9530145275590551
11
5.4230964173228342
21
-3.9530712598425195
0
LINE
8
BLACK
6
CONTINUOUS
10
5.4123497637795275
20
-3.9923846062992125
11
5.4236980708661413
21
-3.9923846062992125
0
LINE
8
BLACK
6
CONTINUOUS
10
5.4236980708661413
20
-3.9923846062992125
11
5.4263955118110232
21
-3.9910358661417322
0
LINE
8
BLACK
6
CONTINUOUS
10
5.4263955118110232
20
-3.9910358661417322
11
5.4275926377952759
21
-3.9898387007874017
0
LINE
8
BLACK
6
CONTINUOUS
10
5.4275926377952759
20
-3.9898387007874017
11
5.4289414173228341
21
-3.987141220472441
0
LINE
8
BLACK
6
CONTINUOUS
10
5.4289414173228341
20
-3.987141220472441
11
5.4289414173228341
21
-3.9829110236220471
0
LINE
8
BLACK
6
CONTINUOUS
10
5.4289414173228341
20
-3.9829110236220471
11
5.4275926771653547
21
-3.9802135433070864
0
LINE
8
BLACK
6
CONTINUOUS
10
5.4275926771653547
20
-3.9802135433070864
11
5.4265496062992122
21
-3.9791704724409449
0
LINE
8
BLACK
6
CONTINUOUS
10
5.4265496062992122
20
-3.9791704724409449
11
5.4220412204724404
21
-3.9776676771653543
0
LINE
8
BLACK
6
CONTINUOUS
10
5.4220412204724404
20
-3.9776676771653543
11
5.4123497637795275
21
-3.9776676771653543
0
LINE
8
BLACK
6
CONTINUOUS
10
5.4123497637795275
20
-3.9776676771653543
11
5.4123497637795275
21
-3.9923846062992125
0
LINE
8
BLACK
6
CONTINUOUS
10
5.4123497637795275
20
-3.9717621653543307
11
5.4218233070866138
21
-3.9717621653543307
0
LINE
8
BLACK
6
CONTINUOUS
10
5.4218233070866138
20
-3.9717621653543307
11
5.4245207874015744
21
-3.9704134251968504
0
LINE
8
BLACK
6
CONTINUOUS
10
5.4245207874015744
20
-3.9704134251968504
11
5.4257179133858262
21
-3.9692162992125986
0
LINE
8
BLACK
6
CONTINUOUS
10
5.4257179133858262
20
-3.9692162992125986
11
5.4270666535433065
21
-3.9665188188976379
0
LINE
8
BLACK
6
CONTINUOUS
10
5.4270666535433065
20
-3.9665188188976379
11
5.4270666535433065
21
-3.9641633858267715
0
LINE
8
BLACK
6
CONTINUOUS
10
5.4270666535433065
20
-3.9641633858267715
11
5.4257179133858262
21
-3.9614659055118109
0
LINE
8
BLACK
6
CONTINUOUS
10
5.4257179133858262
20
-3.9614659055118109
11
5.4245207874015744
21
-3.9602687795275591
0
LINE
8
BLACK
6
CONTINUOUS
10
5.4245207874015744
20
-3.9602687795275591
11
5.4218233070866138
21
-3.9589200393700787
0
LINE
8
BLACK
6
CONTINUOUS
10
5.4218233070866138
20
-3.9589200393700787
11
5.4123497637795275
21
-3.9589200393700787
0
LINE
8
BLACK
6
CONTINUOUS
10
5.4123497637795275
20
-3.9589200393700787
11
5.4123497637795275
21
-3.9717621653543307
0
LINE
8
BLACK
6
CONTINUOUS
10
5.5165501574803146
20
-3.9530432283464565
11
5.5166279133858263
21
-3.9530377165354329
0
LINE
8
BLACK
6
CONTINUOUS
10
5.5166279133858263
20
-3.9530377165354329
11
5.5167301574803149
21
-3.9530609448818899
0
LINE
8
BLACK
6
CONTINUOUS
10
5.5167301574803149
20
-3.9530609448818899
11
5.5168346850393704
21
-3.9530712598425195
0
LINE
8
BLACK
6
CONTINUOUS
10
5.5168346850393704
20
-3.9530712598425195
11
5.5169067716535434
21
-3.9531011023622047
0
LINE
8
BLACK
6
CONTINUOUS
10
5.5169067716535434
20
-3.9531011023622047
11
5.5171923622047245
21
-3.9531660629921257
0
LINE
8
BLACK
6
CONTINUOUS
10
5.5171923622047245
20
-3.9531660629921257
11
5.5228166535433072
21
-3.9550408267716533
0
LINE
8
BLACK
6
CONTINUOUS
10
5.5228166535433072
20
-3.9550408267716533
11
5.5233451968503937
21
-3.9552768110236221
0
LINE
8
BLACK
6
CONTINUOUS
10
5.5233451968503937
20
-3.9552768110236221
11
5.5242155511811024
21
-3.9560316929133856
0
LINE
8
BLACK
6
CONTINUOUS
10
5.5242155511811024
20
-3.9560316929133856
11
5.524730787401575
21
-3.957062125984252
0
LINE
8
BLACK
6
CONTINUOUS
10
5.524730787401575
20
-3.957062125984252
11
5.5248124803149601
21
-3.9582113385826769
0
LINE
8
BLACK
6
CONTINUOUS
10
5.5248124803149601
20
-3.9582113385826769
11
5.5244481496062994
21
-3.9593043307086613
0
LINE
8
BLACK
6
CONTINUOUS
10
5.5244481496062994
20
-3.9593043307086613
11
5.5236932677165349
21
-3.9601747244094487
0
LINE
8
BLACK
6
CONTINUOUS
10
5.5236932677165349
20
-3.9601747244094487
11
5.5226627952755907
21
-3.9606899212598425
0
LINE
8
BLACK
6
CONTINUOUS
10
5.5226627952755907
20
-3.9606899212598425
11
5.5215135826771649
21
-3.9607716141732281
0
LINE
8
BLACK
6
CONTINUOUS
10
5.5215135826771649
20
-3.9607716141732281
11
5.5209491338582675
21
-3.9606432677165353
0
LINE
8
BLACK
6
CONTINUOUS
10
5.5209491338582675
20
-3.9606432677165353
11
5.5157794881889766
21
-3.9589200393700787
0
LINE
8
BLACK
6
CONTINUOUS
10
5.5157794881889766
20
-3.9589200393700787
11
5.5075818503937004
21
-3.9589200393700787
0
LINE
8
BLACK
6
CONTINUOUS
10
5.5075818503937004
20
-3.9589200393700787
11
5.5048843700787398
21
-3.9602687795275591
0
LINE
8
BLACK
6
CONTINUOUS
10
5.5048843700787398
20
-3.9602687795275591
11
5.503687244094488
21
-3.9614659055118109
0
LINE
8
BLACK
6
CONTINUOUS
10
5.503687244094488
20
-3.9614659055118109
11
5.5023385039370076
21
-3.9641633858267715
0
LINE
8
BLACK
6
CONTINUOUS
10
5.5023385039370076
20
-3.9641633858267715
11
5.5023385039370076
21
-3.9665188188976379
0
LINE
8
BLACK
6
CONTINUOUS
10
5.5023385039370076
20
-3.9665188188976379
11
5.503687244094488
21
-3.9692162992125986
0
LINE
8
BLACK
6
CONTINUOUS
10
5.503687244094488
20
-3.9692162992125986
11
5.5048843700787398
21
-3.9704134251968504
0
LINE
8
BLACK
6
CONTINUOUS
10
5.5048843700787398
20
-3.9704134251968504
11
5.5079153543307084
21
-3.9719288976377953
0
LINE
8
BLACK
6
CONTINUOUS
10
5.5079153543307084
20
-3.9719288976377953
11
5.5150999999999994
21
-3.9737250787401575
0
LINE
8
BLACK
6
CONTINUOUS
10
5.5150999999999994
20
-3.9737250787401575
11
5.5151424803149602
21
-3.9737402362204723
0
LINE
8
BLACK
6
CONTINUOUS
10
5.5151424803149602
20
-3.9737402362204723
11
5.5151637401574805
21
-3.9737417716535433
0
LINE
8
BLACK
6
CONTINUOUS
10
5.5151637401574805
20
-3.9737417716535433
11
5.515403149606299
21
-3.9738333858267714
0
LINE
8
BLACK
6
CONTINUOUS
10
5.515403149606299
20
-3.9738333858267714
11
5.5156451181102364
21
-3.9739198425196851
0
LINE
8
BLACK
6
CONTINUOUS
10
5.5156451181102364
20
-3.9739198425196851
11
5.5156622440944885
21
-3.9739325196850395
0
LINE
8
BLACK
6
CONTINUOUS
10
5.5156622440944885
20
-3.9739325196850395
11
5.5157043700787396
21
-3.9739486614173227
0
LINE
8
BLACK
6
CONTINUOUS
10
5.5157043700787396
20
-3.9739486614173227
11
5.5194538976377956
21
-3.9758234251968503
0
LINE
8
BLACK
6
CONTINUOUS
10
5.5194538976377956
20
-3.9758234251968503
11
5.5197018897637795
21
-3.9759794881889765
0
LINE
8
BLACK
6
CONTINUOUS
10
5.5197018897637795
20
-3.9759794881889765
11
5.5197738582677163
21
-3.9760093307086612
0
LINE
8
BLACK
6
CONTINUOUS
10
5.5197738582677163
20
-3.9760093307086612
11
5.519854803149606
21
-3.9760757874015749
0
LINE
8
BLACK
6
CONTINUOUS
10
5.519854803149606
20
-3.9760757874015749
11
5.5199437795275585
21
-3.9761317716535434
0
LINE
8
BLACK
6
CONTINUOUS
10
5.5199437795275585
20
-3.9761317716535434
11
5.5199949212598423
21
-3.9761907480314962
0
LINE
8
BLACK
6
CONTINUOUS
10
5.5199949212598423
20
-3.9761907480314962
11
5.5202212992125981
21
-3.9763765354330709
0
LINE
8
BLACK
6
CONTINUOUS
10
5.5202212992125981
20
-3.9763765354330709
11
5.5220960629921256
21
-3.9782512992125985
0
LINE
8
BLACK
6
CONTINUOUS
10
5.5220960629921256
20
-3.9782512992125985
11
5.522281811023622
21
-3.9784776377952755
0
LINE
8
BLACK
6
CONTINUOUS
10
5.522281811023622
20
-3.9784776377952755
11
5.5223408267716536
21
-3.9785288188976375
0
LINE
8
BLACK
6
CONTINUOUS
10
5.5223408267716536
20
-3.9785288188976375
11
5.5223967716535434
21
-3.9786177559055118
0
LINE
8
BLACK
6
CONTINUOUS
10
5.5223967716535434
20
-3.9786177559055118
11
5.5224632677165353
21
-3.9786987401574803
0
LINE
8
BLACK
6
CONTINUOUS
10
5.5224632677165353
20
-3.9786987401574803
11
5.5224930708661413
21
-3.9787706692913387
0
LINE
8
BLACK
6
CONTINUOUS
10
5.5224930708661413
20
-3.9787706692913387
11
5.5226491732283467
21
-3.9790187007874014
0
LINE
8
BLACK
6
CONTINUOUS
10
5.5226491732283467
20
-3.9790187007874014
11
5.5245239370078743
21
-3.9827682283464565
0
LINE
8
BLACK
6
CONTINUOUS
10
5.5245239370078743
20
-3.9827682283464565
11
5.5247308267716537
21
-3.9833088188976378
0
LINE
8
BLACK
6
CONTINUOUS
10
5.5247308267716537
20
-3.9833088188976378
11
5.5247383464566928
21
-3.9834146850393699
0
LINE
8
BLACK
6
CONTINUOUS
10
5.5247383464566928
20
-3.9834146850393699
11
5.5247789370078735
21
-3.9835126771653542
0
LINE
8
BLACK
6
CONTINUOUS
10
5.5247789370078735
20
-3.9835126771653542
11
5.5248356692913383
21
-3.98408874015748
0
LINE
8
BLACK
6
CONTINUOUS
10
5.5248356692913383
20
-3.98408874015748
11
5.5248356692913383
21
-3.9878382677165352
0
LINE
8
BLACK
6
CONTINUOUS
10
5.5248356692913383
20
-3.9878382677165352
11
5.5247789370078735
21
-3.9884143307086615
0
LINE
8
BLACK
6
CONTINUOUS
10
5.5247789370078735
20
-3.9884143307086615
11
5.5247383464566928
21
-3.988512283464567
0
LINE
8
BLACK
6
CONTINUOUS
10
5.5247383464566928
20
-3.988512283464567
11
5.5247308267716537
21
-3.9886181889763779
0
LINE
8
BLACK
6
CONTINUOUS
10
5.5247308267716537
20
-3.9886181889763779
11
5.5245239370078743
21
-3.9891587795275592
0
LINE
8
BLACK
6
CONTINUOUS
10
5.5245239370078743
20
-3.9891587795275592
11
5.5226491732283467
21
-3.9929083070866143
0
LINE
8
BLACK
6
CONTINUOUS
10
5.5226491732283467
20
-3.9929083070866143
11
5.52249311023622
21
-3.9931561811023619
0
LINE
8
BLACK
6
CONTINUOUS
10
5.52249311023622
20
-3.9931561811023619
11
5.522463307086614
21
-3.9932282283464566
0
LINE
8
BLACK
6
CONTINUOUS
10
5.522463307086614
20
-3.9932282283464566
11
5.5223967716535434
21
-3.9933092519685038
0
LINE
8
BLACK
6
CONTINUOUS
10
5.5223967716535434
20
-3.9933092519685038
11
5.5223408267716536
21
-3.9933981889763777
0
LINE
8
BLACK
6
CONTINUOUS
10
5.5223408267716536
20
-3.9933981889763777
11
5.522281811023622
21
-3.9934493307086614
0
LINE
8
BLACK
6
CONTINUOUS
10
5.522281811023622
20
-3.9934493307086614
11
5.5220960629921256
21
-3.9936757086614172
0
LINE
8
BLACK
6
CONTINUOUS
10
5.5220960629921256
20
-3.9936757086614172
11
5.5202213385826768
21
-3.9955504724409447
0
LINE
8
BLACK
6
CONTINUOUS
10
5.5202213385826768
20
-3.9955504724409447
11
5.519994960629921
21
-3.9957362204724407
0
LINE
8
BLACK
6
CONTINUOUS
10
5.519994960629921
20
-3.9957362204724407
11
5.5199437795275585
21
-3.995795275590551
0
LINE
8
BLACK
6
CONTINUOUS
10
5.5199437795275585
20
-3.995795275590551
11
5.519854803149606
21
-3.9958512598425195
0
LINE
8
BLACK
6
CONTINUOUS
10
5.519854803149606
20
-3.9958512598425195
11
5.5197738582677163
21
-3.9959177165354332
0
LINE
8
BLACK
6
CONTINUOUS
10
5.5197738582677163
20
-3.9959177165354332
11
5.5197018897637795
21
-3.9959475196850391
0
LINE
8
BLACK
6
CONTINUOUS
10
5.5197018897637795
20
-3.9959475196850391
11
5.5194538976377956
21
-3.9961036220472441
0
LINE
8
BLACK
6
CONTINUOUS
10
5.5194538976377956
20
-3.9961036220472441
11
5.5157043700787396
21
-3.9979783858267717
0
LINE
8
BLACK
6
CONTINUOUS
10
5.5157043700787396
20
-3.9979783858267717
11
5.5151637401574805
21
-3.9981852755905511
0
LINE
8
BLACK
6
CONTINUOUS
10
5.5151637401574805
20
-3.9981852755905511
11
5.5150579133858271
21
-3.9981927559055119
0
LINE
8
BLACK
6
CONTINUOUS
10
5.5150579133858271
20
-3.9981927559055119
11
5.5149599212598428
21
-3.9982333858267713
0
LINE
8
BLACK
6
CONTINUOUS
10
5.5149599212598428
20
-3.9982333858267713
11
5.514383858267716
21
-3.9982901181102362
0
LINE
8
BLACK
6
CONTINUOUS
10
5.514383858267716
20
-3.9982901181102362
11
5.5050100393700783
21
-3.9982901181102362
0
LINE
8
BLACK
6
CONTINUOUS
10
5.5050100393700783
20
-3.9982901181102362
11
5.5047184251968506
21
-3.9982613779527556
0
LINE
8
BLACK
6
CONTINUOUS
10
5.5047184251968506
20
-3.9982613779527556
11
5.5046407086614169
21
-3.9982669291338584
0
LINE
8
BLACK
6
CONTINUOUS
10
5.5046407086614169
20
-3.9982669291338584
11
5.5045384251968503
21
-3.9982436614173227
0
LINE
8
BLACK
6
CONTINUOUS
10
5.5045384251968503
20
-3.9982436614173227
11
5.5044339763779524
21
-3.9982333858267713
0
LINE
8
BLACK
6
CONTINUOUS
10
5.5044339763779524
20
-3.9982333858267713
11
5.5043618897637794
21
-3.9982035039370079
0
LINE
8
BLACK
6
CONTINUOUS
10
5.5043618897637794
20
-3.9982035039370079
11
5.5040762598425195
21
-3.9981385826771652
0
LINE
8
BLACK
6
CONTINUOUS
10
5.5040762598425195
20
-3.9981385826771652
11
5.4984520078740156
21
-3.9962638188976376
0
LINE
8
BLACK
6
CONTINUOUS
10
5.4984520078740156
20
-3.9962638188976376
11
5.4979234251968503
21
-3.9960278346456692
0
LINE
8
BLACK
6
CONTINUOUS
10
5.4979234251968503
20
-3.9960278346456692
11
5.4970530708661416
21
-3.9952729527559052
0
LINE
8
BLACK
6
CONTINUOUS
10
5.4970530708661416
20
-3.9952729527559052
11
5.4965378740157478
21
-3.9942425196850393
0
LINE
8
BLACK
6
CONTINUOUS
10
5.4965378740157478
20
-3.9942425196850393
11
5.4964561811023618
21
-3.9930933070866139
0
LINE
8
BLACK
6
CONTINUOUS
10
5.4964561811023618
20
-3.9930933070866139
11
5.4968205118110234
21
-3.9920002755905513
0
LINE
8
BLACK
6
CONTINUOUS
10
5.4968205118110234
20
-3.9920002755905513
11
5.497575393700787
21
-3.9911299212598426
0
LINE
8
BLACK
6
CONTINUOUS
10
5.497575393700787
20
-3.9911299212598426
11
5.4986058267716533
21
-3.9906147244094488
0
LINE
8
BLACK
6
CONTINUOUS
10
5.4986058267716533
20
-3.9906147244094488
11
5.4997550393700783
21
-3.9905330314960628
0
LINE
8
BLACK
6
CONTINUOUS
10
5.4997550393700783
20
-3.9905330314960628
11
5.5003194881889765
21
-3.990661377952756
0
LINE
8
BLACK
6
CONTINUOUS
10
5.5003194881889765
20
-3.990661377952756
11
5.5054891732283462
21
-3.9923846062992125
0
LINE
8
BLACK
6
CONTINUOUS
10
5.5054891732283462
20
-3.9923846062992125
11
5.5136868110236223
21
-3.9923846062992125
0
LINE
8
BLACK
6
CONTINUOUS
10
5.5136868110236223
20
-3.9923846062992125
11
5.5163842519685042
21
-3.9910358661417322
0
LINE
8
BLACK
6
CONTINUOUS
10
5.5163842519685042
20
-3.9910358661417322
11
5.517581377952756
21
-3.9898387007874017
0
LINE
8
BLACK
6
CONTINUOUS
10
5.517581377952756
20
-3.9898387007874017
11
5.5189301574803151
21
-3.987141220472441
0
LINE
8
BLACK
6
CONTINUOUS
10
5.5189301574803151
20
-3.987141220472441
11
5.5189301574803151
21
-3.9847857874015746
0
LINE
8
BLACK
6
CONTINUOUS
10
5.5189301574803151
20
-3.9847857874015746
11
5.5175814173228348
21
-3.982088307086614
0
LINE
8
BLACK
6
CONTINUOUS
10
5.5175814173228348
20
-3.982088307086614
11
5.516384291338583
21
-3.9808911811023622
0
LINE
8
BLACK
6
CONTINUOUS
10
5.516384291338583
20
-3.9808911811023622
11
5.5133533070866143
21
-3.9793756692913385
0
LINE
8
BLACK
6
CONTINUOUS
10
5.5133533070866143
20
-3.9793756692913385
11
5.5061686614173224
21
-3.9775795275590551
0
LINE
8
BLACK
6
CONTINUOUS
10
5.5061686614173224
20
-3.9775795275590551
11
5.5061261417322838
21
-3.9775643307086614
0
LINE
8
BLACK
6
CONTINUOUS
10
5.5061261417322838
20
-3.9775643307086614
11
5.5061048818897635
21
-3.9775628346456693
0
LINE
8
BLACK
6
CONTINUOUS
10
5.5061048818897635
20
-3.9775628346456693
11
5.5058651181102363
21
-3.9774710629921257
0
LINE
8
BLACK
6
CONTINUOUS
10
5.5058651181102363
20
-3.9774710629921257
11
5.5056235433070864
21
-3.9773847637795274
0
LINE
8
BLACK
6
CONTINUOUS
10
5.5056235433070864
20
-3.9773847637795274
11
5.5056063779527555
21
-3.9773720472440943
0
LINE
8
BLACK
6
CONTINUOUS
10
5.5056063779527555
20
-3.9773720472440943
11
5.5055642913385823
21
-3.9773559448818898
0
LINE
8
BLACK
6
CONTINUOUS
10
5.5055642913385823
20
-3.9773559448818898
11
5.5018147637795272
21
-3.9754811811023623
0
LINE
8
BLACK
6
CONTINUOUS
10
5.5018147637795272
20
-3.9754811811023623
11
5.5015667322834645
21
-3.9753250787401573
0
LINE
8
BLACK
6
CONTINUOUS
10
5.5015667322834645
20
-3.9753250787401573
11
5.5014948031496065
21
-3.9752952755905513
0
LINE
8
BLACK
6
CONTINUOUS
10
5.5014948031496065
20
-3.9752952755905513
11
5.501413818897638
21
-3.9752287795275589
0
LINE
8
BLACK
6
CONTINUOUS
10
5.501413818897638
20
-3.9752287795275589
11
5.5013248818897633
21
-3.9751728346456692
0
LINE
8
BLACK
6
CONTINUOUS
10
5.5013248818897633
20
-3.9751728346456692
11
5.5012737007874017
21
-3.9751138188976376
0
LINE
8
BLACK
6
CONTINUOUS
10
5.5012737007874017
20
-3.9751138188976376
11
5.5010473622047247
21
-3.9749280708661416
0
LINE
8
BLACK
6
CONTINUOUS
10
5.5010473622047247
20
-3.9749280708661416
11
5.4991725984251971
21
-3.9730533070866141
0
LINE
8
BLACK
6
CONTINUOUS
10
5.4991725984251971
20
-3.9730533070866141
11
5.498986811023622
21
-3.9728269291338583
0
LINE
8
BLACK
6
CONTINUOUS
10
5.498986811023622
20
-3.9728269291338583
11
5.4989278346456691
21
-3.9727757874015746
0
LINE
8
BLACK
6
CONTINUOUS
10
5.4989278346456691
20
-3.9727757874015746
11
5.4988718503937006
21
-3.972686811023622
0
LINE
8
BLACK
6
CONTINUOUS
10
5.4988718503937006
20
-3.972686811023622
11
5.4988053937007875
21
-3.9726058661417323
0
LINE
8
BLACK
6
CONTINUOUS
10
5.4988053937007875
20
-3.9726058661417323
11
5.4987755511811018
21
-3.9725338976377951
0
LINE
8
BLACK
6
CONTINUOUS
10
5.4987755511811018
20
-3.9725338976377951
11
5.4986194881889761
21
-3.9722859055118112
0
LINE
8
BLACK
6
CONTINUOUS
10
5.4986194881889761
20
-3.9722859055118112
11
5.4967447244094485
21
-3.9685363779527556
0
LINE
8
BLACK
6
CONTINUOUS
10
5.4967447244094485
20
-3.9685363779527556
11
5.496537834645669
21
-3.967995748031496
0
LINE
8
BLACK
6
CONTINUOUS
10
5.496537834645669
20
-3.967995748031496
11
5.4965303149606299
21
-3.9678899212598426
0
LINE
8
BLACK
6
CONTINUOUS
10
5.4965303149606299
20
-3.9678899212598426
11
5.4964897244094484
21
-3.9677919291338584
0
LINE
8
BLACK
6
CONTINUOUS
10
5.4964897244094484
20
-3.9677919291338584
11
5.4964329921259845
21
-3.9672158661417321
0
LINE
8
BLACK
6
CONTINUOUS
10
5.4964329921259845
20
-3.9672158661417321
11
5.4964329921259845
21
-3.9634663385826769
0
LINE
8
BLACK
6
CONTINUOUS
10
5.4964329921259845
20
-3.9634663385826769
11
5.4964897244094484
21
-3.9628902755905511
0
LINE
8
BLACK
6
CONTINUOUS
10
5.4964897244094484
20
-3.9628902755905511
11
5.4965303149606299
21
-3.962792244094488
0
LINE
8
BLACK
6
CONTINUOUS
10
5.4965303149606299
20
-3.962792244094488
11
5.496537834645669
21
-3.9626864566929134
0
LINE
8
BLACK
6
CONTINUOUS
10
5.496537834645669
20
-3.9626864566929134
11
5.4967447244094485
21
-3.9621458267716534
0
LINE
8
BLACK
6
CONTINUOUS
10
5.4967447244094485
20
-3.9621458267716534
11
5.4986194881889761
21
-3.9583962992125983
0
LINE
8
BLACK
6
CONTINUOUS
10
5.4986194881889761
20
-3.9583962992125983
11
5.4987755511811018
21
-3.9581482677165352
0
LINE
8
BLACK
6
CONTINUOUS
10
5.4987755511811018
20
-3.9581482677165352
11
5.4988053937007875
21
-3.9580763385826772
0
LINE
8
BLACK
6
CONTINUOUS
10
5.4988053937007875
20
-3.9580763385826772
11
5.4988718503937006
21
-3.9579953543307087
0
LINE
8
BLACK
6
CONTINUOUS
10
5.4988718503937006
20
-3.9579953543307087
11
5.4989278346456691
21
-3.9579064173228344
0
LINE
8
BLACK
6
CONTINUOUS
10
5.4989278346456691
20
-3.9579064173228344
11
5.498986811023622
21
-3.9578552362204724
0
LINE
8
BLACK
6
CONTINUOUS
10
5.498986811023622
20
-3.9578552362204724
11
5.4991725984251971
21
-3.9576288976377954
0
LINE
8
BLACK
6
CONTINUOUS
10
5.4991725984251971
20
-3.9576288976377954
11
5.5010473622047247
21
-3.9557541338582678
0
LINE
8
BLACK
6
CONTINUOUS
10
5.5010473622047247
20
-3.9557541338582678
11
5.5012737007874017
21
-3.9555683464566926
0
LINE
8
BLACK
6
CONTINUOUS
10
5.5012737007874017
20
-3.9555683464566926
11
5.5013248818897633
21
-3.9555093700787403
0
LINE
8
BLACK
6
CONTINUOUS
10
5.5013248818897633
20
-3.9555093700787403
11
5.501413818897638
21
-3.9554533858267718
0
LINE
8
BLACK
6
CONTINUOUS
10
5.501413818897638
20
-3.9554533858267718
11
5.5014948031496065
21
-3.9553869291338581
0
LINE
8
BLACK
6
CONTINUOUS
10
5.5014948031496065
20
-3.9553869291338581
11
5.5015667322834645
21
-3.955357086614173
0
LINE
8
BLACK
6
CONTINUOUS
10
5.5015667322834645
20
-3.955357086614173
11
5.5018147637795272
21
-3.9552010236220472
0
LINE
8
BLACK
6
CONTINUOUS
10
5.5018147637795272
20
-3.9552010236220472
11
5.5055642913385823
21
-3.9533262598425196
0
LINE
8
BLACK
6
CONTINUOUS
10
5.5055642913385823
20
-3.9533262598425196
11
5.5061048818897635
21
-3.9531193700787401
0
LINE
8
BLACK
6
CONTINUOUS
10
5.5061048818897635
20
-3.9531193700787401
11
5.5062107480314957
21
-3.9531118110236219
0
LINE
8
BLACK
6
CONTINUOUS
10
5.5062107480314957
20
-3.9531118110236219
11
5.50630874015748
21
-3.9530712598425195
0
LINE
8
BLACK
6
CONTINUOUS
10
5.50630874015748
20
-3.9530712598425195
11
5.5068848031496058
21
-3.9530145275590551
0
LINE
8
BLACK
6
CONTINUOUS
10
5.5068848031496058
20
-3.9530145275590551
11
5.5162586220472436
21
-3.9530145275590551
0
LINE
8
BLACK
6
CONTINUOUS
10
5.5162586220472436
20
-3.9530145275590551
11
5.5165501574803146
21
-3.9530432283464565
0
LINE
8
BLACK
6
CONTINUOUS
10
5.4755832677165355
20
-3.9531044488188973
11
5.4757937007874018
21
-3.9531194094488189
0
LINE
8
BLACK
6
CONTINUOUS
10
5.4757937007874018
20
-3.9531194094488189
11
5.4761248031496059
21
-3.953284960629921
0
LINE
8
BLACK
6
CONTINUOUS
10
5.4761248031496059
20
-3.953284960629921
11
5.4764760629921261
21
-3.9534020472440945
0
LINE
8
BLACK
6
CONTINUOUS
10
5.4764760629921261
20
-3.9534020472440945
11
5.4766353937007874
21
-3.9535402362204723
0
LINE
8
BLACK
6
CONTINUOUS
10
5.4766353937007874
20
-3.9535402362204723
11
5.4768241338582673
21
-3.9536346062992127
0
LINE
8
BLACK
6
CONTINUOUS
10
5.4768241338582673
20
-3.9536346062992127
11
5.4770667716535435
21
-3.9539143307086615
0
LINE
8
BLACK
6
CONTINUOUS
10
5.4770667716535435
20
-3.9539143307086615
11
5.4773464566929135
21
-3.9541569291338581
0
LINE
8
BLACK
6
CONTINUOUS
10
5.4773464566929135
20
-3.9541569291338581
11
5.4774407480314959
21
-3.9543455511811021
0
LINE
8
BLACK
6
CONTINUOUS
10
5.4774407480314959
20
-3.9543455511811021
11
5.4775790157480317
21
-3.954504960629921
0
LINE
8
BLACK
6
CONTINUOUS
10
5.4775790157480317
20
-3.954504960629921
11
5.4778149999999997
21
-3.9550335433070867
0
LINE
8
BLACK
6
CONTINUOUS
10
5.4778149999999997
20
-3.9550335433070867
11
5.4909383464566925
21
-3.9944036220472441
0
LINE
8
BLACK
6
CONTINUOUS
10
5.4909383464566925
20
-3.9944036220472441
11
5.4910666929133853
21
-3.9949680314960627
0
LINE
8
BLACK
6
CONTINUOUS
10
5.4910666929133853
20
-3.9949680314960627
11
5.4909850000000002
21
-3.9961172440944881
0
LINE
8
BLACK
6
CONTINUOUS
10
5.4909850000000002
20
-3.9961172440944881
11
5.4904698031496064
21
-3.9971477165354328
0
LINE
8
BLACK
6
CONTINUOUS
10
5.4904698031496064
20
-3.9971477165354328
11
5.489599409448819
21
-3.9979025984251968
0
LINE
8
BLACK
6
CONTINUOUS
10
5.489599409448819
20
-3.9979025984251968
11
5.4885064173228342
21
-3.9982669291338584
0
LINE
8
BLACK
6
CONTINUOUS
10
5.4885064173228342
20
-3.9982669291338584
11
5.4873572047244092
21
-3.9981852362204724
0
LINE
8
BLACK
6
CONTINUOUS
10
5.4873572047244092
20
-3.9981852362204724
11
5.4863267716535429
21
-3.9976699999999998
0
LINE
8
BLACK
6
CONTINUOUS
10
5.4863267716535429
20
-3.9976699999999998
11
5.4855718897637793
21
-3.9967996456692911
0
LINE
8
BLACK
6
CONTINUOUS
10
5.4855718897637793
20
-3.9967996456692911
11
5.4853359055118105
21
-3.9962711023622046
0
LINE
8
BLACK
6
CONTINUOUS
10
5.4853359055118105
20
-3.9962711023622046
11
5.4822593700787401
21
-3.9870414960629921
0
LINE
8
BLACK
6
CONTINUOUS
10
5.4822593700787401
20
-3.9870414960629921
11
5.4677681889763781
21
-3.9870414960629921
0
LINE
8
BLACK
6
CONTINUOUS
10
5.4677681889763781
20
-3.9870414960629921
11
5.4646916535433068
21
-3.9962711023622046
0
LINE
8
BLACK
6
CONTINUOUS
10
5.4646916535433068
20
-3.9962711023622046
11
5.4644556692913389
21
-3.9967996850393699
0
LINE
8
BLACK
6
CONTINUOUS
10
5.4644556692913389
20
-3.9967996850393699
11
5.4637007874015744
21
-3.9976700393700786
0
LINE
8
BLACK
6
CONTINUOUS
10
5.4637007874015744
20
-3.9976700393700786
11
5.4626703543307089
21
-3.9981852362204724
0
LINE
8
BLACK
6
CONTINUOUS
10
5.4626703543307089
20
-3.9981852362204724
11
5.4615211417322831
21
-3.9982669291338584
0
LINE
8
BLACK
6
CONTINUOUS
10
5.4615211417322831
20
-3.9982669291338584
11
5.4604281102362204
21
-3.9979025984251968
0
LINE
8
BLACK
6
CONTINUOUS
10
5.4604281102362204
20
-3.9979025984251968
11
5.4595577559055117
21
-3.9971477165354328
0
LINE
8
BLACK
6
CONTINUOUS
10
5.4595577559055117
20
-3.9971477165354328
11
5.4590425590551179
21
-3.9961172834645668
0
LINE
8
BLACK
6
CONTINUOUS
10
5.4590425590551179
20
-3.9961172834645668
11
5.4589608661417319
21
-3.9949680708661415
0
LINE
8
BLACK
6
CONTINUOUS
10
5.4589608661417319
20
-3.9949680708661415
11
5.4590892125984247
21
-3.9944036220472441
0
LINE
8
BLACK
6
CONTINUOUS
10
5.4590892125984247
20
-3.9944036220472441
11
5.4722125590551176
21
-3.9550335433070867
0
LINE
8
BLACK
6
CONTINUOUS
10
5.4722125590551176
20
-3.9550335433070867
11
5.4724485433070864
21
-3.9545049999999997
0
LINE
8
BLACK
6
CONTINUOUS
10
5.4724485433070864
20
-3.9545049999999997
11
5.4725867322834647
21
-3.9543456299212596
0
LINE
8
BLACK
6
CONTINUOUS
10
5.4725867322834647
20
-3.9543456299212596
11
5.4726811023622046
21
-3.9541569291338581
0
LINE
8
BLACK
6
CONTINUOUS
10
5.4726811023622046
20
-3.9541569291338581
11
5.4729609448818897
21
-3.9539141732283465
0
LINE
8
BLACK
6
CONTINUOUS
10
5.4729609448818897
20
-3.9539141732283465
11
5.47320342519685
21
-3.9536346456692915
0
LINE
8
BLACK
6
CONTINUOUS
10
5.47320342519685
20
-3.9536346456692915
11
5.4733919685039369
21
-3.9535403543307086
0
LINE
8
BLACK
6
CONTINUOUS
10
5.4733919685039369
20
-3.9535403543307086
11
5.4735514566929133
21
-3.9534020472440945
0
LINE
8
BLACK
6
CONTINUOUS
10
5.4735514566929133
20
-3.9534020472440945
11
5.4739028346456688
21
-3.9532849212598422
0
LINE
8
BLACK
6
CONTINUOUS
10
5.4739028346456688
20
-3.9532849212598422
11
5.4742338582677164
21
-3.9531194094488189
0
LINE
8
BLACK
6
CONTINUOUS
10
5.4742338582677164
20
-3.9531194094488189
11
5.4744442519685039
21
-3.9531044488188973
0
LINE
8
BLACK
6
CONTINUOUS
10
5.4744442519685039
20
-3.9531044488188973
11
5.474644488188976
21
-3.9530377165354329
0
LINE
8
BLACK
6
CONTINUOUS
10
5.474644488188976
20
-3.9530377165354329
11
5.4750137795275586
21
-3.9530639370078737
0
LINE
8
BLACK
6
CONTINUOUS
10
5.4750137795275586
20
-3.9530639370078737
11
5.4753830708661413
21
-3.9530377165354329
0
LINE
8
BLACK
6
CONTINUOUS
10
5.4753830708661413
20
-3.9530377165354329
11
5.4755832677165355
21
-3.9531044488188973
0
LINE
8
BLACK
6
CONTINUOUS
10
5.4697366929133855
20
-3.9811359842519685
11
5.4802908661417318
21
-3.9811359842519685
0
LINE
8
BLACK
6
CONTINUOUS
10
5.4802908661417318
20
-3.9811359842519685
11
5.4750137795275586
21
-3.9653046850393698
0
LINE
8
BLACK
6
CONTINUOUS
10
5.4750137795275586
20
-3.9653046850393698
11
5.4697366929133855
21
-3.9811359842519685
0
LINE
8
BLACK
6
CONTINUOUS
10
5.2088610629921259
20
-3.9530712598425195
11
5.2093731102362204
21
-3.9530712598425195
0
LINE
8
BLACK
6
CONTINUOUS
10
5.2093731102362204
20
-3.9530712598425195
11
5.2094338582677162
21
-3.9530964173228345
0
LINE
8
BLACK
6
CONTINUOUS
10
5.2094338582677162
20
-3.9530964173228345
11
5.209499724409449
21
-3.9530993307086613
0
LINE
8
BLACK
6
CONTINUOUS
10
5.209499724409449
20
-3.9530993307086613
11
5.2099645669291341
21
-3.9533162204724408
0
LINE
8
BLACK
6
CONTINUOUS
10
5.2099645669291341
20
-3.9533162204724408
11
5.2104375196850397
21
-3.9535121653543306
0
LINE
8
BLACK
6
CONTINUOUS
10
5.2104375196850397
20
-3.9535121653543306
11
5.2104840157480314
21
-3.9535586614173228
0
LINE
8
BLACK
6
CONTINUOUS
10
5.2104840157480314
20
-3.9535586614173228
11
5.2105437401574806
21
-3.9535865354330708
0
LINE
8
BLACK
6
CONTINUOUS
10
5.2105437401574806
20
-3.9535865354330708
11
5.2108899606299213
21
-3.9539646062992126
0
LINE
8
BLACK
6
CONTINUOUS
10
5.2108899606299213
20
-3.9539646062992126
11
5.2112521653543302
21
-3.954326811023622
0
LINE
8
BLACK
6
CONTINUOUS
10
5.2112521653543302
20
-3.954326811023622
11
5.2112773622047239
21
-3.9543876377952754
0
LINE
8
BLACK
6
CONTINUOUS
10
5.2112773622047239
20
-3.9543876377952754
11
5.2113218503937011
21
-3.954436220472441
0
LINE
8
BLACK
6
CONTINUOUS
10
5.2113218503937011
20
-3.954436220472441
11
5.2114969291338582
21
-3.9549177165354328
0
LINE
8
BLACK
6
CONTINUOUS
10
5.2114969291338582
20
-3.9549177165354328
11
5.2116930708661418
21
-3.9553912204724408
0
LINE
8
BLACK
6
CONTINUOUS
10
5.2116930708661418
20
-3.9553912204724408
11
5.2117019685039372
21
-3.9554815748031493
0
LINE
8
BLACK
6
CONTINUOUS
10
5.2117019685039372
20
-3.9554815748031493
11
5.2117155511811024
21
-3.955518937007874
0
LINE
8
BLACK
6
CONTINUOUS
10
5.2117155511811024
20
-3.955518937007874
11
5.2117124803149606
21
-3.955588464566929
0
LINE
8
BLACK
6
CONTINUOUS
10
5.2117124803149606
20
-3.955588464566929
11
5.2117498031496066
21
-3.9559672834645667
0
LINE
8
BLACK
6
CONTINUOUS
10
5.2117498031496066
20
-3.9559672834645667
11
5.2117498031496066
21
-3.9953373622047241
0
LINE
8
BLACK
6
CONTINUOUS
10
5.2117498031496066
20
-3.9953373622047241
11
5.2116930708661418
21
-3.9959134251968504
0
LINE
8
BLACK
6
CONTINUOUS
10
5.2116930708661418
20
-3.9959134251968504
11
5.2112521653543302
21
-3.9969778346456692
0
LINE
8
BLACK
6
CONTINUOUS
10
5.2112521653543302
20
-3.9969778346456692
11
5.2104375196850397
21
-3.9977924803149607
0
LINE
8
BLACK
6
CONTINUOUS
10
5.2104375196850397
20
-3.9977924803149607
11
5.2093731102362204
21
-3.9982333858267713
0
LINE
8
BLACK
6
CONTINUOUS
10
5.2093731102362204
20
-3.9982333858267713
11
5.2082209842519687
21
-3.9982333858267713
0
LINE
8
BLACK
6
CONTINUOUS
10
5.2082209842519687
20
-3.9982333858267713
11
5.2071565748031494
21
-3.9977924803149607
0
LINE
8
BLACK
6
CONTINUOUS
10
5.2071565748031494
20
-3.9977924803149607
11
5.206341929133858
21
-3.9969778346456692
0
LINE
8
BLACK
6
CONTINUOUS
10
5.206341929133858
20
-3.9969778346456692
11
5.2059010236220473
21
-3.9959134251968504
0
LINE
8
BLACK
6
CONTINUOUS
10
5.2059010236220473
20
-3.9959134251968504
11
5.2058442913385825
21
-3.9953373622047241
0
LINE
8
BLACK
6
CONTINUOUS
10
5.2058442913385825
20
-3.9953373622047241
11
5.2058442913385825
21
-3.9692770078740156
0
LINE
8
BLACK
6
CONTINUOUS
10
5.2058442913385825
20
-3.9692770078740156
11
5.1983494488188979
21
-3.9853374015748031
0
LINE
8
BLACK
6
CONTINUOUS
10
5.1983494488188979
20
-3.9853374015748031
11
5.1982244881889761
21
-3.985548307086614
0
LINE
8
BLACK
6
CONTINUOUS
10
5.1982244881889761
20
-3.985548307086614
11
5.1981985039370073
21
-3.9856198031496062
0
LINE
8
BLACK
6
CONTINUOUS
10
5.1981985039370073
20
-3.9856198031496062
11
5.1981521653543306
21
-3.9856703543307086
0
LINE
8
BLACK
6
CONTINUOUS
10
5.1981521653543306
20
-3.9856703543307086
11
5.1980544094488188
21
-3.9858354330708661
0
LINE
8
BLACK
6
CONTINUOUS
10
5.1980544094488188
20
-3.9858354330708661
11
5.1977235826771651
21
-3.9861383464566926
0
LINE
8
BLACK
6
CONTINUOUS
10
5.1977235826771651
20
-3.9861383464566926
11
5.1974203937007877
21
-3.9864694881889764
0
LINE
8
BLACK
6
CONTINUOUS
10
5.1974203937007877
20
-3.9864694881889764
11
5.1973014173228345
21
-3.9865249606299211
0
LINE
8
BLACK
6
CONTINUOUS
10
5.1973014173228345
20
-3.9865249606299211
11
5.1972047637795278
21
-3.9866135433070866
0
LINE
8
BLACK
6
CONTINUOUS
10
5.1972047637795278
20
-3.9866135433070866
11
5.1967832677165351
21
-3.9867667716535431
0
LINE
8
BLACK
6
CONTINUOUS
10
5.1967832677165351
20
-3.9867667716535431
11
5.1963763779527561
21
-3.9869566929133859
0
LINE
8
BLACK
6
CONTINUOUS
10
5.1963763779527561
20
-3.9869566929133859
11
5.196245196850394
21
-3.9869624409448816
0
LINE
8
BLACK
6
CONTINUOUS
10
5.196245196850394
20
-3.9869624409448816
11
5.1961220472440948
21
-3.9870072440944879
0
LINE
8
BLACK
6
CONTINUOUS
10
5.1961220472440948
20
-3.9870072440944879
11
5.1956739370078742
21
-3.9869875590551178
0
LINE
8
BLACK
6
CONTINUOUS
10
5.1956739370078742
20
-3.9869875590551178
11
5.1952253543307085
21
-3.9870072834645667
0
LINE
8
BLACK
6
CONTINUOUS
10
5.1952253543307085
20
-3.9870072834645667
11
5.1951020472440943
21
-3.9869624409448816
0
LINE
8
BLACK
6
CONTINUOUS
10
5.1951020472440943
20
-3.9869624409448816
11
5.1949710236220472
21
-3.9869566929133859
0
LINE
8
BLACK
6
CONTINUOUS
10
5.1949710236220472
20
-3.9869566929133859
11
5.1945643700787398
21
-3.9867668897637794
0
LINE
8
BLACK
6
CONTINUOUS
10
5.1945643700787398
20
-3.9867668897637794
11
5.1941426377952755
21
-3.9866135433070866
0
LINE
8
BLACK
6
CONTINUOUS
10
5.1941426377952755
20
-3.9866135433070866
11
5.1940458267716538
21
-3.9865248818897636
0
LINE
8
BLACK
6
CONTINUOUS
10
5.1940458267716538
20
-3.9865248818897636
11
5.1939270078740156
21
-3.9864694488188976
0
LINE
8
BLACK
6
CONTINUOUS
10
5.1939270078740156
20
-3.9864694488188976
11
5.1936240551181099
21
-3.9861386220472439
0
LINE
8
BLACK
6
CONTINUOUS
10
5.1936240551181099
20
-3.9861386220472439
11
5.1932929921259845
21
-3.9858354724409448
0
LINE
8
BLACK
6
CONTINUOUS
10
5.1932929921259845
20
-3.9858354724409448
11
5.1931951181102365
21
-3.9856702755905511
0
LINE
8
BLACK
6
CONTINUOUS
10
5.1931951181102365
20
-3.9856702755905511
11
5.1931488976377951
21
-3.9856198031496062
0
LINE
8
BLACK
6
CONTINUOUS
10
5.1931488976377951
20
-3.9856198031496062
11
5.1931229133858263
21
-3.9855484251968503
0
LINE
8
BLACK
6
CONTINUOUS
10
5.1931229133858263
20
-3.9855484251968503
11
5.1929979527559054
21
-3.9853374409448818
0
LINE
8
BLACK
6
CONTINUOUS
10
5.1929979527559054
20
-3.9853374409448818
11
5.1855031102362208
21
-3.9692770078740156
0
LINE
8
BLACK
6
CONTINUOUS
10
5.1855031102362208
20
-3.9692770078740156
11
5.1855031102362208
21
-3.9953373622047241
0
LINE
8
BLACK
6
CONTINUOUS
10
5.1855031102362208
20
-3.9953373622047241
11
5.185446377952756
21
-3.9959134251968504
0
LINE
8
BLACK
6
CONTINUOUS
10
5.185446377952756
20
-3.9959134251968504
11
5.1850054724409445
21
-3.9969778346456692
0
LINE
8
BLACK
6
CONTINUOUS
10
5.1850054724409445
20
-3.9969778346456692
11
5.184190826771653
21
-3.9977924803149607
0
LINE
8
BLACK
6
CONTINUOUS
10
5.184190826771653
20
-3.9977924803149607
11
5.1831264173228346
21
-3.9982333858267713
0
LINE
8
BLACK
6
CONTINUOUS
10
5.1831264173228346
20
-3.9982333858267713
11
5.1819742913385829
21
-3.9982333858267713
0
LINE
8
BLACK
6
CONTINUOUS
10
5.1819742913385829
20
-3.9982333858267713
11
5.1809098818897636
21
-3.9977924803149607
0
LINE
8
BLACK
6
CONTINUOUS
10
5.1809098818897636
20
-3.9977924803149607
11
5.1800952362204722
21
-3.9969778346456692
0
LINE
8
BLACK
6
CONTINUOUS
10
5.1800952362204722
20
-3.9969778346456692
11
5.1796543307086615
21
-3.9959134251968504
0
LINE
8
BLACK
6
CONTINUOUS
10
5.1796543307086615
20
-3.9959134251968504
11
5.1795975984251967
21
-3.9953373622047241
0
LINE
8
BLACK
6
CONTINUOUS
10
5.1795975984251967
20
-3.9953373622047241
11
5.1795975984251967
21
-3.9559672834645667
0
LINE
8
BLACK
6
CONTINUOUS
10
5.1795975984251967
20
-3.9559672834645667
11
5.179634881889764
21
-3.955588464566929
0
LINE
8
BLACK
6
CONTINUOUS
10
5.179634881889764
20
-3.955588464566929
11
5.1796318503937009
21
-3.955518937007874
0
LINE
8
BLACK
6
CONTINUOUS
10
5.1796318503937009
20
-3.955518937007874
11
5.1796453937007874
21
-3.9554815748031493
0
LINE
8
BLACK
6
CONTINUOUS
10
5.1796453937007874
20
-3.9554815748031493
11
5.1796543307086615
21
-3.9553912204724408
0
LINE
8
BLACK
6
CONTINUOUS
10
5.1796543307086615
20
-3.9553912204724408
11
5.1798504330708663
21
-3.9549177165354328
0
LINE
8
BLACK
6
CONTINUOUS
10
5.1798504330708663
20
-3.9549177165354328
11
5.1800255511811022
21
-3.954436220472441
0
LINE
8
BLACK
6
CONTINUOUS
10
5.1800255511811022
20
-3.954436220472441
11
5.1800699999999997
21
-3.9543876377952754
0
LINE
8
BLACK
6
CONTINUOUS
10
5.1800699999999997
20
-3.9543876377952754
11
5.1800952362204722
21
-3.954326811023622
0
LINE
8
BLACK
6
CONTINUOUS
10
5.1800952362204722
20
-3.954326811023622
11
5.1804576377952758
21
-3.9539643700787401
0
LINE
8
BLACK
6
CONTINUOUS
10
5.1804576377952758
20
-3.9539643700787401
11
5.1808036614173227
21
-3.9535865748031496
0
LINE
8
BLACK
6
CONTINUOUS
10
5.1808036614173227
20
-3.9535865748031496
11
5.1808633070866144
21
-3.9535587007874016
0
LINE
8
BLACK
6
CONTINUOUS
10
5.1808633070866144
20
-3.9535587007874016
11
5.1809098818897636
21
-3.9535121653543306
0
LINE
8
BLACK
6
CONTINUOUS
10
5.1809098818897636
20
-3.9535121653543306
11
5.1813831496062992
21
-3.9533161023622045
0
LINE
8
BLACK
6
CONTINUOUS
10
5.1813831496062992
20
-3.9533161023622045
11
5.1818476771653543
21
-3.9530993307086613
0
LINE
8
BLACK
6
CONTINUOUS
10
5.1818476771653543
20
-3.9530993307086613
11
5.1819134645669287
21
-3.9530964173228345
0
LINE
8
BLACK
6
CONTINUOUS
10
5.1819134645669287
20
-3.9530964173228345
11
5.1819742913385829
21
-3.9530712598425195
0
LINE
8
BLACK
6
CONTINUOUS
10
5.1819742913385829
20
-3.9530712598425195
11
5.1824868503937003
21
-3.9530712598425195
0
LINE
8
BLACK
6
CONTINUOUS
10
5.1824868503937003
20
-3.9530712598425195
11
5.1829987007874019
21
-3.9530487795275588
0
LINE
8
BLACK
6
CONTINUOUS
10
5.1829987007874019
20
-3.9530487795275588
11
5.1830605118110231
21
-3.9530712598425195
0
LINE
8
BLACK
6
CONTINUOUS
10
5.1830605118110231
20
-3.9530712598425195
11
5.1831264173228346
21
-3.9530712598425195
0
LINE
8
BLACK
6
CONTINUOUS
10
5.1831264173228346
20
-3.9530712598425195
11
5.1835998818897639
21
-3.9532673622047243
0
LINE
8
BLACK
6
CONTINUOUS
10
5.1835998818897639
20
-3.9532673622047243
11
5.1840814173228349
21
-3.9534424803149606
0
LINE
8
BLACK
6
CONTINUOUS
10
5.1840814173228349
20
-3.9534424803149606
11
5.1841299606299209
21
-3.9534869291338581
0
LINE
8
BLACK
6
CONTINUOUS
10
5.1841299606299209
20
-3.9534869291338581
11
5.184190826771653
21
-3.9535121653543306
0
LINE
8
BLACK
6
CONTINUOUS
10
5.184190826771653
20
-3.9535121653543306
11
5.1845532283464566
21
-3.9538745669291337
0
LINE
8
BLACK
6
CONTINUOUS
10
5.1845532283464566
20
-3.9538745669291337
11
5.1849310629921259
21
-3.9542205905511811
0
LINE
8
BLACK
6
CONTINUOUS
10
5.1849310629921259
20
-3.9542205905511811
11
5.1849772834645664
21
-3.954298622047244
0
LINE
8
BLACK
6
CONTINUOUS
10
5.1849772834645664
20
-3.954298622047244
11
5.1850054724409445
21
-3.954326811023622
0
LINE
8
BLACK
6
CONTINUOUS
10
5.1850054724409445
20
-3.954326811023622
11
5.1850321653543308
21
-3.954391220472441
0
LINE
8
BLACK
6
CONTINUOUS
10
5.1850321653543308
20
-3.954391220472441
11
5.185226102362205
21
-3.9547186220472441
0
LINE
8
BLACK
6
CONTINUOUS
10
5.185226102362205
20
-3.9547186220472441
11
5.1956736614173229
21
-3.9771062992125983
0
LINE
8
BLACK
6
CONTINUOUS
10
5.1956736614173229
20
-3.9771062992125983
11
5.2061212992125983
21
-3.9547185826771654
0
LINE
8
BLACK
6
CONTINUOUS
10
5.2061212992125983
20
-3.9547185826771654
11
5.2063152755905513
21
-3.9543911023622047
0
LINE
8
BLACK
6
CONTINUOUS
10
5.2063152755905513
20
-3.9543911023622047
11
5.206341929133858
21
-3.954326811023622
0
LINE
8
BLACK
6
CONTINUOUS
10
5.206341929133858
20
-3.954326811023622
11
5.2063700393700785
21
-3.9542986614173228
0
LINE
8
BLACK
6
CONTINUOUS
10
5.2063700393700785
20
-3.9542986614173228
11
5.2064163385826774
21
-3.9542205511811024
0
LINE
8
BLACK
6
CONTINUOUS
10
5.2064163385826774
20
-3.9542205511811024
11
5.2067944094488192
21
-3.9538742913385825
0
LINE
8
BLACK
6
CONTINUOUS
10
5.2067944094488192
20
-3.9538742913385825
11
5.2071565748031494
21
-3.9535121653543306
0
LINE
8
BLACK
6
CONTINUOUS
10
5.2071565748031494
20
-3.9535121653543306
11
5.2072174015748027
21
-3.9534869685039369
0
LINE
8
BLACK
6
CONTINUOUS
10
5.2072174015748027
20
-3.9534869685039369
11
5.2072659842519684
21
-3.9534424803149606
0
LINE
8
BLACK
6
CONTINUOUS
10
5.2072659842519684
20
-3.9534424803149606
11
5.2077477952755906
21
-3.953267244094488
0
LINE
8
BLACK
6
CONTINUOUS
10
5.2077477952755906
20
-3.953267244094488
11
5.2082209842519687
21
-3.9530712598425195
0
LINE
8
BLACK
6
CONTINUOUS
10
5.2082209842519687
20
-3.9530712598425195
11
5.208286771653543
21
-3.9530712598425195
0
LINE
8
BLACK
6
CONTINUOUS
10
5.208286771653543
20
-3.9530712598425195
11
5.2083487007874014
21
-3.9530487401574801
0
LINE
8
BLACK
6
CONTINUOUS
10
5.2083487007874014
20
-3.9530487401574801
11
5.2088610629921259
21
-3.9530712598425195
0
LINE
8
BLACK
6
CONTINUOUS
10
5.2449936614173227
20
-3.9530712598425195
11
5.246058070866142
21
-3.9535121653543306
0
LINE
8
BLACK
6
CONTINUOUS
10
5.246058070866142
20
-3.9535121653543306
11
5.2468727165354325
21
-3.954326811023622
0
LINE
8
BLACK
6
CONTINUOUS
10
5.2468727165354325
20
-3.954326811023622
11
5.2473136220472441
21
-3.9553912204724408
0
LINE
8
BLACK
6
CONTINUOUS
10
5.2473136220472441
20
-3.9553912204724408
11
5.2473136220472441
21
-3.956543346456693
0
LINE
8
BLACK
6
CONTINUOUS
10
5.2473136220472441
20
-3.956543346456693
11
5.2468727165354325
21
-3.9576077559055118
0
LINE
8
BLACK
6
CONTINUOUS
10
5.2468727165354325
20
-3.9576077559055118
11
5.246058070866142
21
-3.9584224015748029
0
LINE
8
BLACK
6
CONTINUOUS
10
5.246058070866142
20
-3.9584224015748029
11
5.2449936614173227
21
-3.9588633070866139
0
LINE
8
BLACK
6
CONTINUOUS
10
5.2449936614173227
20
-3.9588633070866139
11
5.2444175984251968
21
-3.9589200393700787
0
LINE
8
BLACK
6
CONTINUOUS
10
5.2444175984251968
20
-3.9589200393700787
11
5.2361217716535435
21
-3.9589200393700787
0
LINE
8
BLACK
6
CONTINUOUS
10
5.2361217716535435
20
-3.9589200393700787
11
5.2361217716535435
21
-3.9953373622047241
0
LINE
8
BLACK
6
CONTINUOUS
10
5.2361217716535435
20
-3.9953373622047241
11
5.2360650393700787
21
-3.9959134251968504
0
LINE
8
BLACK
6
CONTINUOUS
10
5.2360650393700787
20
-3.9959134251968504
11
5.2356241338582672
21
-3.9969778346456692
0
LINE
8
BLACK
6
CONTINUOUS
10
5.2356241338582672
20
-3.9969778346456692
11
5.2348094881889766
21
-3.9977924803149607
0
LINE
8
BLACK
6
CONTINUOUS
10
5.2348094881889766
20
-3.9977924803149607
11
5.2337450787401574
21
-3.9982333858267713
0
LINE
8
BLACK
6
CONTINUOUS
10
5.2337450787401574
20
-3.9982333858267713
11
5.2325929527559056
21
-3.9982333858267713
0
LINE
8
BLACK
6
CONTINUOUS
10
5.2325929527559056
20
-3.9982333858267713
11
5.2315285433070864
21
-3.9977924803149607
0
LINE
8
BLACK
6
CONTINUOUS
10
5.2315285433070864
20
-3.9977924803149607
11
5.2307138976377949
21
-3.9969778346456692
0
LINE
8
BLACK
6
CONTINUOUS
10
5.2307138976377949
20
-3.9969778346456692
11
5.2302729921259843
21
-3.9959134251968504
0
LINE
8
BLACK
6
CONTINUOUS
10
5.2302729921259843
20
-3.9959134251968504
11
5.2302162598425195
21
-3.9953373622047241
0
LINE
8
BLACK
6
CONTINUOUS
10
5.2302162598425195
20
-3.9953373622047241
11
5.2302162598425195
21
-3.9589200393700787
0
LINE
8
BLACK
6
CONTINUOUS
10
5.2302162598425195
20
-3.9589200393700787
11
5.2219204330708662
21
-3.9589200393700787
0
LINE
8
BLACK
6
CONTINUOUS
10
5.2219204330708662
20
-3.9589200393700787
11
5.2213443700787403
21
-3.9588633070866139
0
LINE
8
BLACK
6
CONTINUOUS
10
5.2213443700787403
20
-3.9588633070866139
11
5.2202799606299211
21
-3.9584224015748029
0
LINE
8
BLACK
6
CONTINUOUS
10
5.2202799606299211
20
-3.9584224015748029
11
5.2194653149606296
21
-3.9576077559055118
0
LINE
8
BLACK
6
CONTINUOUS
10
5.2194653149606296
20
-3.9576077559055118
11
5.219024409448819
21
-3.956543346456693
0
LINE
8
BLACK
6
CONTINUOUS
10
5.219024409448819
20
-3.956543346456693
11
5.219024409448819
21
-3.9553912204724408
0
LINE
8
BLACK
6
CONTINUOUS
10
5.219024409448819
20
-3.9553912204724408
11
5.2194653149606296
21
-3.954326811023622
0
LINE
8
BLACK
6
CONTINUOUS
10
5.2194653149606296
20
-3.954326811023622
11
5.2202799606299211
21
-3.9535121653543306
0
LINE
8
BLACK
6
CONTINUOUS
10
5.2202799606299211
20
-3.9535121653543306
11
5.2213443700787403
21
-3.9530712598425195
0
LINE
8
BLACK
6
CONTINUOUS
10
5.2213443700787403
20
-3.9530712598425195
11
5.2219204330708662
21
-3.9530145275590551
0
LINE
8
BLACK
6
CONTINUOUS
10
5.2219204330708662
20
-3.9530145275590551
11
5.2444175984251968
21
-3.9530145275590551
0
LINE
8
BLACK
6
CONTINUOUS
10
5.2444175984251968
20
-3.9530145275590551
11
5.2449936614173227
21
-3.9530712598425195
0
LINE
8
BLACK
6
CONTINUOUS
10
5.3210487401574804
20
-3.9535121653543306
11
5.3218633858267719
21
-3.954326811023622
0
LINE
8
BLACK
6
CONTINUOUS
10
5.3218633858267719
20
-3.954326811023622
11
5.3223042913385825
21
-3.9553912204724408
0
LINE
8
BLACK
6
CONTINUOUS
10
5.3223042913385825
20
-3.9553912204724408
11
5.3223610236220473
21
-3.9559672834645667
0
LINE
8
BLACK
6
CONTINUOUS
10
5.3223610236220473
20
-3.9559672834645667
11
5.3223610236220473
21
-3.9717621653543307
0
LINE
8
BLACK
6
CONTINUOUS
10
5.3223610236220473
20
-3.9717621653543307
11
5.3389526771653539
21
-3.9717621653543307
0
LINE
8
BLACK
6
CONTINUOUS
10
5.3389526771653539
20
-3.9717621653543307
11
5.3389526771653539
21
-3.9559672834645667
0
LINE
8
BLACK
6
CONTINUOUS
10
5.3389526771653539
20
-3.9559672834645667
11
5.3390094094488187
21
-3.9553912204724408
0
LINE
8
BLACK
6
CONTINUOUS
10
5.3390094094488187
20
-3.9553912204724408
11
5.3394503149606294
21
-3.954326811023622
0
LINE
8
BLACK
6
CONTINUOUS
10
5.3394503149606294
20
-3.954326811023622
11
5.3402649606299208
21
-3.9535121653543306
0
LINE
8
BLACK
6
CONTINUOUS
10
5.3402649606299208
20
-3.9535121653543306
11
5.3413293700787401
21
-3.9530712598425195
0
LINE
8
BLACK
6
CONTINUOUS
10
5.3413293700787401
20
-3.9530712598425195
11
5.3424814960629918
21
-3.9530712598425195
0
LINE
8
BLACK
6
CONTINUOUS
10
5.3424814960629918
20
-3.9530712598425195
11
5.3435459055118111
21
-3.9535121653543306
0
LINE
8
BLACK
6
CONTINUOUS
10
5.3435459055118111
20
-3.9535121653543306
11
5.3443605511811025
21
-3.954326811023622
0
LINE
8
BLACK
6
CONTINUOUS
10
5.3443605511811025
20
-3.954326811023622
11
5.3448014566929132
21
-3.9553912204724408
0
LINE
8
BLACK
6
CONTINUOUS
10
5.3448014566929132
20
-3.9553912204724408
11
5.344858188976378
21
-3.9559672834645667
0
LINE
8
BLACK
6
CONTINUOUS
10
5.344858188976378
20
-3.9559672834645667
11
5.344858188976378
21
-3.9953373622047241
0
LINE
8
BLACK
6
CONTINUOUS
10
5.344858188976378
20
-3.9953373622047241
11
5.3448014566929132
21
-3.9959134251968504
0
LINE
8
BLACK
6
CONTINUOUS
10
5.3448014566929132
20
-3.9959134251968504
11
5.3443605511811025
21
-3.9969778346456692
0
LINE
8
BLACK
6
CONTINUOUS
10
5.3443605511811025
20
-3.9969778346456692
11
5.3435459055118111
21
-3.9977924803149607
0
LINE
8
BLACK
6
CONTINUOUS
10
5.3435459055118111
20
-3.9977924803149607
11
5.3424814960629918
21
-3.9982333858267713
0
LINE
8
BLACK
6
CONTINUOUS
10
5.3424814960629918
20
-3.9982333858267713
11
5.3413293700787401
21
-3.9982333858267713
0
LINE
8
BLACK
6
CONTINUOUS
10
5.3413293700787401
20
-3.9982333858267713
11
5.3402649606299208
21
-3.9977924803149607
0
LINE
8
BLACK
6
CONTINUOUS
10
5.3402649606299208
20
-3.9977924803149607
11
5.3394503149606294
21
-3.9969778346456692
0
LINE
8
BLACK
6
CONTINUOUS
10
5.3394503149606294
20
-3.9969778346456692
11
5.3390094094488187
21
-3.9959134251968504
0
LINE
8
BLACK
6
CONTINUOUS
10
5.3390094094488187
20
-3.9959134251968504
11
5.3389526771653539
21
-3.9953373622047241
0
LINE
8
BLACK
6
CONTINUOUS
10
5.3389526771653539
20
-3.9953373622047241
11
5.3389526771653539
21
-3.9776676771653543
0
LINE
8
BLACK
6
CONTINUOUS
10
5.3389526771653539
20
-3.9776676771653543
11
5.3223610236220473
21
-3.9776676771653543
0
LINE
8
BLACK
6
CONTINUOUS
10
5.3223610236220473
20
-3.9776676771653543
11
5.3223610236220473
21
-3.9953373622047241
0
LINE
8
BLACK
6
CONTINUOUS
10
5.3223610236220473
20
-3.9953373622047241
11
5.3223042913385825
21
-3.9959134251968504
0
LINE
8
BLACK
6
CONTINUOUS
10
5.3223042913385825
20
-3.9959134251968504
11
5.3218633858267719
21
-3.9969778346456692
0
LINE
8
BLACK
6
CONTINUOUS
10
5.3218633858267719
20
-3.9969778346456692
11
5.3210487401574804
21
-3.9977924803149607
0
LINE
8
BLACK
6
CONTINUOUS
10
5.3210487401574804
20
-3.9977924803149607
11
5.3199843307086612
21
-3.9982333858267713
0
LINE
8
BLACK
6
CONTINUOUS
10
5.3199843307086612
20
-3.9982333858267713
11
5.3188322047244094
21
-3.9982333858267713
0
LINE
8
BLACK
6
CONTINUOUS
10
5.3188322047244094
20
-3.9982333858267713
11
5.3177677952755902
21
-3.9977924803149607
0
LINE
8
BLACK
6
CONTINUOUS
10
5.3177677952755902
20
-3.9977924803149607
11
5.3169531496062987
21
-3.9969778346456692
0
LINE
8
BLACK
6
CONTINUOUS
10
5.3169531496062987
20
-3.9969778346456692
11
5.3165122440944881
21
-3.9959134251968504
0
LINE
8
BLACK
6
CONTINUOUS
10
5.3165122440944881
20
-3.9959134251968504
11
5.3164555118110233
21
-3.9953373622047241
0
LINE
8
BLACK
6
CONTINUOUS
10
5.3164555118110233
20
-3.9953373622047241
11
5.3164555118110233
21
-3.9559672834645667
0
LINE
8
BLACK
6
CONTINUOUS
10
5.3164555118110233
20
-3.9559672834645667
11
5.3165122440944881
21
-3.9553912204724408
0
LINE
8
BLACK
6
CONTINUOUS
10
5.3165122440944881
20
-3.9553912204724408
11
5.3169531496062987
21
-3.954326811023622
0
LINE
8
BLACK
6
CONTINUOUS
10
5.3169531496062987
20
-3.954326811023622
11
5.3177677952755902
21
-3.9535121653543306
0
LINE
8
BLACK
6
CONTINUOUS
10
5.3177677952755902
20
-3.9535121653543306
11
5.3188322047244094
21
-3.9530712598425195
0
LINE
8
BLACK
6
CONTINUOUS
10
5.3188322047244094
20
-3.9530712598425195
11
5.3199843307086612
21
-3.9530712598425195
0
LINE
8
BLACK
6
CONTINUOUS
10
5.3199843307086612
20
-3.9530712598425195
11
5.3210487401574804
21
-3.9535121653543306
0
LINE
8
BLACK
6
CONTINUOUS
10
5.3622935826771654
20
-3.9535121653543306
11
5.3631082283464568
21
-3.954326811023622
0
LINE
8
BLACK
6
CONTINUOUS
10
5.3631082283464568
20
-3.954326811023622
11
5.3635491338582675
21
-3.9553912204724408
0
LINE
8
BLACK
6
CONTINUOUS
10
5.3635491338582675
20
-3.9553912204724408
11
5.3636058661417323
21
-3.9559672834645667
0
LINE
8
BLACK
6
CONTINUOUS
10
5.3636058661417323
20
-3.9559672834645667
11
5.3636058661417323
21
-3.9953373622047241
0
LINE
8
BLACK
6
CONTINUOUS
10
5.3636058661417323
20
-3.9953373622047241
11
5.3635491338582675
21
-3.9959134251968504
0
LINE
8
BLACK
6
CONTINUOUS
10
5.3635491338582675
20
-3.9959134251968504
11
5.3631082283464568
21
-3.9969778346456692
0
LINE
8
BLACK
6
CONTINUOUS
10
5.3631082283464568
20
-3.9969778346456692
11
5.3622935826771654
21
-3.9977924803149607
0
LINE
8
BLACK
6
CONTINUOUS
10
5.3622935826771654
20
-3.9977924803149607
11
5.3612291732283461
21
-3.9982333858267713
0
LINE
8
BLACK
6
CONTINUOUS
10
5.3612291732283461
20
-3.9982333858267713
11
5.3600770472440944
21
-3.9982333858267713
0
LINE
8
BLACK
6
CONTINUOUS
10
5.3600770472440944
20
-3.9982333858267713
11
5.3590126377952751
21
-3.9977924803149607
0
LINE
8
BLACK
6
CONTINUOUS
10
5.3590126377952751
20
-3.9977924803149607
11
5.3581979921259837
21
-3.9969778346456692
0
LINE
8
BLACK
6
CONTINUOUS
10
5.3581979921259837
20
-3.9969778346456692
11
5.357757086614173
21
-3.9959134251968504
0
LINE
8
BLACK
6
CONTINUOUS
10
5.357757086614173
20
-3.9959134251968504
11
5.3577003543307082
21
-3.9953373622047241
0
LINE
8
BLACK
6
CONTINUOUS
10
5.3577003543307082
20
-3.9953373622047241
11
5.3577003543307082
21
-3.9559672834645667
0
LINE
8
BLACK
6
CONTINUOUS
10
5.3577003543307082
20
-3.9559672834645667
11
5.357757086614173
21
-3.9553912204724408
0
LINE
8
BLACK
6
CONTINUOUS
10
5.357757086614173
20
-3.9553912204724408
11
5.3581979921259837
21
-3.954326811023622
0
LINE
8
BLACK
6
CONTINUOUS
10
5.3581979921259837
20
-3.954326811023622
11
5.3590126377952751
21
-3.9535121653543306
0
LINE
8
BLACK
6
CONTINUOUS
10
5.3590126377952751
20
-3.9535121653543306
11
5.3600770472440944
21
-3.9530712598425195
0
LINE
8
BLACK
6
CONTINUOUS
10
5.3600770472440944
20
-3.9530712598425195
11
5.3612291732283461
21
-3.9530712598425195
0
LINE
8
BLACK
6
CONTINUOUS
10
5.3612291732283461
20
-3.9530712598425195
11
5.3622935826771654
21
-3.9535121653543306
0
LINE
8
BLACK
6
CONTINUOUS
10
5.450407559055118
20
-3.9535121653543306
11
5.4512222047244094
21
-3.954326811023622
0
LINE
8
BLACK
6
CONTINUOUS
10
5.4512222047244094
20
-3.954326811023622
11
5.4516631102362201
21
-3.9553912204724408
0
LINE
8
BLACK
6
CONTINUOUS
10
5.4516631102362201
20
-3.9553912204724408
11
5.4517198425196849
21
-3.9559672834645667
0
LINE
8
BLACK
6
CONTINUOUS
10
5.4517198425196849
20
-3.9559672834645667
11
5.4517198425196849
21
-3.9953373622047241
0
LINE
8
BLACK
6
CONTINUOUS
10
5.4517198425196849
20
-3.9953373622047241
11
5.4516631102362201
21
-3.9959134251968504
0
LINE
8
BLACK
6
CONTINUOUS
10
5.4516631102362201
20
-3.9959134251968504
11
5.4512222047244094
21
-3.9969778346456692
0
LINE
8
BLACK
6
CONTINUOUS
10
5.4512222047244094
20
-3.9969778346456692
11
5.450407559055118
21
-3.9977924803149607
0
LINE
8
BLACK
6
CONTINUOUS
10
5.450407559055118
20
-3.9977924803149607
11
5.4493431496062987
21
-3.9982333858267713
0
LINE
8
BLACK
6
CONTINUOUS
10
5.4493431496062987
20
-3.9982333858267713
11
5.448191023622047
21
-3.9982333858267713
0
LINE
8
BLACK
6
CONTINUOUS
10
5.448191023622047
20
-3.9982333858267713
11
5.4471266141732286
21
-3.9977924803149607
0
LINE
8
BLACK
6
CONTINUOUS
10
5.4471266141732286
20
-3.9977924803149607
11
5.4463119685039372
21
-3.9969778346456692
0
LINE
8
BLACK
6
CONTINUOUS
10
5.4463119685039372
20
-3.9969778346456692
11
5.4458710629921256
21
-3.9959134251968504
0
LINE
8
BLACK
6
CONTINUOUS
10
5.4458710629921256
20
-3.9959134251968504
11
5.4458143307086617
21
-3.9953373622047241
0
LINE
8
BLACK
6
CONTINUOUS
10
5.4458143307086617
20
-3.9953373622047241
11
5.4458143307086617
21
-3.9559672834645667
0
LINE
8
BLACK
6
CONTINUOUS
10
5.4458143307086617
20
-3.9559672834645667
11
5.4458710629921256
21
-3.9553912204724408
0
LINE
8
BLACK
6
CONTINUOUS
10
5.4458710629921256
20
-3.9553912204724408
11
5.4463119685039372
21
-3.954326811023622
0
LINE
8
BLACK
6
CONTINUOUS
10
5.4463119685039372
20
-3.954326811023622
11
5.4471266141732286
21
-3.9535121653543306
0
LINE
8
BLACK
6
CONTINUOUS
10
5.4471266141732286
20
-3.9535121653543306
11
5.448191023622047
21
-3.9530712598425195
0
LINE
8
BLACK
6
CONTINUOUS
10
5.448191023622047
20
-3.9530712598425195
11
5.4493431496062987
21
-3.9530712598425195
0
LINE
8
BLACK
6
CONTINUOUS
10
5.4493431496062987
20
-3.9530712598425195
11
5.450407559055118
21
-3.9535121653543306
0
LINE
8
BLACK
6
CONTINUOUS
10
5.2591814566929136
20
-3.8535121653543305
11
5.2599961023622042
21
-3.854326811023622
0
LINE
8
BLACK
6
CONTINUOUS
10
5.2599961023622042
20
-3.854326811023622
11
5.2604370078740157
21
-3.8553912204724408
0
LINE
8
BLACK
6
CONTINUOUS
10
5.2604370078740157
20
-3.8553912204724408
11
5.2604937401574805
21
-3.8559672834645666
0
LINE
8
BLACK
6
CONTINUOUS
10
5.2604937401574805
20
-3.8559672834645666
11
5.2604937401574805
21
-3.8923846062992125
0
LINE
8
BLACK
6
CONTINUOUS
10
5.2604937401574805
20
-3.8923846062992125
11
5.276288622047244
21
-3.8923846062992125
0
LINE
8
BLACK
6
CONTINUOUS
10
5.276288622047244
20
-3.8923846062992125
11
5.2768646850393699
21
-3.8924413385826773
0
LINE
8
BLACK
6
CONTINUOUS
10
5.2768646850393699
20
-3.8924413385826773
11
5.2779290944881891
21
-3.8928822440944879
0
LINE
8
BLACK
6
CONTINUOUS
10
5.2779290944881891
20
-3.8928822440944879
11
5.2787437401574806
21
-3.8936968897637794
0
LINE
8
BLACK
6
CONTINUOUS
10
5.2787437401574806
20
-3.8936968897637794
11
5.2791846456692912
21
-3.8947612992125982
0
LINE
8
BLACK
6
CONTINUOUS
10
5.2791846456692912
20
-3.8947612992125982
11
5.2791846456692912
21
-3.8959134251968504
0
LINE
8
BLACK
6
CONTINUOUS
10
5.2791846456692912
20
-3.8959134251968504
11
5.2789884251968502
21
-3.8963870472440942
0
LINE
8
BLACK
6
CONTINUOUS
10
5.2789884251968502
20
-3.8963870472440942
11
5.279462125984252
21
-3.8961908661417324
0
LINE
8
BLACK
6
CONTINUOUS
10
5.279462125984252
20
-3.8961908661417324
11
5.2800381889763779
21
-3.8961341338582676
0
LINE
8
BLACK
6
CONTINUOUS
10
5.2800381889763779
20
-3.8961341338582676
11
5.3100344094488188
21
-3.8961341338582676
0
LINE
8
BLACK
6
CONTINUOUS
10
5.3100344094488188
20
-3.8961341338582676
11
5.3106104724409446
21
-3.8961908661417324
0
LINE
8
BLACK
6
CONTINUOUS
10
5.3106104724409446
20
-3.8961908661417324
11
5.3116748818897639
21
-3.896631771653543
0
LINE
8
BLACK
6
CONTINUOUS
10
5.3116748818897639
20
-3.896631771653543
11
5.3124895275590553
21
-3.8974464173228345
0
LINE
8
BLACK
6
CONTINUOUS
10
5.3124895275590553
20
-3.8974464173228345
11
5.312930433070866
21
-3.8985108267716533
0
LINE
8
BLACK
6
CONTINUOUS
10
5.312930433070866
20
-3.8985108267716533
11
5.312930433070866
21
-3.8996629527559055
0
LINE
8
BLACK
6
CONTINUOUS
10
5.312930433070866
20
-3.8996629527559055
11
5.3124895275590553
21
-3.9007273622047243
0
LINE
8
BLACK
6
CONTINUOUS
10
5.3124895275590553
20
-3.9007273622047243
11
5.3116748818897639
21
-3.9015420078740157
0
LINE
8
BLACK
6
CONTINUOUS
10
5.3116748818897639
20
-3.9015420078740157
11
5.3106104724409446
21
-3.9019829133858268
0
LINE
8
BLACK
6
CONTINUOUS
10
5.3106104724409446
20
-3.9019829133858268
11
5.3100344094488188
21
-3.9020396456692912
0
LINE
8
BLACK
6
CONTINUOUS
10
5.3100344094488188
20
-3.9020396456692912
11
5.2800381889763779
21
-3.9020396456692912
0
LINE
8
BLACK
6
CONTINUOUS
10
5.2800381889763779
20
-3.9020396456692912
11
5.279462125984252
21
-3.9019829133858268
0
LINE
8
BLACK
6
CONTINUOUS
10
5.279462125984252
20
-3.9019829133858268
11
5.2783977165354328
21
-3.9015420078740157
0
LINE
8
BLACK
6
CONTINUOUS
10
5.2783977165354328
20
-3.9015420078740157
11
5.2775830708661413
21
-3.9007273622047243
0
LINE
8
BLACK
6
CONTINUOUS
10
5.2775830708661413
20
-3.9007273622047243
11
5.2771421653543307
21
-3.8996629527559055
0
LINE
8
BLACK
6
CONTINUOUS
10
5.2771421653543307
20
-3.8996629527559055
11
5.2771421653543307
21
-3.8985108267716533
0
LINE
8
BLACK
6
CONTINUOUS
10
5.2771421653543307
20
-3.8985108267716533
11
5.277338346456693
21
-3.8980371653543306
0
LINE
8
BLACK
6
CONTINUOUS
10
5.277338346456693
20
-3.8980371653543306
11
5.2768646850393699
21
-3.8982333858267717
0
LINE
8
BLACK
6
CONTINUOUS
10
5.2768646850393699
20
-3.8982333858267717
11
5.276288622047244
21
-3.8982901181102361
0
LINE
8
BLACK
6
CONTINUOUS
10
5.276288622047244
20
-3.8982901181102361
11
5.2575409842519685
21
-3.8982901181102361
0
LINE
8
BLACK
6
CONTINUOUS
10
5.2575409842519685
20
-3.8982901181102361
11
5.2569649212598426
21
-3.8982333858267717
0
LINE
8
BLACK
6
CONTINUOUS
10
5.2569649212598426
20
-3.8982333858267717
11
5.2559005118110234
21
-3.8977924803149606
0
LINE
8
BLACK
6
CONTINUOUS
10
5.2559005118110234
20
-3.8977924803149606
11
5.2550858661417319
21
-3.8969778346456692
0
LINE
8
BLACK
6
CONTINUOUS
10
5.2550858661417319
20
-3.8969778346456692
11
5.2546449606299213
21
-3.8959134251968504
0
LINE
8
BLACK
6
CONTINUOUS
10
5.2546449606299213
20
-3.8959134251968504
11
5.2545882283464564
21
-3.8953373622047245
0
LINE
8
BLACK
6
CONTINUOUS
10
5.2545882283464564
20
-3.8953373622047245
11
5.2545882283464564
21
-3.8559672834645666
0
LINE
8
BLACK
6
CONTINUOUS
10
5.2545882283464564
20
-3.8559672834645666
11
5.2546449606299213
21
-3.8553912204724408
0
LINE
8
BLACK
6
CONTINUOUS
10
5.2546449606299213
20
-3.8553912204724408
11
5.2550858661417319
21
-3.854326811023622
0
LINE
8
BLACK
6
CONTINUOUS
10
5.2550858661417319
20
-3.854326811023622
11
5.2559005118110234
21
-3.8535121653543305
0
LINE
8
BLACK
6
CONTINUOUS
10
5.2559005118110234
20
-3.8535121653543305
11
5.2569649212598426
21
-3.8530712598425194
0
LINE
8
BLACK
6
CONTINUOUS
10
5.2569649212598426
20
-3.8530712598425194
11
5.2581170472440943
21
-3.8530712598425194
0
LINE
8
BLACK
6
CONTINUOUS
10
5.2581170472440943
20
-3.8530712598425194
11
5.2591814566929136
21
-3.8535121653543305
0
LINE
8
BLACK
6
CONTINUOUS
10
5.4005992125984248
20
-3.8961908661417324
11
5.401663622047244
21
-3.896631771653543
0
LINE
8
BLACK
6
CONTINUOUS
10
5.401663622047244
20
-3.896631771653543
11
5.4024782677165355
21
-3.8974464173228345
0
LINE
8
BLACK
6
CONTINUOUS
10
5.4024782677165355
20
-3.8974464173228345
11
5.4029191732283461
21
-3.8985108267716533
0
LINE
8
BLACK
6
CONTINUOUS
10
5.4029191732283461
20
-3.8985108267716533
11
5.4029191732283461
21
-3.8996629527559055
0
LINE
8
BLACK
6
CONTINUOUS
10
5.4029191732283461
20
-3.8996629527559055
11
5.4024782677165355
21
-3.9007273622047243
0
LINE
8
BLACK
6
CONTINUOUS
10
5.4024782677165355
20
-3.9007273622047243
11
5.401663622047244
21
-3.9015420078740157
0
LINE
8
BLACK
6
CONTINUOUS
10
5.401663622047244
20
-3.9015420078740157
11
5.4005992125984248
21
-3.9019829133858268
0
LINE
8
BLACK
6
CONTINUOUS
10
5.4005992125984248
20
-3.9019829133858268
11
5.4000231496062989
21
-3.9020396456692912
0
LINE
8
BLACK
6
CONTINUOUS
10
5.4000231496062989
20
-3.9020396456692912
11
5.370026929133858
21
-3.9020396456692912
0
LINE
8
BLACK
6
CONTINUOUS
10
5.370026929133858
20
-3.9020396456692912
11
5.3694508661417322
21
-3.9019829133858268
0
LINE
8
BLACK
6
CONTINUOUS
10
5.3694508661417322
20
-3.9019829133858268
11
5.3683864566929129
21
-3.9015420078740157
0
LINE
8
BLACK
6
CONTINUOUS
10
5.3683864566929129
20
-3.9015420078740157
11
5.3675718110236224
21
-3.9007273622047243
0
LINE
8
BLACK
6
CONTINUOUS
10
5.3675718110236224
20
-3.9007273622047243
11
5.3671309055118108
21
-3.8996629527559055
0
LINE
8
BLACK
6
CONTINUOUS
10
5.3671309055118108
20
-3.8996629527559055
11
5.3671309055118108
21
-3.8985108267716533
0
LINE
8
BLACK
6
CONTINUOUS
10
5.3671309055118108
20
-3.8985108267716533
11
5.3675718110236224
21
-3.8974464173228345
0
LINE
8
BLACK
6
CONTINUOUS
10
5.3675718110236224
20
-3.8974464173228345
11
5.3683864566929129
21
-3.896631771653543
0
LINE
8
BLACK
6
CONTINUOUS
10
5.3683864566929129
20
-3.896631771653543
11
5.3694508661417322
21
-3.8961908661417324
0
LINE
8
BLACK
6
CONTINUOUS
10
5.3694508661417322
20
-3.8961908661417324
11
5.370026929133858
21
-3.8961341338582676
0
LINE
8
BLACK
6
CONTINUOUS
10
5.370026929133858
20
-3.8961341338582676
11
5.4000231496062989
21
-3.8961341338582676
0
LINE
8
BLACK
6
CONTINUOUS
10
5.4000231496062989
20
-3.8961341338582676
11
5.4005992125984248
21
-3.8961908661417324
0
LINE
8
BLACK
6
CONTINUOUS
10
5.4799945275590547
20
-3.8532834645669292
11
5.4809278740157481
21
-3.8539588976377952
0
LINE
8
BLACK
6
CONTINUOUS
10
5.4809278740157481
20
-3.8539588976377952
11
5.481531653543307
21
-3.8549400787401575
0
LINE
8
BLACK
6
CONTINUOUS
10
5.481531653543307
20
-3.8549400787401575
11
5.4817140551181103
21
-3.8560776771653544
0
LINE
8
BLACK
6
CONTINUOUS
10
5.4817140551181103
20
-3.8560776771653544
11
5.4816357874015749
21
-3.856651220472441
0
LINE
8
BLACK
6
CONTINUOUS
10
5.4816357874015749
20
-3.856651220472441
11
5.4722619291338583
21
-3.8960212992125984
0
LINE
8
BLACK
6
CONTINUOUS
10
5.4722619291338583
20
-3.8960212992125984
11
5.4721938188976376
21
-3.8962188582677166
0
LINE
8
BLACK
6
CONTINUOUS
10
5.4721938188976376
20
-3.8962188582677166
11
5.4721844094488183
21
-3.8962898818897638
0
LINE
8
BLACK
6
CONTINUOUS
10
5.4721844094488183
20
-3.8962898818897638
11
5.4721472440944883
21
-3.8963540157480314
0
LINE
8
BLACK
6
CONTINUOUS
10
5.4721472440944883
20
-3.8963540157480314
11
5.4720733464566926
21
-3.8965685433070867
0
LINE
8
BLACK
6
CONTINUOUS
10
5.4720733464566926
20
-3.8965685433070867
11
5.4718219291338581
21
-3.8969159055118108
0
LINE
8
BLACK
6
CONTINUOUS
10
5.4718219291338581
20
-3.8969159055118108
11
5.4716071653543308
21
-3.8972868897637793
0
LINE
8
BLACK
6
CONTINUOUS
10
5.4716071653543308
20
-3.8972868897637793
11
5.4714867716535434
21
-3.8973790157480313
0
LINE
8
BLACK
6
CONTINUOUS
10
5.4714867716535434
20
-3.8973790157480313
11
5.4713978740157483
21
-3.8975018897637796
0
LINE
8
BLACK
6
CONTINUOUS
10
5.4713978740157483
20
-3.8975018897637796
11
5.4710328346456691
21
-3.897726496062992
0
LINE
8
BLACK
6
CONTINUOUS
10
5.4710328346456691
20
-3.897726496062992
11
5.470692283464567
21
-3.8979872047244095
0
LINE
8
BLACK
6
CONTINUOUS
10
5.470692283464567
20
-3.8979872047244095
11
5.4705456692913383
21
-3.8980262992125985
0
LINE
8
BLACK
6
CONTINUOUS
10
5.4705456692913383
20
-3.8980262992125985
11
5.4704166929133855
21
-3.8981056692913385
0
LINE
8
BLACK
6
CONTINUOUS
10
5.4704166929133855
20
-3.8981056692913385
11
5.4699937007874011
21
-3.8981734645669293
0
LINE
8
BLACK
6
CONTINUOUS
10
5.4699937007874011
20
-3.8981734645669293
11
5.4695790944881892
21
-3.8982840551181099
0
LINE
8
BLACK
6
CONTINUOUS
10
5.4695790944881892
20
-3.8982840551181099
11
5.4694287401574799
21
-3.8982640551181102
0
LINE
8
BLACK
6
CONTINUOUS
10
5.4694287401574799
20
-3.8982640551181102
11
5.4692790944881891
21
-3.8982880708661418
0
LINE
8
BLACK
6
CONTINUOUS
10
5.4692790944881891
20
-3.8982880708661418
11
5.4688619291338583
21
-3.8981887401574804
0
LINE
8
BLACK
6
CONTINUOUS
10
5.4688619291338583
20
-3.8981887401574804
11
5.4684370078740159
21
-3.8981322834645669
0
LINE
8
BLACK
6
CONTINUOUS
10
5.4684370078740159
20
-3.8981322834645669
11
5.4683058267716538
21
-3.898056338582677
0
LINE
8
BLACK
6
CONTINUOUS
10
5.4683058267716538
20
-3.898056338582677
11
5.4681583070866138
21
-3.8980212204724407
0
LINE
8
BLACK
6
CONTINUOUS
10
5.4681583070866138
20
-3.8980212204724407
11
5.4678108661417317
21
-3.8977697637795274
0
LINE
8
BLACK
6
CONTINUOUS
10
5.4678108661417317
20
-3.8977697637795274
11
5.4674399606299211
21
-3.8975550393700789
0
LINE
8
BLACK
6
CONTINUOUS
10
5.4674399606299211
20
-3.8975550393700789
11
5.4673477952755904
21
-3.8974346456692914
0
LINE
8
BLACK
6
CONTINUOUS
10
5.4673477952755904
20
-3.8974346456692914
11
5.4672249606299212
21
-3.8973457480314959
0
LINE
8
BLACK
6
CONTINUOUS
10
5.4672249606299212
20
-3.8973457480314959
11
5.4670003149606297
21
-3.8969806692913385
0
LINE
8
BLACK
6
CONTINUOUS
10
5.4670003149606297
20
-3.8969806692913385
11
5.4667396850393697
21
-3.8966401968503934
0
LINE
8
BLACK
6
CONTINUOUS
10
5.4667396850393697
20
-3.8966401968503934
11
5.4666599212598426
21
-3.8964275196850391
0
LINE
8
BLACK
6
CONTINUOUS
10
5.4666599212598426
20
-3.8964275196850391
11
5.4666211811023624
21
-3.8963645669291336
0
LINE
8
BLACK
6
CONTINUOUS
10
5.4666211811023624
20
-3.8963645669291336
11
5.4666098425196852
21
-3.8962940551181102
0
LINE
8
BLACK
6
CONTINUOUS
10
5.4666098425196852
20
-3.8962940551181102
11
5.4665364173228346
21
-3.8960981889763779
0
LINE
8
BLACK
6
CONTINUOUS
10
5.4665364173228346
20
-3.8960981889763779
11
5.461890393700787
21
-3.8786757086614174
0
LINE
8
BLACK
6
CONTINUOUS
10
5.461890393700787
20
-3.8786757086614174
11
5.4572444488188978
21
-3.8960981889763779
0
LINE
8
BLACK
6
CONTINUOUS
10
5.4572444488188978
20
-3.8960981889763779
11
5.4571709842519684
21
-3.8962940157480315
0
LINE
8
BLACK
6
CONTINUOUS
10
5.4571709842519684
20
-3.8962940157480315
11
5.45715968503937
21
-3.8963645669291336
0
LINE
8
BLACK
6
CONTINUOUS
10
5.45715968503937
20
-3.8963645669291336
11
5.4571209055118111
21
-3.8964275590551178
0
LINE
8
BLACK
6
CONTINUOUS
10
5.4571209055118111
20
-3.8964275590551178
11
5.4570411811023618
21
-3.8966401574803147
0
LINE
8
BLACK
6
CONTINUOUS
10
5.4570411811023618
20
-3.8966401574803147
11
5.4567805905511806
21
-3.8969805511811022
0
LINE
8
BLACK
6
CONTINUOUS
10
5.4567805905511806
20
-3.8969805511811022
11
5.4565559055118111
21
-3.8973457480314959
0
LINE
8
BLACK
6
CONTINUOUS
10
5.4565559055118111
20
-3.8973457480314959
11
5.4564330314960632
21
-3.8974346456692914
0
LINE
8
BLACK
6
CONTINUOUS
10
5.4564330314960632
20
-3.8974346456692914
11
5.4563409055118113
21
-3.8975550393700789
0
LINE
8
BLACK
6
CONTINUOUS
10
5.4563409055118113
20
-3.8975550393700789
11
5.455969960629921
21
-3.8977697637795274
0
LINE
8
BLACK
6
CONTINUOUS
10
5.455969960629921
20
-3.8977697637795274
11
5.4556225590551177
21
-3.8980212204724407
0
LINE
8
BLACK
6
CONTINUOUS
10
5.4556225590551177
20
-3.8980212204724407
11
5.4554749999999999
21
-3.898056338582677
0
LINE
8
BLACK
6
CONTINUOUS
10
5.4554749999999999
20
-3.898056338582677
11
5.4553438582677165
21
-3.8981322834645669
0
LINE
8
BLACK
6
CONTINUOUS
10
5.4553438582677165
20
-3.8981322834645669
11
5.4549190157480316
21
-3.8981887007874017
0
LINE
8
BLACK
6
CONTINUOUS
10
5.4549190157480316
20
-3.8981887007874017
11
5.4545017716535433
21
-3.8982880708661418
0
LINE
8
BLACK
6
CONTINUOUS
10
5.4545017716535433
20
-3.8982880708661418
11
5.4543520078740153
21
-3.8982640551181102
0
LINE
8
BLACK
6
CONTINUOUS
10
5.4543520078740153
20
-3.8982640551181102
11
5.4542018110236219
21
-3.8982840157480316
0
LINE
8
BLACK
6
CONTINUOUS
10
5.4542018110236219
20
-3.8982840157480316
11
5.4537875590551179
21
-3.8981735433070863
0
LINE
8
BLACK
6
CONTINUOUS
10
5.4537875590551179
20
-3.8981735433070863
11
5.453364173228346
21
-3.8981056692913385
0
LINE
8
BLACK
6
CONTINUOUS
10
5.453364173228346
20
-3.8981056692913385
11
5.453235039370079
21
-3.898026220472441
0
LINE
8
BLACK
6
CONTINUOUS
10
5.453235039370079
20
-3.898026220472441
11
5.4530885826771653
21
-3.8979871653543308
0
LINE
8
BLACK
6
CONTINUOUS
10
5.4530885826771653
20
-3.8979871653543308
11
5.4527481496062995
21
-3.8977265748031495
0
LINE
8
BLACK
6
CONTINUOUS
10
5.4527481496062995
20
-3.8977265748031495
11
5.4523829921259841
21
-3.8975018897637796
0
LINE
8
BLACK
6
CONTINUOUS
10
5.4523829921259841
20
-3.8975018897637796
11
5.4522940551181103
21
-3.8973790157480313
0
LINE
8
BLACK
6
CONTINUOUS
10
5.4522940551181103
20
-3.8973790157480313
11
5.4521737007874016
21
-3.8972868897637793
0
LINE
8
BLACK
6
CONTINUOUS
10
5.4521737007874016
20
-3.8972868897637793
11
5.4519589370078743
21
-3.8969159448818895
0
LINE
8
BLACK
6
CONTINUOUS
10
5.4519589370078743
20
-3.8969159448818895
11
5.4517075196850389
21
-3.8965685433070867
0
LINE
8
BLACK
6
CONTINUOUS
10
5.4517075196850389
20
-3.8965685433070867
11
5.4516335433070866
21
-3.8963539370078739
0
LINE
8
BLACK
6
CONTINUOUS
10
5.4516335433070866
20
-3.8963539370078739
11
5.4515964566929132
21
-3.896289842519685
0
LINE
8
BLACK
6
CONTINUOUS
10
5.4515964566929132
20
-3.896289842519685
11
5.4515870078740161
21
-3.8962188976377954
0
LINE
8
BLACK
6
CONTINUOUS
10
5.4515870078740161
20
-3.8962188976377954
11
5.451518937007874
21
-3.8960212992125984
0
LINE
8
BLACK
6
CONTINUOUS
10
5.451518937007874
20
-3.8960212992125984
11
5.4421451181102363
21
-3.856651220472441
0
LINE
8
BLACK
6
CONTINUOUS
10
5.4421451181102363
20
-3.856651220472441
11
5.4420668503937009
21
-3.8560776771653544
0
LINE
8
BLACK
6
CONTINUOUS
10
5.4420668503937009
20
-3.8560776771653544
11
5.4422492519685042
21
-3.8549400787401575
0
LINE
8
BLACK
6
CONTINUOUS
10
5.4422492519685042
20
-3.8549400787401575
11
5.442853031496063
21
-3.8539588976377952
0
LINE
8
BLACK
6
CONTINUOUS
10
5.442853031496063
20
-3.8539588976377952
11
5.4437863779527556
21
-3.8532834251968504
0
LINE
8
BLACK
6
CONTINUOUS
10
5.4437863779527556
20
-3.8532834251968504
11
5.4449071653543308
21
-3.8530165748031493
0
LINE
8
BLACK
6
CONTINUOUS
10
5.4449071653543308
20
-3.8530165748031493
11
5.4460447637795273
21
-3.8531989763779526
0
LINE
8
BLACK
6
CONTINUOUS
10
5.4460447637795273
20
-3.8531989763779526
11
5.4470259448818901
21
-3.8538027559055119
0
LINE
8
BLACK
6
CONTINUOUS
10
5.4470259448818901
20
-3.8538027559055119
11
5.4477014173228344
21
-3.8547361023622044
0
LINE
8
BLACK
6
CONTINUOUS
10
5.4477014173228344
20
-3.8547361023622044
11
5.4478900000000001
21
-3.8552833464566927
0
LINE
8
BLACK
6
CONTINUOUS
10
5.4478900000000001
20
-3.8552833464566927
11
5.4545534251968499
21
-3.8832698031496062
0
LINE
8
BLACK
6
CONTINUOUS
10
5.4545534251968499
20
-3.8832698031496062
11
5.4590373622047244
21
-3.8664550393700785
0
LINE
8
BLACK
6
CONTINUOUS
10
5.4590373622047244
20
-3.8664550393700785
11
5.4590879527559055
21
-3.8663200393700787
0
LINE
8
BLACK
6
CONTINUOUS
10
5.4590879527559055
20
-3.8663200393700787
11
5.4590955118110234
21
-3.8662633858267714
0
LINE
8
BLACK
6
CONTINUOUS
10
5.4590955118110234
20
-3.8662633858267714
11
5.4591344488188973
21
-3.8661960629921257
0
LINE
8
BLACK
6
CONTINUOUS
10
5.4591344488188973
20
-3.8661960629921257
11
5.4592406299212595
21
-3.865913031496063
0
LINE
8
BLACK
6
CONTINUOUS
10
5.4592406299212595
20
-3.865913031496063
11
5.4594775196850396
21
-3.8656035433070866
0
LINE
8
BLACK
6
CONTINUOUS
10
5.4594775196850396
20
-3.8656035433070866
11
5.4596727559055118
21
-3.8652663385826771
0
LINE
8
BLACK
6
CONTINUOUS
10
5.4596727559055118
20
-3.8652663385826771
11
5.4598246062992128
21
-3.8651500787401574
0
LINE
8
BLACK
6
CONTINUOUS
10
5.4598246062992128
20
-3.8651500787401574
11
5.4599409055118109
21
-3.864998188976378
0
LINE
8
BLACK
6
CONTINUOUS
10
5.4599409055118109
20
-3.864998188976378
11
5.4602781889763774
21
-3.8648028740157478
0
LINE
8
BLACK
6
CONTINUOUS
10
5.4602781889763774
20
-3.8648028740157478
11
5.4605876377952756
21
-3.8645660629921257
0
LINE
8
BLACK
6
CONTINUOUS
10
5.4605876377952756
20
-3.8645660629921257
11
5.4607723622047244
21
-3.8645167716535433
0
LINE
8
BLACK
6
CONTINUOUS
10
5.4607723622047244
20
-3.8645167716535433
11
5.4609379527559057
21
-3.8644209448818896
0
LINE
8
BLACK
6
CONTINUOUS
10
5.4609379527559057
20
-3.8644209448818896
11
5.4613244488188979
21
-3.8643695669291338
0
LINE
8
BLACK
6
CONTINUOUS
10
5.4613244488188979
20
-3.8643695669291338
11
5.4617008661417321
21
-3.8642692125984253
0
LINE
8
BLACK
6
CONTINUOUS
10
5.4617008661417321
20
-3.8642692125984253
11
5.4618903149606295
21
-3.8642943700787402
0
LINE
8
BLACK
6
CONTINUOUS
10
5.4618903149606295
20
-3.8642943700787402
11
5.462080039370079
21
-3.8642691732283465
0
LINE
8
BLACK
6
CONTINUOUS
10
5.462080039370079
20
-3.8642691732283465
11
5.462456811023622
21
-3.8643696456692913
0
LINE
8
BLACK
6
CONTINUOUS
10
5.462456811023622
20
-3.8643696456692913
11
5.4628429133858267
21
-3.8644209448818896
0
LINE
8
BLACK
6
CONTINUOUS
10
5.4628429133858267
20
-3.8644209448818896
11
5.4630083070866142
21
-3.8645166929133858
0
LINE
8
BLACK
6
CONTINUOUS
10
5.4630083070866142
20
-3.8645166929133858
11
5.4631932283464568
21
-3.8645660236220474
0
LINE
8
BLACK
6
CONTINUOUS
10
5.4631932283464568
20
-3.8645660236220474
11
5.4635027559055116
21
-3.8648029527559054
0
LINE
8
BLACK
6
CONTINUOUS
10
5.4635027559055116
20
-3.8648029527559054
11
5.4638399606299215
21
-3.864998188976378
0
LINE
8
BLACK
6
CONTINUOUS
10
5.4638399606299215
20
-3.864998188976378
11
5.463956181102362
21
-3.8651500393700786
0
LINE
8
BLACK
6
CONTINUOUS
10
5.463956181102362
20
-3.8651500393700786
11
5.4641081102362206
21
-3.8652663385826771
0
LINE
8
BLACK
6
CONTINUOUS
10
5.4641081102362206
20
-3.8652663385826771
11
5.4643034251968503
21
-3.8656036614173228
0
LINE
8
BLACK
6
CONTINUOUS
10
5.4643034251968503
20
-3.8656036614173228
11
5.464540236220472
21
-3.8659130708661418
0
LINE
8
BLACK
6
CONTINUOUS
10
5.464540236220472
20
-3.8659130708661418
11
5.4646462992125979
21
-3.8661959055118111
0
LINE
8
BLACK
6
CONTINUOUS
10
5.4646462992125979
20
-3.8661959055118111
11
5.4646853543307081
21
-3.8662633464566927
0
LINE
8
BLACK
6
CONTINUOUS
10
5.4646853543307081
20
-3.8662633464566927
11
5.4646928740157481
21
-3.8663200787401575
0
LINE
8
BLACK
6
CONTINUOUS
10
5.4646928740157481
20
-3.8663200787401575
11
5.464743503937008
21
-3.8664550393700785
0
LINE
8
BLACK
6
CONTINUOUS
10
5.464743503937008
20
-3.8664550393700785
11
5.4692274015748028
21
-3.8832698031496062
0
LINE
8
BLACK
6
CONTINUOUS
10
5.4692274015748028
20
-3.8832698031496062
11
5.475890905511811
21
-3.8552833858267714
0
LINE
8
BLACK
6
CONTINUOUS
10
5.475890905511811
20
-3.8552833858267714
11
5.4760794881889758
21
-3.8547361023622044
0
LINE
8
BLACK
6
CONTINUOUS
10
5.4760794881889758
20
-3.8547361023622044
11
5.4767549606299211
21
-3.8538027559055119
0
LINE
8
BLACK
6
CONTINUOUS
10
5.4767549606299211
20
-3.8538027559055119
11
5.477736141732283
21
-3.8531989763779526
0
LINE
8
BLACK
6
CONTINUOUS
10
5.477736141732283
20
-3.8531989763779526
11
5.4788737401574803
21
-3.8530165748031493
0
LINE
8
BLACK
6
CONTINUOUS
10
5.4788737401574803
20
-3.8530165748031493
11
5.4799945275590547
21
-3.8532834645669292
0
LINE
8
BLACK
6
CONTINUOUS
10
5.2088610629921259
20
-3.8530712598425194
11
5.2093731102362204
21
-3.8530712598425194
0
LINE
8
BLACK
6
CONTINUOUS
10
5.2093731102362204
20
-3.8530712598425194
11
5.2094338582677162
21
-3.8530964173228344
0
LINE
8
BLACK
6
CONTINUOUS
10
5.2094338582677162
20
-3.8530964173228344
11
5.209499724409449
21
-3.8530993307086612
0
LINE
8
BLACK
6
CONTINUOUS
10
5.209499724409449
20
-3.8530993307086612
11
5.2099645669291341
21
-3.8533162204724407
0
LINE
8
BLACK
6
CONTINUOUS
10
5.2099645669291341
20
-3.8533162204724407
11
5.2104375196850397
21
-3.8535121653543305
0
LINE
8
BLACK
6
CONTINUOUS
10
5.2104375196850397
20
-3.8535121653543305
11
5.2104840157480314
21
-3.8535586614173227
0
LINE
8
BLACK
6
CONTINUOUS
10
5.2104840157480314
20
-3.8535586614173227
11
5.2105437401574806
21
-3.8535865354330707
0
LINE
8
BLACK
6
CONTINUOUS
10
5.2105437401574806
20
-3.8535865354330707
11
5.2108899606299213
21
-3.8539646062992126
0
LINE
8
BLACK
6
CONTINUOUS
10
5.2108899606299213
20
-3.8539646062992126
11
5.2112521653543302
21
-3.854326811023622
0
LINE
8
BLACK
6
CONTINUOUS
10
5.2112521653543302
20
-3.854326811023622
11
5.2112773622047239
21
-3.8543876377952757
0
LINE
8
BLACK
6
CONTINUOUS
10
5.2112773622047239
20
-3.8543876377952757
11
5.2113218503937011
21
-3.8544362204724409
0
LINE
8
BLACK
6
CONTINUOUS
10
5.2113218503937011
20
-3.8544362204724409
11
5.2114969291338582
21
-3.8549177165354331
0
LINE
8
BLACK
6
CONTINUOUS
10
5.2114969291338582
20
-3.8549177165354331
11
5.2116930708661418
21
-3.8553912204724408
0
LINE
8
BLACK
6
CONTINUOUS
10
5.2116930708661418
20
-3.8553912204724408
11
5.2117019685039372
21
-3.8554815748031497
0
LINE
8
BLACK
6
CONTINUOUS
10
5.2117019685039372
20
-3.8554815748031497
11
5.2117155511811024
21
-3.855518937007874
0
LINE
8
BLACK
6
CONTINUOUS
10
5.2117155511811024
20
-3.855518937007874
11
5.2117124803149606
21
-3.8555884645669289
0
LINE
8
BLACK
6
CONTINUOUS
10
5.2117124803149606
20
-3.8555884645669289
11
5.2117498031496066
21
-3.8559672834645666
0
LINE
8
BLACK
6
CONTINUOUS
10
5.2117498031496066
20
-3.8559672834645666
11
5.2117498031496066
21
-3.8953373622047245
0
LINE
8
BLACK
6
CONTINUOUS
10
5.2117498031496066
20
-3.8953373622047245
11
5.2116930708661418
21
-3.8959134251968504
0
LINE
8
BLACK
6
CONTINUOUS
10
5.2116930708661418
20
-3.8959134251968504
11
5.2112521653543302
21
-3.8969778346456692
0
LINE
8
BLACK
6
CONTINUOUS
10
5.2112521653543302
20
-3.8969778346456692
11
5.2104375196850397
21
-3.8977924803149606
0
LINE
8
BLACK
6
CONTINUOUS
10
5.2104375196850397
20
-3.8977924803149606
11
5.2093731102362204
21
-3.8982333858267717
0
LINE
8
BLACK
6
CONTINUOUS
10
5.2093731102362204
20
-3.8982333858267717
11
5.2082209842519687
21
-3.8982333858267717
0
LINE
8
BLACK
6
CONTINUOUS
10
5.2082209842519687
20
-3.8982333858267717
11
5.2071565748031494
21
-3.8977924803149606
0
LINE
8
BLACK
6
CONTINUOUS
10
5.2071565748031494
20
-3.8977924803149606
11
5.206341929133858
21
-3.8969778346456692
0
LINE
8
BLACK
6
CONTINUOUS
10
5.206341929133858
20
-3.8969778346456692
11
5.2059010236220473
21
-3.8959134251968504
0
LINE
8
BLACK
6
CONTINUOUS
10
5.2059010236220473
20
-3.8959134251968504
11
5.2058442913385825
21
-3.8953373622047245
0
LINE
8
BLACK
6
CONTINUOUS
10
5.2058442913385825
20
-3.8953373622047245
11
5.2058442913385825
21
-3.8692770078740155
0
LINE
8
BLACK
6
CONTINUOUS
10
5.2058442913385825
20
-3.8692770078740155
11
5.1983494488188979
21
-3.885337401574803
0
LINE
8
BLACK
6
CONTINUOUS
10
5.1983494488188979
20
-3.885337401574803
11
5.1982244881889761
21
-3.8855483070866139
0
LINE
8
BLACK
6
CONTINUOUS
10
5.1982244881889761
20
-3.8855483070866139
11
5.1981985039370073
21
-3.8856198031496061
0
LINE
8
BLACK
6
CONTINUOUS
10
5.1981985039370073
20
-3.8856198031496061
11
5.1981521653543306
21
-3.8856703543307085
0
LINE
8
BLACK
6
CONTINUOUS
10
5.1981521653543306
20
-3.8856703543307085
11
5.1980544094488188
21
-3.885835433070866
0
LINE
8
BLACK
6
CONTINUOUS
10
5.1980544094488188
20
-3.885835433070866
11
5.1977235826771651
21
-3.886138346456693
0
LINE
8
BLACK
6
CONTINUOUS
10
5.1977235826771651
20
-3.886138346456693
11
5.1974203937007877
21
-3.8864694881889763
0
LINE
8
BLACK
6
CONTINUOUS
10
5.1974203937007877
20
-3.8864694881889763
11
5.1973014173228345
21
-3.886524960629921
0
LINE
8
BLACK
6
CONTINUOUS
10
5.1973014173228345
20
-3.886524960629921
11
5.1972047637795278
21
-3.8866135433070865
0
LINE
8
BLACK
6
CONTINUOUS
10
5.1972047637795278
20
-3.8866135433070865
11
5.1967832677165351
21
-3.886766771653543
0
LINE
8
BLACK
6
CONTINUOUS
10
5.1967832677165351
20
-3.886766771653543
11
5.1963763779527561
21
-3.8869566929133859
0
LINE
8
BLACK
6
CONTINUOUS
10
5.1963763779527561
20
-3.8869566929133859
11
5.196245196850394
21
-3.886962440944882
0
LINE
8
BLACK
6
CONTINUOUS
10
5.196245196850394
20
-3.886962440944882
11
5.1961220472440948
21
-3.8870072440944883
0
LINE
8
BLACK
6
CONTINUOUS
10
5.1961220472440948
20
-3.8870072440944883
11
5.1956739370078742
21
-3.8869875590551182
0
LINE
8
BLACK
6
CONTINUOUS
10
5.1956739370078742
20
-3.8869875590551182
11
5.1952253543307085
21
-3.887007283464567
0
LINE
8
BLACK
6
CONTINUOUS
10
5.1952253543307085
20
-3.887007283464567
11
5.1951020472440943
21
-3.886962440944882
0
LINE
8
BLACK
6
CONTINUOUS
10
5.1951020472440943
20
-3.886962440944882
11
5.1949710236220472
21
-3.8869566929133859
0
LINE
8
BLACK
6
CONTINUOUS
10
5.1949710236220472
20
-3.8869566929133859
11
5.1945643700787398
21
-3.8867668897637793
0
LINE
8
BLACK
6
CONTINUOUS
10
5.1945643700787398
20
-3.8867668897637793
11
5.1941426377952755
21
-3.8866135433070865
0
LINE
8
BLACK
6
CONTINUOUS
10
5.1941426377952755
20
-3.8866135433070865
11
5.1940458267716538
21
-3.8865248818897635
0
LINE
8
BLACK
6
CONTINUOUS
10
5.1940458267716538
20
-3.8865248818897635
11
5.1939270078740156
21
-3.8864694488188976
0
LINE
8
BLACK
6
CONTINUOUS
10
5.1939270078740156
20
-3.8864694488188976
11
5.1936240551181099
21
-3.8861386220472438
0
LINE
8
BLACK
6
CONTINUOUS
10
5.1936240551181099
20
-3.8861386220472438
11
5.1932929921259845
21
-3.8858354724409447
0
LINE
8
BLACK
6
CONTINUOUS
10
5.1932929921259845
20
-3.8858354724409447
11
5.1931951181102365
21
-3.885670275590551
0
LINE
8
BLACK
6
CONTINUOUS
10
5.1931951181102365
20
-3.885670275590551
11
5.1931488976377951
21
-3.8856198031496061
0
LINE
8
BLACK
6
CONTINUOUS
10
5.1931488976377951
20
-3.8856198031496061
11
5.1931229133858263
21
-3.8855484251968502
0
LINE
8
BLACK
6
CONTINUOUS
10
5.1931229133858263
20
-3.8855484251968502
11
5.1929979527559054
21
-3.8853374409448818
0
LINE
8
BLACK
6
CONTINUOUS
10
5.1929979527559054
20
-3.8853374409448818
11
5.1855031102362208
21
-3.8692770078740155
0
LINE
8
BLACK
6
CONTINUOUS
10
5.1855031102362208
20
-3.8692770078740155
11
5.1855031102362208
21
-3.8953373622047245
0
LINE
8
BLACK
6
CONTINUOUS
10
5.1855031102362208
20
-3.8953373622047245
11
5.185446377952756
21
-3.8959134251968504
0
LINE
8
BLACK
6
CONTINUOUS
10
5.185446377952756
20
-3.8959134251968504
11
5.1850054724409445
21
-3.8969778346456692
0
LINE
8
BLACK
6
CONTINUOUS
10
5.1850054724409445
20
-3.8969778346456692
11
5.184190826771653
21
-3.8977924803149606
0
LINE
8
BLACK
6
CONTINUOUS
10
5.184190826771653
20
-3.8977924803149606
11
5.1831264173228346
21
-3.8982333858267717
0
LINE
8
BLACK
6
CONTINUOUS
10
5.1831264173228346
20
-3.8982333858267717
11
5.1819742913385829
21
-3.8982333858267717
0
LINE
8
BLACK
6
CONTINUOUS
10
5.1819742913385829
20
-3.8982333858267717
11
5.1809098818897636
21
-3.8977924803149606
0
LINE
8
BLACK
6
CONTINUOUS
10
5.1809098818897636
20
-3.8977924803149606
11
5.1800952362204722
21
-3.8969778346456692
0
LINE
8
BLACK
6
CONTINUOUS
10
5.1800952362204722
20
-3.8969778346456692
11
5.1796543307086615
21
-3.8959134251968504
0
LINE
8
BLACK
6
CONTINUOUS
10
5.1796543307086615
20
-3.8959134251968504
11
5.1795975984251967
21
-3.8953373622047245
0
LINE
8
BLACK
6
CONTINUOUS
10
5.1795975984251967
20
-3.8953373622047245
11
5.1795975984251967
21
-3.8559672834645666
0
LINE
8
BLACK
6
CONTINUOUS
10
5.1795975984251967
20
-3.8559672834645666
11
5.179634881889764
21
-3.8555884645669289
0
LINE
8
BLACK
6
CONTINUOUS
10
5.179634881889764
20
-3.8555884645669289
11
5.1796318503937009
21
-3.855518937007874
0
LINE
8
BLACK
6
CONTINUOUS
10
5.1796318503937009
20
-3.855518937007874
11
5.1796453937007874
21
-3.8554815748031497
0
LINE
8
BLACK
6
CONTINUOUS
10
5.1796453937007874
20
-3.8554815748031497
11
5.1796543307086615
21
-3.8553912204724408
0
LINE
8
BLACK
6
CONTINUOUS
10
5.1796543307086615
20
-3.8553912204724408
11
5.1798504330708663
21
-3.8549177165354331
0
LINE
8
BLACK
6
CONTINUOUS
10
5.1798504330708663
20
-3.8549177165354331
11
5.1800255511811022
21
-3.8544362204724409
0
LINE
8
BLACK
6
CONTINUOUS
10
5.1800255511811022
20
-3.8544362204724409
11
5.1800699999999997
21
-3.8543876377952757
0
LINE
8
BLACK
6
CONTINUOUS
10
5.1800699999999997
20
-3.8543876377952757
11
5.1800952362204722
21
-3.854326811023622
0
LINE
8
BLACK
6
CONTINUOUS
10
5.1800952362204722
20
-3.854326811023622
11
5.1804576377952758
21
-3.85396437007874
0
LINE
8
BLACK
6
CONTINUOUS
10
5.1804576377952758
20
-3.85396437007874
11
5.1808036614173227
21
-3.8535865748031495
0
LINE
8
BLACK
6
CONTINUOUS
10
5.1808036614173227
20
-3.8535865748031495
11
5.1808633070866144
21
-3.8535587007874015
0
LINE
8
BLACK
6
CONTINUOUS
10
5.1808633070866144
20
-3.8535587007874015
11
5.1809098818897636
21
-3.8535121653543305
0
LINE
8
BLACK
6
CONTINUOUS
10
5.1809098818897636
20
-3.8535121653543305
11
5.1813831496062992
21
-3.8533161023622045
0
LINE
8
BLACK
6
CONTINUOUS
10
5.1813831496062992
20
-3.8533161023622045
11
5.1818476771653543
21
-3.8530993307086612
0
LINE
8
BLACK
6
CONTINUOUS
10
5.1818476771653543
20
-3.8530993307086612
11
5.1819134645669287
21
-3.8530964173228344
0
LINE
8
BLACK
6
CONTINUOUS
10
5.1819134645669287
20
-3.8530964173228344
11
5.1819742913385829
21
-3.8530712598425194
0
LINE
8
BLACK
6
CONTINUOUS
10
5.1819742913385829
20
-3.8530712598425194
11
5.1824868503937003
21
-3.8530712598425194
0
LINE
8
BLACK
6
CONTINUOUS
10
5.1824868503937003
20
-3.8530712598425194
11
5.1829987007874019
21
-3.8530487795275588
0
LINE
8
BLACK
6
CONTINUOUS
10
5.1829987007874019
20
-3.8530487795275588
11
5.1830605118110231
21
-3.8530712598425194
0
LINE
8
BLACK
6
CONTINUOUS
10
5.1830605118110231
20
-3.8530712598425194
11
5.1831264173228346
21
-3.8530712598425194
0
LINE
8
BLACK
6
CONTINUOUS
10
5.1831264173228346
20
-3.8530712598425194
11
5.1835998818897639
21
-3.8532673622047242
0
LINE
8
BLACK
6
CONTINUOUS
10
5.1835998818897639
20
-3.8532673622047242
11
5.1840814173228349
21
-3.8534424803149605
0
LINE
8
BLACK
6
CONTINUOUS
10
5.1840814173228349
20
-3.8534424803149605
11
5.1841299606299209
21
-3.853486929133858
0
LINE
8
BLACK
6
CONTINUOUS
10
5.1841299606299209
20
-3.853486929133858
11
5.184190826771653
21
-3.8535121653543305
0
LINE
8
BLACK
6
CONTINUOUS
10
5.184190826771653
20
-3.8535121653543305
11
5.1845532283464566
21
-3.8538745669291337
0
LINE
8
BLACK
6
CONTINUOUS
10
5.1845532283464566
20
-3.8538745669291337
11
5.1849310629921259
21
-3.854220590551181
0
LINE
8
BLACK
6
CONTINUOUS
10
5.1849310629921259
20
-3.854220590551181
11
5.1849772834645664
21
-3.8542986220472439
0
LINE
8
BLACK
6
CONTINUOUS
10
5.1849772834645664
20
-3.8542986220472439
11
5.1850054724409445
21
-3.854326811023622
0
LINE
8
BLACK
6
CONTINUOUS
10
5.1850054724409445
20
-3.854326811023622
11
5.1850321653543308
21
-3.8543912204724409
0
LINE
8
BLACK
6
CONTINUOUS
10
5.1850321653543308
20
-3.8543912204724409
11
5.185226102362205
21
-3.854718622047244
0
LINE
8
BLACK
6
CONTINUOUS
10
5.185226102362205
20
-3.854718622047244
11
5.1956736614173229
21
-3.8771062992125982
0
LINE
8
BLACK
6
CONTINUOUS
10
5.1956736614173229
20
-3.8771062992125982
11
5.2061212992125983
21
-3.8547185826771653
0
LINE
8
BLACK
6
CONTINUOUS
10
5.2061212992125983
20
-3.8547185826771653
11
5.2063152755905513
21
-3.8543911023622046
0
LINE
8
BLACK
6
CONTINUOUS
10
5.2063152755905513
20
-3.8543911023622046
11
5.206341929133858
21
-3.854326811023622
0
LINE
8
BLACK
6
CONTINUOUS
10
5.206341929133858
20
-3.854326811023622
11
5.2063700393700785
21
-3.8542986614173227
0
LINE
8
BLACK
6
CONTINUOUS
10
5.2063700393700785
20
-3.8542986614173227
11
5.2064163385826774
21
-3.8542205511811023
0
LINE
8
BLACK
6
CONTINUOUS
10
5.2064163385826774
20
-3.8542205511811023
11
5.2067944094488192
21
-3.8538742913385824
0
LINE
8
BLACK
6
CONTINUOUS
10
5.2067944094488192
20
-3.8538742913385824
11
5.2071565748031494
21
-3.8535121653543305
0
LINE
8
BLACK
6
CONTINUOUS
10
5.2071565748031494
20
-3.8535121653543305
11
5.2072174015748027
21
-3.8534869685039368
0
LINE
8
BLACK
6
CONTINUOUS
10
5.2072174015748027
20
-3.8534869685039368
11
5.2072659842519684
21
-3.8534424803149605
0
LINE
8
BLACK
6
CONTINUOUS
10
5.2072659842519684
20
-3.8534424803149605
11
5.2077477952755906
21
-3.853267244094488
0
LINE
8
BLACK
6
CONTINUOUS
10
5.2077477952755906
20
-3.853267244094488
11
5.2082209842519687
21
-3.8530712598425194
0
LINE
8
BLACK
6
CONTINUOUS
10
5.2082209842519687
20
-3.8530712598425194
11
5.208286771653543
21
-3.8530712598425194
0
LINE
8
BLACK
6
CONTINUOUS
10
5.208286771653543
20
-3.8530712598425194
11
5.2083487007874014
21
-3.8530487401574804
0
LINE
8
BLACK
6
CONTINUOUS
10
5.2083487007874014
20
-3.8530487401574804
11
5.2088610629921259
21
-3.8530712598425194
0
LINE
8
BLACK
6
CONTINUOUS
10
5.2449936614173227
20
-3.8530712598425194
11
5.246058070866142
21
-3.8535121653543305
0
LINE
8
BLACK
6
CONTINUOUS
10
5.246058070866142
20
-3.8535121653543305
11
5.2468727165354325
21
-3.854326811023622
0
LINE
8
BLACK
6
CONTINUOUS
10
5.2468727165354325
20
-3.854326811023622
11
5.2473136220472441
21
-3.8553912204724408
0
LINE
8
BLACK
6
CONTINUOUS
10
5.2473136220472441
20
-3.8553912204724408
11
5.2473136220472441
21
-3.8565433464566929
0
LINE
8
BLACK
6
CONTINUOUS
10
5.2473136220472441
20
-3.8565433464566929
11
5.2468727165354325
21
-3.8576077559055117
0
LINE
8
BLACK
6
CONTINUOUS
10
5.2468727165354325
20
-3.8576077559055117
11
5.246058070866142
21
-3.8584224015748032
0
LINE
8
BLACK
6
CONTINUOUS
10
5.246058070866142
20
-3.8584224015748032
11
5.2449936614173227
21
-3.8588633070866143
0
LINE
8
BLACK
6
CONTINUOUS
10
5.2449936614173227
20
-3.8588633070866143
11
5.2444175984251968
21
-3.8589200393700787
0
LINE
8
BLACK
6
CONTINUOUS
10
5.2444175984251968
20
-3.8589200393700787
11
5.2361217716535435
21
-3.8589200393700787
0
LINE
8
BLACK
6
CONTINUOUS
10
5.2361217716535435
20
-3.8589200393700787
11
5.2361217716535435
21
-3.8953373622047245
0
LINE
8
BLACK
6
CONTINUOUS
10
5.2361217716535435
20
-3.8953373622047245
11
5.2360650393700787
21
-3.8959134251968504
0
LINE
8
BLACK
6
CONTINUOUS
10
5.2360650393700787
20
-3.8959134251968504
11
5.2356241338582672
21
-3.8969778346456692
0
LINE
8
BLACK
6
CONTINUOUS
10
5.2356241338582672
20
-3.8969778346456692
11
5.2348094881889766
21
-3.8977924803149606
0
LINE
8
BLACK
6
CONTINUOUS
10
5.2348094881889766
20
-3.8977924803149606
11
5.2337450787401574
21
-3.8982333858267717
0
LINE
8
BLACK
6
CONTINUOUS
10
5.2337450787401574
20
-3.8982333858267717
11
5.2325929527559056
21
-3.8982333858267717
0
LINE
8
BLACK
6
CONTINUOUS
10
5.2325929527559056
20
-3.8982333858267717
11
5.2315285433070864
21
-3.8977924803149606
0
LINE
8
BLACK
6
CONTINUOUS
10
5.2315285433070864
20
-3.8977924803149606
11
5.2307138976377949
21
-3.8969778346456692
0
LINE
8
BLACK
6
CONTINUOUS
10
5.2307138976377949
20
-3.8969778346456692
11
5.2302729921259843
21
-3.8959134251968504
0
LINE
8
BLACK
6
CONTINUOUS
10
5.2302729921259843
20
-3.8959134251968504
11
5.2302162598425195
21
-3.8953373622047245
0
LINE
8
BLACK
6
CONTINUOUS
10
5.2302162598425195
20
-3.8953373622047245
11
5.2302162598425195
21
-3.8589200393700787
0
LINE
8
BLACK
6
CONTINUOUS
10
5.2302162598425195
20
-3.8589200393700787
11
5.2219204330708662
21
-3.8589200393700787
0
LINE
8
BLACK
6
CONTINUOUS
10
5.2219204330708662
20
-3.8589200393700787
11
5.2213443700787403
21
-3.8588633070866143
0
LINE
8
BLACK
6
CONTINUOUS
10
5.2213443700787403
20
-3.8588633070866143
11
5.2202799606299211
21
-3.8584224015748032
0
LINE
8
BLACK
6
CONTINUOUS
10
5.2202799606299211
20
-3.8584224015748032
11
5.2194653149606296
21
-3.8576077559055117
0
LINE
8
BLACK
6
CONTINUOUS
10
5.2194653149606296
20
-3.8576077559055117
11
5.219024409448819
21
-3.8565433464566929
0
LINE
8
BLACK
6
CONTINUOUS
10
5.219024409448819
20
-3.8565433464566929
11
5.219024409448819
21
-3.8553912204724408
0
LINE
8
BLACK
6
CONTINUOUS
10
5.219024409448819
20
-3.8553912204724408
11
5.2194653149606296
21
-3.854326811023622
0
LINE
8
BLACK
6
CONTINUOUS
10
5.2194653149606296
20
-3.854326811023622
11
5.2202799606299211
21
-3.8535121653543305
0
LINE
8
BLACK
6
CONTINUOUS
10
5.2202799606299211
20
-3.8535121653543305
11
5.2213443700787403
21
-3.8530712598425194
0
LINE
8
BLACK
6
CONTINUOUS
10
5.2213443700787403
20
-3.8530712598425194
11
5.2219204330708662
21
-3.853014527559055
0
LINE
8
BLACK
6
CONTINUOUS
10
5.2219204330708662
20
-3.853014527559055
11
5.2444175984251968
21
-3.853014527559055
0
LINE
8
BLACK
6
CONTINUOUS
10
5.2444175984251968
20
-3.853014527559055
11
5.2449936614173227
21
-3.8530712598425194
0
LINE
8
BLACK
6
CONTINUOUS
10
5.3210487401574804
20
-3.8535121653543305
11
5.3218633858267719
21
-3.854326811023622
0
LINE
8
BLACK
6
CONTINUOUS
10
5.3218633858267719
20
-3.854326811023622
11
5.3223042913385825
21
-3.8553912204724408
0
LINE
8
BLACK
6
CONTINUOUS
10
5.3223042913385825
20
-3.8553912204724408
11
5.3223610236220473
21
-3.8559672834645666
0
LINE
8
BLACK
6
CONTINUOUS
10
5.3223610236220473
20
-3.8559672834645666
11
5.3223610236220473
21
-3.8717621653543306
0
LINE
8
BLACK
6
CONTINUOUS
10
5.3223610236220473
20
-3.8717621653543306
11
5.3389526771653539
21
-3.8717621653543306
0
LINE
8
BLACK
6
CONTINUOUS
10
5.3389526771653539
20
-3.8717621653543306
11
5.3389526771653539
21
-3.8559672834645666
0
LINE
8
BLACK
6
CONTINUOUS
10
5.3389526771653539
20
-3.8559672834645666
11
5.3390094094488187
21
-3.8553912204724408
0
LINE
8
BLACK
6
CONTINUOUS
10
5.3390094094488187
20
-3.8553912204724408
11
5.3394503149606294
21
-3.854326811023622
0
LINE
8
BLACK
6
CONTINUOUS
10
5.3394503149606294
20
-3.854326811023622
11
5.3402649606299208
21
-3.8535121653543305
0
LINE
8
BLACK
6
CONTINUOUS
10
5.3402649606299208
20
-3.8535121653543305
11
5.3413293700787401
21
-3.8530712598425194
0
LINE
8
BLACK
6
CONTINUOUS
10
5.3413293700787401
20
-3.8530712598425194
11
5.3424814960629918
21
-3.8530712598425194
0
LINE
8
BLACK
6
CONTINUOUS
10
5.3424814960629918
20
-3.8530712598425194
11
5.3435459055118111
21
-3.8535121653543305
0
LINE
8
BLACK
6
CONTINUOUS
10
5.3435459055118111
20
-3.8535121653543305
11
5.3443605511811025
21
-3.854326811023622
0
LINE
8
BLACK
6
CONTINUOUS
10
5.3443605511811025
20
-3.854326811023622
11
5.3448014566929132
21
-3.8553912204724408
0
LINE
8
BLACK
6
CONTINUOUS
10
5.3448014566929132
20
-3.8553912204724408
11
5.344858188976378
21
-3.8559672834645666
0
LINE
8
BLACK
6
CONTINUOUS
10
5.344858188976378
20
-3.8559672834645666
11
5.344858188976378
21
-3.8953373622047245
0
LINE
8
BLACK
6
CONTINUOUS
10
5.344858188976378
20
-3.8953373622047245
11
5.3448014566929132
21
-3.8959134251968504
0
LINE
8
BLACK
6
CONTINUOUS
10
5.3448014566929132
20
-3.8959134251968504
11
5.3443605511811025
21
-3.8969778346456692
0
LINE
8
BLACK
6
CONTINUOUS
10
5.3443605511811025
20
-3.8969778346456692
11
5.3435459055118111
21
-3.8977924803149606
0
LINE
8
BLACK
6
CONTINUOUS
10
5.3435459055118111
20
-3.8977924803149606
11
5.3424814960629918
21
-3.8982333858267717
0
LINE
8
BLACK
6
CONTINUOUS
10
5.3424814960629918
20
-3.8982333858267717
11
5.3413293700787401
21
-3.8982333858267717
0
LINE
8
BLACK
6
CONTINUOUS
10
5.3413293700787401
20
-3.8982333858267717
11
5.3402649606299208
21
-3.8977924803149606
0
LINE
8
BLACK
6
CONTINUOUS
10
5.3402649606299208
20
-3.8977924803149606
11
5.3394503149606294
21
-3.8969778346456692
0
LINE
8
BLACK
6
CONTINUOUS
10
5.3394503149606294
20
-3.8969778346456692
11
5.3390094094488187
21
-3.8959134251968504
0
LINE
8
BLACK
6
CONTINUOUS
10
5.3390094094488187
20
-3.8959134251968504
11
5.3389526771653539
21
-3.8953373622047245
0
LINE
8
BLACK
6
CONTINUOUS
10
5.3389526771653539
20
-3.8953373622047245
11
5.3389526771653539
21
-3.8776676771653542
0
LINE
8
BLACK
6
CONTINUOUS
10
5.3389526771653539
20
-3.8776676771653542
11
5.3223610236220473
21
-3.8776676771653542
0
LINE
8
BLACK
6
CONTINUOUS
10
5.3223610236220473
20
-3.8776676771653542
11
5.3223610236220473
21
-3.8953373622047245
0
LINE
8
BLACK
6
CONTINUOUS
10
5.3223610236220473
20
-3.8953373622047245
11
5.3223042913385825
21
-3.8959134251968504
0
LINE
8
BLACK
6
CONTINUOUS
10
5.3223042913385825
20
-3.8959134251968504
11
5.3218633858267719
21
-3.8969778346456692
0
LINE
8
BLACK
6
CONTINUOUS
10
5.3218633858267719
20
-3.8969778346456692
11
5.3210487401574804
21
-3.8977924803149606
0
LINE
8
BLACK
6
CONTINUOUS
10
5.3210487401574804
20
-3.8977924803149606
11
5.3199843307086612
21
-3.8982333858267717
0
LINE
8
BLACK
6
CONTINUOUS
10
5.3199843307086612
20
-3.8982333858267717
11
5.3188322047244094
21
-3.8982333858267717
0
LINE
8
BLACK
6
CONTINUOUS
10
5.3188322047244094
20
-3.8982333858267717
11
5.3177677952755902
21
-3.8977924803149606
0
LINE
8
BLACK
6
CONTINUOUS
10
5.3177677952755902
20
-3.8977924803149606
11
5.3169531496062987
21
-3.8969778346456692
0
LINE
8
BLACK
6
CONTINUOUS
10
5.3169531496062987
20
-3.8969778346456692
11
5.3165122440944881
21
-3.8959134251968504
0
LINE
8
BLACK
6
CONTINUOUS
10
5.3165122440944881
20
-3.8959134251968504
11
5.3164555118110233
21
-3.8953373622047245
0
LINE
8
BLACK
6
CONTINUOUS
10
5.3164555118110233
20
-3.8953373622047245
11
5.3164555118110233
21
-3.8559672834645666
0
LINE
8
BLACK
6
CONTINUOUS
10
5.3164555118110233
20
-3.8559672834645666
11
5.3165122440944881
21
-3.8553912204724408
0
LINE
8
BLACK
6
CONTINUOUS
10
5.3165122440944881
20
-3.8553912204724408
11
5.3169531496062987
21
-3.854326811023622
0
LINE
8
BLACK
6
CONTINUOUS
10
5.3169531496062987
20
-3.854326811023622
11
5.3177677952755902
21
-3.8535121653543305
0
LINE
8
BLACK
6
CONTINUOUS
10
5.3177677952755902
20
-3.8535121653543305
11
5.3188322047244094
21
-3.8530712598425194
0
LINE
8
BLACK
6
CONTINUOUS
10
5.3188322047244094
20
-3.8530712598425194
11
5.3199843307086612
21
-3.8530712598425194
0
LINE
8
BLACK
6
CONTINUOUS
10
5.3199843307086612
20
-3.8530712598425194
11
5.3210487401574804
21
-3.8535121653543305
0
LINE
8
BLACK
6
CONTINUOUS
10
5.3622935826771654
20
-3.8535121653543305
11
5.3631082283464568
21
-3.854326811023622
0
LINE
8
BLACK
6
CONTINUOUS
10
5.3631082283464568
20
-3.854326811023622
11
5.3635491338582675
21
-3.8553912204724408
0
LINE
8
BLACK
6
CONTINUOUS
10
5.3635491338582675
20
-3.8553912204724408
11
5.3636058661417323
21
-3.8559672834645666
0
LINE
8
BLACK
6
CONTINUOUS
10
5.3636058661417323
20
-3.8559672834645666
11
5.3636058661417323
21
-3.8953373622047245
0
LINE
8
BLACK
6
CONTINUOUS
10
5.3636058661417323
20
-3.8953373622047245
11
5.3635491338582675
21
-3.8959134251968504
0
LINE
8
BLACK
6
CONTINUOUS
10
5.3635491338582675
20
-3.8959134251968504
11
5.3631082283464568
21
-3.8969778346456692
0
LINE
8
BLACK
6
CONTINUOUS
10
5.3631082283464568
20
-3.8969778346456692
11
5.3622935826771654
21
-3.8977924803149606
0
LINE
8
BLACK
6
CONTINUOUS
10
5.3622935826771654
20
-3.8977924803149606
11
5.3612291732283461
21
-3.8982333858267717
0
LINE
8
BLACK
6
CONTINUOUS
10
5.3612291732283461
20
-3.8982333858267717
11
5.3600770472440944
21
-3.8982333858267717
0
LINE
8
BLACK
6
CONTINUOUS
10
5.3600770472440944
20
-3.8982333858267717
11
5.3590126377952751
21
-3.8977924803149606
0
LINE
8
BLACK
6
CONTINUOUS
10
5.3590126377952751
20
-3.8977924803149606
11
5.3581979921259837
21
-3.8969778346456692
0
LINE
8
BLACK
6
CONTINUOUS
10
5.3581979921259837
20
-3.8969778346456692
11
5.357757086614173
21
-3.8959134251968504
0
LINE
8
BLACK
6
CONTINUOUS
10
5.357757086614173
20
-3.8959134251968504
11
5.3577003543307082
21
-3.8953373622047245
0
LINE
8
BLACK
6
CONTINUOUS
10
5.3577003543307082
20
-3.8953373622047245
11
5.3577003543307082
21
-3.8559672834645666
0
LINE
8
BLACK
6
CONTINUOUS
10
5.3577003543307082
20
-3.8559672834645666
11
5.357757086614173
21
-3.8553912204724408
0
LINE
8
BLACK
6
CONTINUOUS
10
5.357757086614173
20
-3.8553912204724408
11
5.3581979921259837
21
-3.854326811023622
0
LINE
8
BLACK
6
CONTINUOUS
10
5.3581979921259837
20
-3.854326811023622
11
5.3590126377952751
21
-3.8535121653543305
0
LINE
8
BLACK
6
CONTINUOUS
10
5.3590126377952751
20
-3.8535121653543305
11
5.3600770472440944
21
-3.8530712598425194
0
LINE
8
BLACK
6
CONTINUOUS
10
5.3600770472440944
20
-3.8530712598425194
11
5.3612291732283461
21
-3.8530712598425194
0
LINE
8
BLACK
6
CONTINUOUS
10
5.3612291732283461
20
-3.8530712598425194
11
5.3622935826771654
21
-3.8535121653543305
0
LINE
8
BLACK
6
CONTINUOUS
10
5.4249711811023618
20
-3.8530712598425194
11
5.425069173228346
21
-3.8531118503937005
0
LINE
8
BLACK
6
CONTINUOUS
10
5.425069173228346
20
-3.8531118503937005
11
5.4251750000000003
21
-3.8531193700787401
0
LINE
8
BLACK
6
CONTINUOUS
10
5.4251750000000003
20
-3.8531193700787401
11
5.4257156299212594
21
-3.8533262598425195
0
LINE
8
BLACK
6
CONTINUOUS
10
5.4257156299212594
20
-3.8533262598425195
11
5.4294651574803146
21
-3.8552010236220471
0
LINE
8
BLACK
6
CONTINUOUS
10
5.4294651574803146
20
-3.8552010236220471
11
5.4297131496062994
21
-3.8553570866141733
0
LINE
8
BLACK
6
CONTINUOUS
10
5.4297131496062994
20
-3.8553570866141733
11
5.4297851181102361
21
-3.8553869291338581
0
LINE
8
BLACK
6
CONTINUOUS
10
5.4297851181102361
20
-3.8553869291338581
11
5.4298660629921258
21
-3.8554533858267717
0
LINE
8
BLACK
6
CONTINUOUS
10
5.4298660629921258
20
-3.8554533858267717
11
5.4299550393700784
21
-3.8555093700787402
0
LINE
8
BLACK
6
CONTINUOUS
10
5.4299550393700784
20
-3.8555093700787402
11
5.4300061811023621
21
-3.855568346456693
0
LINE
8
BLACK
6
CONTINUOUS
10
5.4300061811023621
20
-3.855568346456693
11
5.4302325590551179
21
-3.8557541338582677
0
LINE
8
BLACK
6
CONTINUOUS
10
5.4302325590551179
20
-3.8557541338582677
11
5.4321073228346455
21
-3.8576288976377953
0
LINE
8
BLACK
6
CONTINUOUS
10
5.4321073228346455
20
-3.8576288976377953
11
5.4322930708661419
21
-3.8578552362204723
0
LINE
8
BLACK
6
CONTINUOUS
10
5.4322930708661419
20
-3.8578552362204723
11
5.4323520866141735
21
-3.8579064173228343
0
LINE
8
BLACK
6
CONTINUOUS
10
5.4323520866141735
20
-3.8579064173228343
11
5.4324080314960632
21
-3.8579953543307086
0
LINE
8
BLACK
6
CONTINUOUS
10
5.4324080314960632
20
-3.8579953543307086
11
5.4324745275590551
21
-3.8580763385826771
0
LINE
8
BLACK
6
CONTINUOUS
10
5.4324745275590551
20
-3.8580763385826771
11
5.4325043307086611
21
-3.8581482677165355
0
LINE
8
BLACK
6
CONTINUOUS
10
5.4325043307086611
20
-3.8581482677165355
11
5.4326604330708657
21
-3.8583962992125982
0
LINE
8
BLACK
6
CONTINUOUS
10
5.4326604330708657
20
-3.8583962992125982
11
5.4345351968503932
21
-3.8621458267716533
0
LINE
8
BLACK
6
CONTINUOUS
10
5.4345351968503932
20
-3.8621458267716533
11
5.4347420866141727
21
-3.8626864173228346
0
LINE
8
BLACK
6
CONTINUOUS
10
5.4347420866141727
20
-3.8626864173228346
11
5.4347496062992127
21
-3.8627922834645667
0
LINE
8
BLACK
6
CONTINUOUS
10
5.4347496062992127
20
-3.8627922834645667
11
5.4347901968503933
21
-3.862890275590551
0
LINE
8
BLACK
6
CONTINUOUS
10
5.4347901968503933
20
-3.862890275590551
11
5.4348469291338581
21
-3.8634663385826773
0
LINE
8
BLACK
6
CONTINUOUS
10
5.4348469291338581
20
-3.8634663385826773
11
5.4348469291338581
21
-3.86909062992126
0
LINE
8
BLACK
6
CONTINUOUS
10
5.4348469291338581
20
-3.86909062992126
11
5.4347901968503933
21
-3.8696666929133858
0
LINE
8
BLACK
6
CONTINUOUS
10
5.4347901968503933
20
-3.8696666929133858
11
5.4347496062992127
21
-3.8697646456692913
0
LINE
8
BLACK
6
CONTINUOUS
10
5.4347496062992127
20
-3.8697646456692913
11
5.4347420866141727
21
-3.8698705511811022
0
LINE
8
BLACK
6
CONTINUOUS
10
5.4347420866141727
20
-3.8698705511811022
11
5.4345351968503932
21
-3.8704111417322835
0
LINE
8
BLACK
6
CONTINUOUS
10
5.4345351968503932
20
-3.8704111417322835
11
5.4326604330708657
21
-3.8741606692913386
0
LINE
8
BLACK
6
CONTINUOUS
10
5.4326604330708657
20
-3.8741606692913386
11
5.4325043307086611
21
-3.8744086614173225
0
LINE
8
BLACK
6
CONTINUOUS
10
5.4325043307086611
20
-3.8744086614173225
11
5.4324745275590551
21
-3.8744806299212597
0
LINE
8
BLACK
6
CONTINUOUS
10
5.4324745275590551
20
-3.8744806299212597
11
5.4324080314960632
21
-3.8745615748031494
0
LINE
8
BLACK
6
CONTINUOUS
10
5.4324080314960632
20
-3.8745615748031494
11
5.4323520866141735
21
-3.8746505511811025
0
LINE
8
BLACK
6
CONTINUOUS
10
5.4323520866141735
20
-3.8746505511811025
11
5.4322930708661419
21
-3.8747016929133857
0
LINE
8
BLACK
6
CONTINUOUS
10
5.4322930708661419
20
-3.8747016929133857
11
5.4321073228346455
21
-3.8749280708661415
0
LINE
8
BLACK
6
CONTINUOUS
10
5.4321073228346455
20
-3.8749280708661415
11
5.4302325590551179
21
-3.8768028346456691
0
LINE
8
BLACK
6
CONTINUOUS
10
5.4302325590551179
20
-3.8768028346456691
11
5.4300061811023621
21
-3.8769885826771651
0
LINE
8
BLACK
6
CONTINUOUS
10
5.4300061811023621
20
-3.8769885826771651
11
5.4299550393700784
21
-3.8770475984251966
0
LINE
8
BLACK
6
CONTINUOUS
10
5.4299550393700784
20
-3.8770475984251966
11
5.4298660629921258
21
-3.8771035433070864
0
LINE
8
BLACK
6
CONTINUOUS
10
5.4298660629921258
20
-3.8771035433070864
11
5.4297851181102361
21
-3.8771700393700788
0
LINE
8
BLACK
6
CONTINUOUS
10
5.4297851181102361
20
-3.8771700393700788
11
5.4297131496062994
21
-3.8771998425196847
0
LINE
8
BLACK
6
CONTINUOUS
10
5.4297131496062994
20
-3.8771998425196847
11
5.4294651574803146
21
-3.8773559448818897
0
LINE
8
BLACK
6
CONTINUOUS
10
5.4294651574803146
20
-3.8773559448818897
11
5.4257156299212594
21
-3.8792307086614173
0
LINE
8
BLACK
6
CONTINUOUS
10
5.4257156299212594
20
-3.8792307086614173
11
5.4251750000000003
21
-3.8794375984251968
0
LINE
8
BLACK
6
CONTINUOUS
10
5.4251750000000003
20
-3.8794375984251968
11
5.425069173228346
21
-3.8794450787401575
0
LINE
8
BLACK
6
CONTINUOUS
10
5.425069173228346
20
-3.8794450787401575
11
5.4249711811023618
21
-3.8794857086614174
0
LINE
8
BLACK
6
CONTINUOUS
10
5.4249711811023618
20
-3.8794857086614174
11
5.4243951181102359
21
-3.8795424409448818
0
LINE
8
BLACK
6
CONTINUOUS
10
5.4243951181102359
20
-3.8795424409448818
11
5.4123497637795275
21
-3.8795424409448818
0
LINE
8
BLACK
6
CONTINUOUS
10
5.4123497637795275
20
-3.8795424409448818
11
5.4123497637795275
21
-3.8953373622047245
0
LINE
8
BLACK
6
CONTINUOUS
10
5.4123497637795275
20
-3.8953373622047245
11
5.4122930314960627
21
-3.8959134251968504
0
LINE
8
BLACK
6
CONTINUOUS
10
5.4122930314960627
20
-3.8959134251968504
11
5.411852125984252
21
-3.8969778346456692
0
LINE
8
BLACK
6
CONTINUOUS
10
5.411852125984252
20
-3.8969778346456692
11
5.4110374803149606
21
-3.8977924803149606
0
LINE
8
BLACK
6
CONTINUOUS
10
5.4110374803149606
20
-3.8977924803149606
11
5.4099730708661413
21
-3.8982333858267717
0
LINE
8
BLACK
6
CONTINUOUS
10
5.4099730708661413
20
-3.8982333858267717
11
5.4088209448818896
21
-3.8982333858267717
0
LINE
8
BLACK
6
CONTINUOUS
10
5.4088209448818896
20
-3.8982333858267717
11
5.4077565354330703
21
-3.8977924803149606
0
LINE
8
BLACK
6
CONTINUOUS
10
5.4077565354330703
20
-3.8977924803149606
11
5.4069418897637798
21
-3.8969778346456692
0
LINE
8
BLACK
6
CONTINUOUS
10
5.4069418897637798
20
-3.8969778346456692
11
5.4065009842519682
21
-3.8959134251968504
0
LINE
8
BLACK
6
CONTINUOUS
10
5.4065009842519682
20
-3.8959134251968504
11
5.4064442519685034
21
-3.8953373622047245
0
LINE
8
BLACK
6
CONTINUOUS
10
5.4064442519685034
20
-3.8953373622047245
11
5.4064442519685034
21
-3.8559672834645666
0
LINE
8
BLACK
6
CONTINUOUS
10
5.4064442519685034
20
-3.8559672834645666
11
5.4065009842519682
21
-3.8553912204724408
0
LINE
8
BLACK
6
CONTINUOUS
10
5.4065009842519682
20
-3.8553912204724408
11
5.4069418897637798
21
-3.854326811023622
0
LINE
8
BLACK
6
CONTINUOUS
10
5.4069418897637798
20
-3.854326811023622
11
5.4077565354330703
21
-3.8535121653543305
0
LINE
8
BLACK
6
CONTINUOUS
10
5.4077565354330703
20
-3.8535121653543305
11
5.4088209448818896
21
-3.8530712598425194
0
LINE
8
BLACK
6
CONTINUOUS
10
5.4088209448818896
20
-3.8530712598425194
11
5.4093970078740155
21
-3.853014527559055
0
LINE
8
BLACK
6
CONTINUOUS
10
5.4093970078740155
20
-3.853014527559055
11
5.4243951181102359
21
-3.853014527559055
0
LINE
8
BLACK
6
CONTINUOUS
10
5.4243951181102359
20
-3.853014527559055
11
5.4249711811023618
21
-3.8530712598425194
0
LINE
8
BLACK
6
CONTINUOUS
10
5.4123497637795275
20
-3.8736369291338582
11
5.4236980708661413
21
-3.8736369291338582
0
LINE
8
BLACK
6
CONTINUOUS
10
5.4236980708661413
20
-3.8736369291338582
11
5.426395551181102
21
-3.8722881889763778
0
LINE
8
BLACK
6
CONTINUOUS
10
5.426395551181102
20
-3.8722881889763778
11
5.4275926771653547
21
-3.871091062992126
0
LINE
8
BLACK
6
CONTINUOUS
10
5.4275926771653547
20
-3.871091062992126
11
5.4289414173228341
21
-3.8683935826771654
0
LINE
8
BLACK
6
CONTINUOUS
10
5.4289414173228341
20
-3.8683935826771654
11
5.4289414173228341
21
-3.8641633858267714
0
LINE
8
BLACK
6
CONTINUOUS
10
5.4289414173228341
20
-3.8641633858267714
11
5.4275926771653547
21
-3.8614659055118108
0
LINE
8
BLACK
6
CONTINUOUS
10
5.4275926771653547
20
-3.8614659055118108
11
5.426395551181102
21
-3.860268779527559
0
LINE
8
BLACK
6
CONTINUOUS
10
5.426395551181102
20
-3.860268779527559
11
5.4236980708661413
21
-3.8589200393700787
0
LINE
8
BLACK
6
CONTINUOUS
10
5.4236980708661413
20
-3.8589200393700787
11
5.4123497637795275
21
-3.8589200393700787
0
LINE
8
BLACK
6
CONTINUOUS
10
5.4123497637795275
20
-3.8589200393700787
11
5.4123497637795275
21
-3.8736369291338582
0
LINE
8
BLACK
6
CONTINUOUS
10
5.520072165354331
20
-3.8530712598425194
11
5.5205842125984255
21
-3.8530712598425194
0
LINE
8
BLACK
6
CONTINUOUS
10
5.5205842125984255
20
-3.8530712598425194
11
5.5206449606299213
21
-3.8530964173228344
0
LINE
8
BLACK
6
CONTINUOUS
10
5.5206449606299213
20
-3.8530964173228344
11
5.5207108267716531
21
-3.8530993307086612
0
LINE
8
BLACK
6
CONTINUOUS
10
5.5207108267716531
20
-3.8530993307086612
11
5.5211756692913383
21
-3.8533162204724407
0
LINE
8
BLACK
6
CONTINUOUS
10
5.5211756692913383
20
-3.8533162204724407
11
5.5216486220472438
21
-3.8535121653543305
0
LINE
8
BLACK
6
CONTINUOUS
10
5.5216486220472438
20
-3.8535121653543305
11
5.5216951181102365
21
-3.8535586614173227
0
LINE
8
BLACK
6
CONTINUOUS
10
5.5216951181102365
20
-3.8535586614173227
11
5.5217548425196847
21
-3.8535865354330707
0
LINE
8
BLACK
6
CONTINUOUS
10
5.5217548425196847
20
-3.8535865354330707
11
5.5221010629921254
21
-3.8539646062992126
0
LINE
8
BLACK
6
CONTINUOUS
10
5.5221010629921254
20
-3.8539646062992126
11
5.5224632677165353
21
-3.854326811023622
0
LINE
8
BLACK
6
CONTINUOUS
10
5.5224632677165353
20
-3.854326811023622
11
5.522488464566929
21
-3.8543876377952757
0
LINE
8
BLACK
6
CONTINUOUS
10
5.522488464566929
20
-3.8543876377952757
11
5.5225329527559053
21
-3.8544362204724409
0
LINE
8
BLACK
6
CONTINUOUS
10
5.5225329527559053
20
-3.8544362204724409
11
5.5227080314960633
21
-3.8549177165354331
0
LINE
8
BLACK
6
CONTINUOUS
10
5.5227080314960633
20
-3.8549177165354331
11
5.5229041732283459
21
-3.8553912204724408
0
LINE
8
BLACK
6
CONTINUOUS
10
5.5229041732283459
20
-3.8553912204724408
11
5.5229130708661414
21
-3.8554815748031497
0
LINE
8
BLACK
6
CONTINUOUS
10
5.5229130708661414
20
-3.8554815748031497
11
5.5229266535433066
21
-3.855518937007874
0
LINE
8
BLACK
6
CONTINUOUS
10
5.5229266535433066
20
-3.855518937007874
11
5.5229235826771657
21
-3.8555884645669289
0
LINE
8
BLACK
6
CONTINUOUS
10
5.5229235826771657
20
-3.8555884645669289
11
5.5229609055118107
21
-3.8559672834645666
0
LINE
8
BLACK
6
CONTINUOUS
10
5.5229609055118107
20
-3.8559672834645666
11
5.5229609055118107
21
-3.8953373622047245
0
LINE
8
BLACK
6
CONTINUOUS
10
5.5229609055118107
20
-3.8953373622047245
11
5.5229041732283459
21
-3.8959134251968504
0
LINE
8
BLACK
6
CONTINUOUS
10
5.5229041732283459
20
-3.8959134251968504
11
5.5224632677165353
21
-3.8969778346456692
0
LINE
8
BLACK
6
CONTINUOUS
10
5.5224632677165353
20
-3.8969778346456692
11
5.5216486220472438
21
-3.8977924803149606
0
LINE
8
BLACK
6
CONTINUOUS
10
5.5216486220472438
20
-3.8977924803149606
11
5.5205842125984255
21
-3.8982333858267717
0
LINE
8
BLACK
6
CONTINUOUS
10
5.5205842125984255
20
-3.8982333858267717
11
5.5194320866141728
21
-3.8982333858267717
0
LINE
8
BLACK
6
CONTINUOUS
10
5.5194320866141728
20
-3.8982333858267717
11
5.5183676771653545
21
-3.8977924803149606
0
LINE
8
BLACK
6
CONTINUOUS
10
5.5183676771653545
20
-3.8977924803149606
11
5.517553031496063
21
-3.8969778346456692
0
LINE
8
BLACK
6
CONTINUOUS
10
5.517553031496063
20
-3.8969778346456692
11
5.5171121259842515
21
-3.8959134251968504
0
LINE
8
BLACK
6
CONTINUOUS
10
5.5171121259842515
20
-3.8959134251968504
11
5.5170553937007876
21
-3.8953373622047245
0
LINE
8
BLACK
6
CONTINUOUS
10
5.5170553937007876
20
-3.8953373622047245
11
5.5170553937007876
21
-3.8692770078740155
0
LINE
8
BLACK
6
CONTINUOUS
10
5.5170553937007876
20
-3.8692770078740155
11
5.5095605511811021
21
-3.885337401574803
0
LINE
8
BLACK
6
CONTINUOUS
10
5.5095605511811021
20
-3.885337401574803
11
5.5094355905511811
21
-3.8855483070866139
0
LINE
8
BLACK
6
CONTINUOUS
10
5.5094355905511811
20
-3.8855483070866139
11
5.5094096062992124
21
-3.8856198031496061
0
LINE
8
BLACK
6
CONTINUOUS
10
5.5094096062992124
20
-3.8856198031496061
11
5.5093632677165356
21
-3.8856703543307085
0
LINE
8
BLACK
6
CONTINUOUS
10
5.5093632677165356
20
-3.8856703543307085
11
5.5092655118110239
21
-3.885835433070866
0
LINE
8
BLACK
6
CONTINUOUS
10
5.5092655118110239
20
-3.885835433070866
11
5.5089346850393701
21
-3.886138346456693
0
LINE
8
BLACK
6
CONTINUOUS
10
5.5089346850393701
20
-3.886138346456693
11
5.5086314960629919
21
-3.8864694881889763
0
LINE
8
BLACK
6
CONTINUOUS
10
5.5086314960629919
20
-3.8864694881889763
11
5.5085125196850395
21
-3.886524960629921
0
LINE
8
BLACK
6
CONTINUOUS
10
5.5085125196850395
20
-3.886524960629921
11
5.508415866141732
21
-3.8866135433070865
0
LINE
8
BLACK
6
CONTINUOUS
10
5.508415866141732
20
-3.8866135433070865
11
5.5079943700787402
21
-3.886766771653543
0
LINE
8
BLACK
6
CONTINUOUS
10
5.5079943700787402
20
-3.886766771653543
11
5.5075874803149603
21
-3.8869566929133859
0
LINE
8
BLACK
6
CONTINUOUS
10
5.5075874803149603
20
-3.8869566929133859
11
5.5074562992125982
21
-3.886962440944882
0
LINE
8
BLACK
6
CONTINUOUS
10
5.5074562992125982
20
-3.886962440944882
11
5.5073331496062989
21
-3.8870072440944883
0
LINE
8
BLACK
6
CONTINUOUS
10
5.5073331496062989
20
-3.8870072440944883
11
5.5068850393700783
21
-3.8869875590551182
0
LINE
8
BLACK
6
CONTINUOUS
10
5.5068850393700783
20
-3.8869875590551182
11
5.5064364566929136
21
-3.887007283464567
0
LINE
8
BLACK
6
CONTINUOUS
10
5.5064364566929136
20
-3.887007283464567
11
5.5063131496062994
21
-3.886962440944882
0
LINE
8
BLACK
6
CONTINUOUS
10
5.5063131496062994
20
-3.886962440944882
11
5.5061821259842523
21
-3.8869566929133859
0
LINE
8
BLACK
6
CONTINUOUS
10
5.5061821259842523
20
-3.8869566929133859
11
5.5057754724409449
21
-3.8867668897637793
0
LINE
8
BLACK
6
CONTINUOUS
10
5.5057754724409449
20
-3.8867668897637793
11
5.5053537401574806
21
-3.8866135433070865
0
LINE
8
BLACK
6
CONTINUOUS
10
5.5053537401574806
20
-3.8866135433070865
11
5.505256929133858
21
-3.8865248818897635
0
LINE
8
BLACK
6
CONTINUOUS
10
5.505256929133858
20
-3.8865248818897635
11
5.5051381102362207
21
-3.8864694488188976
0
LINE
8
BLACK
6
CONTINUOUS
10
5.5051381102362207
20
-3.8864694488188976
11
5.5048351574803149
21
-3.8861386220472438
0
LINE
8
BLACK
6
CONTINUOUS
10
5.5048351574803149
20
-3.8861386220472438
11
5.5045040944881887
21
-3.8858354724409447
0
LINE
8
BLACK
6
CONTINUOUS
10
5.5045040944881887
20
-3.8858354724409447
11
5.5044062204724407
21
-3.885670275590551
0
LINE
8
BLACK
6
CONTINUOUS
10
5.5044062204724407
20
-3.885670275590551
11
5.5043600000000001
21
-3.8856198031496061
0
LINE
8
BLACK
6
CONTINUOUS
10
5.5043600000000001
20
-3.8856198031496061
11
5.5043340157480314
21
-3.8855484251968502
0
LINE
8
BLACK
6
CONTINUOUS
10
5.5043340157480314
20
-3.8855484251968502
11
5.5042090551181104
21
-3.8853374409448818
0
LINE
8
BLACK
6
CONTINUOUS
10
5.5042090551181104
20
-3.8853374409448818
11
5.496714212598425
21
-3.8692770078740155
0
LINE
8
BLACK
6
CONTINUOUS
10
5.496714212598425
20
-3.8692770078740155
11
5.496714212598425
21
-3.8953373622047245
0
LINE
8
BLACK
6
CONTINUOUS
10
5.496714212598425
20
-3.8953373622047245
11
5.4966574803149602
21
-3.8959134251968504
0
LINE
8
BLACK
6
CONTINUOUS
10
5.4966574803149602
20
-3.8959134251968504
11
5.4962165748031495
21
-3.8969778346456692
0
LINE
8
BLACK
6
CONTINUOUS
10
5.4962165748031495
20
-3.8969778346456692
11
5.4954019291338581
21
-3.8977924803149606
0
LINE
8
BLACK
6
CONTINUOUS
10
5.4954019291338581
20
-3.8977924803149606
11
5.4943375196850388
21
-3.8982333858267717
0
LINE
8
BLACK
6
CONTINUOUS
10
5.4943375196850388
20
-3.8982333858267717
11
5.4931853937007871
21
-3.8982333858267717
0
LINE
8
BLACK
6
CONTINUOUS
10
5.4931853937007871
20
-3.8982333858267717
11
5.4921209842519687
21
-3.8977924803149606
0
LINE
8
BLACK
6
CONTINUOUS
10
5.4921209842519687
20
-3.8977924803149606
11
5.4913063385826772
21
-3.8969778346456692
0
LINE
8
BLACK
6
CONTINUOUS
10
5.4913063385826772
20
-3.8969778346456692
11
5.4908654330708657
21
-3.8959134251968504
0
LINE
8
BLACK
6
CONTINUOUS
10
5.4908654330708657
20
-3.8959134251968504
11
5.4908087007874018
21
-3.8953373622047245
0
LINE
8
BLACK
6
CONTINUOUS
10
5.4908087007874018
20
-3.8953373622047245
11
5.4908087007874018
21
-3.8559672834645666
0
LINE
8
BLACK
6
CONTINUOUS
10
5.4908087007874018
20
-3.8559672834645666
11
5.4908459842519681
21
-3.8555884645669289
0
LINE
8
BLACK
6
CONTINUOUS
10
5.4908459842519681
20
-3.8555884645669289
11
5.4908429527559051
21
-3.855518937007874
0
LINE
8
BLACK
6
CONTINUOUS
10
5.4908429527559051
20
-3.855518937007874
11
5.4908564960629924
21
-3.8554815748031497
0
LINE
8
BLACK
6
CONTINUOUS
10
5.4908564960629924
20
-3.8554815748031497
11
5.4908654330708657
21
-3.8553912204724408
0
LINE
8
BLACK
6
CONTINUOUS
10
5.4908654330708657
20
-3.8553912204724408
11
5.4910615354330705
21
-3.8549177165354331
0
LINE
8
BLACK
6
CONTINUOUS
10
5.4910615354330705
20
-3.8549177165354331
11
5.4912366535433073
21
-3.8544362204724409
0
LINE
8
BLACK
6
CONTINUOUS
10
5.4912366535433073
20
-3.8544362204724409
11
5.4912811023622048
21
-3.8543876377952757
0
LINE
8
BLACK
6
CONTINUOUS
10
5.4912811023622048
20
-3.8543876377952757
11
5.4913063385826772
21
-3.854326811023622
0
LINE
8
BLACK
6
CONTINUOUS
10
5.4913063385826772
20
-3.854326811023622
11
5.49166874015748
21
-3.85396437007874
0
LINE
8
BLACK
6
CONTINUOUS
10
5.49166874015748
20
-3.85396437007874
11
5.4920147637795278
21
-3.8535865748031495
0
LINE
8
BLACK
6
CONTINUOUS
10
5.4920147637795278
20
-3.8535865748031495
11
5.4920744094488185
21
-3.8535587007874015
0
LINE
8
BLACK
6
CONTINUOUS
10
5.4920744094488185
20
-3.8535587007874015
11
5.4921209842519687
21
-3.8535121653543305
0
LINE
8
BLACK
6
CONTINUOUS
10
5.4921209842519687
20
-3.8535121653543305
11
5.4925942519685034
21
-3.8533161023622045
0
LINE
8
BLACK
6
CONTINUOUS
10
5.4925942519685034
20
-3.8533161023622045
11
5.4930587795275585
21
-3.8530993307086612
0
LINE
8
BLACK
6
CONTINUOUS
10
5.4930587795275585
20
-3.8530993307086612
11
5.4931245669291338
21
-3.8530964173228344
0
LINE
8
BLACK
6
CONTINUOUS
10
5.4931245669291338
20
-3.8530964173228344
11
5.4931853937007871
21
-3.8530712598425194
0
LINE
8
BLACK
6
CONTINUOUS
10
5.4931853937007871
20
-3.8530712598425194
11
5.4936979527559053
21
-3.8530712598425194
0
LINE
8
BLACK
6
CONTINUOUS
10
5.4936979527559053
20
-3.8530712598425194
11
5.4942098031496061
21
-3.8530487795275588
0
LINE
8
BLACK
6
CONTINUOUS
10
5.4942098031496061
20
-3.8530487795275588
11
5.4942716141732282
21
-3.8530712598425194
0
LINE
8
BLACK
6
CONTINUOUS
10
5.4942716141732282
20
-3.8530712598425194
11
5.4943375196850388
21
-3.8530712598425194
0
LINE
8
BLACK
6
CONTINUOUS
10
5.4943375196850388
20
-3.8530712598425194
11
5.4948109842519681
21
-3.8532673622047242
0
LINE
8
BLACK
6
CONTINUOUS
10
5.4948109842519681
20
-3.8532673622047242
11
5.4952925196850391
21
-3.8534424803149605
0
LINE
8
BLACK
6
CONTINUOUS
10
5.4952925196850391
20
-3.8534424803149605
11
5.495341062992126
21
-3.853486929133858
0
LINE
8
BLACK
6
CONTINUOUS
10
5.495341062992126
20
-3.853486929133858
11
5.4954019291338581
21
-3.8535121653543305
0
LINE
8
BLACK
6
CONTINUOUS
10
5.4954019291338581
20
-3.8535121653543305
11
5.4957643307086617
21
-3.8538745669291337
0
LINE
8
BLACK
6
CONTINUOUS
10
5.4957643307086617
20
-3.8538745669291337
11
5.496142165354331
21
-3.854220590551181
0
LINE
8
BLACK
6
CONTINUOUS
10
5.496142165354331
20
-3.854220590551181
11
5.4961883858267715
21
-3.8542986220472439
0
LINE
8
BLACK
6
CONTINUOUS
10
5.4961883858267715
20
-3.8542986220472439
11
5.4962165748031495
21
-3.854326811023622
0
LINE
8
BLACK
6
CONTINUOUS
10
5.4962165748031495
20
-3.854326811023622
11
5.4962432677165349
21
-3.8543912204724409
0
LINE
8
BLACK
6
CONTINUOUS
10
5.4962432677165349
20
-3.8543912204724409
11
5.4964372047244092
21
-3.854718622047244
0
LINE
8
BLACK
6
CONTINUOUS
10
5.4964372047244092
20
-3.854718622047244
11
5.5068847637795271
21
-3.8771062992125982
0
LINE
8
BLACK
6
CONTINUOUS
10
5.5068847637795271
20
-3.8771062992125982
11
5.5173324015748033
21
-3.8547185826771653
0
LINE
8
BLACK
6
CONTINUOUS
10
5.5173324015748033
20
-3.8547185826771653
11
5.5175263779527555
21
-3.8543911023622046
0
LINE
8
BLACK
6
CONTINUOUS
10
5.5175263779527555
20
-3.8543911023622046
11
5.517553031496063
21
-3.854326811023622
0
LINE
8
BLACK
6
CONTINUOUS
10
5.517553031496063
20
-3.854326811023622
11
5.5175811417322835
21
-3.8542986614173227
0
LINE
8
BLACK
6
CONTINUOUS
10
5.5175811417322835
20
-3.8542986614173227
11
5.5176274409448816
21
-3.8542205511811023
0
LINE
8
BLACK
6
CONTINUOUS
10
5.5176274409448816
20
-3.8542205511811023
11
5.5180055118110234
21
-3.8538742913385824
0
LINE
8
BLACK
6
CONTINUOUS
10
5.5180055118110234
20
-3.8538742913385824
11
5.5183676771653545
21
-3.8535121653543305
0
LINE
8
BLACK
6
CONTINUOUS
10
5.5183676771653545
20
-3.8535121653543305
11
5.5184285039370078
21
-3.8534869685039368
0
LINE
8
BLACK
6
CONTINUOUS
10
5.5184285039370078
20
-3.8534869685039368
11
5.5184770866141735
21
-3.8534424803149605
0
LINE
8
BLACK
6
CONTINUOUS
10
5.5184770866141735
20
-3.8534424803149605
11
5.5189588976377948
21
-3.853267244094488
0
LINE
8
BLACK
6
CONTINUOUS
10
5.5189588976377948
20
-3.853267244094488
11
5.5194320866141728
21
-3.8530712598425194
0
LINE
8
BLACK
6
CONTINUOUS
10
5.5194320866141728
20
-3.8530712598425194
11
5.5194978740157481
21
-3.8530712598425194
0
LINE
8
BLACK
6
CONTINUOUS
10
5.5194978740157481
20
-3.8530712598425194
11
5.5195598031496065
21
-3.8530487401574804
0
LINE
8
BLACK
6
CONTINUOUS
10
5.5195598031496065
20
-3.8530487401574804
11
5.520072165354331
21
-3.8530712598425194
0
LINE
8
BLACK
6
CONTINUOUS
10
6.2925445669291333
20
-3.8464976771653543
11
6.2936089763779526
21
-3.8469385826771654
0
LINE
8
BLACK
6
CONTINUOUS
10
6.2936089763779526
20
-3.8469385826771654
11
6.294423622047244
21
-3.8477532283464564
0
LINE
8
BLACK
6
CONTINUOUS
10
6.294423622047244
20
-3.8477532283464564
11
6.2948645275590547
21
-3.8488176377952756
0
LINE
8
BLACK
6
CONTINUOUS
10
6.2948645275590547
20
-3.8488176377952756
11
6.2948645275590547
21
-3.8499697637795274
0
LINE
8
BLACK
6
CONTINUOUS
10
6.2948645275590547
20
-3.8499697637795274
11
6.294423622047244
21
-3.8510341732283462
0
LINE
8
BLACK
6
CONTINUOUS
10
6.294423622047244
20
-3.8510341732283462
11
6.2936089763779526
21
-3.8518488188976376
0
LINE
8
BLACK
6
CONTINUOUS
10
6.2936089763779526
20
-3.8518488188976376
11
6.2925445669291333
21
-3.8522897244094487
0
LINE
8
BLACK
6
CONTINUOUS
10
6.2925445669291333
20
-3.8522897244094487
11
6.2919685039370075
21
-3.8523464566929131
0
LINE
8
BLACK
6
CONTINUOUS
10
6.2919685039370075
20
-3.8523464566929131
11
6.2119685039370074
21
-3.8523464566929131
0
LINE
8
BLACK
6
CONTINUOUS
10
6.2119685039370074
20
-3.8523464566929131
11
6.2113924409448815
21
-3.8522897244094487
0
LINE
8
BLACK
6
CONTINUOUS
10
6.2113924409448815
20
-3.8522897244094487
11
6.2103280314960632
21
-3.8518488188976376
0
LINE
8
BLACK
6
CONTINUOUS
10
6.2103280314960632
20
-3.8518488188976376
11
6.2095133858267717
21
-3.8510341732283462
0
LINE
8
BLACK
6
CONTINUOUS
10
6.2095133858267717
20
-3.8510341732283462
11
6.2090724803149602
21
-3.8499697637795274
0
LINE
8
BLACK
6
CONTINUOUS
10
6.2090724803149602
20
-3.8499697637795274
11
6.2090724803149602
21
-3.8488176377952756
0
LINE
8
BLACK
6
CONTINUOUS
10
6.2090724803149602
20
-3.8488176377952756
11
6.2095133858267717
21
-3.8477532283464564
0
LINE
8
BLACK
6
CONTINUOUS
10
6.2095133858267717
20
-3.8477532283464564
11
6.2103280314960632
21
-3.8469385826771654
0
LINE
8
BLACK
6
CONTINUOUS
10
6.2103280314960632
20
-3.8469385826771654
11
6.2113924409448815
21
-3.8464976771653543
0
LINE
8
BLACK
6
CONTINUOUS
10
6.2113924409448815
20
-3.8464976771653543
11
6.2119685039370074
21
-3.8464409448818895
0
LINE
8
BLACK
6
CONTINUOUS
10
6.2119685039370074
20
-3.8464409448818895
11
6.2919685039370075
21
-3.8464409448818895
0
LINE
8
BLACK
6
CONTINUOUS
10
6.2919685039370075
20
-3.8464409448818895
11
6.2925445669291333
21
-3.8464976771653543
0
LINE
8
BLACK
6
CONTINUOUS
10
5.1999992913385826
20
-3.7530712598425198
11
5.2000972834645669
21
-3.7531118503937009
0
LINE
8
BLACK
6
CONTINUOUS
10
5.2000972834645669
20
-3.7531118503937009
11
5.2002031102362203
21
-3.75311937007874
0
LINE
8
BLACK
6
CONTINUOUS
10
5.2002031102362203
20
-3.75311937007874
11
5.2007437401574803
21
-3.7533262598425194
0
LINE
8
BLACK
6
CONTINUOUS
10
5.2007437401574803
20
-3.7533262598425194
11
5.2044932677165354
21
-3.755201023622047
0
LINE
8
BLACK
6
CONTINUOUS
10
5.2044932677165354
20
-3.755201023622047
11
5.2049831496062993
21
-3.7555093700787401
0
LINE
8
BLACK
6
CONTINUOUS
10
5.2049831496062993
20
-3.7555093700787401
11
5.2057379921259841
21
-3.7563797637795275
0
LINE
8
BLACK
6
CONTINUOUS
10
5.2057379921259841
20
-3.7563797637795275
11
5.2061023228346457
21
-3.7574727165354331
0
LINE
8
BLACK
6
CONTINUOUS
10
5.2061023228346457
20
-3.7574727165354331
11
5.2060206692913384
21
-3.7586219291338581
0
LINE
8
BLACK
6
CONTINUOUS
10
5.2060206692913384
20
-3.7586219291338581
11
5.2055053937007871
21
-3.7596524409448819
0
LINE
8
BLACK
6
CONTINUOUS
10
5.2055053937007871
20
-3.7596524409448819
11
5.2046350393700784
21
-3.7604072834645668
0
LINE
8
BLACK
6
CONTINUOUS
10
5.2046350393700784
20
-3.7604072834645668
11
5.2035420472440945
21
-3.7607716141732284
0
LINE
8
BLACK
6
CONTINUOUS
10
5.2035420472440945
20
-3.7607716141732284
11
5.2023928346456696
21
-3.7606899606299211
0
LINE
8
BLACK
6
CONTINUOUS
10
5.2023928346456696
20
-3.7606899606299211
11
5.2018522440944883
21
-3.7604830708661416
0
LINE
8
BLACK
6
CONTINUOUS
10
5.2018522440944883
20
-3.7604830708661416
11
5.1987261811023622
21
-3.7589200393700786
0
LINE
8
BLACK
6
CONTINUOUS
10
5.1987261811023622
20
-3.7589200393700786
11
5.194278070866142
21
-3.7589200393700786
0
LINE
8
BLACK
6
CONTINUOUS
10
5.194278070866142
20
-3.7589200393700786
11
5.1897696850393702
21
-3.7604228346456692
0
LINE
8
BLACK
6
CONTINUOUS
10
5.1897696850393702
20
-3.7604228346456692
11
5.1868518503937011
21
-3.7633406692913387
0
LINE
8
BLACK
6
CONTINUOUS
10
5.1868518503937011
20
-3.7633406692913387
11
5.185336338582677
21
-3.7663716535433069
0
LINE
8
BLACK
6
CONTINUOUS
10
5.185336338582677
20
-3.7663716535433069
11
5.1836283464566932
21
-3.7732037007874015
0
LINE
8
BLACK
6
CONTINUOUS
10
5.1836283464566932
20
-3.7732037007874015
11
5.1836283464566932
21
-3.7781009055118111
0
LINE
8
BLACK
6
CONTINUOUS
10
5.1836283464566932
20
-3.7781009055118111
11
5.185336338582677
21
-3.7849329527559052
0
LINE
8
BLACK
6
CONTINUOUS
10
5.185336338582677
20
-3.7849329527559052
11
5.1868518503937011
21
-3.7879639370078739
0
LINE
8
BLACK
6
CONTINUOUS
10
5.1868518503937011
20
-3.7879639370078739
11
5.1897696850393702
21
-3.7908818110236218
0
LINE
8
BLACK
6
CONTINUOUS
10
5.1897696850393702
20
-3.7908818110236218
11
5.194278070866142
21
-3.7923846062992124
0
LINE
8
BLACK
6
CONTINUOUS
10
5.194278070866142
20
-3.7923846062992124
11
5.1970693307086613
21
-3.7923846062992124
0
LINE
8
BLACK
6
CONTINUOUS
10
5.1970693307086613
20
-3.7923846062992124
11
5.2015777165354331
21
-3.790881771653543
0
LINE
8
BLACK
6
CONTINUOUS
10
5.2015777165354331
20
-3.790881771653543
11
5.2020947637795274
21
-3.7903647244094487
0
LINE
8
BLACK
6
CONTINUOUS
10
5.2020947637795274
20
-3.7903647244094487
11
5.2020947637795274
21
-3.7814172047244092
0
LINE
8
BLACK
6
CONTINUOUS
10
5.2020947637795274
20
-3.7814172047244092
11
5.1975484645669292
21
-3.7814172047244092
0
LINE
8
BLACK
6
CONTINUOUS
10
5.1975484645669292
20
-3.7814172047244092
11
5.1969724015748033
21
-3.7813604724409449
0
LINE
8
BLACK
6
CONTINUOUS
10
5.1969724015748033
20
-3.7813604724409449
11
5.1959079921259841
21
-3.7809195669291338
0
LINE
8
BLACK
6
CONTINUOUS
10
5.1959079921259841
20
-3.7809195669291338
11
5.1950933464566926
21
-3.7801049212598423
0
LINE
8
BLACK
6
CONTINUOUS
10
5.1950933464566926
20
-3.7801049212598423
11
5.194652440944882
21
-3.7790405118110235
0
LINE
8
BLACK
6
CONTINUOUS
10
5.194652440944882
20
-3.7790405118110235
11
5.194652440944882
21
-3.7778883858267718
0
LINE
8
BLACK
6
CONTINUOUS
10
5.194652440944882
20
-3.7778883858267718
11
5.1950933464566926
21
-3.7768239763779525
0
LINE
8
BLACK
6
CONTINUOUS
10
5.1950933464566926
20
-3.7768239763779525
11
5.1959079921259841
21
-3.7760093307086615
0
LINE
8
BLACK
6
CONTINUOUS
10
5.1959079921259841
20
-3.7760093307086615
11
5.1969724015748033
21
-3.7755684251968504
0
LINE
8
BLACK
6
CONTINUOUS
10
5.1969724015748033
20
-3.7755684251968504
11
5.1975484645669292
21
-3.7755116929133856
0
LINE
8
BLACK
6
CONTINUOUS
10
5.1975484645669292
20
-3.7755116929133856
11
5.2050475196850394
21
-3.7755116929133856
0
LINE
8
BLACK
6
CONTINUOUS
10
5.2050475196850394
20
-3.7755116929133856
11
5.2056235826771653
21
-3.7755684251968504
0
LINE
8
BLACK
6
CONTINUOUS
10
5.2056235826771653
20
-3.7755684251968504
11
5.2066879921259845
21
-3.7760093307086615
0
LINE
8
BLACK
6
CONTINUOUS
10
5.2066879921259845
20
-3.7760093307086615
11
5.2075026377952751
21
-3.7768239763779525
0
LINE
8
BLACK
6
CONTINUOUS
10
5.2075026377952751
20
-3.7768239763779525
11
5.2079435433070866
21
-3.7778883858267718
0
LINE
8
BLACK
6
CONTINUOUS
10
5.2079435433070866
20
-3.7778883858267718
11
5.2080002755905515
21
-3.7784644488188976
0
LINE
8
BLACK
6
CONTINUOUS
10
5.2080002755905515
20
-3.7784644488188976
11
5.2080002755905515
21
-3.7915877952755905
0
LINE
8
BLACK
6
CONTINUOUS
10
5.2080002755905515
20
-3.7915877952755905
11
5.2079435433070866
21
-3.7921638582677164
0
LINE
8
BLACK
6
CONTINUOUS
10
5.2079435433070866
20
-3.7921638582677164
11
5.2077893307086613
21
-3.7925361417322834
0
LINE
8
BLACK
6
CONTINUOUS
10
5.2077893307086613
20
-3.7925361417322834
11
5.2075026771653539
21
-3.7932282283464565
0
LINE
8
BLACK
6
CONTINUOUS
10
5.2075026771653539
20
-3.7932282283464565
11
5.2071354330708663
21
-3.7936757086614175
0
LINE
8
BLACK
6
CONTINUOUS
10
5.2071354330708663
20
-3.7936757086614175
11
5.2052607086614175
21
-3.795550472440945
0
LINE
8
BLACK
6
CONTINUOUS
10
5.2052607086614175
20
-3.795550472440945
11
5.204813228346457
21
-3.795917716535433
0
LINE
8
BLACK
6
CONTINUOUS
10
5.204813228346457
20
-3.795917716535433
11
5.2047151574803152
21
-3.7959583070866141
0
LINE
8
BLACK
6
CONTINUOUS
10
5.2047151574803152
20
-3.7959583070866141
11
5.2046350393700784
21
-3.7960278346456691
0
LINE
8
BLACK
6
CONTINUOUS
10
5.2046350393700784
20
-3.7960278346456691
11
5.2041064960629919
21
-3.7962638188976379
0
LINE
8
BLACK
6
CONTINUOUS
10
5.2041064960629919
20
-3.7962638188976379
11
5.1984822047244093
21
-3.7981385826771654
0
LINE
8
BLACK
6
CONTINUOUS
10
5.1984822047244093
20
-3.7981385826771654
11
5.1981966141732281
21
-3.7982035039370077
0
LINE
8
BLACK
6
CONTINUOUS
10
5.1981966141732281
20
-3.7982035039370077
11
5.1981245275590551
21
-3.7982333858267716
0
LINE
8
BLACK
6
CONTINUOUS
10
5.1981245275590551
20
-3.7982333858267716
11
5.1980199999999996
21
-3.7982436614173229
0
LINE
8
BLACK
6
CONTINUOUS
10
5.1980199999999996
20
-3.7982436614173229
11
5.1979177559055119
21
-3.7982669291338582
0
LINE
8
BLACK
6
CONTINUOUS
10
5.1979177559055119
20
-3.7982669291338582
11
5.1978400000000002
21
-3.7982613779527559
0
LINE
8
BLACK
6
CONTINUOUS
10
5.1978400000000002
20
-3.7982613779527559
11
5.1975484645669292
21
-3.798290118110236
0
LINE
8
BLACK
6
CONTINUOUS
10
5.1975484645669292
20
-3.798290118110236
11
5.1937989370078741
21
-3.798290118110236
0
LINE
8
BLACK
6
CONTINUOUS
10
5.1937989370078741
20
-3.798290118110236
11
5.1935073228346456
21
-3.7982613779527559
0
LINE
8
BLACK
6
CONTINUOUS
10
5.1935073228346456
20
-3.7982613779527559
11
5.1934296062992127
21
-3.7982669291338582
0
LINE
8
BLACK
6
CONTINUOUS
10
5.1934296062992127
20
-3.7982669291338582
11
5.1933273228346453
21
-3.7982436614173229
0
LINE
8
BLACK
6
CONTINUOUS
10
5.1933273228346453
20
-3.7982436614173229
11
5.1932228740157482
21
-3.7982333858267716
0
LINE
8
BLACK
6
CONTINUOUS
10
5.1932228740157482
20
-3.7982333858267716
11
5.1931507874015743
21
-3.7982035039370077
0
LINE
8
BLACK
6
CONTINUOUS
10
5.1931507874015743
20
-3.7982035039370077
11
5.1928651574803144
21
-3.7981385826771654
0
LINE
8
BLACK
6
CONTINUOUS
10
5.1928651574803144
20
-3.7981385826771654
11
5.1872409055118105
21
-3.7962638188976379
0
LINE
8
BLACK
6
CONTINUOUS
10
5.1872409055118105
20
-3.7962638188976379
11
5.1867123228346452
21
-3.7960278346456691
0
LINE
8
BLACK
6
CONTINUOUS
10
5.1867123228346452
20
-3.7960278346456691
11
5.1866322047244093
21
-3.7959583464566928
0
LINE
8
BLACK
6
CONTINUOUS
10
5.1866322047244093
20
-3.7959583464566928
11
5.1865341732283463
21
-3.7959177559055117
0
LINE
8
BLACK
6
CONTINUOUS
10
5.1865341732283463
20
-3.7959177559055117
11
5.1860867322834645
21
-3.7955505118110233
0
LINE
8
BLACK
6
CONTINUOUS
10
5.1860867322834645
20
-3.7955505118110233
11
5.1823372047244094
21
-3.7918009448818895
0
LINE
8
BLACK
6
CONTINUOUS
10
5.1823372047244094
20
-3.7918009448818895
11
5.1821514173228342
21
-3.7915745669291336
0
LINE
8
BLACK
6
CONTINUOUS
10
5.1821514173228342
20
-3.7915745669291336
11
5.1820924409448814
21
-3.7915234251968504
0
LINE
8
BLACK
6
CONTINUOUS
10
5.1820924409448814
20
-3.7915234251968504
11
5.1820364566929129
21
-3.7914344881889761
0
LINE
8
BLACK
6
CONTINUOUS
10
5.1820364566929129
20
-3.7914344881889761
11
5.181969960629921
21
-3.7913534645669289
0
LINE
8
BLACK
6
CONTINUOUS
10
5.181969960629921
20
-3.7913534645669289
11
5.1819401181102362
21
-3.7912814173228346
0
LINE
8
BLACK
6
CONTINUOUS
10
5.1819401181102362
20
-3.7912814173228346
11
5.1817840944881892
21
-3.7910335433070865
0
LINE
8
BLACK
6
CONTINUOUS
10
5.1817840944881892
20
-3.7910335433070865
11
5.1799093307086617
21
-3.7872840157480314
0
LINE
8
BLACK
6
CONTINUOUS
10
5.1799093307086617
20
-3.7872840157480314
11
5.1798931889763775
21
-3.7872418897637794
0
LINE
8
BLACK
6
CONTINUOUS
10
5.1798931889763775
20
-3.7872418897637794
11
5.1798805118110236
21
-3.7872247637795273
0
LINE
8
BLACK
6
CONTINUOUS
10
5.1798805118110236
20
-3.7872247637795273
11
5.1797940551181103
21
-3.7869827952755903
0
LINE
8
BLACK
6
CONTINUOUS
10
5.1797940551181103
20
-3.7869827952755903
11
5.1797024409448822
21
-3.7867433858267714
0
LINE
8
BLACK
6
CONTINUOUS
10
5.1797024409448822
20
-3.7867433858267714
11
5.1797009055118108
21
-3.7867221259842521
0
LINE
8
BLACK
6
CONTINUOUS
10
5.1797009055118108
20
-3.7867221259842521
11
5.1796857480314955
21
-3.7866796456692913
0
LINE
8
BLACK
6
CONTINUOUS
10
5.1796857480314955
20
-3.7866796456692913
11
5.177810984251968
21
-3.7791805905511811
0
LINE
8
BLACK
6
CONTINUOUS
10
5.177810984251968
20
-3.7791805905511811
11
5.1777961811023623
21
-3.7790807086614171
0
LINE
8
BLACK
6
CONTINUOUS
10
5.1777961811023623
20
-3.7790807086614171
11
5.177779566929134
21
-3.7790405118110235
0
LINE
8
BLACK
6
CONTINUOUS
10
5.177779566929134
20
-3.7790405118110235
11
5.1777581889763775
21
-3.778823464566929
0
LINE
8
BLACK
6
CONTINUOUS
10
5.1777581889763775
20
-3.778823464566929
11
5.1777263385826773
21
-3.7786079921259841
0
LINE
8
BLACK
6
CONTINUOUS
10
5.1777263385826773
20
-3.7786079921259841
11
5.1777327165354325
21
-3.7785649606299212
0
LINE
8
BLACK
6
CONTINUOUS
10
5.1777327165354325
20
-3.7785649606299212
11
5.1777228346456692
21
-3.7784644488188976
0
LINE
8
BLACK
6
CONTINUOUS
10
5.1777228346456692
20
-3.7784644488188976
11
5.1777228346456692
21
-3.772840157480315
0
LINE
8
BLACK
6
CONTINUOUS
10
5.1777228346456692
20
-3.772840157480315
11
5.1777327165354325
21
-3.7727396062992127
0
LINE
8
BLACK
6
CONTINUOUS
10
5.1777327165354325
20
-3.7727396062992127
11
5.1777263385826773
21
-3.7726966141732281
0
LINE
8
BLACK
6
CONTINUOUS
10
5.1777263385826773
20
-3.7726966141732281
11
5.1777581889763775
21
-3.7724811023622045
0
LINE
8
BLACK
6
CONTINUOUS
10
5.1777581889763775
20
-3.7724811023622045
11
5.177779566929134
21
-3.7722640944881891
0
LINE
8
BLACK
6
CONTINUOUS
10
5.177779566929134
20
-3.7722640944881891
11
5.1777961811023623
21
-3.7722238582677163
0
LINE
8
BLACK
6
CONTINUOUS
10
5.1777961811023623
20
-3.7722238582677163
11
5.177810984251968
21
-3.7721240157480316
0
LINE
8
BLACK
6
CONTINUOUS
10
5.177810984251968
20
-3.7721240157480316
11
5.1796857480314955
21
-3.7646249606299214
0
LINE
8
BLACK
6
CONTINUOUS
10
5.1796857480314955
20
-3.7646249606299214
11
5.1797009055118108
21
-3.7645824409448818
0
LINE
8
BLACK
6
CONTINUOUS
10
5.1797009055118108
20
-3.7645824409448818
11
5.1797024409448822
21
-3.7645612204724408
0
LINE
8
BLACK
6
CONTINUOUS
10
5.1797024409448822
20
-3.7645612204724408
11
5.1797940551181103
21
-3.7643217716535431
0
LINE
8
BLACK
6
CONTINUOUS
10
5.1797940551181103
20
-3.7643217716535431
11
5.1798805118110236
21
-3.7640798425196849
0
LINE
8
BLACK
6
CONTINUOUS
10
5.1798805118110236
20
-3.7640798425196849
11
5.1798931889763775
21
-3.764062677165354
0
LINE
8
BLACK
6
CONTINUOUS
10
5.1798931889763775
20
-3.764062677165354
11
5.1799093307086617
21
-3.7640205905511812
0
LINE
8
BLACK
6
CONTINUOUS
10
5.1799093307086617
20
-3.7640205905511812
11
5.1817840944881892
21
-3.7602710629921261
0
LINE
8
BLACK
6
CONTINUOUS
10
5.1817840944881892
20
-3.7602710629921261
11
5.181940157480315
21
-3.760023031496063
0
LINE
8
BLACK
6
CONTINUOUS
10
5.181940157480315
20
-3.760023031496063
11
5.1819699999999997
21
-3.7599511023622045
0
LINE
8
BLACK
6
CONTINUOUS
10
5.1819699999999997
20
-3.7599511023622045
11
5.1820364566929129
21
-3.7598701181102361
0
LINE
8
BLACK
6
CONTINUOUS
10
5.1820364566929129
20
-3.7598701181102361
11
5.1820924409448814
21
-3.7597811811023623
0
LINE
8
BLACK
6
CONTINUOUS
10
5.1820924409448814
20
-3.7597811811023623
11
5.1821514173228342
21
-3.7597299999999998
0
LINE
8
BLACK
6
CONTINUOUS
10
5.1821514173228342
20
-3.7597299999999998
11
5.1823372047244094
21
-3.7595036614173227
0
LINE
8
BLACK
6
CONTINUOUS
10
5.1823372047244094
20
-3.7595036614173227
11
5.1860867322834645
21
-3.7557541338582676
0
LINE
8
BLACK
6
CONTINUOUS
10
5.1860867322834645
20
-3.7557541338582676
11
5.1865341732283463
21
-3.7553868897637797
0
LINE
8
BLACK
6
CONTINUOUS
10
5.1865341732283463
20
-3.7553868897637797
11
5.1866322047244093
21
-3.7553462598425198
0
LINE
8
BLACK
6
CONTINUOUS
10
5.1866322047244093
20
-3.7553462598425198
11
5.1867123228346452
21
-3.7552768110236219
0
LINE
8
BLACK
6
CONTINUOUS
10
5.1867123228346452
20
-3.7552768110236219
11
5.1872409055118105
21
-3.7550408267716535
0
LINE
8
BLACK
6
CONTINUOUS
10
5.1872409055118105
20
-3.7550408267716535
11
5.1928651574803144
21
-3.753166062992126
0
LINE
8
BLACK
6
CONTINUOUS
10
5.1928651574803144
20
-3.753166062992126
11
5.1931507874015743
21
-3.7531011023622045
0
LINE
8
BLACK
6
CONTINUOUS
10
5.1931507874015743
20
-3.7531011023622045
11
5.1932228740157482
21
-3.7530712598425198
0
LINE
8
BLACK
6
CONTINUOUS
10
5.1932228740157482
20
-3.7530712598425198
11
5.1933273228346453
21
-3.7530609448818897
0
LINE
8
BLACK
6
CONTINUOUS
10
5.1933273228346453
20
-3.7530609448818897
11
5.1934296062992127
21
-3.7530377165354332
0
LINE
8
BLACK
6
CONTINUOUS
10
5.1934296062992127
20
-3.7530377165354332
11
5.1935073228346456
21
-3.7530432283464568
0
LINE
8
BLACK
6
CONTINUOUS
10
5.1935073228346456
20
-3.7530432283464568
11
5.1937989370078741
21
-3.753014527559055
0
LINE
8
BLACK
6
CONTINUOUS
10
5.1937989370078741
20
-3.753014527559055
11
5.1994232283464568
21
-3.753014527559055
0
LINE
8
BLACK
6
CONTINUOUS
10
5.1994232283464568
20
-3.753014527559055
11
5.1999992913385826
21
-3.7530712598425198
0
LINE
8
BLACK
6
CONTINUOUS
10
5.2728306299212599
20
-3.7530432283464568
11
5.2729083858267716
21
-3.7530377165354332
0
LINE
8
BLACK
6
CONTINUOUS
10
5.2729083858267716
20
-3.7530377165354332
11
5.2730106299212594
21
-3.7530609448818897
0
LINE
8
BLACK
6
CONTINUOUS
10
5.2730106299212594
20
-3.7530609448818897
11
5.2731151574803148
21
-3.7530712598425198
0
LINE
8
BLACK
6
CONTINUOUS
10
5.2731151574803148
20
-3.7530712598425198
11
5.2731872440944878
21
-3.7531011023622045
0
LINE
8
BLACK
6
CONTINUOUS
10
5.2731872440944878
20
-3.7531011023622045
11
5.273472834645669
21
-3.753166062992126
0
LINE
8
BLACK
6
CONTINUOUS
10
5.273472834645669
20
-3.753166062992126
11
5.2790971259842516
21
-3.7550408267716535
0
LINE
8
BLACK
6
CONTINUOUS
10
5.2790971259842516
20
-3.7550408267716535
11
5.2796256692913381
21
-3.7552768110236219
0
LINE
8
BLACK
6
CONTINUOUS
10
5.2796256692913381
20
-3.7552768110236219
11
5.2797057874015749
21
-3.7553462992125985
0
LINE
8
BLACK
6
CONTINUOUS
10
5.2797057874015749
20
-3.7553462992125985
11
5.2798038582677167
21
-3.755386929133858
0
LINE
8
BLACK
6
CONTINUOUS
10
5.2798038582677167
20
-3.755386929133858
11
5.2802512992125985
21
-3.7557541338582676
0
LINE
8
BLACK
6
CONTINUOUS
10
5.2802512992125985
20
-3.7557541338582676
11
5.2840008267716536
21
-3.7595036614173227
0
LINE
8
BLACK
6
CONTINUOUS
10
5.2840008267716536
20
-3.7595036614173227
11
5.2841866535433066
21
-3.7597300393700785
0
LINE
8
BLACK
6
CONTINUOUS
10
5.2841866535433066
20
-3.7597300393700785
11
5.2842455905511807
21
-3.7597811811023623
0
LINE
8
BLACK
6
CONTINUOUS
10
5.2842455905511807
20
-3.7597811811023623
11
5.284301456692913
21
-3.7598699212598423
0
LINE
8
BLACK
6
CONTINUOUS
10
5.284301456692913
20
-3.7598699212598423
11
5.284368070866142
21
-3.7599511023622045
0
LINE
8
BLACK
6
CONTINUOUS
10
5.284368070866142
20
-3.7599511023622045
11
5.2843979133858268
21
-3.7600232283464567
0
LINE
8
BLACK
6
CONTINUOUS
10
5.2843979133858268
20
-3.7600232283464567
11
5.2845539370078738
21
-3.7602710629921261
0
LINE
8
BLACK
6
CONTINUOUS
10
5.2845539370078738
20
-3.7602710629921261
11
5.2864287007874013
21
-3.7640205905511812
0
LINE
8
BLACK
6
CONTINUOUS
10
5.2864287007874013
20
-3.7640205905511812
11
5.2864448031496059
21
-3.764062677165354
0
LINE
8
BLACK
6
CONTINUOUS
10
5.2864448031496059
20
-3.764062677165354
11
5.2864575196850394
21
-3.7640798425196849
0
LINE
8
BLACK
6
CONTINUOUS
10
5.2864575196850394
20
-3.7640798425196849
11
5.2865438188976377
21
-3.7643214173228348
0
LINE
8
BLACK
6
CONTINUOUS
10
5.2865438188976377
20
-3.7643214173228348
11
5.2866355905511808
21
-3.764561181102362
0
LINE
8
BLACK
6
CONTINUOUS
10
5.2866355905511808
20
-3.764561181102362
11
5.2866370866141734
21
-3.7645824409448818
0
LINE
8
BLACK
6
CONTINUOUS
10
5.2866370866141734
20
-3.7645824409448818
11
5.2866522834645666
21
-3.7646249606299214
0
LINE
8
BLACK
6
CONTINUOUS
10
5.2866522834645666
20
-3.7646249606299214
11
5.2885270472440942
21
-3.7721240157480316
0
LINE
8
BLACK
6
CONTINUOUS
10
5.2885270472440942
20
-3.7721240157480316
11
5.288541811023622
21
-3.7722238582677163
0
LINE
8
BLACK
6
CONTINUOUS
10
5.288541811023622
20
-3.7722238582677163
11
5.288558464566929
21
-3.7722640944881891
0
LINE
8
BLACK
6
CONTINUOUS
10
5.288558464566929
20
-3.7722640944881891
11
5.2885798031496059
21
-3.7724811023622045
0
LINE
8
BLACK
6
CONTINUOUS
10
5.2885798031496059
20
-3.7724811023622045
11
5.2886116929133857
21
-3.7726966141732281
0
LINE
8
BLACK
6
CONTINUOUS
10
5.2886116929133857
20
-3.7726966141732281
11
5.2886052755905508
21
-3.7727396062992127
0
LINE
8
BLACK
6
CONTINUOUS
10
5.2886052755905508
20
-3.7727396062992127
11
5.2886151968503938
21
-3.772840157480315
0
LINE
8
BLACK
6
CONTINUOUS
10
5.2886151968503938
20
-3.772840157480315
11
5.2886151968503938
21
-3.7784644488188976
0
LINE
8
BLACK
6
CONTINUOUS
10
5.2886151968503938
20
-3.7784644488188976
11
5.2886052755905508
21
-3.7785649606299212
0
LINE
8
BLACK
6
CONTINUOUS
10
5.2886052755905508
20
-3.7785649606299212
11
5.2886116929133857
21
-3.7786079921259841
0
LINE
8
BLACK
6
CONTINUOUS
10
5.2886116929133857
20
-3.7786079921259841
11
5.2885798031496059
21
-3.778823464566929
0
LINE
8
BLACK
6
CONTINUOUS
10
5.2885798031496059
20
-3.778823464566929
11
5.288558464566929
21
-3.7790405118110235
0
LINE
8
BLACK
6
CONTINUOUS
10
5.288558464566929
20
-3.7790405118110235
11
5.288541811023622
21
-3.7790807086614171
0
LINE
8
BLACK
6
CONTINUOUS
10
5.288541811023622
20
-3.7790807086614171
11
5.2885270472440942
21
-3.7791805905511811
0
LINE
8
BLACK
6
CONTINUOUS
10
5.2885270472440942
20
-3.7791805905511811
11
5.2866522834645666
21
-3.7866796456692913
0
LINE
8
BLACK
6
CONTINUOUS
10
5.2866522834645666
20
-3.7866796456692913
11
5.2866370866141734
21
-3.7867221259842521
0
LINE
8
BLACK
6
CONTINUOUS
10
5.2866370866141734
20
-3.7867221259842521
11
5.2866355905511808
21
-3.7867434251968501
0
LINE
8
BLACK
6
CONTINUOUS
10
5.2866355905511808
20
-3.7867434251968501
11
5.2865438188976377
21
-3.7869831496062991
0
LINE
8
BLACK
6
CONTINUOUS
10
5.2865438188976377
20
-3.7869831496062991
11
5.2864575196850394
21
-3.7872247637795273
0
LINE
8
BLACK
6
CONTINUOUS
10
5.2864575196850394
20
-3.7872247637795273
11
5.2864448031496059
21
-3.7872418897637794
0
LINE
8
BLACK
6
CONTINUOUS
10
5.2864448031496059
20
-3.7872418897637794
11
5.2864287007874013
21
-3.7872840157480314
0
LINE
8
BLACK
6
CONTINUOUS
10
5.2864287007874013
20
-3.7872840157480314
11
5.2845539370078738
21
-3.7910335433070865
0
LINE
8
BLACK
6
CONTINUOUS
10
5.2845539370078738
20
-3.7910335433070865
11
5.284397874015748
21
-3.7912814173228346
0
LINE
8
BLACK
6
CONTINUOUS
10
5.284397874015748
20
-3.7912814173228346
11
5.284368070866142
21
-3.7913534645669289
0
LINE
8
BLACK
6
CONTINUOUS
10
5.284368070866142
20
-3.7913534645669289
11
5.2843015354330705
21
-3.7914344881889761
0
LINE
8
BLACK
6
CONTINUOUS
10
5.2843015354330705
20
-3.7914344881889761
11
5.2842455905511807
21
-3.7915234251968504
0
LINE
8
BLACK
6
CONTINUOUS
10
5.2842455905511807
20
-3.7915234251968504
11
5.2841865748031491
21
-3.7915745669291336
0
LINE
8
BLACK
6
CONTINUOUS
10
5.2841865748031491
20
-3.7915745669291336
11
5.2840008661417324
21
-3.7918009055118111
0
LINE
8
BLACK
6
CONTINUOUS
10
5.2840008661417324
20
-3.7918009055118111
11
5.2802512992125985
21
-3.7955505118110233
0
LINE
8
BLACK
6
CONTINUOUS
10
5.2802512992125985
20
-3.7955505118110233
11
5.2798038582677167
21
-3.795917716535433
0
LINE
8
BLACK
6
CONTINUOUS
10
5.2798038582677167
20
-3.795917716535433
11
5.2797057874015749
21
-3.7959583070866141
0
LINE
8
BLACK
6
CONTINUOUS
10
5.2797057874015749
20
-3.7959583070866141
11
5.2796256692913381
21
-3.7960278346456691
0
LINE
8
BLACK
6
CONTINUOUS
10
5.2796256692913381
20
-3.7960278346456691
11
5.2790971259842516
21
-3.7962638188976379
0
LINE
8
BLACK
6
CONTINUOUS
10
5.2790971259842516
20
-3.7962638188976379
11
5.273472834645669
21
-3.7981385826771654
0
LINE
8
BLACK
6
CONTINUOUS
10
5.273472834645669
20
-3.7981385826771654
11
5.2731872440944878
21
-3.7982035039370077
0
LINE
8
BLACK
6
CONTINUOUS
10
5.2731872440944878
20
-3.7982035039370077
11
5.2731151574803148
21
-3.7982333858267716
0
LINE
8
BLACK
6
CONTINUOUS
10
5.2731151574803148
20
-3.7982333858267716
11
5.2730106299212594
21
-3.7982436614173229
0
LINE
8
BLACK
6
CONTINUOUS
10
5.2730106299212594
20
-3.7982436614173229
11
5.2729083858267716
21
-3.7982669291338582
0
LINE
8
BLACK
6
CONTINUOUS
10
5.2729083858267716
20
-3.7982669291338582
11
5.2728306299212599
21
-3.7982613779527559
0
LINE
8
BLACK
6
CONTINUOUS
10
5.2728306299212599
20
-3.7982613779527559
11
5.2725390944881889
21
-3.798290118110236
0
LINE
8
BLACK
6
CONTINUOUS
10
5.2725390944881889
20
-3.798290118110236
11
5.2631652755905511
21
-3.798290118110236
0
LINE
8
BLACK
6
CONTINUOUS
10
5.2631652755905511
20
-3.798290118110236
11
5.2625892125984253
21
-3.7982333858267716
0
LINE
8
BLACK
6
CONTINUOUS
10
5.2625892125984253
20
-3.7982333858267716
11
5.261524803149606
21
-3.7977924803149605
0
LINE
8
BLACK
6
CONTINUOUS
10
5.261524803149606
20
-3.7977924803149605
11
5.2607101574803146
21
-3.7969778346456691
0
LINE
8
BLACK
6
CONTINUOUS
10
5.2607101574803146
20
-3.7969778346456691
11
5.2602692519685039
21
-3.7959134251968503
0
LINE
8
BLACK
6
CONTINUOUS
10
5.2602692519685039
20
-3.7959134251968503
11
5.2602125196850391
21
-3.7953373622047244
0
LINE
8
BLACK
6
CONTINUOUS
10
5.2602125196850391
20
-3.7953373622047244
11
5.2602125196850391
21
-3.755967283464567
0
LINE
8
BLACK
6
CONTINUOUS
10
5.2602125196850391
20
-3.755967283464567
11
5.2602692519685039
21
-3.7553912204724407
0
LINE
8
BLACK
6
CONTINUOUS
10
5.2602692519685039
20
-3.7553912204724407
11
5.2607101574803146
21
-3.7543268110236219
0
LINE
8
BLACK
6
CONTINUOUS
10
5.2607101574803146
20
-3.7543268110236219
11
5.261524803149606
21
-3.7535121653543304
0
LINE
8
BLACK
6
CONTINUOUS
10
5.261524803149606
20
-3.7535121653543304
11
5.2625892125984253
21
-3.7530712598425198
0
LINE
8
BLACK
6
CONTINUOUS
10
5.2625892125984253
20
-3.7530712598425198
11
5.2631652755905511
21
-3.753014527559055
0
LINE
8
BLACK
6
CONTINUOUS
10
5.2631652755905511
20
-3.753014527559055
11
5.2725390944881889
21
-3.753014527559055
0
LINE
8
BLACK
6
CONTINUOUS
10
5.2725390944881889
20
-3.753014527559055
11
5.2728306299212599
21
-3.7530432283464568
0
LINE
8
BLACK
6
CONTINUOUS
10
5.2661180314960632
20
-3.7923846062992124
11
5.272059960629921
21
-3.7923846062992124
0
LINE
8
BLACK
6
CONTINUOUS
10
5.272059960629921
20
-3.7923846062992124
11
5.2765683464566928
21
-3.790881771653543
0
LINE
8
BLACK
6
CONTINUOUS
10
5.2765683464566928
20
-3.790881771653543
11
5.2794861417322831
21
-3.7879639370078739
0
LINE
8
BLACK
6
CONTINUOUS
10
5.2794861417322831
20
-3.7879639370078739
11
5.2810016535433073
21
-3.7849329527559052
0
LINE
8
BLACK
6
CONTINUOUS
10
5.2810016535433073
20
-3.7849329527559052
11
5.2827096850393698
21
-3.7781009055118111
0
LINE
8
BLACK
6
CONTINUOUS
10
5.2827096850393698
20
-3.7781009055118111
11
5.2827096850393698
21
-3.7732037007874015
0
LINE
8
BLACK
6
CONTINUOUS
10
5.2827096850393698
20
-3.7732037007874015
11
5.2810016535433073
21
-3.7663716535433069
0
LINE
8
BLACK
6
CONTINUOUS
10
5.2810016535433073
20
-3.7663716535433069
11
5.2794861811023619
21
-3.7633406692913387
0
LINE
8
BLACK
6
CONTINUOUS
10
5.2794861811023619
20
-3.7633406692913387
11
5.2765683464566928
21
-3.7604228346456692
0
LINE
8
BLACK
6
CONTINUOUS
10
5.2765683464566928
20
-3.7604228346456692
11
5.272059960629921
21
-3.7589200393700786
0
LINE
8
BLACK
6
CONTINUOUS
10
5.272059960629921
20
-3.7589200393700786
11
5.2661180314960632
21
-3.7589200393700786
0
LINE
8
BLACK
6
CONTINUOUS
10
5.2661180314960632
20
-3.7589200393700786
11
5.2661180314960632
21
-3.7923846062992124
0
LINE
8
BLACK
6
CONTINUOUS
10
5.2223082677165351
20
-3.7530712598425198
11
5.222496496062992
21
-3.7530712598425198
0
LINE
8
BLACK
6
CONTINUOUS
10
5.222496496062992
20
-3.7530712598425198
11
5.2228592913385823
21
-3.7532215354330707
0
LINE
8
BLACK
6
CONTINUOUS
10
5.2228592913385823
20
-3.7532215354330707
11
5.2232381889763779
21
-3.7533248818897635
0
LINE
8
BLACK
6
CONTINUOUS
10
5.2232381889763779
20
-3.7533248818897635
11
5.2233870078740159
21
-3.7534401181102361
0
LINE
8
BLACK
6
CONTINUOUS
10
5.2233870078740159
20
-3.7534401181102361
11
5.2235609055118113
21
-3.7535121653543304
0
LINE
8
BLACK
6
CONTINUOUS
10
5.2235609055118113
20
-3.7535121653543304
11
5.2238384645669287
21
-3.7537897244094487
0
LINE
8
BLACK
6
CONTINUOUS
10
5.2238384645669287
20
-3.7537897244094487
11
5.2241490944881885
21
-3.754030275590551
0
LINE
8
BLACK
6
CONTINUOUS
10
5.2241490944881885
20
-3.754030275590551
11
5.2243204330708659
21
-3.7542716929133859
0
LINE
8
BLACK
6
CONTINUOUS
10
5.2243204330708659
20
-3.7542716929133859
11
5.2243755511811019
21
-3.7543268110236219
0
LINE
8
BLACK
6
CONTINUOUS
10
5.2243755511811019
20
-3.7543268110236219
11
5.224397952755905
21
-3.7543809055118111
0
LINE
8
BLACK
6
CONTINUOUS
10
5.224397952755905
20
-3.7543809055118111
11
5.2244841338582679
21
-3.7545023228346457
0
LINE
8
BLACK
6
CONTINUOUS
10
5.2244841338582679
20
-3.7545023228346457
11
5.2414648425196848
21
-3.7842185826771653
0
LINE
8
BLACK
6
CONTINUOUS
10
5.2414648425196848
20
-3.7842185826771653
11
5.2414648425196848
21
-3.755967283464567
0
LINE
8
BLACK
6
CONTINUOUS
10
5.2414648425196848
20
-3.755967283464567
11
5.2415215748031496
21
-3.7553912204724407
0
LINE
8
BLACK
6
CONTINUOUS
10
5.2415215748031496
20
-3.7553912204724407
11
5.2419624803149603
21
-3.7543268110236219
0
LINE
8
BLACK
6
CONTINUOUS
10
5.2419624803149603
20
-3.7543268110236219
11
5.2427771259842517
21
-3.7535121653543304
0
LINE
8
BLACK
6
CONTINUOUS
10
5.2427771259842517
20
-3.7535121653543304
11
5.243841535433071
21
-3.7530712598425198
0
LINE
8
BLACK
6
CONTINUOUS
10
5.243841535433071
20
-3.7530712598425198
11
5.2449936614173227
21
-3.7530712598425198
0
LINE
8
BLACK
6
CONTINUOUS
10
5.2449936614173227
20
-3.7530712598425198
11
5.246058070866142
21
-3.7535121653543304
0
LINE
8
BLACK
6
CONTINUOUS
10
5.246058070866142
20
-3.7535121653543304
11
5.2468727165354325
21
-3.7543268110236219
0
LINE
8
BLACK
6
CONTINUOUS
10
5.2468727165354325
20
-3.7543268110236219
11
5.2473136220472441
21
-3.7553912204724407
0
LINE
8
BLACK
6
CONTINUOUS
10
5.2473136220472441
20
-3.7553912204724407
11
5.2473703543307089
21
-3.755967283464567
0
LINE
8
BLACK
6
CONTINUOUS
10
5.2473703543307089
20
-3.755967283464567
11
5.2473703543307089
21
-3.7953373622047244
0
LINE
8
BLACK
6
CONTINUOUS
10
5.2473703543307089
20
-3.7953373622047244
11
5.2473557480314961
21
-3.7954855118110236
0
LINE
8
BLACK
6
CONTINUOUS
10
5.2473557480314961
20
-3.7954855118110236
11
5.2473631496062989
21
-3.7955436220472438
0
LINE
8
BLACK
6
CONTINUOUS
10
5.2473631496062989
20
-3.7955436220472438
11
5.2473425984251971
21
-3.7956188188976379
0
LINE
8
BLACK
6
CONTINUOUS
10
5.2473425984251971
20
-3.7956188188976379
11
5.2473136220472441
21
-3.7959134251968503
0
LINE
8
BLACK
6
CONTINUOUS
10
5.2473136220472441
20
-3.7959134251968503
11
5.2471633070866144
21
-3.796276220472441
0
LINE
8
BLACK
6
CONTINUOUS
10
5.2471633070866144
20
-3.796276220472441
11
5.2470600000000003
21
-3.7966551181102361
0
LINE
8
BLACK
6
CONTINUOUS
10
5.2470600000000003
20
-3.7966551181102361
11
5.2469447244094489
21
-3.7968039370078741
0
LINE
8
BLACK
6
CONTINUOUS
10
5.2469447244094489
20
-3.7968039370078741
11
5.2468727165354325
21
-3.7969778346456691
0
LINE
8
BLACK
6
CONTINUOUS
10
5.2468727165354325
20
-3.7969778346456691
11
5.2465951181102364
21
-3.7972553937007874
0
LINE
8
BLACK
6
CONTINUOUS
10
5.2465951181102364
20
-3.7972553937007874
11
5.2463546062992128
21
-3.7975660236220472
0
LINE
8
BLACK
6
CONTINUOUS
10
5.2463546062992128
20
-3.7975660236220472
11
5.2461910629921258
21
-3.7976594488188975
0
LINE
8
BLACK
6
CONTINUOUS
10
5.2461910629921258
20
-3.7976594488188975
11
5.246058070866142
21
-3.7977924803149605
0
LINE
8
BLACK
6
CONTINUOUS
10
5.246058070866142
20
-3.7977924803149605
11
5.2456953543307083
21
-3.7979427165354331
0
LINE
8
BLACK
6
CONTINUOUS
10
5.2456953543307083
20
-3.7979427165354331
11
5.2453542519685037
21
-3.7981376377952754
0
LINE
8
BLACK
6
CONTINUOUS
10
5.2453542519685037
20
-3.7981376377952754
11
5.2451674803149606
21
-3.7981613385826769
0
LINE
8
BLACK
6
CONTINUOUS
10
5.2451674803149606
20
-3.7981613385826769
11
5.2449936614173227
21
-3.7982333858267716
0
LINE
8
BLACK
6
CONTINUOUS
10
5.2449936614173227
20
-3.7982333858267716
11
5.2446009842519681
21
-3.7982333858267716
0
LINE
8
BLACK
6
CONTINUOUS
10
5.2446009842519681
20
-3.7982333858267716
11
5.2442113385826774
21
-3.7982829133858265
0
LINE
8
BLACK
6
CONTINUOUS
10
5.2442113385826774
20
-3.7982829133858265
11
5.244029763779527
21
-3.7982333858267716
0
LINE
8
BLACK
6
CONTINUOUS
10
5.244029763779527
20
-3.7982333858267716
11
5.243841535433071
21
-3.7982333858267716
0
LINE
8
BLACK
6
CONTINUOUS
10
5.243841535433071
20
-3.7982333858267716
11
5.2434786614173223
21
-3.7980830708661415
0
LINE
8
BLACK
6
CONTINUOUS
10
5.2434786614173223
20
-3.7980830708661415
11
5.2430998818897638
21
-3.7979797637795274
0
LINE
8
BLACK
6
CONTINUOUS
10
5.2430998818897638
20
-3.7979797637795274
11
5.2429510629921259
21
-3.7978645275590552
0
LINE
8
BLACK
6
CONTINUOUS
10
5.2429510629921259
20
-3.7978645275590552
11
5.2427771259842517
21
-3.7977924803149605
0
LINE
8
BLACK
6
CONTINUOUS
10
5.2427771259842517
20
-3.7977924803149605
11
5.2424994881889759
21
-3.7975148425196847
0
LINE
8
BLACK
6
CONTINUOUS
10
5.2424994881889759
20
-3.7975148425196847
11
5.2421889370078736
21
-3.7972743700787399
0
LINE
8
BLACK
6
CONTINUOUS
10
5.2421889370078736
20
-3.7972743700787399
11
5.2420174803149608
21
-3.7970328346456692
0
LINE
8
BLACK
6
CONTINUOUS
10
5.2420174803149608
20
-3.7970328346456692
11
5.2419624803149603
21
-3.7969778346456691
0
LINE
8
BLACK
6
CONTINUOUS
10
5.2419624803149603
20
-3.7969778346456691
11
5.2419400787401571
21
-3.796923779527559
0
LINE
8
BLACK
6
CONTINUOUS
10
5.2419400787401571
20
-3.796923779527559
11
5.2418538976377951
21
-3.7968023622047244
0
LINE
8
BLACK
6
CONTINUOUS
10
5.2418538976377951
20
-3.7968023622047244
11
5.2248731889763782
21
-3.7670860236220474
0
LINE
8
BLACK
6
CONTINUOUS
10
5.2248731889763782
20
-3.7670860236220474
11
5.2248731889763782
21
-3.7953373622047244
0
LINE
8
BLACK
6
CONTINUOUS
10
5.2248731889763782
20
-3.7953373622047244
11
5.2248164566929134
21
-3.7959134251968503
0
LINE
8
BLACK
6
CONTINUOUS
10
5.2248164566929134
20
-3.7959134251968503
11
5.2243755511811019
21
-3.7969778346456691
0
LINE
8
BLACK
6
CONTINUOUS
10
5.2243755511811019
20
-3.7969778346456691
11
5.2235609055118113
21
-3.7977924803149605
0
LINE
8
BLACK
6
CONTINUOUS
10
5.2235609055118113
20
-3.7977924803149605
11
5.222496496062992
21
-3.7982333858267716
0
LINE
8
BLACK
6
CONTINUOUS
10
5.222496496062992
20
-3.7982333858267716
11
5.2213443700787403
21
-3.7982333858267716
0
LINE
8
BLACK
6
CONTINUOUS
10
5.2213443700787403
20
-3.7982333858267716
11
5.2202799606299211
21
-3.7977924803149605
0
LINE
8
BLACK
6
CONTINUOUS
10
5.2202799606299211
20
-3.7977924803149605
11
5.2194653149606296
21
-3.7969778346456691
0
LINE
8
BLACK
6
CONTINUOUS
10
5.2194653149606296
20
-3.7969778346456691
11
5.219024409448819
21
-3.7959134251968503
0
LINE
8
BLACK
6
CONTINUOUS
10
5.219024409448819
20
-3.7959134251968503
11
5.2189676771653541
21
-3.7953373622047244
0
LINE
8
BLACK
6
CONTINUOUS
10
5.2189676771653541
20
-3.7953373622047244
11
5.2189676771653541
21
-3.755967283464567
0
LINE
8
BLACK
6
CONTINUOUS
10
5.2189676771653541
20
-3.755967283464567
11
5.2189822440944882
21
-3.7558190944881891
0
LINE
8
BLACK
6
CONTINUOUS
10
5.2189822440944882
20
-3.7558190944881891
11
5.2189748818897632
21
-3.7557610236220471
0
LINE
8
BLACK
6
CONTINUOUS
10
5.2189748818897632
20
-3.7557610236220471
11
5.2189953937007871
21
-3.7556857874015748
0
LINE
8
BLACK
6
CONTINUOUS
10
5.2189953937007871
20
-3.7556857874015748
11
5.219024409448819
21
-3.7553912204724407
0
LINE
8
BLACK
6
CONTINUOUS
10
5.219024409448819
20
-3.7553912204724407
11
5.2191746850393699
21
-3.7550283858267717
0
LINE
8
BLACK
6
CONTINUOUS
10
5.2191746850393699
20
-3.7550283858267717
11
5.2192780314960627
21
-3.7546495275590552
0
LINE
8
BLACK
6
CONTINUOUS
10
5.2192780314960627
20
-3.7546495275590552
11
5.2193932677165353
21
-3.7545006692913385
0
LINE
8
BLACK
6
CONTINUOUS
10
5.2193932677165353
20
-3.7545006692913385
11
5.2194653149606296
21
-3.7543268110236219
0
LINE
8
BLACK
6
CONTINUOUS
10
5.2194653149606296
20
-3.7543268110236219
11
5.2197428740157479
21
-3.7540492125984253
0
LINE
8
BLACK
6
CONTINUOUS
10
5.2197428740157479
20
-3.7540492125984253
11
5.2199834251968502
21
-3.7537386220472442
0
LINE
8
BLACK
6
CONTINUOUS
10
5.2199834251968502
20
-3.7537386220472442
11
5.2201469291338585
21
-3.7536451574803147
0
LINE
8
BLACK
6
CONTINUOUS
10
5.2201469291338585
20
-3.7536451574803147
11
5.2202799606299211
21
-3.7535121653543304
0
LINE
8
BLACK
6
CONTINUOUS
10
5.2202799606299211
20
-3.7535121653543304
11
5.220642637795275
21
-3.7533618897637795
0
LINE
8
BLACK
6
CONTINUOUS
10
5.220642637795275
20
-3.7533618897637795
11
5.2209837795275593
21
-3.7531670078740156
0
LINE
8
BLACK
6
CONTINUOUS
10
5.2209837795275593
20
-3.7531670078740156
11
5.2211705118110237
21
-3.7531432677165353
0
LINE
8
BLACK
6
CONTINUOUS
10
5.2211705118110237
20
-3.7531432677165353
11
5.2213443700787403
21
-3.7530712598425198
0
LINE
8
BLACK
6
CONTINUOUS
10
5.2213443700787403
20
-3.7530712598425198
11
5.221737047244094
21
-3.7530712598425198
0
LINE
8
BLACK
6
CONTINUOUS
10
5.221737047244094
20
-3.7530712598425198
11
5.2221266929133856
21
-3.7530217322834645
0
LINE
8
BLACK
6
CONTINUOUS
10
5.2221266929133856
20
-3.7530217322834645
11
5.2223082677165351
21
-3.7530712598425198
0
LINE
8
BLACK
6
CONTINUOUS
10
6.1158137007874016
20
-3.6701433070866143
11
6.1166283464566931
21
-3.6709579527559053
0
LINE
8
BLACK
6
CONTINUOUS
10
6.1166283464566931
20
-3.6709579527559053
11
6.1170692519685037
21
-3.6720223622047241
0
LINE
8
BLACK
6
CONTINUOUS
10
6.1170692519685037
20
-3.6720223622047241
11
6.1171259842519685
21
-3.6725984251968504
0
LINE
8
BLACK
6
CONTINUOUS
10
6.1171259842519685
20
-3.6725984251968504
11
6.1171259842519685
21
-3.7525984251968505
0
LINE
8
BLACK
6
CONTINUOUS
10
6.1171259842519685
20
-3.7525984251968505
11
6.1170692519685037
21
-3.7531744881889764
0
LINE
8
BLACK
6
CONTINUOUS
10
6.1170692519685037
20
-3.7531744881889764
11
6.1166283464566931
21
-3.7542388976377952
0
LINE
8
BLACK
6
CONTINUOUS
10
6.1166283464566931
20
-3.7542388976377952
11
6.1158137007874016
21
-3.7550535433070866
0
LINE
8
BLACK
6
CONTINUOUS
10
6.1158137007874016
20
-3.7550535433070866
11
6.1147492913385824
21
-3.7554944488188977
0
LINE
8
BLACK
6
CONTINUOUS
10
6.1147492913385824
20
-3.7554944488188977
11
6.1135971653543306
21
-3.7554944488188977
0
LINE
8
BLACK
6
CONTINUOUS
10
6.1135971653543306
20
-3.7554944488188977
11
6.1125327559055114
21
-3.7550535433070866
0
LINE
8
BLACK
6
CONTINUOUS
10
6.1125327559055114
20
-3.7550535433070866
11
6.1117181102362199
21
-3.7542388976377952
0
LINE
8
BLACK
6
CONTINUOUS
10
6.1117181102362199
20
-3.7542388976377952
11
6.1112772047244093
21
-3.7531744881889764
0
LINE
8
BLACK
6
CONTINUOUS
10
6.1112772047244093
20
-3.7531744881889764
11
6.1112204724409445
21
-3.7525984251968505
0
LINE
8
BLACK
6
CONTINUOUS
10
6.1112204724409445
20
-3.7525984251968505
11
6.1112204724409445
21
-3.6725984251968504
0
LINE
8
BLACK
6
CONTINUOUS
10
6.1112204724409445
20
-3.6725984251968504
11
6.1112772047244093
21
-3.6720223622047241
0
LINE
8
BLACK
6
CONTINUOUS
10
6.1112772047244093
20
-3.6720223622047241
11
6.1117181102362199
21
-3.6709579527559053
0
LINE
8
BLACK
6
CONTINUOUS
10
6.1117181102362199
20
-3.6709579527559053
11
6.1125327559055114
21
-3.6701433070866143
0
LINE
8
BLACK
6
CONTINUOUS
10
6.1125327559055114
20
-3.6701433070866143
11
6.1135971653543306
21
-3.6697024015748032
0
LINE
8
BLACK
6
CONTINUOUS
10
6.1135971653543306
20
-3.6697024015748032
11
6.1147492913385824
21
-3.6697024015748032
0
LINE
8
BLACK
6
CONTINUOUS
10
6.1147492913385824
20
-3.6697024015748032
11
6.1158137007874016
21
-3.6701433070866143
0
LINE
8
BLACK
6
CONTINUOUS
10
6.3914042519685035
20
-3.6701433070866143
11
6.3922188976377949
21
-3.6709579527559053
0
LINE
8
BLACK
6
CONTINUOUS
10
6.3922188976377949
20
-3.6709579527559053
11
6.3926598031496065
21
-3.6720223622047241
0
LINE
8
BLACK
6
CONTINUOUS
10
6.3926598031496065
20
-3.6720223622047241
11
6.3927165354330704
21
-3.6725984251968504
0
LINE
8
BLACK
6
CONTINUOUS
10
6.3927165354330704
20
-3.6725984251968504
11
6.3927165354330704
21
-3.7525984251968505
0
LINE
8
BLACK
6
CONTINUOUS
10
6.3927165354330704
20
-3.7525984251968505
11
6.3926598031496065
21
-3.7531744881889764
0
LINE
8
BLACK
6
CONTINUOUS
10
6.3926598031496065
20
-3.7531744881889764
11
6.3922188976377949
21
-3.7542388976377952
0
LINE
8
BLACK
6
CONTINUOUS
10
6.3922188976377949
20
-3.7542388976377952
11
6.3914042519685035
21
-3.7550535433070866
0
LINE
8
BLACK
6
CONTINUOUS
10
6.3914042519685035
20
-3.7550535433070866
11
6.3903398425196851
21
-3.7554944488188977
0
LINE
8
BLACK
6
CONTINUOUS
10
6.3903398425196851
20
-3.7554944488188977
11
6.3891877165354325
21
-3.7554944488188977
0
LINE
8
BLACK
6
CONTINUOUS
10
6.3891877165354325
20
-3.7554944488188977
11
6.3881233070866141
21
-3.7550535433070866
0
LINE
8
BLACK
6
CONTINUOUS
10
6.3881233070866141
20
-3.7550535433070866
11
6.3873086614173227
21
-3.7542388976377952
0
LINE
8
BLACK
6
CONTINUOUS
10
6.3873086614173227
20
-3.7542388976377952
11
6.386867755905512
21
-3.7531744881889764
0
LINE
8
BLACK
6
CONTINUOUS
10
6.386867755905512
20
-3.7531744881889764
11
6.3868110236220472
21
-3.7525984251968505
0
LINE
8
BLACK
6
CONTINUOUS
10
6.3868110236220472
20
-3.7525984251968505
11
6.3868110236220472
21
-3.6725984251968504
0
LINE
8
BLACK
6
CONTINUOUS
10
6.3868110236220472
20
-3.6725984251968504
11
6.386867755905512
21
-3.6720223622047241
0
LINE
8
BLACK
6
CONTINUOUS
10
6.386867755905512
20
-3.6720223622047241
11
6.3873086614173227
21
-3.6709579527559053
0
LINE
8
BLACK
6
CONTINUOUS
10
6.3873086614173227
20
-3.6709579527559053
11
6.3881233070866141
21
-3.6701433070866143
0
LINE
8
BLACK
6
CONTINUOUS
10
6.3881233070866141
20
-3.6701433070866143
11
6.3891877165354325
21
-3.6697024015748032
0
LINE
8
BLACK
6
CONTINUOUS
10
6.3891877165354325
20
-3.6697024015748032
11
6.3903398425196851
21
-3.6697024015748032
0
LINE
8
BLACK
6
CONTINUOUS
10
6.3903398425196851
20
-3.6697024015748032
11
6.3914042519685035
21
-3.6701433070866143
0
LINE
8
BLACK
6
CONTINUOUS
10
5.2591814566929136
20
-3.6535121653543308
11
5.2599961023622042
21
-3.6543268110236218
0
LINE
8
BLACK
6
CONTINUOUS
10
5.2599961023622042
20
-3.6543268110236218
11
5.2604370078740157
21
-3.655391220472441
0
LINE
8
BLACK
6
CONTINUOUS
10
5.2604370078740157
20
-3.655391220472441
11
5.2604937401574805
21
-3.6559672834645669
0
LINE
8
BLACK
6
CONTINUOUS
10
5.2604937401574805
20
-3.6559672834645669
11
5.2604937401574805
21
-3.6923846062992127
0
LINE
8
BLACK
6
CONTINUOUS
10
5.2604937401574805
20
-3.6923846062992127
11
5.276288622047244
21
-3.6923846062992127
0
LINE
8
BLACK
6
CONTINUOUS
10
5.276288622047244
20
-3.6923846062992127
11
5.2768646850393699
21
-3.6924413385826771
0
LINE
8
BLACK
6
CONTINUOUS
10
5.2768646850393699
20
-3.6924413385826771
11
5.2779290944881891
21
-3.6928822440944882
0
LINE
8
BLACK
6
CONTINUOUS
10
5.2779290944881891
20
-3.6928822440944882
11
5.2787437401574806
21
-3.6936968897637796
0
LINE
8
BLACK
6
CONTINUOUS
10
5.2787437401574806
20
-3.6936968897637796
11
5.2791846456692912
21
-3.6947612992125984
0
LINE
8
BLACK
6
CONTINUOUS
10
5.2791846456692912
20
-3.6947612992125984
11
5.2791846456692912
21
-3.6959134251968502
0
LINE
8
BLACK
6
CONTINUOUS
10
5.2791846456692912
20
-3.6959134251968502
11
5.2789884251968502
21
-3.6963870472440945
0
LINE
8
BLACK
6
CONTINUOUS
10
5.2789884251968502
20
-3.6963870472440945
11
5.279462125984252
21
-3.6961908661417322
0
LINE
8
BLACK
6
CONTINUOUS
10
5.279462125984252
20
-3.6961908661417322
11
5.2800381889763779
21
-3.6961341338582678
0
LINE
8
BLACK
6
CONTINUOUS
10
5.2800381889763779
20
-3.6961341338582678
11
5.3100344094488188
21
-3.6961341338582678
0
LINE
8
BLACK
6
CONTINUOUS
10
5.3100344094488188
20
-3.6961341338582678
11
5.3106104724409446
21
-3.6961908661417322
0
LINE
8
BLACK
6
CONTINUOUS
10
5.3106104724409446
20
-3.6961908661417322
11
5.3116748818897639
21
-3.6966317716535433
0
LINE
8
BLACK
6
CONTINUOUS
10
5.3116748818897639
20
-3.6966317716535433
11
5.3124895275590553
21
-3.6974464173228347
0
LINE
8
BLACK
6
CONTINUOUS
10
5.3124895275590553
20
-3.6974464173228347
11
5.312930433070866
21
-3.6985108267716535
0
LINE
8
BLACK
6
CONTINUOUS
10
5.312930433070866
20
-3.6985108267716535
11
5.312930433070866
21
-3.6996629527559053
0
LINE
8
BLACK
6
CONTINUOUS
10
5.312930433070866
20
-3.6996629527559053
11
5.3124895275590553
21
-3.7007273622047245
0
LINE
8
BLACK
6
CONTINUOUS
10
5.3124895275590553
20
-3.7007273622047245
11
5.3116748818897639
21
-3.7015420078740155
0
LINE
8
BLACK
6
CONTINUOUS
10
5.3116748818897639
20
-3.7015420078740155
11
5.3106104724409446
21
-3.7019829133858266
0
LINE
8
BLACK
6
CONTINUOUS
10
5.3106104724409446
20
-3.7019829133858266
11
5.3100344094488188
21
-3.7020396456692914
0
LINE
8
BLACK
6
CONTINUOUS
10
5.3100344094488188
20
-3.7020396456692914
11
5.2800381889763779
21
-3.7020396456692914
0
LINE
8
BLACK
6
CONTINUOUS
10
5.2800381889763779
20
-3.7020396456692914
11
5.279462125984252
21
-3.7019829133858266
0
LINE
8
BLACK
6
CONTINUOUS
10
5.279462125984252
20
-3.7019829133858266
11
5.2783977165354328
21
-3.7015420078740155
0
LINE
8
BLACK
6
CONTINUOUS
10
5.2783977165354328
20
-3.7015420078740155
11
5.2775830708661413
21
-3.7007273622047245
0
LINE
8
BLACK
6
CONTINUOUS
10
5.2775830708661413
20
-3.7007273622047245
11
5.2771421653543307
21
-3.6996629527559053
0
LINE
8
BLACK
6
CONTINUOUS
10
5.2771421653543307
20
-3.6996629527559053
11
5.2771421653543307
21
-3.6985108267716535
0
LINE
8
BLACK
6
CONTINUOUS
10
5.2771421653543307
20
-3.6985108267716535
11
5.277338346456693
21
-3.6980371653543305
0
LINE
8
BLACK
6
CONTINUOUS
10
5.277338346456693
20
-3.6980371653543305
11
5.2768646850393699
21
-3.6982333858267715
0
LINE
8
BLACK
6
CONTINUOUS
10
5.2768646850393699
20
-3.6982333858267715
11
5.276288622047244
21
-3.6982901181102363
0
LINE
8
BLACK
6
CONTINUOUS
10
5.276288622047244
20
-3.6982901181102363
11
5.2575409842519685
21
-3.6982901181102363
0
LINE
8
BLACK
6
CONTINUOUS
10
5.2575409842519685
20
-3.6982901181102363
11
5.2569649212598426
21
-3.6982333858267715
0
LINE
8
BLACK
6
CONTINUOUS
10
5.2569649212598426
20
-3.6982333858267715
11
5.2559005118110234
21
-3.6977924803149604
0
LINE
8
BLACK
6
CONTINUOUS
10
5.2559005118110234
20
-3.6977924803149604
11
5.2550858661417319
21
-3.6969778346456694
0
LINE
8
BLACK
6
CONTINUOUS
10
5.2550858661417319
20
-3.6969778346456694
11
5.2546449606299213
21
-3.6959134251968502
0
LINE
8
BLACK
6
CONTINUOUS
10
5.2546449606299213
20
-3.6959134251968502
11
5.2545882283464564
21
-3.6953373622047243
0
LINE
8
BLACK
6
CONTINUOUS
10
5.2545882283464564
20
-3.6953373622047243
11
5.2545882283464564
21
-3.6559672834645669
0
LINE
8
BLACK
6
CONTINUOUS
10
5.2545882283464564
20
-3.6559672834645669
11
5.2546449606299213
21
-3.655391220472441
0
LINE
8
BLACK
6
CONTINUOUS
10
5.2546449606299213
20
-3.655391220472441
11
5.2550858661417319
21
-3.6543268110236218
0
LINE
8
BLACK
6
CONTINUOUS
10
5.2550858661417319
20
-3.6543268110236218
11
5.2559005118110234
21
-3.6535121653543308
0
LINE
8
BLACK
6
CONTINUOUS
10
5.2559005118110234
20
-3.6535121653543308
11
5.2569649212598426
21
-3.6530712598425197
0
LINE
8
BLACK
6
CONTINUOUS
10
5.2569649212598426
20
-3.6530712598425197
11
5.2581170472440943
21
-3.6530712598425197
0
LINE
8
BLACK
6
CONTINUOUS
10
5.2581170472440943
20
-3.6530712598425197
11
5.2591814566929136
21
-3.6535121653543308
0
LINE
8
BLACK
6
CONTINUOUS
10
5.4137225984251964
20
-3.6961908661417322
11
5.4147870078740157
21
-3.6966317716535433
0
LINE
8
BLACK
6
CONTINUOUS
10
5.4147870078740157
20
-3.6966317716535433
11
5.4156016535433071
21
-3.6974464173228347
0
LINE
8
BLACK
6
CONTINUOUS
10
5.4156016535433071
20
-3.6974464173228347
11
5.4160425590551178
21
-3.6985108267716535
0
LINE
8
BLACK
6
CONTINUOUS
10
5.4160425590551178
20
-3.6985108267716535
11
5.4160425590551178
21
-3.6996629527559053
0
LINE
8
BLACK
6
CONTINUOUS
10
5.4160425590551178
20
-3.6996629527559053
11
5.4156016535433071
21
-3.7007273622047245
0
LINE
8
BLACK
6
CONTINUOUS
10
5.4156016535433071
20
-3.7007273622047245
11
5.4147870078740157
21
-3.7015420078740155
0
LINE
8
BLACK
6
CONTINUOUS
10
5.4147870078740157
20
-3.7015420078740155
11
5.4137225984251964
21
-3.7019829133858266
0
LINE
8
BLACK
6
CONTINUOUS
10
5.4137225984251964
20
-3.7019829133858266
11
5.4131465354330706
21
-3.7020396456692914
0
LINE
8
BLACK
6
CONTINUOUS
10
5.4131465354330706
20
-3.7020396456692914
11
5.3831503149606297
21
-3.7020396456692914
0
LINE
8
BLACK
6
CONTINUOUS
10
5.3831503149606297
20
-3.7020396456692914
11
5.3825742519685038
21
-3.7019829133858266
0
LINE
8
BLACK
6
CONTINUOUS
10
5.3825742519685038
20
-3.7019829133858266
11
5.3815098425196846
21
-3.7015420078740155
0
LINE
8
BLACK
6
CONTINUOUS
10
5.3815098425196846
20
-3.7015420078740155
11
5.380695196850394
21
-3.7007273622047245
0
LINE
8
BLACK
6
CONTINUOUS
10
5.380695196850394
20
-3.7007273622047245
11
5.3802542913385825
21
-3.6996629527559053
0
LINE
8
BLACK
6
CONTINUOUS
10
5.3802542913385825
20
-3.6996629527559053
11
5.3802542913385825
21
-3.6985108267716535
0
LINE
8
BLACK
6
CONTINUOUS
10
5.3802542913385825
20
-3.6985108267716535
11
5.380695196850394
21
-3.6974464173228347
0
LINE
8
BLACK
6
CONTINUOUS
10
5.380695196850394
20
-3.6974464173228347
11
5.3815098425196846
21
-3.6966317716535433
0
LINE
8
BLACK
6
CONTINUOUS
10
5.3815098425196846
20
-3.6966317716535433
11
5.3825742519685038
21
-3.6961908661417322
0
LINE
8
BLACK
6
CONTINUOUS
10
5.3825742519685038
20
-3.6961908661417322
11
5.3831503149606297
21
-3.6961341338582678
0
LINE
8
BLACK
6
CONTINUOUS
10
5.3831503149606297
20
-3.6961341338582678
11
5.4131465354330706
21
-3.6961341338582678
0
LINE
8
BLACK
6
CONTINUOUS
10
5.4131465354330706
20
-3.6961341338582678
11
5.4137225984251964
21
-3.6961908661417322
0
LINE
8
BLACK
6
CONTINUOUS
10
5.3210487401574804
20
-3.6535121653543308
11
5.3218633858267719
21
-3.6543268110236218
0
LINE
8
BLACK
6
CONTINUOUS
10
5.3218633858267719
20
-3.6543268110236218
11
5.3223042913385825
21
-3.655391220472441
0
LINE
8
BLACK
6
CONTINUOUS
10
5.3223042913385825
20
-3.655391220472441
11
5.3223610236220473
21
-3.6559672834645669
0
LINE
8
BLACK
6
CONTINUOUS
10
5.3223610236220473
20
-3.6559672834645669
11
5.3223610236220473
21
-3.6923846062992127
0
LINE
8
BLACK
6
CONTINUOUS
10
5.3223610236220473
20
-3.6923846062992127
11
5.3381559055118109
21
-3.6923846062992127
0
LINE
8
BLACK
6
CONTINUOUS
10
5.3381559055118109
20
-3.6923846062992127
11
5.3387319685039367
21
-3.6924413385826771
0
LINE
8
BLACK
6
CONTINUOUS
10
5.3387319685039367
20
-3.6924413385826771
11
5.339796377952756
21
-3.6928822440944882
0
LINE
8
BLACK
6
CONTINUOUS
10
5.339796377952756
20
-3.6928822440944882
11
5.3406110236220474
21
-3.6936968897637796
0
LINE
8
BLACK
6
CONTINUOUS
10
5.3406110236220474
20
-3.6936968897637796
11
5.3410519291338581
21
-3.6947612992125984
0
LINE
8
BLACK
6
CONTINUOUS
10
5.3410519291338581
20
-3.6947612992125984
11
5.3410519291338581
21
-3.6959134251968502
0
LINE
8
BLACK
6
CONTINUOUS
10
5.3410519291338581
20
-3.6959134251968502
11
5.3406110236220474
21
-3.6969778346456694
0
LINE
8
BLACK
6
CONTINUOUS
10
5.3406110236220474
20
-3.6969778346456694
11
5.339796377952756
21
-3.6977924803149604
0
LINE
8
BLACK
6
CONTINUOUS
10
5.339796377952756
20
-3.6977924803149604
11
5.3387319685039367
21
-3.6982333858267715
0
LINE
8
BLACK
6
CONTINUOUS
10
5.3387319685039367
20
-3.6982333858267715
11
5.3381559055118109
21
-3.6982901181102363
0
LINE
8
BLACK
6
CONTINUOUS
10
5.3381559055118109
20
-3.6982901181102363
11
5.3194082677165353
21
-3.6982901181102363
0
LINE
8
BLACK
6
CONTINUOUS
10
5.3194082677165353
20
-3.6982901181102363
11
5.3188322047244094
21
-3.6982333858267715
0
LINE
8
BLACK
6
CONTINUOUS
10
5.3188322047244094
20
-3.6982333858267715
11
5.3177677952755902
21
-3.6977924803149604
0
LINE
8
BLACK
6
CONTINUOUS
10
5.3177677952755902
20
-3.6977924803149604
11
5.3169531496062987
21
-3.6969778346456694
0
LINE
8
BLACK
6
CONTINUOUS
10
5.3169531496062987
20
-3.6969778346456694
11
5.3165122440944881
21
-3.6959134251968502
0
LINE
8
BLACK
6
CONTINUOUS
10
5.3165122440944881
20
-3.6959134251968502
11
5.3164555118110233
21
-3.6953373622047243
0
LINE
8
BLACK
6
CONTINUOUS
10
5.3164555118110233
20
-3.6953373622047243
11
5.3164555118110233
21
-3.6559672834645669
0
LINE
8
BLACK
6
CONTINUOUS
10
5.3164555118110233
20
-3.6559672834645669
11
5.3165122440944881
21
-3.655391220472441
0
LINE
8
BLACK
6
CONTINUOUS
10
5.3165122440944881
20
-3.655391220472441
11
5.3169531496062987
21
-3.6543268110236218
0
LINE
8
BLACK
6
CONTINUOUS
10
5.3169531496062987
20
-3.6543268110236218
11
5.3177677952755902
21
-3.6535121653543308
0
LINE
8
BLACK
6
CONTINUOUS
10
5.3177677952755902
20
-3.6535121653543308
11
5.3188322047244094
21
-3.6530712598425197
0
LINE
8
BLACK
6
CONTINUOUS
10
5.3188322047244094
20
-3.6530712598425197
11
5.3199843307086612
21
-3.6530712598425197
0
LINE
8
BLACK
6
CONTINUOUS
10
5.3199843307086612
20
-3.6530712598425197
11
5.3210487401574804
21
-3.6535121653543308
0
LINE
8
BLACK
6
CONTINUOUS
10
5.3668534645669288
20
-3.6530712598425197
11
5.3669514566929131
21
-3.6531118503937008
0
LINE
8
BLACK
6
CONTINUOUS
10
5.3669514566929131
20
-3.6531118503937008
11
5.3670572834645665
21
-3.6531193700787399
0
LINE
8
BLACK
6
CONTINUOUS
10
5.3670572834645665
20
-3.6531193700787399
11
5.3675979133858265
21
-3.6533262598425198
0
LINE
8
BLACK
6
CONTINUOUS
10
5.3675979133858265
20
-3.6533262598425198
11
5.3713474409448816
21
-3.6552010236220474
0
LINE
8
BLACK
6
CONTINUOUS
10
5.3713474409448816
20
-3.6552010236220474
11
5.3715954330708664
21
-3.6553570866141731
0
LINE
8
BLACK
6
CONTINUOUS
10
5.3715954330708664
20
-3.6553570866141731
11
5.3716674015748032
21
-3.6553869291338583
0
LINE
8
BLACK
6
CONTINUOUS
10
5.3716674015748032
20
-3.6553869291338583
11
5.3717483464566929
21
-3.6554533858267715
0
LINE
8
BLACK
6
CONTINUOUS
10
5.3717483464566929
20
-3.6554533858267715
11
5.3718373228346454
21
-3.65550937007874
0
LINE
8
BLACK
6
CONTINUOUS
10
5.3718373228346454
20
-3.65550937007874
11
5.3718884645669291
21
-3.6555683464566928
0
LINE
8
BLACK
6
CONTINUOUS
10
5.3718884645669291
20
-3.6555683464566928
11
5.372114842519685
21
-3.6557541338582675
0
LINE
8
BLACK
6
CONTINUOUS
10
5.372114842519685
20
-3.6557541338582675
11
5.3758643700787401
21
-3.6595036614173226
0
LINE
8
BLACK
6
CONTINUOUS
10
5.3758643700787401
20
-3.6595036614173226
11
5.3762316141732285
21
-3.6599511023622044
0
LINE
8
BLACK
6
CONTINUOUS
10
5.3762316141732285
20
-3.6599511023622044
11
5.37631562992126
21
-3.6601539763779525
0
LINE
8
BLACK
6
CONTINUOUS
10
5.37631562992126
20
-3.6601539763779525
11
5.3764462992125983
21
-3.6603303149606297
0
LINE
8
BLACK
6
CONTINUOUS
10
5.3764462992125983
20
-3.6603303149606297
11
5.3766410629921255
21
-3.6608754330708662
0
LINE
8
BLACK
6
CONTINUOUS
10
5.3766410629921255
20
-3.6608754330708662
11
5.3785158267716531
21
-3.6683744881889764
0
LINE
8
BLACK
6
CONTINUOUS
10
5.3785158267716531
20
-3.6683744881889764
11
5.3785305905511809
21
-3.6684743307086611
0
LINE
8
BLACK
6
CONTINUOUS
10
5.3785305905511809
20
-3.6684743307086611
11
5.3785472440944879
21
-3.6685145669291339
0
LINE
8
BLACK
6
CONTINUOUS
10
5.3785472440944879
20
-3.6685145669291339
11
5.3785685826771656
21
-3.6687315748031497
0
LINE
8
BLACK
6
CONTINUOUS
10
5.3785685826771656
20
-3.6687315748031497
11
5.3786004724409446
21
-3.6689470866141733
0
LINE
8
BLACK
6
CONTINUOUS
10
5.3786004724409446
20
-3.6689470866141733
11
5.3785940551181097
21
-3.6689900787401575
0
LINE
8
BLACK
6
CONTINUOUS
10
5.3785940551181097
20
-3.6689900787401575
11
5.3786039763779527
21
-3.6690906299212598
0
LINE
8
BLACK
6
CONTINUOUS
10
5.3786039763779527
20
-3.6690906299212598
11
5.3786039763779527
21
-3.6822139763779527
0
LINE
8
BLACK
6
CONTINUOUS
10
5.3786039763779527
20
-3.6822139763779527
11
5.3785940551181097
21
-3.6823144881889762
0
LINE
8
BLACK
6
CONTINUOUS
10
5.3785940551181097
20
-3.6823144881889762
11
5.3786004724409446
21
-3.6823575196850391
0
LINE
8
BLACK
6
CONTINUOUS
10
5.3786004724409446
20
-3.6823575196850391
11
5.3785685826771656
21
-3.682572992125984
0
LINE
8
BLACK
6
CONTINUOUS
10
5.3785685826771656
20
-3.682572992125984
11
5.3785472440944879
21
-3.6827900393700785
0
LINE
8
BLACK
6
CONTINUOUS
10
5.3785472440944879
20
-3.6827900393700785
11
5.3785305905511809
21
-3.6828302362204726
0
LINE
8
BLACK
6
CONTINUOUS
10
5.3785305905511809
20
-3.6828302362204726
11
5.3785158267716531
21
-3.6829301181102361
0
LINE
8
BLACK
6
CONTINUOUS
10
5.3785158267716531
20
-3.6829301181102361
11
5.3766410629921255
21
-3.6904291732283463
0
LINE
8
BLACK
6
CONTINUOUS
10
5.3766410629921255
20
-3.6904291732283463
11
5.3764462992125983
21
-3.6909742913385828
0
LINE
8
BLACK
6
CONTINUOUS
10
5.3764462992125983
20
-3.6909742913385828
11
5.3763155905511812
21
-3.69115062992126
0
LINE
8
BLACK
6
CONTINUOUS
10
5.3763155905511812
20
-3.69115062992126
11
5.3762316141732285
21
-3.6913534645669293
0
LINE
8
BLACK
6
CONTINUOUS
10
5.3762316141732285
20
-3.6913534645669293
11
5.3758644094488188
21
-3.6918009055118111
0
LINE
8
BLACK
6
CONTINUOUS
10
5.3758644094488188
20
-3.6918009055118111
11
5.372114842519685
21
-3.6955505118110237
0
LINE
8
BLACK
6
CONTINUOUS
10
5.372114842519685
20
-3.6955505118110237
11
5.3718884645669291
21
-3.6957362598425196
0
LINE
8
BLACK
6
CONTINUOUS
10
5.3718884645669291
20
-3.6957362598425196
11
5.3718373228346454
21
-3.6957952755905512
0
LINE
8
BLACK
6
CONTINUOUS
10
5.3718373228346454
20
-3.6957952755905512
11
5.3717483464566929
21
-3.695851220472441
0
LINE
8
BLACK
6
CONTINUOUS
10
5.3717483464566929
20
-3.695851220472441
11
5.3716674015748032
21
-3.6959177165354329
0
LINE
8
BLACK
6
CONTINUOUS
10
5.3716674015748032
20
-3.6959177165354329
11
5.3715954330708664
21
-3.6959475196850393
0
LINE
8
BLACK
6
CONTINUOUS
10
5.3715954330708664
20
-3.6959475196850393
11
5.3713474409448816
21
-3.6961036220472439
0
LINE
8
BLACK
6
CONTINUOUS
10
5.3713474409448816
20
-3.6961036220472439
11
5.3675979133858265
21
-3.6979783858267714
0
LINE
8
BLACK
6
CONTINUOUS
10
5.3675979133858265
20
-3.6979783858267714
11
5.3670572834645665
21
-3.6981852755905509
0
LINE
8
BLACK
6
CONTINUOUS
10
5.3670572834645665
20
-3.6981852755905509
11
5.3669514566929131
21
-3.6981927559055117
0
LINE
8
BLACK
6
CONTINUOUS
10
5.3669514566929131
20
-3.6981927559055117
11
5.3668534645669288
21
-3.6982333858267715
0
LINE
8
BLACK
6
CONTINUOUS
10
5.3668534645669288
20
-3.6982333858267715
11
5.3662774015748029
21
-3.6982901181102363
0
LINE
8
BLACK
6
CONTINUOUS
10
5.3662774015748029
20
-3.6982901181102363
11
5.3587783464566927
21
-3.6982901181102363
0
LINE
8
BLACK
6
CONTINUOUS
10
5.3587783464566927
20
-3.6982901181102363
11
5.3582022834645668
21
-3.6982333858267715
0
LINE
8
BLACK
6
CONTINUOUS
10
5.3582022834645668
20
-3.6982333858267715
11
5.3581042913385826
21
-3.6981927952755904
0
LINE
8
BLACK
6
CONTINUOUS
10
5.3581042913385826
20
-3.6981927952755904
11
5.3579984251968504
21
-3.6981852755905509
0
LINE
8
BLACK
6
CONTINUOUS
10
5.3579984251968504
20
-3.6981852755905509
11
5.3574578346456692
21
-3.6979783858267714
0
LINE
8
BLACK
6
CONTINUOUS
10
5.3574578346456692
20
-3.6979783858267714
11
5.353708307086614
21
-3.6961036220472439
0
LINE
8
BLACK
6
CONTINUOUS
10
5.353708307086614
20
-3.6961036220472439
11
5.3534604724409451
21
-3.6959475984251968
0
LINE
8
BLACK
6
CONTINUOUS
10
5.3534604724409451
20
-3.6959475984251968
11
5.3533883464566925
21
-3.6959177559055116
0
LINE
8
BLACK
6
CONTINUOUS
10
5.3533883464566925
20
-3.6959177559055116
11
5.3533071653543303
21
-3.6958511417322835
0
LINE
8
BLACK
6
CONTINUOUS
10
5.3533071653543303
20
-3.6958511417322835
11
5.3532184251968502
21
-3.6957952755905512
0
LINE
8
BLACK
6
CONTINUOUS
10
5.3532184251968502
20
-3.6957952755905512
11
5.3531672834645665
21
-3.6957363385826771
0
LINE
8
BLACK
6
CONTINUOUS
10
5.3531672834645665
20
-3.6957363385826771
11
5.3529409055118107
21
-3.6955505118110237
0
LINE
8
BLACK
6
CONTINUOUS
10
5.3529409055118107
20
-3.6955505118110237
11
5.3491913779527556
21
-3.6918009448818898
0
LINE
8
BLACK
6
CONTINUOUS
10
5.3491913779527556
20
-3.6918009448818898
11
5.3488241338582672
21
-3.6913534645669293
0
LINE
8
BLACK
6
CONTINUOUS
10
5.3488241338582672
20
-3.6913534645669293
11
5.3487401181102365
21
-3.69115062992126
0
LINE
8
BLACK
6
CONTINUOUS
10
5.3487401181102365
20
-3.69115062992126
11
5.3486094488188973
21
-3.6909742913385828
0
LINE
8
BLACK
6
CONTINUOUS
10
5.3486094488188973
20
-3.6909742913385828
11
5.3484146850393701
21
-3.6904291732283463
0
LINE
8
BLACK
6
CONTINUOUS
10
5.3484146850393701
20
-3.6904291732283463
11
5.3465399212598426
21
-3.6829301181102361
0
LINE
8
BLACK
6
CONTINUOUS
10
5.3465399212598426
20
-3.6829301181102361
11
5.346525118110236
21
-3.6828302362204726
0
LINE
8
BLACK
6
CONTINUOUS
10
5.346525118110236
20
-3.6828302362204726
11
5.3465085039370077
21
-3.6827900393700785
0
LINE
8
BLACK
6
CONTINUOUS
10
5.3465085039370077
20
-3.6827900393700785
11
5.3464871259842521
21
-3.682572992125984
0
LINE
8
BLACK
6
CONTINUOUS
10
5.3464871259842521
20
-3.682572992125984
11
5.346455275590551
21
-3.6823575196850391
0
LINE
8
BLACK
6
CONTINUOUS
10
5.346455275590551
20
-3.6823575196850391
11
5.3464616535433072
21
-3.6823144881889762
0
LINE
8
BLACK
6
CONTINUOUS
10
5.3464616535433072
20
-3.6823144881889762
11
5.3464517716535429
21
-3.6822139763779527
0
LINE
8
BLACK
6
CONTINUOUS
10
5.3464517716535429
20
-3.6822139763779527
11
5.3464517716535429
21
-3.6690906299212598
0
LINE
8
BLACK
6
CONTINUOUS
10
5.3464517716535429
20
-3.6690906299212598
11
5.3464616535433072
21
-3.6689900787401575
0
LINE
8
BLACK
6
CONTINUOUS
10
5.3464616535433072
20
-3.6689900787401575
11
5.346455275590551
21
-3.6689470866141733
0
LINE
8
BLACK
6
CONTINUOUS
10
5.346455275590551
20
-3.6689470866141733
11
5.3464871259842521
21
-3.6687315748031497
0
LINE
8
BLACK
6
CONTINUOUS
10
5.3464871259842521
20
-3.6687315748031497
11
5.3465085039370077
21
-3.6685145669291339
0
LINE
8
BLACK
6
CONTINUOUS
10
5.3465085039370077
20
-3.6685145669291339
11
5.346525118110236
21
-3.6684743307086611
0
LINE
8
BLACK
6
CONTINUOUS
10
5.346525118110236
20
-3.6684743307086611
11
5.3465399212598426
21
-3.6683744881889764
0
LINE
8
BLACK
6
CONTINUOUS
10
5.3465399212598426
20
-3.6683744881889764
11
5.3484146850393701
21
-3.6608754330708662
0
LINE
8
BLACK
6
CONTINUOUS
10
5.3484146850393701
20
-3.6608754330708662
11
5.3486094488188973
21
-3.6603303149606297
0
LINE
8
BLACK
6
CONTINUOUS
10
5.3486094488188973
20
-3.6603303149606297
11
5.3487401574803153
21
-3.6601538582677167
0
LINE
8
BLACK
6
CONTINUOUS
10
5.3487401574803153
20
-3.6601538582677167
11
5.3488241732283459
21
-3.6599511023622044
0
LINE
8
BLACK
6
CONTINUOUS
10
5.3488241732283459
20
-3.6599511023622044
11
5.3491913779527556
21
-3.6595036614173226
0
LINE
8
BLACK
6
CONTINUOUS
10
5.3491913779527556
20
-3.6595036614173226
11
5.3529409055118107
21
-3.6557541338582675
0
LINE
8
BLACK
6
CONTINUOUS
10
5.3529409055118107
20
-3.6557541338582675
11
5.3531672834645665
21
-3.6555682677165353
0
LINE
8
BLACK
6
CONTINUOUS
10
5.3531672834645665
20
-3.6555682677165353
11
5.3532184251968502
21
-3.65550937007874
0
LINE
8
BLACK
6
CONTINUOUS
10
5.3532184251968502
20
-3.65550937007874
11
5.3533071653543303
21
-3.655453464566929
0
LINE
8
BLACK
6
CONTINUOUS
10
5.3533071653543303
20
-3.655453464566929
11
5.3533883464566925
21
-3.6553868897637796
0
LINE
8
BLACK
6
CONTINUOUS
10
5.3533883464566925
20
-3.6553868897637796
11
5.3534604724409451
21
-3.6553570078740156
0
LINE
8
BLACK
6
CONTINUOUS
10
5.3534604724409451
20
-3.6553570078740156
11
5.353708307086614
21
-3.6552010236220474
0
LINE
8
BLACK
6
CONTINUOUS
10
5.353708307086614
20
-3.6552010236220474
11
5.3574578346456692
21
-3.6533262598425198
0
LINE
8
BLACK
6
CONTINUOUS
10
5.3574578346456692
20
-3.6533262598425198
11
5.3579984251968504
21
-3.6531193700787399
0
LINE
8
BLACK
6
CONTINUOUS
10
5.3579984251968504
20
-3.6531193700787399
11
5.3581042913385826
21
-3.653111811023622
0
LINE
8
BLACK
6
CONTINUOUS
10
5.3581042913385826
20
-3.653111811023622
11
5.3582022834645668
21
-3.6530712598425197
0
LINE
8
BLACK
6
CONTINUOUS
10
5.3582022834645668
20
-3.6530712598425197
11
5.3587783464566927
21
-3.6530145275590549
0
LINE
8
BLACK
6
CONTINUOUS
10
5.3587783464566927
20
-3.6530145275590549
11
5.3662774015748029
21
-3.6530145275590549
0
LINE
8
BLACK
6
CONTINUOUS
10
5.3662774015748029
20
-3.6530145275590549
11
5.3668534645669288
21
-3.6530712598425197
0
LINE
8
BLACK
6
CONTINUOUS
10
5.3567779133858267
20
-3.6602687795275588
11
5.3539455118110233
21
-3.6631011417322834
0
LINE
8
BLACK
6
CONTINUOUS
10
5.3539455118110233
20
-3.6631011417322834
11
5.352357283464567
21
-3.6694541732283463
0
LINE
8
BLACK
6
CONTINUOUS
10
5.352357283464567
20
-3.6694541732283463
11
5.352357283464567
21
-3.6818504330708661
0
LINE
8
BLACK
6
CONTINUOUS
10
5.352357283464567
20
-3.6818504330708661
11
5.3539455118110233
21
-3.6882034251968503
0
LINE
8
BLACK
6
CONTINUOUS
10
5.3539455118110233
20
-3.6882034251968503
11
5.3567779133858267
21
-3.6910358661417324
0
LINE
8
BLACK
6
CONTINUOUS
10
5.3567779133858267
20
-3.6910358661417324
11
5.3594753937007873
21
-3.6923846062992127
0
LINE
8
BLACK
6
CONTINUOUS
10
5.3594753937007873
20
-3.6923846062992127
11
5.3655803543307083
21
-3.6923846062992127
0
LINE
8
BLACK
6
CONTINUOUS
10
5.3655803543307083
20
-3.6923846062992127
11
5.3682777952755902
21
-3.6910358661417324
0
LINE
8
BLACK
6
CONTINUOUS
10
5.3682777952755902
20
-3.6910358661417324
11
5.3711101968503936
21
-3.6882034251968503
0
LINE
8
BLACK
6
CONTINUOUS
10
5.3711101968503936
20
-3.6882034251968503
11
5.3726984645669287
21
-3.6818504330708661
0
LINE
8
BLACK
6
CONTINUOUS
10
5.3726984645669287
20
-3.6818504330708661
11
5.3726984645669287
21
-3.6694541732283463
0
LINE
8
BLACK
6
CONTINUOUS
10
5.3726984645669287
20
-3.6694541732283463
11
5.3711101968503936
21
-3.6631011417322834
0
LINE
8
BLACK
6
CONTINUOUS
10
5.3711101968503936
20
-3.6631011417322834
11
5.368277834645669
21
-3.6602687795275588
0
LINE
8
BLACK
6
CONTINUOUS
10
5.368277834645669
20
-3.6602687795275588
11
5.3655803543307083
21
-3.6589200393700785
0
LINE
8
BLACK
6
CONTINUOUS
10
5.3655803543307083
20
-3.6589200393700785
11
5.3594753937007873
21
-3.6589200393700785
0
LINE
8
BLACK
6
CONTINUOUS
10
5.3594753937007873
20
-3.6589200393700785
11
5.3567779133858267
21
-3.6602687795275588
0
LINE
8
BLACK
6
CONTINUOUS
10
5.4931179133858263
20
-3.653283464566929
11
5.4940512598425197
21
-3.653958897637795
0
LINE
8
BLACK
6
CONTINUOUS
10
5.4940512598425197
20
-3.653958897637795
11
5.4946550393700786
21
-3.6549400787401574
0
LINE
8
BLACK
6
CONTINUOUS
10
5.4946550393700786
20
-3.6549400787401574
11
5.4948374409448819
21
-3.6560776771653543
0
LINE
8
BLACK
6
CONTINUOUS
10
5.4948374409448819
20
-3.6560776771653543
11
5.4947591732283465
21
-3.6566512204724408
0
LINE
8
BLACK
6
CONTINUOUS
10
5.4947591732283465
20
-3.6566512204724408
11
5.48538531496063
21
-3.6960212992125983
0
LINE
8
BLACK
6
CONTINUOUS
10
5.48538531496063
20
-3.6960212992125983
11
5.4853172047244092
21
-3.6962188582677165
0
LINE
8
BLACK
6
CONTINUOUS
10
5.4853172047244092
20
-3.6962188582677165
11
5.4853077952755909
21
-3.6962898818897636
0
LINE
8
BLACK
6
CONTINUOUS
10
5.4853077952755909
20
-3.6962898818897636
11
5.4852706299212599
21
-3.6963540157480312
0
LINE
8
BLACK
6
CONTINUOUS
10
5.4852706299212599
20
-3.6963540157480312
11
5.4851967322834643
21
-3.6965685433070865
0
LINE
8
BLACK
6
CONTINUOUS
10
5.4851967322834643
20
-3.6965685433070865
11
5.4849453149606298
21
-3.696915905511811
0
LINE
8
BLACK
6
CONTINUOUS
10
5.4849453149606298
20
-3.696915905511811
11
5.4847305511811024
21
-3.6972868897637796
0
LINE
8
BLACK
6
CONTINUOUS
10
5.4847305511811024
20
-3.6972868897637796
11
5.484610157480315
21
-3.6973790157480315
0
LINE
8
BLACK
6
CONTINUOUS
10
5.484610157480315
20
-3.6973790157480315
11
5.4845212598425199
21
-3.6975018897637795
0
LINE
8
BLACK
6
CONTINUOUS
10
5.4845212598425199
20
-3.6975018897637795
11
5.4841562204724408
21
-3.6977264960629919
0
LINE
8
BLACK
6
CONTINUOUS
10
5.4841562204724408
20
-3.6977264960629919
11
5.4838156692913387
21
-3.6979872047244093
0
LINE
8
BLACK
6
CONTINUOUS
10
5.4838156692913387
20
-3.6979872047244093
11
5.48366905511811
21
-3.6980262992125983
0
LINE
8
BLACK
6
CONTINUOUS
10
5.48366905511811
20
-3.6980262992125983
11
5.4835400787401571
21
-3.6981056692913383
0
LINE
8
BLACK
6
CONTINUOUS
10
5.4835400787401571
20
-3.6981056692913383
11
5.4831170866141727
21
-3.6981734645669291
0
LINE
8
BLACK
6
CONTINUOUS
10
5.4831170866141727
20
-3.6981734645669291
11
5.4827024803149609
21
-3.6982840551181102
0
LINE
8
BLACK
6
CONTINUOUS
10
5.4827024803149609
20
-3.6982840551181102
11
5.4825521259842516
21
-3.6982640551181101
0
LINE
8
BLACK
6
CONTINUOUS
10
5.4825521259842516
20
-3.6982640551181101
11
5.4824024803149607
21
-3.6982880708661416
0
LINE
8
BLACK
6
CONTINUOUS
10
5.4824024803149607
20
-3.6982880708661416
11
5.4819853149606299
21
-3.6981887401574802
0
LINE
8
BLACK
6
CONTINUOUS
10
5.4819853149606299
20
-3.6981887401574802
11
5.4815603937007875
21
-3.6981322834645667
0
LINE
8
BLACK
6
CONTINUOUS
10
5.4815603937007875
20
-3.6981322834645667
11
5.4814292125984254
21
-3.6980563385826772
0
LINE
8
BLACK
6
CONTINUOUS
10
5.4814292125984254
20
-3.6980563385826772
11
5.4812816929133854
21
-3.698021220472441
0
LINE
8
BLACK
6
CONTINUOUS
10
5.4812816929133854
20
-3.698021220472441
11
5.4809342519685043
21
-3.6977697637795273
0
LINE
8
BLACK
6
CONTINUOUS
10
5.4809342519685043
20
-3.6977697637795273
11
5.4805633464566927
21
-3.6975550393700787
0
LINE
8
BLACK
6
CONTINUOUS
10
5.4805633464566927
20
-3.6975550393700787
11
5.4804711811023621
21
-3.6974346456692913
0
LINE
8
BLACK
6
CONTINUOUS
10
5.4804711811023621
20
-3.6974346456692913
11
5.4803483464566929
21
-3.6973457480314962
0
LINE
8
BLACK
6
CONTINUOUS
10
5.4803483464566929
20
-3.6973457480314962
11
5.4801237007874013
21
-3.6969806692913383
0
LINE
8
BLACK
6
CONTINUOUS
10
5.4801237007874013
20
-3.6969806692913383
11
5.4798630708661413
21
-3.6966401968503937
0
LINE
8
BLACK
6
CONTINUOUS
10
5.4798630708661413
20
-3.6966401968503937
11
5.4797833070866142
21
-3.6964275196850394
0
LINE
8
BLACK
6
CONTINUOUS
10
5.4797833070866142
20
-3.6964275196850394
11
5.479744566929134
21
-3.6963645669291338
0
LINE
8
BLACK
6
CONTINUOUS
10
5.479744566929134
20
-3.6963645669291338
11
5.4797332283464568
21
-3.69629405511811
0
LINE
8
BLACK
6
CONTINUOUS
10
5.4797332283464568
20
-3.69629405511811
11
5.4796598031496062
21
-3.6960981889763778
0
LINE
8
BLACK
6
CONTINUOUS
10
5.4796598031496062
20
-3.6960981889763778
11
5.4750137795275586
21
-3.6786757086614172
0
LINE
8
BLACK
6
CONTINUOUS
10
5.4750137795275586
20
-3.6786757086614172
11
5.4703678346456694
21
-3.6960981889763778
0
LINE
8
BLACK
6
CONTINUOUS
10
5.4703678346456694
20
-3.6960981889763778
11
5.4702943700787401
21
-3.6962940157480313
0
LINE
8
BLACK
6
CONTINUOUS
10
5.4702943700787401
20
-3.6962940157480313
11
5.4702830708661416
21
-3.6963645669291338
0
LINE
8
BLACK
6
CONTINUOUS
10
5.4702830708661416
20
-3.6963645669291338
11
5.4702442913385827
21
-3.6964275590551181
0
LINE
8
BLACK
6
CONTINUOUS
10
5.4702442913385827
20
-3.6964275590551181
11
5.4701645669291334
21
-3.6966401574803149
0
LINE
8
BLACK
6
CONTINUOUS
10
5.4701645669291334
20
-3.6966401574803149
11
5.4699039763779522
21
-3.6969805511811025
0
LINE
8
BLACK
6
CONTINUOUS
10
5.4699039763779522
20
-3.6969805511811025
11
5.4696792913385828
21
-3.6973457480314962
0
LINE
8
BLACK
6
CONTINUOUS
10
5.4696792913385828
20
-3.6973457480314962
11
5.4695564173228348
21
-3.6974346456692913
0
LINE
8
BLACK
6
CONTINUOUS
10
5.4695564173228348
20
-3.6974346456692913
11
5.4694642913385829
21
-3.6975550393700787
0
LINE
8
BLACK
6
CONTINUOUS
10
5.4694642913385829
20
-3.6975550393700787
11
5.4690933464566927
21
-3.6977697637795273
0
LINE
8
BLACK
6
CONTINUOUS
10
5.4690933464566927
20
-3.6977697637795273
11
5.4687459448818894
21
-3.698021220472441
0
LINE
8
BLACK
6
CONTINUOUS
10
5.4687459448818894
20
-3.698021220472441
11
5.4685983858267715
21
-3.6980563385826772
0
LINE
8
BLACK
6
CONTINUOUS
10
5.4685983858267715
20
-3.6980563385826772
11
5.4684672440944881
21
-3.6981322834645667
0
LINE
8
BLACK
6
CONTINUOUS
10
5.4684672440944881
20
-3.6981322834645667
11
5.4680424015748033
21
-3.6981887007874015
0
LINE
8
BLACK
6
CONTINUOUS
10
5.4680424015748033
20
-3.6981887007874015
11
5.467625157480315
21
-3.6982880708661416
0
LINE
8
BLACK
6
CONTINUOUS
10
5.467625157480315
20
-3.6982880708661416
11
5.4674753937007869
21
-3.6982640551181101
0
LINE
8
BLACK
6
CONTINUOUS
10
5.4674753937007869
20
-3.6982640551181101
11
5.4673251968503935
21
-3.6982840157480315
0
LINE
8
BLACK
6
CONTINUOUS
10
5.4673251968503935
20
-3.6982840157480315
11
5.4669109448818896
21
-3.6981735433070866
0
LINE
8
BLACK
6
CONTINUOUS
10
5.4669109448818896
20
-3.6981735433070866
11
5.4664875590551176
21
-3.6981056692913383
0
LINE
8
BLACK
6
CONTINUOUS
10
5.4664875590551176
20
-3.6981056692913383
11
5.4663584251968507
21
-3.6980262204724408
0
LINE
8
BLACK
6
CONTINUOUS
10
5.4663584251968507
20
-3.6980262204724408
11
5.466211968503937
21
-3.6979871653543306
0
LINE
8
BLACK
6
CONTINUOUS
10
5.466211968503937
20
-3.6979871653543306
11
5.4658715354330711
21
-3.6977265748031494
0
LINE
8
BLACK
6
CONTINUOUS
10
5.4658715354330711
20
-3.6977265748031494
11
5.4655063779527557
21
-3.6975018897637795
0
LINE
8
BLACK
6
CONTINUOUS
10
5.4655063779527557
20
-3.6975018897637795
11
5.4654174409448819
21
-3.6973790157480315
0
LINE
8
BLACK
6
CONTINUOUS
10
5.4654174409448819
20
-3.6973790157480315
11
5.4652970866141732
21
-3.6972868897637796
0
LINE
8
BLACK
6
CONTINUOUS
10
5.4652970866141732
20
-3.6972868897637796
11
5.4650823228346459
21
-3.6969159448818898
0
LINE
8
BLACK
6
CONTINUOUS
10
5.4650823228346459
20
-3.6969159448818898
11
5.4648309055118105
21
-3.6965685433070865
0
LINE
8
BLACK
6
CONTINUOUS
10
5.4648309055118105
20
-3.6965685433070865
11
5.4647569291338582
21
-3.6963539370078737
0
LINE
8
BLACK
6
CONTINUOUS
10
5.4647569291338582
20
-3.6963539370078737
11
5.4647198425196848
21
-3.6962898425196848
0
LINE
8
BLACK
6
CONTINUOUS
10
5.4647198425196848
20
-3.6962898425196848
11
5.4647103937007877
21
-3.6962188976377952
0
LINE
8
BLACK
6
CONTINUOUS
10
5.4647103937007877
20
-3.6962188976377952
11
5.4646423228346457
21
-3.6960212992125983
0
LINE
8
BLACK
6
CONTINUOUS
10
5.4646423228346457
20
-3.6960212992125983
11
5.4552685039370079
21
-3.6566512204724408
0
LINE
8
BLACK
6
CONTINUOUS
10
5.4552685039370079
20
-3.6566512204724408
11
5.4551902362204725
21
-3.6560776771653543
0
LINE
8
BLACK
6
CONTINUOUS
10
5.4551902362204725
20
-3.6560776771653543
11
5.4553726377952758
21
-3.6549400787401574
0
LINE
8
BLACK
6
CONTINUOUS
10
5.4553726377952758
20
-3.6549400787401574
11
5.4559764173228347
21
-3.653958897637795
0
LINE
8
BLACK
6
CONTINUOUS
10
5.4559764173228347
20
-3.653958897637795
11
5.4569097637795272
21
-3.6532834251968502
0
LINE
8
BLACK
6
CONTINUOUS
10
5.4569097637795272
20
-3.6532834251968502
11
5.4580305511811025
21
-3.6530165748031496
0
LINE
8
BLACK
6
CONTINUOUS
10
5.4580305511811025
20
-3.6530165748031496
11
5.4591681496062989
21
-3.6531989763779529
0
LINE
8
BLACK
6
CONTINUOUS
10
5.4591681496062989
20
-3.6531989763779529
11
5.4601493307086617
21
-3.6538027559055117
0
LINE
8
BLACK
6
CONTINUOUS
10
5.4601493307086617
20
-3.6538027559055117
11
5.4608248031496061
21
-3.6547361023622047
0
LINE
8
BLACK
6
CONTINUOUS
10
5.4608248031496061
20
-3.6547361023622047
11
5.4610133858267718
21
-3.6552833464566929
0
LINE
8
BLACK
6
CONTINUOUS
10
5.4610133858267718
20
-3.6552833464566929
11
5.4676768110236216
21
-3.6832698031496061
0
LINE
8
BLACK
6
CONTINUOUS
10
5.4676768110236216
20
-3.6832698031496061
11
5.472160748031496
21
-3.6664550393700788
0
LINE
8
BLACK
6
CONTINUOUS
10
5.472160748031496
20
-3.6664550393700788
11
5.4722113385826772
21
-3.6663200393700786
0
LINE
8
BLACK
6
CONTINUOUS
10
5.4722113385826772
20
-3.6663200393700786
11
5.472218897637795
21
-3.6662633858267717
0
LINE
8
BLACK
6
CONTINUOUS
10
5.472218897637795
20
-3.6662633858267717
11
5.472257834645669
21
-3.666196062992126
0
LINE
8
BLACK
6
CONTINUOUS
10
5.472257834645669
20
-3.666196062992126
11
5.4723640157480311
21
-3.6659130314960628
0
LINE
8
BLACK
6
CONTINUOUS
10
5.4723640157480311
20
-3.6659130314960628
11
5.4726009055118112
21
-3.6656035433070864
0
LINE
8
BLACK
6
CONTINUOUS
10
5.4726009055118112
20
-3.6656035433070864
11
5.4727961417322835
21
-3.6652663385826769
0
LINE
8
BLACK
6
CONTINUOUS
10
5.4727961417322835
20
-3.6652663385826769
11
5.4729479921259845
21
-3.6651500787401572
0
LINE
8
BLACK
6
CONTINUOUS
10
5.4729479921259845
20
-3.6651500787401572
11
5.4730642913385825
21
-3.6649981889763779
0
LINE
8
BLACK
6
CONTINUOUS
10
5.4730642913385825
20
-3.6649981889763779
11
5.473401574803149
21
-3.6648028740157481
0
LINE
8
BLACK
6
CONTINUOUS
10
5.473401574803149
20
-3.6648028740157481
11
5.4737110236220472
21
-3.6645660629921259
0
LINE
8
BLACK
6
CONTINUOUS
10
5.4737110236220472
20
-3.6645660629921259
11
5.473895748031496
21
-3.6645167716535432
0
LINE
8
BLACK
6
CONTINUOUS
10
5.473895748031496
20
-3.6645167716535432
11
5.4740613385826773
21
-3.6644209448818899
0
LINE
8
BLACK
6
CONTINUOUS
10
5.4740613385826773
20
-3.6644209448818899
11
5.4744478346456695
21
-3.6643695669291336
0
LINE
8
BLACK
6
CONTINUOUS
10
5.4744478346456695
20
-3.6643695669291336
11
5.4748242519685038
21
-3.6642692125984251
0
LINE
8
BLACK
6
CONTINUOUS
10
5.4748242519685038
20
-3.6642692125984251
11
5.4750137007874011
21
-3.66429437007874
0
LINE
8
BLACK
6
CONTINUOUS
10
5.4750137007874011
20
-3.66429437007874
11
5.4752034251968507
21
-3.6642691732283463
0
LINE
8
BLACK
6
CONTINUOUS
10
5.4752034251968507
20
-3.6642691732283463
11
5.4755801968503937
21
-3.6643696456692911
0
LINE
8
BLACK
6
CONTINUOUS
10
5.4755801968503937
20
-3.6643696456692911
11
5.4759662992125984
21
-3.6644209448818899
0
LINE
8
BLACK
6
CONTINUOUS
10
5.4759662992125984
20
-3.6644209448818899
11
5.4761316929133859
21
-3.6645166929133857
0
LINE
8
BLACK
6
CONTINUOUS
10
5.4761316929133859
20
-3.6645166929133857
11
5.4763166141732285
21
-3.6645660236220472
0
LINE
8
BLACK
6
CONTINUOUS
10
5.4763166141732285
20
-3.6645660236220472
11
5.4766261417322832
21
-3.6648029527559056
0
LINE
8
BLACK
6
CONTINUOUS
10
5.4766261417322832
20
-3.6648029527559056
11
5.4769633464566931
21
-3.6649981889763779
0
LINE
8
BLACK
6
CONTINUOUS
10
5.4769633464566931
20
-3.6649981889763779
11
5.4770795669291337
21
-3.6651500393700784
0
LINE
8
BLACK
6
CONTINUOUS
10
5.4770795669291337
20
-3.6651500393700784
11
5.4772314960629922
21
-3.6652663385826769
0
LINE
8
BLACK
6
CONTINUOUS
10
5.4772314960629922
20
-3.6652663385826769
11
5.4774268110236219
21
-3.6656036614173226
0
LINE
8
BLACK
6
CONTINUOUS
10
5.4774268110236219
20
-3.6656036614173226
11
5.4776636220472437
21
-3.6659130708661416
0
LINE
8
BLACK
6
CONTINUOUS
10
5.4776636220472437
20
-3.6659130708661416
11
5.4777696850393696
21
-3.666195905511811
0
LINE
8
BLACK
6
CONTINUOUS
10
5.4777696850393696
20
-3.666195905511811
11
5.4778087401574798
21
-3.6662633464566929
0
LINE
8
BLACK
6
CONTINUOUS
10
5.4778087401574798
20
-3.6662633464566929
11
5.4778162598425197
21
-3.6663200787401573
0
LINE
8
BLACK
6
CONTINUOUS
10
5.4778162598425197
20
-3.6663200787401573
11
5.4778668897637797
21
-3.6664550393700788
0
LINE
8
BLACK
6
CONTINUOUS
10
5.4778668897637797
20
-3.6664550393700788
11
5.4823507874015744
21
-3.6832698031496061
0
LINE
8
BLACK
6
CONTINUOUS
10
5.4823507874015744
20
-3.6832698031496061
11
5.4890142913385827
21
-3.6552833858267717
0
LINE
8
BLACK
6
CONTINUOUS
10
5.4890142913385827
20
-3.6552833858267717
11
5.4892028740157475
21
-3.6547361023622047
0
LINE
8
BLACK
6
CONTINUOUS
10
5.4892028740157475
20
-3.6547361023622047
11
5.4898783464566927
21
-3.6538027559055117
0
LINE
8
BLACK
6
CONTINUOUS
10
5.4898783464566927
20
-3.6538027559055117
11
5.4908595275590546
21
-3.6531989763779529
0
LINE
8
BLACK
6
CONTINUOUS
10
5.4908595275590546
20
-3.6531989763779529
11
5.4919971259842519
21
-3.6530165748031496
0
LINE
8
BLACK
6
CONTINUOUS
10
5.4919971259842519
20
-3.6530165748031496
11
5.4931179133858263
21
-3.653283464566929
0
LINE
8
BLACK
6
CONTINUOUS
10
5.2088610629921259
20
-3.6530712598425197
11
5.2093731102362204
21
-3.6530712598425197
0
LINE
8
BLACK
6
CONTINUOUS
10
5.2093731102362204
20
-3.6530712598425197
11
5.2094338582677162
21
-3.6530964173228346
0
LINE
8
BLACK
6
CONTINUOUS
10
5.2094338582677162
20
-3.6530964173228346
11
5.209499724409449
21
-3.6530993307086614
0
LINE
8
BLACK
6
CONTINUOUS
10
5.209499724409449
20
-3.6530993307086614
11
5.2099645669291341
21
-3.653316220472441
0
LINE
8
BLACK
6
CONTINUOUS
10
5.2099645669291341
20
-3.653316220472441
11
5.2104375196850397
21
-3.6535121653543308
0
LINE
8
BLACK
6
CONTINUOUS
10
5.2104375196850397
20
-3.6535121653543308
11
5.2104840157480314
21
-3.6535586614173226
0
LINE
8
BLACK
6
CONTINUOUS
10
5.2104840157480314
20
-3.6535586614173226
11
5.2105437401574806
21
-3.653586535433071
0
LINE
8
BLACK
6
CONTINUOUS
10
5.2105437401574806
20
-3.653586535433071
11
5.2108899606299213
21
-3.6539646062992124
0
LINE
8
BLACK
6
CONTINUOUS
10
5.2108899606299213
20
-3.6539646062992124
11
5.2112521653543302
21
-3.6543268110236218
0
LINE
8
BLACK
6
CONTINUOUS
10
5.2112521653543302
20
-3.6543268110236218
11
5.2112773622047239
21
-3.6543876377952755
0
LINE
8
BLACK
6
CONTINUOUS
10
5.2112773622047239
20
-3.6543876377952755
11
5.2113218503937011
21
-3.6544362204724408
0
LINE
8
BLACK
6
CONTINUOUS
10
5.2113218503937011
20
-3.6544362204724408
11
5.2114969291338582
21
-3.654917716535433
0
LINE
8
BLACK
6
CONTINUOUS
10
5.2114969291338582
20
-3.654917716535433
11
5.2116930708661418
21
-3.655391220472441
0
LINE
8
BLACK
6
CONTINUOUS
10
5.2116930708661418
20
-3.655391220472441
11
5.2117019685039372
21
-3.6554815748031495
0
LINE
8
BLACK
6
CONTINUOUS
10
5.2117019685039372
20
-3.6554815748031495
11
5.2117155511811024
21
-3.6555189370078738
0
LINE
8
BLACK
6
CONTINUOUS
10
5.2117155511811024
20
-3.6555189370078738
11
5.2117124803149606
21
-3.6555884645669292
0
LINE
8
BLACK
6
CONTINUOUS
10
5.2117124803149606
20
-3.6555884645669292
11
5.2117498031496066
21
-3.6559672834645669
0
LINE
8
BLACK
6
CONTINUOUS
10
5.2117498031496066
20
-3.6559672834645669
11
5.2117498031496066
21
-3.6953373622047243
0
LINE
8
BLACK
6
CONTINUOUS
10
5.2117498031496066
20
-3.6953373622047243
11
5.2116930708661418
21
-3.6959134251968502
0
LINE
8
BLACK
6
CONTINUOUS
10
5.2116930708661418
20
-3.6959134251968502
11
5.2112521653543302
21
-3.6969778346456694
0
LINE
8
BLACK
6
CONTINUOUS
10
5.2112521653543302
20
-3.6969778346456694
11
5.2104375196850397
21
-3.6977924803149604
0
LINE
8
BLACK
6
CONTINUOUS
10
5.2104375196850397
20
-3.6977924803149604
11
5.2093731102362204
21
-3.6982333858267715
0
LINE
8
BLACK
6
CONTINUOUS
10
5.2093731102362204
20
-3.6982333858267715
11
5.2082209842519687
21
-3.6982333858267715
0
LINE
8
BLACK
6
CONTINUOUS
10
5.2082209842519687
20
-3.6982333858267715
11
5.2071565748031494
21
-3.6977924803149604
0
LINE
8
BLACK
6
CONTINUOUS
10
5.2071565748031494
20
-3.6977924803149604
11
5.206341929133858
21
-3.6969778346456694
0
LINE
8
BLACK
6
CONTINUOUS
10
5.206341929133858
20
-3.6969778346456694
11
5.2059010236220473
21
-3.6959134251968502
0
LINE
8
BLACK
6
CONTINUOUS
10
5.2059010236220473
20
-3.6959134251968502
11
5.2058442913385825
21
-3.6953373622047243
0
LINE
8
BLACK
6
CONTINUOUS
10
5.2058442913385825
20
-3.6953373622047243
11
5.2058442913385825
21
-3.6692770078740158
0
LINE
8
BLACK
6
CONTINUOUS
10
5.2058442913385825
20
-3.6692770078740158
11
5.1983494488188979
21
-3.6853374015748033
0
LINE
8
BLACK
6
CONTINUOUS
10
5.1983494488188979
20
-3.6853374015748033
11
5.1982244881889761
21
-3.6855483070866142
0
LINE
8
BLACK
6
CONTINUOUS
10
5.1982244881889761
20
-3.6855483070866142
11
5.1981985039370073
21
-3.6856198031496064
0
LINE
8
BLACK
6
CONTINUOUS
10
5.1981985039370073
20
-3.6856198031496064
11
5.1981521653543306
21
-3.6856703543307088
0
LINE
8
BLACK
6
CONTINUOUS
10
5.1981521653543306
20
-3.6856703543307088
11
5.1980544094488188
21
-3.6858354330708663
0
LINE
8
BLACK
6
CONTINUOUS
10
5.1980544094488188
20
-3.6858354330708663
11
5.1977235826771651
21
-3.6861383464566928
0
LINE
8
BLACK
6
CONTINUOUS
10
5.1977235826771651
20
-3.6861383464566928
11
5.1974203937007877
21
-3.6864694881889761
0
LINE
8
BLACK
6
CONTINUOUS
10
5.1974203937007877
20
-3.6864694881889761
11
5.1973014173228345
21
-3.6865249606299213
0
LINE
8
BLACK
6
CONTINUOUS
10
5.1973014173228345
20
-3.6865249606299213
11
5.1972047637795278
21
-3.6866135433070863
0
LINE
8
BLACK
6
CONTINUOUS
10
5.1972047637795278
20
-3.6866135433070863
11
5.1967832677165351
21
-3.6867667716535433
0
LINE
8
BLACK
6
CONTINUOUS
10
5.1967832677165351
20
-3.6867667716535433
11
5.1963763779527561
21
-3.6869566929133857
0
LINE
8
BLACK
6
CONTINUOUS
10
5.1963763779527561
20
-3.6869566929133857
11
5.196245196850394
21
-3.6869624409448818
0
LINE
8
BLACK
6
CONTINUOUS
10
5.196245196850394
20
-3.6869624409448818
11
5.1961220472440948
21
-3.6870072440944881
0
LINE
8
BLACK
6
CONTINUOUS
10
5.1961220472440948
20
-3.6870072440944881
11
5.1956739370078742
21
-3.686987559055118
0
LINE
8
BLACK
6
CONTINUOUS
10
5.1956739370078742
20
-3.686987559055118
11
5.1952253543307085
21
-3.6870072834645669
0
LINE
8
BLACK
6
CONTINUOUS
10
5.1952253543307085
20
-3.6870072834645669
11
5.1951020472440943
21
-3.6869624409448818
0
LINE
8
BLACK
6
CONTINUOUS
10
5.1951020472440943
20
-3.6869624409448818
11
5.1949710236220472
21
-3.6869566929133857
0
LINE
8
BLACK
6
CONTINUOUS
10
5.1949710236220472
20
-3.6869566929133857
11
5.1945643700787398
21
-3.6867668897637795
0
LINE
8
BLACK
6
CONTINUOUS
10
5.1945643700787398
20
-3.6867668897637795
11
5.1941426377952755
21
-3.6866135433070863
0
LINE
8
BLACK
6
CONTINUOUS
10
5.1941426377952755
20
-3.6866135433070863
11
5.1940458267716538
21
-3.6865248818897638
0
LINE
8
BLACK
6
CONTINUOUS
10
5.1940458267716538
20
-3.6865248818897638
11
5.1939270078740156
21
-3.6864694488188974
0
LINE
8
BLACK
6
CONTINUOUS
10
5.1939270078740156
20
-3.6864694488188974
11
5.1936240551181099
21
-3.6861386220472441
0
LINE
8
BLACK
6
CONTINUOUS
10
5.1936240551181099
20
-3.6861386220472441
11
5.1932929921259845
21
-3.685835472440945
0
LINE
8
BLACK
6
CONTINUOUS
10
5.1932929921259845
20
-3.685835472440945
11
5.1931951181102365
21
-3.6856702755905513
0
LINE
8
BLACK
6
CONTINUOUS
10
5.1931951181102365
20
-3.6856702755905513
11
5.1931488976377951
21
-3.6856198031496064
0
LINE
8
BLACK
6
CONTINUOUS
10
5.1931488976377951
20
-3.6856198031496064
11
5.1931229133858263
21
-3.6855484251968504
0
LINE
8
BLACK
6
CONTINUOUS
10
5.1931229133858263
20
-3.6855484251968504
11
5.1929979527559054
21
-3.685337440944882
0
LINE
8
BLACK
6
CONTINUOUS
10
5.1929979527559054
20
-3.685337440944882
11
5.1855031102362208
21
-3.6692770078740158
0
LINE
8
BLACK
6
CONTINUOUS
10
5.1855031102362208
20
-3.6692770078740158
11
5.1855031102362208
21
-3.6953373622047243
0
LINE
8
BLACK
6
CONTINUOUS
10
5.1855031102362208
20
-3.6953373622047243
11
5.185446377952756
21
-3.6959134251968502
0
LINE
8
BLACK
6
CONTINUOUS
10
5.185446377952756
20
-3.6959134251968502
11
5.1850054724409445
21
-3.6969778346456694
0
LINE
8
BLACK
6
CONTINUOUS
10
5.1850054724409445
20
-3.6969778346456694
11
5.184190826771653
21
-3.6977924803149604
0
LINE
8
BLACK
6
CONTINUOUS
10
5.184190826771653
20
-3.6977924803149604
11
5.1831264173228346
21
-3.6982333858267715
0
LINE
8
BLACK
6
CONTINUOUS
10
5.1831264173228346
20
-3.6982333858267715
11
5.1819742913385829
21
-3.6982333858267715
0
LINE
8
BLACK
6
CONTINUOUS
10
5.1819742913385829
20
-3.6982333858267715
11
5.1809098818897636
21
-3.6977924803149604
0
LINE
8
BLACK
6
CONTINUOUS
10
5.1809098818897636
20
-3.6977924803149604
11
5.1800952362204722
21
-3.6969778346456694
0
LINE
8
BLACK
6
CONTINUOUS
10
5.1800952362204722
20
-3.6969778346456694
11
5.1796543307086615
21
-3.6959134251968502
0
LINE
8
BLACK
6
CONTINUOUS
10
5.1796543307086615
20
-3.6959134251968502
11
5.1795975984251967
21
-3.6953373622047243
0
LINE
8
BLACK
6
CONTINUOUS
10
5.1795975984251967
20
-3.6953373622047243
11
5.1795975984251967
21
-3.6559672834645669
0
LINE
8
BLACK
6
CONTINUOUS
10
5.1795975984251967
20
-3.6559672834645669
11
5.179634881889764
21
-3.6555884645669292
0
LINE
8
BLACK
6
CONTINUOUS
10
5.179634881889764
20
-3.6555884645669292
11
5.1796318503937009
21
-3.6555189370078738
0
LINE
8
BLACK
6
CONTINUOUS
10
5.1796318503937009
20
-3.6555189370078738
11
5.1796453937007874
21
-3.6554815748031495
0
LINE
8
BLACK
6
CONTINUOUS
10
5.1796453937007874
20
-3.6554815748031495
11
5.1796543307086615
21
-3.655391220472441
0
LINE
8
BLACK
6
CONTINUOUS
10
5.1796543307086615
20
-3.655391220472441
11
5.1798504330708663
21
-3.654917716535433
0
LINE
8
BLACK
6
CONTINUOUS
10
5.1798504330708663
20
-3.654917716535433
11
5.1800255511811022
21
-3.6544362204724408
0
LINE
8
BLACK
6
CONTINUOUS
10
5.1800255511811022
20
-3.6544362204724408
11
5.1800699999999997
21
-3.6543876377952755
0
LINE
8
BLACK
6
CONTINUOUS
10
5.1800699999999997
20
-3.6543876377952755
11
5.1800952362204722
21
-3.6543268110236218
0
LINE
8
BLACK
6
CONTINUOUS
10
5.1800952362204722
20
-3.6543268110236218
11
5.1804576377952758
21
-3.6539643700787399
0
LINE
8
BLACK
6
CONTINUOUS
10
5.1804576377952758
20
-3.6539643700787399
11
5.1808036614173227
21
-3.6535865748031497
0
LINE
8
BLACK
6
CONTINUOUS
10
5.1808036614173227
20
-3.6535865748031497
11
5.1808633070866144
21
-3.6535587007874013
0
LINE
8
BLACK
6
CONTINUOUS
10
5.1808633070866144
20
-3.6535587007874013
11
5.1809098818897636
21
-3.6535121653543308
0
LINE
8
BLACK
6
CONTINUOUS
10
5.1809098818897636
20
-3.6535121653543308
11
5.1813831496062992
21
-3.6533161023622047
0
LINE
8
BLACK
6
CONTINUOUS
10
5.1813831496062992
20
-3.6533161023622047
11
5.1818476771653543
21
-3.6530993307086614
0
LINE
8
BLACK
6
CONTINUOUS
10
5.1818476771653543
20
-3.6530993307086614
11
5.1819134645669287
21
-3.6530964173228346
0
LINE
8
BLACK
6
CONTINUOUS
10
5.1819134645669287
20
-3.6530964173228346
11
5.1819742913385829
21
-3.6530712598425197
0
LINE
8
BLACK
6
CONTINUOUS
10
5.1819742913385829
20
-3.6530712598425197
11
5.1824868503937003
21
-3.6530712598425197
0
LINE
8
BLACK
6
CONTINUOUS
10
5.1824868503937003
20
-3.6530712598425197
11
5.1829987007874019
21
-3.653048779527559
0
LINE
8
BLACK
6
CONTINUOUS
10
5.1829987007874019
20
-3.653048779527559
11
5.1830605118110231
21
-3.6530712598425197
0
LINE
8
BLACK
6
CONTINUOUS
10
5.1830605118110231
20
-3.6530712598425197
11
5.1831264173228346
21
-3.6530712598425197
0
LINE
8
BLACK
6
CONTINUOUS
10
5.1831264173228346
20
-3.6530712598425197
11
5.1835998818897639
21
-3.6532673622047245
0
LINE
8
BLACK
6
CONTINUOUS
10
5.1835998818897639
20
-3.6532673622047245
11
5.1840814173228349
21
-3.6534424803149603
0
LINE
8
BLACK
6
CONTINUOUS
10
5.1840814173228349
20
-3.6534424803149603
11
5.1841299606299209
21
-3.6534869291338583
0
LINE
8
BLACK
6
CONTINUOUS
10
5.1841299606299209
20
-3.6534869291338583
11
5.184190826771653
21
-3.6535121653543308
0
LINE
8
BLACK
6
CONTINUOUS
10
5.184190826771653
20
-3.6535121653543308
11
5.1845532283464566
21
-3.6538745669291339
0
LINE
8
BLACK
6
CONTINUOUS
10
5.1845532283464566
20
-3.6538745669291339
11
5.1849310629921259
21
-3.6542205905511809
0
LINE
8
BLACK
6
CONTINUOUS
10
5.1849310629921259
20
-3.6542205905511809
11
5.1849772834645664
21
-3.6542986220472442
0
LINE
8
BLACK
6
CONTINUOUS
10
5.1849772834645664
20
-3.6542986220472442
11
5.1850054724409445
21
-3.6543268110236218
0
LINE
8
BLACK
6
CONTINUOUS
10
5.1850054724409445
20
-3.6543268110236218
11
5.1850321653543308
21
-3.6543912204724407
0
LINE
8
BLACK
6
CONTINUOUS
10
5.1850321653543308
20
-3.6543912204724407
11
5.185226102362205
21
-3.6547186220472438
0
LINE
8
BLACK
6
CONTINUOUS
10
5.185226102362205
20
-3.6547186220472438
11
5.1956736614173229
21
-3.6771062992125985
0
LINE
8
BLACK
6
CONTINUOUS
10
5.1956736614173229
20
-3.6771062992125985
11
5.2061212992125983
21
-3.6547185826771651
0
LINE
8
BLACK
6
CONTINUOUS
10
5.2061212992125983
20
-3.6547185826771651
11
5.2063152755905513
21
-3.6543911023622044
0
LINE
8
BLACK
6
CONTINUOUS
10
5.2063152755905513
20
-3.6543911023622044
11
5.206341929133858
21
-3.6543268110236218
0
LINE
8
BLACK
6
CONTINUOUS
10
5.206341929133858
20
-3.6543268110236218
11
5.2063700393700785
21
-3.654298661417323
0
LINE
8
BLACK
6
CONTINUOUS
10
5.2063700393700785
20
-3.654298661417323
11
5.2064163385826774
21
-3.6542205511811021
0
LINE
8
BLACK
6
CONTINUOUS
10
5.2064163385826774
20
-3.6542205511811021
11
5.2067944094488192
21
-3.6538742913385827
0
LINE
8
BLACK
6
CONTINUOUS
10
5.2067944094488192
20
-3.6538742913385827
11
5.2071565748031494
21
-3.6535121653543308
0
LINE
8
BLACK
6
CONTINUOUS
10
5.2071565748031494
20
-3.6535121653543308
11
5.2072174015748027
21
-3.6534869685039371
0
LINE
8
BLACK
6
CONTINUOUS
10
5.2072174015748027
20
-3.6534869685039371
11
5.2072659842519684
21
-3.6534424803149603
0
LINE
8
BLACK
6
CONTINUOUS
10
5.2072659842519684
20
-3.6534424803149603
11
5.2077477952755906
21
-3.6532672440944882
0
LINE
8
BLACK
6
CONTINUOUS
10
5.2077477952755906
20
-3.6532672440944882
11
5.2082209842519687
21
-3.6530712598425197
0
LINE
8
BLACK
6
CONTINUOUS
10
5.2082209842519687
20
-3.6530712598425197
11
5.208286771653543
21
-3.6530712598425197
0
LINE
8
BLACK
6
CONTINUOUS
10
5.208286771653543
20
-3.6530712598425197
11
5.2083487007874014
21
-3.6530487401574803
0
LINE
8
BLACK
6
CONTINUOUS
10
5.2083487007874014
20
-3.6530487401574803
11
5.2088610629921259
21
-3.6530712598425197
0
LINE
8
BLACK
6
CONTINUOUS
10
5.2449936614173227
20
-3.6530712598425197
11
5.246058070866142
21
-3.6535121653543308
0
LINE
8
BLACK
6
CONTINUOUS
10
5.246058070866142
20
-3.6535121653543308
11
5.2468727165354325
21
-3.6543268110236218
0
LINE
8
BLACK
6
CONTINUOUS
10
5.2468727165354325
20
-3.6543268110236218
11
5.2473136220472441
21
-3.655391220472441
0
LINE
8
BLACK
6
CONTINUOUS
10
5.2473136220472441
20
-3.655391220472441
11
5.2473136220472441
21
-3.6565433464566928
0
LINE
8
BLACK
6
CONTINUOUS
10
5.2473136220472441
20
-3.6565433464566928
11
5.2468727165354325
21
-3.6576077559055116
0
LINE
8
BLACK
6
CONTINUOUS
10
5.2468727165354325
20
-3.6576077559055116
11
5.246058070866142
21
-3.658422401574803
0
LINE
8
BLACK
6
CONTINUOUS
10
5.246058070866142
20
-3.658422401574803
11
5.2449936614173227
21
-3.6588633070866141
0
LINE
8
BLACK
6
CONTINUOUS
10
5.2449936614173227
20
-3.6588633070866141
11
5.2444175984251968
21
-3.6589200393700785
0
LINE
8
BLACK
6
CONTINUOUS
10
5.2444175984251968
20
-3.6589200393700785
11
5.2361217716535435
21
-3.6589200393700785
0
LINE
8
BLACK
6
CONTINUOUS
10
5.2361217716535435
20
-3.6589200393700785
11
5.2361217716535435
21
-3.6953373622047243
0
LINE
8
BLACK
6
CONTINUOUS
10
5.2361217716535435
20
-3.6953373622047243
11
5.2360650393700787
21
-3.6959134251968502
0
LINE
8
BLACK
6
CONTINUOUS
10
5.2360650393700787
20
-3.6959134251968502
11
5.2356241338582672
21
-3.6969778346456694
0
LINE
8
BLACK
6
CONTINUOUS
10
5.2356241338582672
20
-3.6969778346456694
11
5.2348094881889766
21
-3.6977924803149604
0
LINE
8
BLACK
6
CONTINUOUS
10
5.2348094881889766
20
-3.6977924803149604
11
5.2337450787401574
21
-3.6982333858267715
0
LINE
8
BLACK
6
CONTINUOUS
10
5.2337450787401574
20
-3.6982333858267715
11
5.2325929527559056
21
-3.6982333858267715
0
LINE
8
BLACK
6
CONTINUOUS
10
5.2325929527559056
20
-3.6982333858267715
11
5.2315285433070864
21
-3.6977924803149604
0
LINE
8
BLACK
6
CONTINUOUS
10
5.2315285433070864
20
-3.6977924803149604
11
5.2307138976377949
21
-3.6969778346456694
0
LINE
8
BLACK
6
CONTINUOUS
10
5.2307138976377949
20
-3.6969778346456694
11
5.2302729921259843
21
-3.6959134251968502
0
LINE
8
BLACK
6
CONTINUOUS
10
5.2302729921259843
20
-3.6959134251968502
11
5.2302162598425195
21
-3.6953373622047243
0
LINE
8
BLACK
6
CONTINUOUS
10
5.2302162598425195
20
-3.6953373622047243
11
5.2302162598425195
21
-3.6589200393700785
0
LINE
8
BLACK
6
CONTINUOUS
10
5.2302162598425195
20
-3.6589200393700785
11
5.2219204330708662
21
-3.6589200393700785
0
LINE
8
BLACK
6
CONTINUOUS
10
5.2219204330708662
20
-3.6589200393700785
11
5.2213443700787403
21
-3.6588633070866141
0
LINE
8
BLACK
6
CONTINUOUS
10
5.2213443700787403
20
-3.6588633070866141
11
5.2202799606299211
21
-3.658422401574803
0
LINE
8
BLACK
6
CONTINUOUS
10
5.2202799606299211
20
-3.658422401574803
11
5.2194653149606296
21
-3.6576077559055116
0
LINE
8
BLACK
6
CONTINUOUS
10
5.2194653149606296
20
-3.6576077559055116
11
5.219024409448819
21
-3.6565433464566928
0
LINE
8
BLACK
6
CONTINUOUS
10
5.219024409448819
20
-3.6565433464566928
11
5.219024409448819
21
-3.655391220472441
0
LINE
8
BLACK
6
CONTINUOUS
10
5.219024409448819
20
-3.655391220472441
11
5.2194653149606296
21
-3.6543268110236218
0
LINE
8
BLACK
6
CONTINUOUS
10
5.2194653149606296
20
-3.6543268110236218
11
5.2202799606299211
21
-3.6535121653543308
0
LINE
8
BLACK
6
CONTINUOUS
10
5.2202799606299211
20
-3.6535121653543308
11
5.2213443700787403
21
-3.6530712598425197
0
LINE
8
BLACK
6
CONTINUOUS
10
5.2213443700787403
20
-3.6530712598425197
11
5.2219204330708662
21
-3.6530145275590549
0
LINE
8
BLACK
6
CONTINUOUS
10
5.2219204330708662
20
-3.6530145275590549
11
5.2444175984251968
21
-3.6530145275590549
0
LINE
8
BLACK
6
CONTINUOUS
10
5.2444175984251968
20
-3.6530145275590549
11
5.2449936614173227
21
-3.6530712598425197
0
LINE
8
BLACK
6
CONTINUOUS
10
5.4380945669291334
20
-3.6530712598425197
11
5.4381925590551177
21
-3.6531118503937008
0
LINE
8
BLACK
6
CONTINUOUS
10
5.4381925590551177
20
-3.6531118503937008
11
5.4382983858267719
21
-3.6531193700787399
0
LINE
8
BLACK
6
CONTINUOUS
10
5.4382983858267719
20
-3.6531193700787399
11
5.4388390157480311
21
-3.6533262598425198
0
LINE
8
BLACK
6
CONTINUOUS
10
5.4388390157480311
20
-3.6533262598425198
11
5.4425885433070862
21
-3.6552010236220474
0
LINE
8
BLACK
6
CONTINUOUS
10
5.4425885433070862
20
-3.6552010236220474
11
5.442836535433071
21
-3.6553570866141731
0
LINE
8
BLACK
6
CONTINUOUS
10
5.442836535433071
20
-3.6553570866141731
11
5.4429085039370078
21
-3.6553869291338583
0
LINE
8
BLACK
6
CONTINUOUS
10
5.4429085039370078
20
-3.6553869291338583
11
5.4429894488188975
21
-3.6554533858267715
0
LINE
8
BLACK
6
CONTINUOUS
10
5.4429894488188975
20
-3.6554533858267715
11
5.44307842519685
21
-3.65550937007874
0
LINE
8
BLACK
6
CONTINUOUS
10
5.44307842519685
20
-3.65550937007874
11
5.4431295669291337
21
-3.6555683464566928
0
LINE
8
BLACK
6
CONTINUOUS
10
5.4431295669291337
20
-3.6555683464566928
11
5.4433559448818896
21
-3.6557541338582675
0
LINE
8
BLACK
6
CONTINUOUS
10
5.4433559448818896
20
-3.6557541338582675
11
5.4452307086614171
21
-3.6576288976377951
0
LINE
8
BLACK
6
CONTINUOUS
10
5.4452307086614171
20
-3.6576288976377951
11
5.4454164566929135
21
-3.6578552362204722
0
LINE
8
BLACK
6
CONTINUOUS
10
5.4454164566929135
20
-3.6578552362204722
11
5.4454754724409451
21
-3.6579064173228346
0
LINE
8
BLACK
6
CONTINUOUS
10
5.4454754724409451
20
-3.6579064173228346
11
5.4455314173228349
21
-3.6579953543307084
0
LINE
8
BLACK
6
CONTINUOUS
10
5.4455314173228349
20
-3.6579953543307084
11
5.4455979133858268
21
-3.6580763385826769
0
LINE
8
BLACK
6
CONTINUOUS
10
5.4455979133858268
20
-3.6580763385826769
11
5.4456277165354328
21
-3.6581482677165353
0
LINE
8
BLACK
6
CONTINUOUS
10
5.4456277165354328
20
-3.6581482677165353
11
5.4457838188976373
21
-3.6583962992125985
0
LINE
8
BLACK
6
CONTINUOUS
10
5.4457838188976373
20
-3.6583962992125985
11
5.4476585826771649
21
-3.6621458267716536
0
LINE
8
BLACK
6
CONTINUOUS
10
5.4476585826771649
20
-3.6621458267716536
11
5.4478654724409443
21
-3.6626864173228344
0
LINE
8
BLACK
6
CONTINUOUS
10
5.4478654724409443
20
-3.6626864173228344
11
5.4478729921259843
21
-3.662792283464567
0
LINE
8
BLACK
6
CONTINUOUS
10
5.4478729921259843
20
-3.662792283464567
11
5.447913582677165
21
-3.6628902755905512
0
LINE
8
BLACK
6
CONTINUOUS
10
5.447913582677165
20
-3.6628902755905512
11
5.4479703149606298
21
-3.6634663385826771
0
LINE
8
BLACK
6
CONTINUOUS
10
5.4479703149606298
20
-3.6634663385826771
11
5.4479703149606298
21
-3.6690906299212598
0
LINE
8
BLACK
6
CONTINUOUS
10
5.4479703149606298
20
-3.6690906299212598
11
5.447913582677165
21
-3.6696666929133857
0
LINE
8
BLACK
6
CONTINUOUS
10
5.447913582677165
20
-3.6696666929133857
11
5.4478729921259843
21
-3.6697646456692912
0
LINE
8
BLACK
6
CONTINUOUS
10
5.4478729921259843
20
-3.6697646456692912
11
5.4478654724409443
21
-3.6698705511811021
0
LINE
8
BLACK
6
CONTINUOUS
10
5.4478654724409443
20
-3.6698705511811021
11
5.4476585826771649
21
-3.6704111417322833
0
LINE
8
BLACK
6
CONTINUOUS
10
5.4476585826771649
20
-3.6704111417322833
11
5.4457838188976373
21
-3.6741606692913384
0
LINE
8
BLACK
6
CONTINUOUS
10
5.4457838188976373
20
-3.6741606692913384
11
5.4456277165354328
21
-3.6744086614173228
0
LINE
8
BLACK
6
CONTINUOUS
10
5.4456277165354328
20
-3.6744086614173228
11
5.4455979133858268
21
-3.6744806299212596
0
LINE
8
BLACK
6
CONTINUOUS
10
5.4455979133858268
20
-3.6744806299212596
11
5.4455314173228349
21
-3.6745615748031497
0
LINE
8
BLACK
6
CONTINUOUS
10
5.4455314173228349
20
-3.6745615748031497
11
5.4454754724409451
21
-3.6746505511811023
0
LINE
8
BLACK
6
CONTINUOUS
10
5.4454754724409451
20
-3.6746505511811023
11
5.4454164566929135
21
-3.6747016929133856
0
LINE
8
BLACK
6
CONTINUOUS
10
5.4454164566929135
20
-3.6747016929133856
11
5.4452307086614171
21
-3.6749280708661418
0
LINE
8
BLACK
6
CONTINUOUS
10
5.4452307086614171
20
-3.6749280708661418
11
5.4433559448818896
21
-3.6768028346456694
0
LINE
8
BLACK
6
CONTINUOUS
10
5.4433559448818896
20
-3.6768028346456694
11
5.4431295669291337
21
-3.6769885826771653
0
LINE
8
BLACK
6
CONTINUOUS
10
5.4431295669291337
20
-3.6769885826771653
11
5.44307842519685
21
-3.6770475984251969
0
LINE
8
BLACK
6
CONTINUOUS
10
5.44307842519685
20
-3.6770475984251969
11
5.4429894488188975
21
-3.6771035433070867
0
LINE
8
BLACK
6
CONTINUOUS
10
5.4429894488188975
20
-3.6771035433070867
11
5.4429085039370078
21
-3.6771700393700786
0
LINE
8
BLACK
6
CONTINUOUS
10
5.4429085039370078
20
-3.6771700393700786
11
5.442836535433071
21
-3.677199842519685
0
LINE
8
BLACK
6
CONTINUOUS
10
5.442836535433071
20
-3.677199842519685
11
5.4425885433070862
21
-3.6773559448818895
0
LINE
8
BLACK
6
CONTINUOUS
10
5.4425885433070862
20
-3.6773559448818895
11
5.4388390157480311
21
-3.6792307086614171
0
LINE
8
BLACK
6
CONTINUOUS
10
5.4388390157480311
20
-3.6792307086614171
11
5.4382983858267719
21
-3.6794375984251966
0
LINE
8
BLACK
6
CONTINUOUS
10
5.4382983858267719
20
-3.6794375984251966
11
5.4381925590551177
21
-3.6794450787401574
0
LINE
8
BLACK
6
CONTINUOUS
10
5.4381925590551177
20
-3.6794450787401574
11
5.4380945669291334
21
-3.6794857086614172
0
LINE
8
BLACK
6
CONTINUOUS
10
5.4380945669291334
20
-3.6794857086614172
11
5.4375185039370075
21
-3.6795424409448816
0
LINE
8
BLACK
6
CONTINUOUS
10
5.4375185039370075
20
-3.6795424409448816
11
5.4254731496062991
21
-3.6795424409448816
0
LINE
8
BLACK
6
CONTINUOUS
10
5.4254731496062991
20
-3.6795424409448816
11
5.4254731496062991
21
-3.6953373622047243
0
LINE
8
BLACK
6
CONTINUOUS
10
5.4254731496062991
20
-3.6953373622047243
11
5.4254164173228343
21
-3.6959134251968502
0
LINE
8
BLACK
6
CONTINUOUS
10
5.4254164173228343
20
-3.6959134251968502
11
5.4249755118110237
21
-3.6969778346456694
0
LINE
8
BLACK
6
CONTINUOUS
10
5.4249755118110237
20
-3.6969778346456694
11
5.4241608661417322
21
-3.6977924803149604
0
LINE
8
BLACK
6
CONTINUOUS
10
5.4241608661417322
20
-3.6977924803149604
11
5.423096456692913
21
-3.6982333858267715
0
LINE
8
BLACK
6
CONTINUOUS
10
5.423096456692913
20
-3.6982333858267715
11
5.4219443307086612
21
-3.6982333858267715
0
LINE
8
BLACK
6
CONTINUOUS
10
5.4219443307086612
20
-3.6982333858267715
11
5.420879921259842
21
-3.6977924803149604
0
LINE
8
BLACK
6
CONTINUOUS
10
5.420879921259842
20
-3.6977924803149604
11
5.4200652755905514
21
-3.6969778346456694
0
LINE
8
BLACK
6
CONTINUOUS
10
5.4200652755905514
20
-3.6969778346456694
11
5.4196243700787399
21
-3.6959134251968502
0
LINE
8
BLACK
6
CONTINUOUS
10
5.4196243700787399
20
-3.6959134251968502
11
5.4195676377952751
21
-3.6953373622047243
0
LINE
8
BLACK
6
CONTINUOUS
10
5.4195676377952751
20
-3.6953373622047243
11
5.4195676377952751
21
-3.6559672834645669
0
LINE
8
BLACK
6
CONTINUOUS
10
5.4195676377952751
20
-3.6559672834645669
11
5.4196243700787399
21
-3.655391220472441
0
LINE
8
BLACK
6
CONTINUOUS
10
5.4196243700787399
20
-3.655391220472441
11
5.4200652755905514
21
-3.6543268110236218
0
LINE
8
BLACK
6
CONTINUOUS
10
5.4200652755905514
20
-3.6543268110236218
11
5.420879921259842
21
-3.6535121653543308
0
LINE
8
BLACK
6
CONTINUOUS
10
5.420879921259842
20
-3.6535121653543308
11
5.4219443307086612
21
-3.6530712598425197
0
LINE
8
BLACK
6
CONTINUOUS
10
5.4219443307086612
20
-3.6530712598425197
11
5.4225203937007871
21
-3.6530145275590549
0
LINE
8
BLACK
6
CONTINUOUS
10
5.4225203937007871
20
-3.6530145275590549
11
5.4375185039370075
21
-3.6530145275590549
0
LINE
8
BLACK
6
CONTINUOUS
10
5.4375185039370075
20
-3.6530145275590549
11
5.4380945669291334
21
-3.6530712598425197
0
LINE
8
BLACK
6
CONTINUOUS
10
5.4254731496062991
20
-3.673636929133858
11
5.4368214566929129
21
-3.673636929133858
0
LINE
8
BLACK
6
CONTINUOUS
10
5.4368214566929129
20
-3.673636929133858
11
5.4395189370078736
21
-3.6722881889763777
0
LINE
8
BLACK
6
CONTINUOUS
10
5.4395189370078736
20
-3.6722881889763777
11
5.4407160629921263
21
-3.6710910629921258
0
LINE
8
BLACK
6
CONTINUOUS
10
5.4407160629921263
20
-3.6710910629921258
11
5.4420648031496066
21
-3.6683935826771652
0
LINE
8
BLACK
6
CONTINUOUS
10
5.4420648031496066
20
-3.6683935826771652
11
5.4420648031496066
21
-3.6641633858267717
0
LINE
8
BLACK
6
CONTINUOUS
10
5.4420648031496066
20
-3.6641633858267717
11
5.4407160629921263
21
-3.6614659055118111
0
LINE
8
BLACK
6
CONTINUOUS
10
5.4407160629921263
20
-3.6614659055118111
11
5.4395189370078736
21
-3.6602687795275588
0
LINE
8
BLACK
6
CONTINUOUS
10
5.4395189370078736
20
-3.6602687795275588
11
5.4368214566929129
21
-3.6589200393700785
0
LINE
8
BLACK
6
CONTINUOUS
10
5.4368214566929129
20
-3.6589200393700785
11
5.4254731496062991
21
-3.6589200393700785
0
LINE
8
BLACK
6
CONTINUOUS
10
5.4254731496062991
20
-3.6589200393700785
11
5.4254731496062991
21
-3.673636929133858
0
LINE
8
BLACK
6
CONTINUOUS
10
5.5331955511811026
20
-3.6530712598425197
11
5.5337075984251971
21
-3.6530712598425197
0
LINE
8
BLACK
6
CONTINUOUS
10
5.5337075984251971
20
-3.6530712598425197
11
5.5337683464566929
21
-3.6530964173228346
0
LINE
8
BLACK
6
CONTINUOUS
10
5.5337683464566929
20
-3.6530964173228346
11
5.5338342125984248
21
-3.6530993307086614
0
LINE
8
BLACK
6
CONTINUOUS
10
5.5338342125984248
20
-3.6530993307086614
11
5.5342990551181099
21
-3.653316220472441
0
LINE
8
BLACK
6
CONTINUOUS
10
5.5342990551181099
20
-3.653316220472441
11
5.5347720078740155
21
-3.6535121653543308
0
LINE
8
BLACK
6
CONTINUOUS
10
5.5347720078740155
20
-3.6535121653543308
11
5.5348185039370081
21
-3.6535586614173226
0
LINE
8
BLACK
6
CONTINUOUS
10
5.5348185039370081
20
-3.6535586614173226
11
5.5348782283464564
21
-3.653586535433071
0
LINE
8
BLACK
6
CONTINUOUS
10
5.5348782283464564
20
-3.653586535433071
11
5.5352244488188971
21
-3.6539646062992124
0
LINE
8
BLACK
6
CONTINUOUS
10
5.5352244488188971
20
-3.6539646062992124
11
5.5355866535433069
21
-3.6543268110236218
0
LINE
8
BLACK
6
CONTINUOUS
10
5.5355866535433069
20
-3.6543268110236218
11
5.5356118503937006
21
-3.6543876377952755
0
LINE
8
BLACK
6
CONTINUOUS
10
5.5356118503937006
20
-3.6543876377952755
11
5.5356563385826769
21
-3.6544362204724408
0
LINE
8
BLACK
6
CONTINUOUS
10
5.5356563385826769
20
-3.6544362204724408
11
5.5358314173228349
21
-3.654917716535433
0
LINE
8
BLACK
6
CONTINUOUS
10
5.5358314173228349
20
-3.654917716535433
11
5.5360275590551176
21
-3.655391220472441
0
LINE
8
BLACK
6
CONTINUOUS
10
5.5360275590551176
20
-3.655391220472441
11
5.536036456692913
21
-3.6554815748031495
0
LINE
8
BLACK
6
CONTINUOUS
10
5.536036456692913
20
-3.6554815748031495
11
5.5360500393700782
21
-3.6555189370078738
0
LINE
8
BLACK
6
CONTINUOUS
10
5.5360500393700782
20
-3.6555189370078738
11
5.5360469685039373
21
-3.6555884645669292
0
LINE
8
BLACK
6
CONTINUOUS
10
5.5360469685039373
20
-3.6555884645669292
11
5.5360842913385824
21
-3.6559672834645669
0
LINE
8
BLACK
6
CONTINUOUS
10
5.5360842913385824
20
-3.6559672834645669
11
5.5360842913385824
21
-3.6953373622047243
0
LINE
8
BLACK
6
CONTINUOUS
10
5.5360842913385824
20
-3.6953373622047243
11
5.5360275590551176
21
-3.6959134251968502
0
LINE
8
BLACK
6
CONTINUOUS
10
5.5360275590551176
20
-3.6959134251968502
11
5.5355866535433069
21
-3.6969778346456694
0
LINE
8
BLACK
6
CONTINUOUS
10
5.5355866535433069
20
-3.6969778346456694
11
5.5347720078740155
21
-3.6977924803149604
0
LINE
8
BLACK
6
CONTINUOUS
10
5.5347720078740155
20
-3.6977924803149604
11
5.5337075984251971
21
-3.6982333858267715
0
LINE
8
BLACK
6
CONTINUOUS
10
5.5337075984251971
20
-3.6982333858267715
11
5.5325554724409445
21
-3.6982333858267715
0
LINE
8
BLACK
6
CONTINUOUS
10
5.5325554724409445
20
-3.6982333858267715
11
5.5314910629921261
21
-3.6977924803149604
0
LINE
8
BLACK
6
CONTINUOUS
10
5.5314910629921261
20
-3.6977924803149604
11
5.5306764173228347
21
-3.6969778346456694
0
LINE
8
BLACK
6
CONTINUOUS
10
5.5306764173228347
20
-3.6969778346456694
11
5.5302355118110231
21
-3.6959134251968502
0
LINE
8
BLACK
6
CONTINUOUS
10
5.5302355118110231
20
-3.6959134251968502
11
5.5301787795275592
21
-3.6953373622047243
0
LINE
8
BLACK
6
CONTINUOUS
10
5.5301787795275592
20
-3.6953373622047243
11
5.5301787795275592
21
-3.6692770078740158
0
LINE
8
BLACK
6
CONTINUOUS
10
5.5301787795275592
20
-3.6692770078740158
11
5.5226839370078737
21
-3.6853374015748033
0
LINE
8
BLACK
6
CONTINUOUS
10
5.5226839370078737
20
-3.6853374015748033
11
5.5225589763779528
21
-3.6855483070866142
0
LINE
8
BLACK
6
CONTINUOUS
10
5.5225589763779528
20
-3.6855483070866142
11
5.522532992125984
21
-3.6856198031496064
0
LINE
8
BLACK
6
CONTINUOUS
10
5.522532992125984
20
-3.6856198031496064
11
5.5224866535433073
21
-3.6856703543307088
0
LINE
8
BLACK
6
CONTINUOUS
10
5.5224866535433073
20
-3.6856703543307088
11
5.5223888976377955
21
-3.6858354330708663
0
LINE
8
BLACK
6
CONTINUOUS
10
5.5223888976377955
20
-3.6858354330708663
11
5.5220580708661418
21
-3.6861383464566928
0
LINE
8
BLACK
6
CONTINUOUS
10
5.5220580708661418
20
-3.6861383464566928
11
5.5217548818897635
21
-3.6864694881889761
0
LINE
8
BLACK
6
CONTINUOUS
10
5.5217548818897635
20
-3.6864694881889761
11
5.5216359055118112
21
-3.6865249606299213
0
LINE
8
BLACK
6
CONTINUOUS
10
5.5216359055118112
20
-3.6865249606299213
11
5.5215392519685036
21
-3.6866135433070863
0
LINE
8
BLACK
6
CONTINUOUS
10
5.5215392519685036
20
-3.6866135433070863
11
5.5211177559055118
21
-3.6867667716535433
0
LINE
8
BLACK
6
CONTINUOUS
10
5.5211177559055118
20
-3.6867667716535433
11
5.5207108661417319
21
-3.6869566929133857
0
LINE
8
BLACK
6
CONTINUOUS
10
5.5207108661417319
20
-3.6869566929133857
11
5.5205796850393698
21
-3.6869624409448818
0
LINE
8
BLACK
6
CONTINUOUS
10
5.5205796850393698
20
-3.6869624409448818
11
5.5204565354330706
21
-3.6870072440944881
0
LINE
8
BLACK
6
CONTINUOUS
10
5.5204565354330706
20
-3.6870072440944881
11
5.52000842519685
21
-3.686987559055118
0
LINE
8
BLACK
6
CONTINUOUS
10
5.52000842519685
20
-3.686987559055118
11
5.5195598425196852
21
-3.6870072834645669
0
LINE
8
BLACK
6
CONTINUOUS
10
5.5195598425196852
20
-3.6870072834645669
11
5.519436535433071
21
-3.6869624409448818
0
LINE
8
BLACK
6
CONTINUOUS
10
5.519436535433071
20
-3.6869624409448818
11
5.5193055118110239
21
-3.6869566929133857
0
LINE
8
BLACK
6
CONTINUOUS
10
5.5193055118110239
20
-3.6869566929133857
11
5.5188988582677165
21
-3.6867668897637795
0
LINE
8
BLACK
6
CONTINUOUS
10
5.5188988582677165
20
-3.6867668897637795
11
5.5184771259842522
21
-3.6866135433070863
0
LINE
8
BLACK
6
CONTINUOUS
10
5.5184771259842522
20
-3.6866135433070863
11
5.5183803149606296
21
-3.6865248818897638
0
LINE
8
BLACK
6
CONTINUOUS
10
5.5183803149606296
20
-3.6865248818897638
11
5.5182614960629923
21
-3.6864694488188974
0
LINE
8
BLACK
6
CONTINUOUS
10
5.5182614960629923
20
-3.6864694488188974
11
5.5179585433070866
21
-3.6861386220472441
0
LINE
8
BLACK
6
CONTINUOUS
10
5.5179585433070866
20
-3.6861386220472441
11
5.5176274803149603
21
-3.685835472440945
0
LINE
8
BLACK
6
CONTINUOUS
10
5.5176274803149603
20
-3.685835472440945
11
5.5175296062992123
21
-3.6856702755905513
0
LINE
8
BLACK
6
CONTINUOUS
10
5.5175296062992123
20
-3.6856702755905513
11
5.5174833858267718
21
-3.6856198031496064
0
LINE
8
BLACK
6
CONTINUOUS
10
5.5174833858267718
20
-3.6856198031496064
11
5.517457401574803
21
-3.6855484251968504
0
LINE
8
BLACK
6
CONTINUOUS
10
5.517457401574803
20
-3.6855484251968504
11
5.5173324409448821
21
-3.685337440944882
0
LINE
8
BLACK
6
CONTINUOUS
10
5.5173324409448821
20
-3.685337440944882
11
5.5098375984251966
21
-3.6692770078740158
0
LINE
8
BLACK
6
CONTINUOUS
10
5.5098375984251966
20
-3.6692770078740158
11
5.5098375984251966
21
-3.6953373622047243
0
LINE
8
BLACK
6
CONTINUOUS
10
5.5098375984251966
20
-3.6953373622047243
11
5.5097808661417318
21
-3.6959134251968502
0
LINE
8
BLACK
6
CONTINUOUS
10
5.5097808661417318
20
-3.6959134251968502
11
5.5093399606299212
21
-3.6969778346456694
0
LINE
8
BLACK
6
CONTINUOUS
10
5.5093399606299212
20
-3.6969778346456694
11
5.5085253149606297
21
-3.6977924803149604
0
LINE
8
BLACK
6
CONTINUOUS
10
5.5085253149606297
20
-3.6977924803149604
11
5.5074609055118113
21
-3.6982333858267715
0
LINE
8
BLACK
6
CONTINUOUS
10
5.5074609055118113
20
-3.6982333858267715
11
5.5063087795275587
21
-3.6982333858267715
0
LINE
8
BLACK
6
CONTINUOUS
10
5.5063087795275587
20
-3.6982333858267715
11
5.5052443700787403
21
-3.6977924803149604
0
LINE
8
BLACK
6
CONTINUOUS
10
5.5052443700787403
20
-3.6977924803149604
11
5.5044297244094489
21
-3.6969778346456694
0
LINE
8
BLACK
6
CONTINUOUS
10
5.5044297244094489
20
-3.6969778346456694
11
5.5039888188976374
21
-3.6959134251968502
0
LINE
8
BLACK
6
CONTINUOUS
10
5.5039888188976374
20
-3.6959134251968502
11
5.5039320866141734
21
-3.6953373622047243
0
LINE
8
BLACK
6
CONTINUOUS
10
5.5039320866141734
20
-3.6953373622047243
11
5.5039320866141734
21
-3.6559672834645669
0
LINE
8
BLACK
6
CONTINUOUS
10
5.5039320866141734
20
-3.6559672834645669
11
5.5039693700787398
21
-3.6555884645669292
0
LINE
8
BLACK
6
CONTINUOUS
10
5.5039693700787398
20
-3.6555884645669292
11
5.5039663385826767
21
-3.6555189370078738
0
LINE
8
BLACK
6
CONTINUOUS
10
5.5039663385826767
20
-3.6555189370078738
11
5.5039798818897641
21
-3.6554815748031495
0
LINE
8
BLACK
6
CONTINUOUS
10
5.5039798818897641
20
-3.6554815748031495
11
5.5039888188976374
21
-3.655391220472441
0
LINE
8
BLACK
6
CONTINUOUS
10
5.5039888188976374
20
-3.655391220472441
11
5.5041849212598422
21
-3.654917716535433
0
LINE
8
BLACK
6
CONTINUOUS
10
5.5041849212598422
20
-3.654917716535433
11
5.5043600393700789
21
-3.6544362204724408
0
LINE
8
BLACK
6
CONTINUOUS
10
5.5043600393700789
20
-3.6544362204724408
11
5.5044044881889764
21
-3.6543876377952755
0
LINE
8
BLACK
6
CONTINUOUS
10
5.5044044881889764
20
-3.6543876377952755
11
5.5044297244094489
21
-3.6543268110236218
0
LINE
8
BLACK
6
CONTINUOUS
10
5.5044297244094489
20
-3.6543268110236218
11
5.5047921259842516
21
-3.6539643700787399
0
LINE
8
BLACK
6
CONTINUOUS
10
5.5047921259842516
20
-3.6539643700787399
11
5.5051381496062994
21
-3.6535865748031497
0
LINE
8
BLACK
6
CONTINUOUS
10
5.5051381496062994
20
-3.6535865748031497
11
5.5051977952755902
21
-3.6535587007874013
0
LINE
8
BLACK
6
CONTINUOUS
10
5.5051977952755902
20
-3.6535587007874013
11
5.5052443700787403
21
-3.6535121653543308
0
LINE
8
BLACK
6
CONTINUOUS
10
5.5052443700787403
20
-3.6535121653543308
11
5.5057176377952759
21
-3.6533161023622047
0
LINE
8
BLACK
6
CONTINUOUS
10
5.5057176377952759
20
-3.6533161023622047
11
5.506182165354331
21
-3.6530993307086614
0
LINE
8
BLACK
6
CONTINUOUS
10
5.506182165354331
20
-3.6530993307086614
11
5.5062479527559054
21
-3.6530964173228346
0
LINE
8
BLACK
6
CONTINUOUS
10
5.5062479527559054
20
-3.6530964173228346
11
5.5063087795275587
21
-3.6530712598425197
0
LINE
8
BLACK
6
CONTINUOUS
10
5.5063087795275587
20
-3.6530712598425197
11
5.506821338582677
21
-3.6530712598425197
0
LINE
8
BLACK
6
CONTINUOUS
10
5.506821338582677
20
-3.6530712598425197
11
5.5073331889763777
21
-3.653048779527559
0
LINE
8
BLACK
6
CONTINUOUS
10
5.5073331889763777
20
-3.653048779527559
11
5.5073949999999998
21
-3.6530712598425197
0
LINE
8
BLACK
6
CONTINUOUS
10
5.5073949999999998
20
-3.6530712598425197
11
5.5074609055118113
21
-3.6530712598425197
0
LINE
8
BLACK
6
CONTINUOUS
10
5.5074609055118113
20
-3.6530712598425197
11
5.5079343700787398
21
-3.6532673622047245
0
LINE
8
BLACK
6
CONTINUOUS
10
5.5079343700787398
20
-3.6532673622047245
11
5.5084159055118107
21
-3.6534424803149603
0
LINE
8
BLACK
6
CONTINUOUS
10
5.5084159055118107
20
-3.6534424803149603
11
5.5084644488188976
21
-3.6534869291338583
0
LINE
8
BLACK
6
CONTINUOUS
10
5.5084644488188976
20
-3.6534869291338583
11
5.5085253149606297
21
-3.6535121653543308
0
LINE
8
BLACK
6
CONTINUOUS
10
5.5085253149606297
20
-3.6535121653543308
11
5.5088877165354333
21
-3.6538745669291339
0
LINE
8
BLACK
6
CONTINUOUS
10
5.5088877165354333
20
-3.6538745669291339
11
5.5092655511811026
21
-3.6542205905511809
0
LINE
8
BLACK
6
CONTINUOUS
10
5.5092655511811026
20
-3.6542205905511809
11
5.5093117716535431
21
-3.6542986220472442
0
LINE
8
BLACK
6
CONTINUOUS
10
5.5093117716535431
20
-3.6542986220472442
11
5.5093399606299212
21
-3.6543268110236218
0
LINE
8
BLACK
6
CONTINUOUS
10
5.5093399606299212
20
-3.6543268110236218
11
5.5093666535433066
21
-3.6543912204724407
0
LINE
8
BLACK
6
CONTINUOUS
10
5.5093666535433066
20
-3.6543912204724407
11
5.5095605905511809
21
-3.6547186220472438
0
LINE
8
BLACK
6
CONTINUOUS
10
5.5095605905511809
20
-3.6547186220472438
11
5.5200081496062987
21
-3.6771062992125985
0
LINE
8
BLACK
6
CONTINUOUS
10
5.5200081496062987
20
-3.6771062992125985
11
5.530455787401575
21
-3.6547185826771651
0
LINE
8
BLACK
6
CONTINUOUS
10
5.530455787401575
20
-3.6547185826771651
11
5.5306497637795271
21
-3.6543911023622044
0
LINE
8
BLACK
6
CONTINUOUS
10
5.5306497637795271
20
-3.6543911023622044
11
5.5306764173228347
21
-3.6543268110236218
0
LINE
8
BLACK
6
CONTINUOUS
10
5.5306764173228347
20
-3.6543268110236218
11
5.5307045275590552
21
-3.654298661417323
0
LINE
8
BLACK
6
CONTINUOUS
10
5.5307045275590552
20
-3.654298661417323
11
5.5307508267716532
21
-3.6542205511811021
0
LINE
8
BLACK
6
CONTINUOUS
10
5.5307508267716532
20
-3.6542205511811021
11
5.531128897637795
21
-3.6538742913385827
0
LINE
8
BLACK
6
CONTINUOUS
10
5.531128897637795
20
-3.6538742913385827
11
5.5314910629921261
21
-3.6535121653543308
0
LINE
8
BLACK
6
CONTINUOUS
10
5.5314910629921261
20
-3.6535121653543308
11
5.5315518897637794
21
-3.6534869685039371
0
LINE
8
BLACK
6
CONTINUOUS
10
5.5315518897637794
20
-3.6534869685039371
11
5.5316004724409451
21
-3.6534424803149603
0
LINE
8
BLACK
6
CONTINUOUS
10
5.5316004724409451
20
-3.6534424803149603
11
5.5320822834645664
21
-3.6532672440944882
0
LINE
8
BLACK
6
CONTINUOUS
10
5.5320822834645664
20
-3.6532672440944882
11
5.5325554724409445
21
-3.6530712598425197
0
LINE
8
BLACK
6
CONTINUOUS
10
5.5325554724409445
20
-3.6530712598425197
11
5.5326212598425197
21
-3.6530712598425197
0
LINE
8
BLACK
6
CONTINUOUS
10
5.5326212598425197
20
-3.6530712598425197
11
5.5326831889763781
21
-3.6530487401574803
0
LINE
8
BLACK
6
CONTINUOUS
10
5.5326831889763781
20
-3.6530487401574803
11
5.5331955511811026
21
-3.6530712598425197
0
LINE
8
BLACK
6
CONTINUOUS
10
5.2591814566929136
20
-3.5535121653543307
11
5.2599961023622042
21
-3.5543268110236221
0
LINE
8
BLACK
6
CONTINUOUS
10
5.2599961023622042
20
-3.5543268110236221
11
5.2604370078740157
21
-3.5553912204724409
0
LINE
8
BLACK
6
CONTINUOUS
10
5.2604370078740157
20
-3.5553912204724409
11
5.2604937401574805
21
-3.5559672834645668
0
LINE
8
BLACK
6
CONTINUOUS
10
5.2604937401574805
20
-3.5559672834645668
11
5.2604937401574805
21
-3.5923846062992126
0
LINE
8
BLACK
6
CONTINUOUS
10
5.2604937401574805
20
-3.5923846062992126
11
5.276288622047244
21
-3.5923846062992126
0
LINE
8
BLACK
6
CONTINUOUS
10
5.276288622047244
20
-3.5923846062992126
11
5.2768646850393699
21
-3.592441338582677
0
LINE
8
BLACK
6
CONTINUOUS
10
5.2768646850393699
20
-3.592441338582677
11
5.2779290944881891
21
-3.5928822440944881
0
LINE
8
BLACK
6
CONTINUOUS
10
5.2779290944881891
20
-3.5928822440944881
11
5.2787437401574806
21
-3.5936968897637795
0
LINE
8
BLACK
6
CONTINUOUS
10
5.2787437401574806
20
-3.5936968897637795
11
5.2791846456692912
21
-3.5947612992125983
0
LINE
8
BLACK
6
CONTINUOUS
10
5.2791846456692912
20
-3.5947612992125983
11
5.2791846456692912
21
-3.5959134251968505
0
LINE
8
BLACK
6
CONTINUOUS
10
5.2791846456692912
20
-3.5959134251968505
11
5.2789884251968502
21
-3.5963870472440944
0
LINE
8
BLACK
6
CONTINUOUS
10
5.2789884251968502
20
-3.5963870472440944
11
5.279462125984252
21
-3.5961908661417321
0
LINE
8
BLACK
6
CONTINUOUS
10
5.279462125984252
20
-3.5961908661417321
11
5.2800381889763779
21
-3.5961341338582677
0
LINE
8
BLACK
6
CONTINUOUS
10
5.2800381889763779
20
-3.5961341338582677
11
5.3100344094488188
21
-3.5961341338582677
0
LINE
8
BLACK
6
CONTINUOUS
10
5.3100344094488188
20
-3.5961341338582677
11
5.3106104724409446
21
-3.5961908661417321
0
LINE
8
BLACK
6
CONTINUOUS
10
5.3106104724409446
20
-3.5961908661417321
11
5.3116748818897639
21
-3.5966317716535432
0
LINE
8
BLACK
6
CONTINUOUS
10
5.3116748818897639
20
-3.5966317716535432
11
5.3124895275590553
21
-3.5974464173228347
0
LINE
8
BLACK
6
CONTINUOUS
10
5.3124895275590553
20
-3.5974464173228347
11
5.312930433070866
21
-3.5985108267716535
0
LINE
8
BLACK
6
CONTINUOUS
10
5.312930433070866
20
-3.5985108267716535
11
5.312930433070866
21
-3.5996629527559056
0
LINE
8
BLACK
6
CONTINUOUS
10
5.312930433070866
20
-3.5996629527559056
11
5.3124895275590553
21
-3.6007273622047244
0
LINE
8
BLACK
6
CONTINUOUS
10
5.3124895275590553
20
-3.6007273622047244
11
5.3116748818897639
21
-3.6015420078740155
0
LINE
8
BLACK
6
CONTINUOUS
10
5.3116748818897639
20
-3.6015420078740155
11
5.3106104724409446
21
-3.6019829133858265
0
LINE
8
BLACK
6
CONTINUOUS
10
5.3106104724409446
20
-3.6019829133858265
11
5.3100344094488188
21
-3.6020396456692914
0
LINE
8
BLACK
6
CONTINUOUS
10
5.3100344094488188
20
-3.6020396456692914
11
5.2800381889763779
21
-3.6020396456692914
0
LINE
8
BLACK
6
CONTINUOUS
10
5.2800381889763779
20
-3.6020396456692914
11
5.279462125984252
21
-3.6019829133858265
0
LINE
8
BLACK
6
CONTINUOUS
10
5.279462125984252
20
-3.6019829133858265
11
5.2783977165354328
21
-3.6015420078740155
0
LINE
8
BLACK
6
CONTINUOUS
10
5.2783977165354328
20
-3.6015420078740155
11
5.2775830708661413
21
-3.6007273622047244
0
LINE
8
BLACK
6
CONTINUOUS
10
5.2775830708661413
20
-3.6007273622047244
11
5.2771421653543307
21
-3.5996629527559056
0
LINE
8
BLACK
6
CONTINUOUS
10
5.2771421653543307
20
-3.5996629527559056
11
5.2771421653543307
21
-3.5985108267716535
0
LINE
8
BLACK
6
CONTINUOUS
10
5.2771421653543307
20
-3.5985108267716535
11
5.277338346456693
21
-3.5980371653543308
0
LINE
8
BLACK
6
CONTINUOUS
10
5.277338346456693
20
-3.5980371653543308
11
5.2768646850393699
21
-3.5982333858267714
0
LINE
8
BLACK
6
CONTINUOUS
10
5.2768646850393699
20
-3.5982333858267714
11
5.276288622047244
21
-3.5982901181102362
0
LINE
8
BLACK
6
CONTINUOUS
10
5.276288622047244
20
-3.5982901181102362
11
5.2575409842519685
21
-3.5982901181102362
0
LINE
8
BLACK
6
CONTINUOUS
10
5.2575409842519685
20
-3.5982901181102362
11
5.2569649212598426
21
-3.5982333858267714
0
LINE
8
BLACK
6
CONTINUOUS
10
5.2569649212598426
20
-3.5982333858267714
11
5.2559005118110234
21
-3.5977924803149604
0
LINE
8
BLACK
6
CONTINUOUS
10
5.2559005118110234
20
-3.5977924803149604
11
5.2550858661417319
21
-3.5969778346456693
0
LINE
8
BLACK
6
CONTINUOUS
10
5.2550858661417319
20
-3.5969778346456693
11
5.2546449606299213
21
-3.5959134251968505
0
LINE
8
BLACK
6
CONTINUOUS
10
5.2546449606299213
20
-3.5959134251968505
11
5.2545882283464564
21
-3.5953373622047242
0
LINE
8
BLACK
6
CONTINUOUS
10
5.2545882283464564
20
-3.5953373622047242
11
5.2545882283464564
21
-3.5559672834645668
0
LINE
8
BLACK
6
CONTINUOUS
10
5.2545882283464564
20
-3.5559672834645668
11
5.2546449606299213
21
-3.5553912204724409
0
LINE
8
BLACK
6
CONTINUOUS
10
5.2546449606299213
20
-3.5553912204724409
11
5.2550858661417319
21
-3.5543268110236221
0
LINE
8
BLACK
6
CONTINUOUS
10
5.2550858661417319
20
-3.5543268110236221
11
5.2559005118110234
21
-3.5535121653543307
0
LINE
8
BLACK
6
CONTINUOUS
10
5.2559005118110234
20
-3.5535121653543307
11
5.2569649212598426
21
-3.5530712598425196
0
LINE
8
BLACK
6
CONTINUOUS
10
5.2569649212598426
20
-3.5530712598425196
11
5.2581170472440943
21
-3.5530712598425196
0
LINE
8
BLACK
6
CONTINUOUS
10
5.2581170472440943
20
-3.5530712598425196
11
5.2591814566929136
21
-3.5535121653543307
0
LINE
8
BLACK
6
CONTINUOUS
10
5.4137225984251964
20
-3.5961908661417321
11
5.4147870078740157
21
-3.5966317716535432
0
LINE
8
BLACK
6
CONTINUOUS
10
5.4147870078740157
20
-3.5966317716535432
11
5.4156016535433071
21
-3.5974464173228347
0
LINE
8
BLACK
6
CONTINUOUS
10
5.4156016535433071
20
-3.5974464173228347
11
5.4160425590551178
21
-3.5985108267716535
0
LINE
8
BLACK
6
CONTINUOUS
10
5.4160425590551178
20
-3.5985108267716535
11
5.4160425590551178
21
-3.5996629527559056
0
LINE
8
BLACK
6
CONTINUOUS
10
5.4160425590551178
20
-3.5996629527559056
11
5.4156016535433071
21
-3.6007273622047244
0
LINE
8
BLACK
6
CONTINUOUS
10
5.4156016535433071
20
-3.6007273622047244
11
5.4147870078740157
21
-3.6015420078740155
0
LINE
8
BLACK
6
CONTINUOUS
10
5.4147870078740157
20
-3.6015420078740155
11
5.4137225984251964
21
-3.6019829133858265
0
LINE
8
BLACK
6
CONTINUOUS
10
5.4137225984251964
20
-3.6019829133858265
11
5.4131465354330706
21
-3.6020396456692914
0
LINE
8
BLACK
6
CONTINUOUS
10
5.4131465354330706
20
-3.6020396456692914
11
5.3831503149606297
21
-3.6020396456692914
0
LINE
8
BLACK
6
CONTINUOUS
10
5.3831503149606297
20
-3.6020396456692914
11
5.3825742519685038
21
-3.6019829133858265
0
LINE
8
BLACK
6
CONTINUOUS
10
5.3825742519685038
20
-3.6019829133858265
11
5.3815098425196846
21
-3.6015420078740155
0
LINE
8
BLACK
6
CONTINUOUS
10
5.3815098425196846
20
-3.6015420078740155
11
5.380695196850394
21
-3.6007273622047244
0
LINE
8
BLACK
6
CONTINUOUS
10
5.380695196850394
20
-3.6007273622047244
11
5.3802542913385825
21
-3.5996629527559056
0
LINE
8
BLACK
6
CONTINUOUS
10
5.3802542913385825
20
-3.5996629527559056
11
5.3802542913385825
21
-3.5985108267716535
0
LINE
8
BLACK
6
CONTINUOUS
10
5.3802542913385825
20
-3.5985108267716535
11
5.380695196850394
21
-3.5974464173228347
0
LINE
8
BLACK
6
CONTINUOUS
10
5.380695196850394
20
-3.5974464173228347
11
5.3815098425196846
21
-3.5966317716535432
0
LINE
8
BLACK
6
CONTINUOUS
10
5.3815098425196846
20
-3.5966317716535432
11
5.3825742519685038
21
-3.5961908661417321
0
LINE
8
BLACK
6
CONTINUOUS
10
5.3825742519685038
20
-3.5961908661417321
11
5.3831503149606297
21
-3.5961341338582677
0
LINE
8
BLACK
6
CONTINUOUS
10
5.3831503149606297
20
-3.5961341338582677
11
5.4131465354330706
21
-3.5961341338582677
0
LINE
8
BLACK
6
CONTINUOUS
10
5.4131465354330706
20
-3.5961341338582677
11
5.4137225984251964
21
-3.5961908661417321
0
LINE
8
BLACK
6
CONTINUOUS
10
5.3210487401574804
20
-3.5535121653543307
11
5.3218633858267719
21
-3.5543268110236221
0
LINE
8
BLACK
6
CONTINUOUS
10
5.3218633858267719
20
-3.5543268110236221
11
5.3223042913385825
21
-3.5553912204724409
0
LINE
8
BLACK
6
CONTINUOUS
10
5.3223042913385825
20
-3.5553912204724409
11
5.3223610236220473
21
-3.5559672834645668
0
LINE
8
BLACK
6
CONTINUOUS
10
5.3223610236220473
20
-3.5559672834645668
11
5.3223610236220473
21
-3.5923846062992126
0
LINE
8
BLACK
6
CONTINUOUS
10
5.3223610236220473
20
-3.5923846062992126
11
5.3381559055118109
21
-3.5923846062992126
0
LINE
8
BLACK
6
CONTINUOUS
10
5.3381559055118109
20
-3.5923846062992126
11
5.3387319685039367
21
-3.592441338582677
0
LINE
8
BLACK
6
CONTINUOUS
10
5.3387319685039367
20
-3.592441338582677
11
5.339796377952756
21
-3.5928822440944881
0
LINE
8
BLACK
6
CONTINUOUS
10
5.339796377952756
20
-3.5928822440944881
11
5.3406110236220474
21
-3.5936968897637795
0
LINE
8
BLACK
6
CONTINUOUS
10
5.3406110236220474
20
-3.5936968897637795
11
5.3410519291338581
21
-3.5947612992125983
0
LINE
8
BLACK
6
CONTINUOUS
10
5.3410519291338581
20
-3.5947612992125983
11
5.3410519291338581
21
-3.5959134251968505
0
LINE
8
BLACK
6
CONTINUOUS
10
5.3410519291338581
20
-3.5959134251968505
11
5.3406110236220474
21
-3.5969778346456693
0
LINE
8
BLACK
6
CONTINUOUS
10
5.3406110236220474
20
-3.5969778346456693
11
5.339796377952756
21
-3.5977924803149604
0
LINE
8
BLACK
6
CONTINUOUS
10
5.339796377952756
20
-3.5977924803149604
11
5.3387319685039367
21
-3.5982333858267714
0
LINE
8
BLACK
6
CONTINUOUS
10
5.3387319685039367
20
-3.5982333858267714
11
5.3381559055118109
21
-3.5982901181102362
0
LINE
8
BLACK
6
CONTINUOUS
10
5.3381559055118109
20
-3.5982901181102362
11
5.3194082677165353
21
-3.5982901181102362
0
LINE
8
BLACK
6
CONTINUOUS
10
5.3194082677165353
20
-3.5982901181102362
11
5.3188322047244094
21
-3.5982333858267714
0
LINE
8
BLACK
6
CONTINUOUS
10
5.3188322047244094
20
-3.5982333858267714
11
5.3177677952755902
21
-3.5977924803149604
0
LINE
8
BLACK
6
CONTINUOUS
10
5.3177677952755902
20
-3.5977924803149604
11
5.3169531496062987
21
-3.5969778346456693
0
LINE
8
BLACK
6
CONTINUOUS
10
5.3169531496062987
20
-3.5969778346456693
11
5.3165122440944881
21
-3.5959134251968505
0
LINE
8
BLACK
6
CONTINUOUS
10
5.3165122440944881
20
-3.5959134251968505
11
5.3164555118110233
21
-3.5953373622047242
0
LINE
8
BLACK
6
CONTINUOUS
10
5.3164555118110233
20
-3.5953373622047242
11
5.3164555118110233
21
-3.5559672834645668
0
LINE
8
BLACK
6
CONTINUOUS
10
5.3164555118110233
20
-3.5559672834645668
11
5.3165122440944881
21
-3.5553912204724409
0
LINE
8
BLACK
6
CONTINUOUS
10
5.3165122440944881
20
-3.5553912204724409
11
5.3169531496062987
21
-3.5543268110236221
0
LINE
8
BLACK
6
CONTINUOUS
10
5.3169531496062987
20
-3.5543268110236221
11
5.3177677952755902
21
-3.5535121653543307
0
LINE
8
BLACK
6
CONTINUOUS
10
5.3177677952755902
20
-3.5535121653543307
11
5.3188322047244094
21
-3.5530712598425196
0
LINE
8
BLACK
6
CONTINUOUS
10
5.3188322047244094
20
-3.5530712598425196
11
5.3199843307086612
21
-3.5530712598425196
0
LINE
8
BLACK
6
CONTINUOUS
10
5.3199843307086612
20
-3.5530712598425196
11
5.3210487401574804
21
-3.5535121653543307
0
LINE
8
BLACK
6
CONTINUOUS
10
5.3668534645669288
20
-3.5530712598425196
11
5.3669514566929131
21
-3.5531118503937007
0
LINE
8
BLACK
6
CONTINUOUS
10
5.3669514566929131
20
-3.5531118503937007
11
5.3670572834645665
21
-3.5531193700787402
0
LINE
8
BLACK
6
CONTINUOUS
10
5.3670572834645665
20
-3.5531193700787402
11
5.3675979133858265
21
-3.5533262598425197
0
LINE
8
BLACK
6
CONTINUOUS
10
5.3675979133858265
20
-3.5533262598425197
11
5.3713474409448816
21
-3.5552010236220473
0
LINE
8
BLACK
6
CONTINUOUS
10
5.3713474409448816
20
-3.5552010236220473
11
5.3715954330708664
21
-3.555357086614173
0
LINE
8
BLACK
6
CONTINUOUS
10
5.3715954330708664
20
-3.555357086614173
11
5.3716674015748032
21
-3.5553869291338582
0
LINE
8
BLACK
6
CONTINUOUS
10
5.3716674015748032
20
-3.5553869291338582
11
5.3717483464566929
21
-3.5554533858267714
0
LINE
8
BLACK
6
CONTINUOUS
10
5.3717483464566929
20
-3.5554533858267714
11
5.3718373228346454
21
-3.5555093700787399
0
LINE
8
BLACK
6
CONTINUOUS
10
5.3718373228346454
20
-3.5555093700787399
11
5.3718884645669291
21
-3.5555683464566927
0
LINE
8
BLACK
6
CONTINUOUS
10
5.3718884645669291
20
-3.5555683464566927
11
5.372114842519685
21
-3.5557541338582674
0
LINE
8
BLACK
6
CONTINUOUS
10
5.372114842519685
20
-3.5557541338582674
11
5.3758643700787401
21
-3.5595036614173226
0
LINE
8
BLACK
6
CONTINUOUS
10
5.3758643700787401
20
-3.5595036614173226
11
5.3762316141732285
21
-3.5599511023622048
0
LINE
8
BLACK
6
CONTINUOUS
10
5.3762316141732285
20
-3.5599511023622048
11
5.37631562992126
21
-3.5601539763779528
0
LINE
8
BLACK
6
CONTINUOUS
10
5.37631562992126
20
-3.5601539763779528
11
5.3764462992125983
21
-3.56033031496063
0
LINE
8
BLACK
6
CONTINUOUS
10
5.3764462992125983
20
-3.56033031496063
11
5.3766410629921255
21
-3.5608754330708661
0
LINE
8
BLACK
6
CONTINUOUS
10
5.3766410629921255
20
-3.5608754330708661
11
5.3785158267716531
21
-3.5683744881889763
0
LINE
8
BLACK
6
CONTINUOUS
10
5.3785158267716531
20
-3.5683744881889763
11
5.3785305905511809
21
-3.5684743307086615
0
LINE
8
BLACK
6
CONTINUOUS
10
5.3785305905511809
20
-3.5684743307086615
11
5.3785472440944879
21
-3.5685145669291338
0
LINE
8
BLACK
6
CONTINUOUS
10
5.3785472440944879
20
-3.5685145669291338
11
5.3785685826771656
21
-3.5687315748031496
0
LINE
8
BLACK
6
CONTINUOUS
10
5.3785685826771656
20
-3.5687315748031496
11
5.3786004724409446
21
-3.5689470866141733
0
LINE
8
BLACK
6
CONTINUOUS
10
5.3786004724409446
20
-3.5689470866141733
11
5.3785940551181097
21
-3.5689900787401574
0
LINE
8
BLACK
6
CONTINUOUS
10
5.3785940551181097
20
-3.5689900787401574
11
5.3786039763779527
21
-3.5690906299212597
0
LINE
8
BLACK
6
CONTINUOUS
10
5.3786039763779527
20
-3.5690906299212597
11
5.3786039763779527
21
-3.5822139763779526
0
LINE
8
BLACK
6
CONTINUOUS
10
5.3786039763779527
20
-3.5822139763779526
11
5.3785940551181097
21
-3.5823144881889761
0
LINE
8
BLACK
6
CONTINUOUS
10
5.3785940551181097
20
-3.5823144881889761
11
5.3786004724409446
21
-3.5823575196850395
0
LINE
8
BLACK
6
CONTINUOUS
10
5.3786004724409446
20
-3.5823575196850395
11
5.3785685826771656
21
-3.5825729921259843
0
LINE
8
BLACK
6
CONTINUOUS
10
5.3785685826771656
20
-3.5825729921259843
11
5.3785472440944879
21
-3.5827900393700784
0
LINE
8
BLACK
6
CONTINUOUS
10
5.3785472440944879
20
-3.5827900393700784
11
5.3785305905511809
21
-3.5828302362204725
0
LINE
8
BLACK
6
CONTINUOUS
10
5.3785305905511809
20
-3.5828302362204725
11
5.3785158267716531
21
-3.582930118110236
0
LINE
8
BLACK
6
CONTINUOUS
10
5.3785158267716531
20
-3.582930118110236
11
5.3766410629921255
21
-3.5904291732283462
0
LINE
8
BLACK
6
CONTINUOUS
10
5.3766410629921255
20
-3.5904291732283462
11
5.3764462992125983
21
-3.5909742913385827
0
LINE
8
BLACK
6
CONTINUOUS
10
5.3764462992125983
20
-3.5909742913385827
11
5.3763155905511812
21
-3.5911506299212599
0
LINE
8
BLACK
6
CONTINUOUS
10
5.3763155905511812
20
-3.5911506299212599
11
5.3762316141732285
21
-3.5913534645669292
0
LINE
8
BLACK
6
CONTINUOUS
10
5.3762316141732285
20
-3.5913534645669292
11
5.3758644094488188
21
-3.591800905511811
0
LINE
8
BLACK
6
CONTINUOUS
10
5.3758644094488188
20
-3.591800905511811
11
5.372114842519685
21
-3.5955505118110236
0
LINE
8
BLACK
6
CONTINUOUS
10
5.372114842519685
20
-3.5955505118110236
11
5.3718884645669291
21
-3.5957362598425195
0
LINE
8
BLACK
6
CONTINUOUS
10
5.3718884645669291
20
-3.5957362598425195
11
5.3718373228346454
21
-3.5957952755905511
0
LINE
8
BLACK
6
CONTINUOUS
10
5.3718373228346454
20
-3.5957952755905511
11
5.3717483464566929
21
-3.5958512204724409
0
LINE
8
BLACK
6
CONTINUOUS
10
5.3717483464566929
20
-3.5958512204724409
11
5.3716674015748032
21
-3.5959177165354328
0
LINE
8
BLACK
6
CONTINUOUS
10
5.3716674015748032
20
-3.5959177165354328
11
5.3715954330708664
21
-3.5959475196850392
0
LINE
8
BLACK
6
CONTINUOUS
10
5.3715954330708664
20
-3.5959475196850392
11
5.3713474409448816
21
-3.5961036220472442
0
LINE
8
BLACK
6
CONTINUOUS
10
5.3713474409448816
20
-3.5961036220472442
11
5.3675979133858265
21
-3.5979783858267718
0
LINE
8
BLACK
6
CONTINUOUS
10
5.3675979133858265
20
-3.5979783858267718
11
5.3670572834645665
21
-3.5981852755905512
0
LINE
8
BLACK
6
CONTINUOUS
10
5.3670572834645665
20
-3.5981852755905512
11
5.3669514566929131
21
-3.5981927559055116
0
LINE
8
BLACK
6
CONTINUOUS
10
5.3669514566929131
20
-3.5981927559055116
11
5.3668534645669288
21
-3.5982333858267714
0
LINE
8
BLACK
6
CONTINUOUS
10
5.3668534645669288
20
-3.5982333858267714
11
5.3662774015748029
21
-3.5982901181102362
0
LINE
8
BLACK
6
CONTINUOUS
10
5.3662774015748029
20
-3.5982901181102362
11
5.3587783464566927
21
-3.5982901181102362
0
LINE
8
BLACK
6
CONTINUOUS
10
5.3587783464566927
20
-3.5982901181102362
11
5.3582022834645668
21
-3.5982333858267714
0
LINE
8
BLACK
6
CONTINUOUS
10
5.3582022834645668
20
-3.5982333858267714
11
5.3581042913385826
21
-3.5981927952755903
0
LINE
8
BLACK
6
CONTINUOUS
10
5.3581042913385826
20
-3.5981927952755903
11
5.3579984251968504
21
-3.5981852755905512
0
LINE
8
BLACK
6
CONTINUOUS
10
5.3579984251968504
20
-3.5981852755905512
11
5.3574578346456692
21
-3.5979783858267718
0
LINE
8
BLACK
6
CONTINUOUS
10
5.3574578346456692
20
-3.5979783858267718
11
5.353708307086614
21
-3.5961036220472442
0
LINE
8
BLACK
6
CONTINUOUS
10
5.353708307086614
20
-3.5961036220472442
11
5.3534604724409451
21
-3.5959475984251967
0
LINE
8
BLACK
6
CONTINUOUS
10
5.3534604724409451
20
-3.5959475984251967
11
5.3533883464566925
21
-3.5959177559055115
0
LINE
8
BLACK
6
CONTINUOUS
10
5.3533883464566925
20
-3.5959177559055115
11
5.3533071653543303
21
-3.5958511417322834
0
LINE
8
BLACK
6
CONTINUOUS
10
5.3533071653543303
20
-3.5958511417322834
11
5.3532184251968502
21
-3.5957952755905511
0
LINE
8
BLACK
6
CONTINUOUS
10
5.3532184251968502
20
-3.5957952755905511
11
5.3531672834645665
21
-3.595736338582677
0
LINE
8
BLACK
6
CONTINUOUS
10
5.3531672834645665
20
-3.595736338582677
11
5.3529409055118107
21
-3.5955505118110236
0
LINE
8
BLACK
6
CONTINUOUS
10
5.3529409055118107
20
-3.5955505118110236
11
5.3491913779527556
21
-3.5918009448818897
0
LINE
8
BLACK
6
CONTINUOUS
10
5.3491913779527556
20
-3.5918009448818897
11
5.3488241338582672
21
-3.5913534645669292
0
LINE
8
BLACK
6
CONTINUOUS
10
5.3488241338582672
20
-3.5913534645669292
11
5.3487401181102365
21
-3.5911506299212599
0
LINE
8
BLACK
6
CONTINUOUS
10
5.3487401181102365
20
-3.5911506299212599
11
5.3486094488188973
21
-3.5909742913385827
0
LINE
8
BLACK
6
CONTINUOUS
10
5.3486094488188973
20
-3.5909742913385827
11
5.3484146850393701
21
-3.5904291732283462
0
LINE
8
BLACK
6
CONTINUOUS
10
5.3484146850393701
20
-3.5904291732283462
11
5.3465399212598426
21
-3.582930118110236
0
LINE
8
BLACK
6
CONTINUOUS
10
5.3465399212598426
20
-3.582930118110236
11
5.346525118110236
21
-3.5828302362204725
0
LINE
8
BLACK
6
CONTINUOUS
10
5.346525118110236
20
-3.5828302362204725
11
5.3465085039370077
21
-3.5827900393700784
0
LINE
8
BLACK
6
CONTINUOUS
10
5.3465085039370077
20
-3.5827900393700784
11
5.3464871259842521
21
-3.5825729921259843
0
LINE
8
BLACK
6
CONTINUOUS
10
5.3464871259842521
20
-3.5825729921259843
11
5.346455275590551
21
-3.5823575196850395
0
LINE
8
BLACK
6
CONTINUOUS
10
5.346455275590551
20
-3.5823575196850395
11
5.3464616535433072
21
-3.5823144881889761
0
LINE
8
BLACK
6
CONTINUOUS
10
5.3464616535433072
20
-3.5823144881889761
11
5.3464517716535429
21
-3.5822139763779526
0
LINE
8
BLACK
6
CONTINUOUS
10
5.3464517716535429
20
-3.5822139763779526
11
5.3464517716535429
21
-3.5690906299212597
0
LINE
8
BLACK
6
CONTINUOUS
10
5.3464517716535429
20
-3.5690906299212597
11
5.3464616535433072
21
-3.5689900787401574
0
LINE
8
BLACK
6
CONTINUOUS
10
5.3464616535433072
20
-3.5689900787401574
11
5.346455275590551
21
-3.5689470866141733
0
LINE
8
BLACK
6
CONTINUOUS
10
5.346455275590551
20
-3.5689470866141733
11
5.3464871259842521
21
-3.5687315748031496
0
LINE
8
BLACK
6
CONTINUOUS
10
5.3464871259842521
20
-3.5687315748031496
11
5.3465085039370077
21
-3.5685145669291338
0
LINE
8
BLACK
6
CONTINUOUS
10
5.3465085039370077
20
-3.5685145669291338
11
5.346525118110236
21
-3.5684743307086615
0
LINE
8
BLACK
6
CONTINUOUS
10
5.346525118110236
20
-3.5684743307086615
11
5.3465399212598426
21
-3.5683744881889763
0
LINE
8
BLACK
6
CONTINUOUS
10
5.3465399212598426
20
-3.5683744881889763
11
5.3484146850393701
21
-3.5608754330708661
0
LINE
8
BLACK
6
CONTINUOUS
10
5.3484146850393701
20
-3.5608754330708661
11
5.3486094488188973
21
-3.56033031496063
0
LINE
8
BLACK
6
CONTINUOUS
10
5.3486094488188973
20
-3.56033031496063
11
5.3487401574803153
21
-3.5601538582677166
0
LINE
8
BLACK
6
CONTINUOUS
10
5.3487401574803153
20
-3.5601538582677166
11
5.3488241732283459
21
-3.5599511023622048
0
LINE
8
BLACK
6
CONTINUOUS
10
5.3488241732283459
20
-3.5599511023622048
11
5.3491913779527556
21
-3.5595036614173226
0
LINE
8
BLACK
6
CONTINUOUS
10
5.3491913779527556
20
-3.5595036614173226
11
5.3529409055118107
21
-3.5557541338582674
0
LINE
8
BLACK
6
CONTINUOUS
10
5.3529409055118107
20
-3.5557541338582674
11
5.3531672834645665
21
-3.5555682677165352
0
LINE
8
BLACK
6
CONTINUOUS
10
5.3531672834645665
20
-3.5555682677165352
11
5.3532184251968502
21
-3.5555093700787399
0
LINE
8
BLACK
6
CONTINUOUS
10
5.3532184251968502
20
-3.5555093700787399
11
5.3533071653543303
21
-3.5554534645669289
0
LINE
8
BLACK
6
CONTINUOUS
10
5.3533071653543303
20
-3.5554534645669289
11
5.3533883464566925
21
-3.5553868897637795
0
LINE
8
BLACK
6
CONTINUOUS
10
5.3533883464566925
20
-3.5553868897637795
11
5.3534604724409451
21
-3.5553570078740155
0
LINE
8
BLACK
6
CONTINUOUS
10
5.3534604724409451
20
-3.5553570078740155
11
5.353708307086614
21
-3.5552010236220473
0
LINE
8
BLACK
6
CONTINUOUS
10
5.353708307086614
20
-3.5552010236220473
11
5.3574578346456692
21
-3.5533262598425197
0
LINE
8
BLACK
6
CONTINUOUS
10
5.3574578346456692
20
-3.5533262598425197
11
5.3579984251968504
21
-3.5531193700787402
0
LINE
8
BLACK
6
CONTINUOUS
10
5.3579984251968504
20
-3.5531193700787402
11
5.3581042913385826
21
-3.5531118110236219
0
LINE
8
BLACK
6
CONTINUOUS
10
5.3581042913385826
20
-3.5531118110236219
11
5.3582022834645668
21
-3.5530712598425196
0
LINE
8
BLACK
6
CONTINUOUS
10
5.3582022834645668
20
-3.5530712598425196
11
5.3587783464566927
21
-3.5530145275590552
0
LINE
8
BLACK
6
CONTINUOUS
10
5.3587783464566927
20
-3.5530145275590552
11
5.3662774015748029
21
-3.5530145275590552
0
LINE
8
BLACK
6
CONTINUOUS
10
5.3662774015748029
20
-3.5530145275590552
11
5.3668534645669288
21
-3.5530712598425196
0
LINE
8
BLACK
6
CONTINUOUS
10
5.3567779133858267
20
-3.5602687795275592
11
5.3539455118110233
21
-3.5631011417322833
0
LINE
8
BLACK
6
CONTINUOUS
10
5.3539455118110233
20
-3.5631011417322833
11
5.352357283464567
21
-3.5694541732283462
0
LINE
8
BLACK
6
CONTINUOUS
10
5.352357283464567
20
-3.5694541732283462
11
5.352357283464567
21
-3.581850433070866
0
LINE
8
BLACK
6
CONTINUOUS
10
5.352357283464567
20
-3.581850433070866
11
5.3539455118110233
21
-3.5882034251968502
0
LINE
8
BLACK
6
CONTINUOUS
10
5.3539455118110233
20
-3.5882034251968502
11
5.3567779133858267
21
-3.5910358661417323
0
LINE
8
BLACK
6
CONTINUOUS
10
5.3567779133858267
20
-3.5910358661417323
11
5.3594753937007873
21
-3.5923846062992126
0
LINE
8
BLACK
6
CONTINUOUS
10
5.3594753937007873
20
-3.5923846062992126
11
5.3655803543307083
21
-3.5923846062992126
0
LINE
8
BLACK
6
CONTINUOUS
10
5.3655803543307083
20
-3.5923846062992126
11
5.3682777952755902
21
-3.5910358661417323
0
LINE
8
BLACK
6
CONTINUOUS
10
5.3682777952755902
20
-3.5910358661417323
11
5.3711101968503936
21
-3.5882034251968502
0
LINE
8
BLACK
6
CONTINUOUS
10
5.3711101968503936
20
-3.5882034251968502
11
5.3726984645669287
21
-3.581850433070866
0
LINE
8
BLACK
6
CONTINUOUS
10
5.3726984645669287
20
-3.581850433070866
11
5.3726984645669287
21
-3.5694541732283462
0
LINE
8
BLACK
6
CONTINUOUS
10
5.3726984645669287
20
-3.5694541732283462
11
5.3711101968503936
21
-3.5631011417322833
0
LINE
8
BLACK
6
CONTINUOUS
10
5.3711101968503936
20
-3.5631011417322833
11
5.368277834645669
21
-3.5602687795275592
0
LINE
8
BLACK
6
CONTINUOUS
10
5.368277834645669
20
-3.5602687795275592
11
5.3655803543307083
21
-3.5589200393700788
0
LINE
8
BLACK
6
CONTINUOUS
10
5.3655803543307083
20
-3.5589200393700788
11
5.3594753937007873
21
-3.5589200393700788
0
LINE
8
BLACK
6
CONTINUOUS
10
5.3594753937007873
20
-3.5589200393700788
11
5.3567779133858267
21
-3.5602687795275592
0
LINE
8
BLACK
6
CONTINUOUS
10
5.4362198031496058
20
-3.5530712598425196
11
5.4363177952755901
21
-3.5531118503937007
0
LINE
8
BLACK
6
CONTINUOUS
10
5.4363177952755901
20
-3.5531118503937007
11
5.4364236220472444
21
-3.5531193700787402
0
LINE
8
BLACK
6
CONTINUOUS
10
5.4364236220472444
20
-3.5531193700787402
11
5.4369642519685035
21
-3.5533262598425197
0
LINE
8
BLACK
6
CONTINUOUS
10
5.4369642519685035
20
-3.5533262598425197
11
5.4407137795275586
21
-3.5552010236220473
0
LINE
8
BLACK
6
CONTINUOUS
10
5.4407137795275586
20
-3.5552010236220473
11
5.4409617716535434
21
-3.555357086614173
0
LINE
8
BLACK
6
CONTINUOUS
10
5.4409617716535434
20
-3.555357086614173
11
5.4410337401574802
21
-3.5553869291338582
0
LINE
8
BLACK
6
CONTINUOUS
10
5.4410337401574802
20
-3.5553869291338582
11
5.4411146850393699
21
-3.5554533858267714
0
LINE
8
BLACK
6
CONTINUOUS
10
5.4411146850393699
20
-3.5554533858267714
11
5.4412036614173225
21
-3.5555093700787399
0
LINE
8
BLACK
6
CONTINUOUS
10
5.4412036614173225
20
-3.5555093700787399
11
5.4412548031496062
21
-3.5555683464566927
0
LINE
8
BLACK
6
CONTINUOUS
10
5.4412548031496062
20
-3.5555683464566927
11
5.441481181102362
21
-3.5557541338582674
0
LINE
8
BLACK
6
CONTINUOUS
10
5.441481181102362
20
-3.5557541338582674
11
5.4433559448818896
21
-3.557628897637795
0
LINE
8
BLACK
6
CONTINUOUS
10
5.4433559448818896
20
-3.557628897637795
11
5.443541692913386
21
-3.5578552362204725
0
LINE
8
BLACK
6
CONTINUOUS
10
5.443541692913386
20
-3.5578552362204725
11
5.4436007086614175
21
-3.5579064173228345
0
LINE
8
BLACK
6
CONTINUOUS
10
5.4436007086614175
20
-3.5579064173228345
11
5.4436566535433073
21
-3.5579953543307088
0
LINE
8
BLACK
6
CONTINUOUS
10
5.4436566535433073
20
-3.5579953543307088
11
5.4437231496062992
21
-3.5580763385826772
0
LINE
8
BLACK
6
CONTINUOUS
10
5.4437231496062992
20
-3.5580763385826772
11
5.4437529527559052
21
-3.5581482677165353
0
LINE
8
BLACK
6
CONTINUOUS
10
5.4437529527559052
20
-3.5581482677165353
11
5.4439090551181097
21
-3.5583962992125984
0
LINE
8
BLACK
6
CONTINUOUS
10
5.4439090551181097
20
-3.5583962992125984
11
5.4457838188976373
21
-3.5621458267716535
0
LINE
8
BLACK
6
CONTINUOUS
10
5.4457838188976373
20
-3.5621458267716535
11
5.4459907086614168
21
-3.5626864173228348
0
LINE
8
BLACK
6
CONTINUOUS
10
5.4459907086614168
20
-3.5626864173228348
11
5.4459982283464567
21
-3.5627922834645669
0
LINE
8
BLACK
6
CONTINUOUS
10
5.4459982283464567
20
-3.5627922834645669
11
5.4460388188976374
21
-3.5628902755905512
0
LINE
8
BLACK
6
CONTINUOUS
10
5.4460388188976374
20
-3.5628902755905512
11
5.4460955511811022
21
-3.563466338582677
0
LINE
8
BLACK
6
CONTINUOUS
10
5.4460955511811022
20
-3.563466338582677
11
5.4460955511811022
21
-3.5672158661417321
0
LINE
8
BLACK
6
CONTINUOUS
10
5.4460955511811022
20
-3.5672158661417321
11
5.4460388188976374
21
-3.567791929133858
0
LINE
8
BLACK
6
CONTINUOUS
10
5.4460388188976374
20
-3.567791929133858
11
5.4459982283464567
21
-3.5678898818897635
0
LINE
8
BLACK
6
CONTINUOUS
10
5.4459982283464567
20
-3.5678898818897635
11
5.4459907086614168
21
-3.5679957874015749
0
LINE
8
BLACK
6
CONTINUOUS
10
5.4459907086614168
20
-3.5679957874015749
11
5.4457838188976373
21
-3.5685363779527557
0
LINE
8
BLACK
6
CONTINUOUS
10
5.4457838188976373
20
-3.5685363779527557
11
5.4439090551181097
21
-3.5722859055118108
0
LINE
8
BLACK
6
CONTINUOUS
10
5.4439090551181097
20
-3.5722859055118108
11
5.4437529527559052
21
-3.5725338976377952
0
LINE
8
BLACK
6
CONTINUOUS
10
5.4437529527559052
20
-3.5725338976377952
11
5.4437231496062992
21
-3.5726058661417324
0
LINE
8
BLACK
6
CONTINUOUS
10
5.4437231496062992
20
-3.5726058661417324
11
5.4436566535433073
21
-3.5726868110236221
0
LINE
8
BLACK
6
CONTINUOUS
10
5.4436566535433073
20
-3.5726868110236221
11
5.4436007086614175
21
-3.5727757874015746
0
LINE
8
BLACK
6
CONTINUOUS
10
5.4436007086614175
20
-3.5727757874015746
11
5.443541692913386
21
-3.5728269291338584
0
LINE
8
BLACK
6
CONTINUOUS
10
5.443541692913386
20
-3.5728269291338584
11
5.4433559448818896
21
-3.5730533070866142
0
LINE
8
BLACK
6
CONTINUOUS
10
5.4433559448818896
20
-3.5730533070866142
11
5.4424914173228345
21
-3.5739177952755905
0
LINE
8
BLACK
6
CONTINUOUS
10
5.4424914173228345
20
-3.5739177952755905
11
5.4427303149606301
21
-3.5740244488188977
0
LINE
8
BLACK
6
CONTINUOUS
10
5.4427303149606301
20
-3.5740244488188977
11
5.442810433070866
21
-3.5740939370078739
0
LINE
8
BLACK
6
CONTINUOUS
10
5.442810433070866
20
-3.5740939370078739
11
5.4429085039370078
21
-3.5741345669291338
0
LINE
8
BLACK
6
CONTINUOUS
10
5.4429085039370078
20
-3.5741345669291338
11
5.4433559448818896
21
-3.5745017716535434
0
LINE
8
BLACK
6
CONTINUOUS
10
5.4433559448818896
20
-3.5745017716535434
11
5.4452307086614171
21
-3.576376535433071
0
LINE
8
BLACK
6
CONTINUOUS
10
5.4452307086614171
20
-3.576376535433071
11
5.4454164566929135
21
-3.5766028740157481
0
LINE
8
BLACK
6
CONTINUOUS
10
5.4454164566929135
20
-3.5766028740157481
11
5.4454754724409451
21
-3.5766540551181101
0
LINE
8
BLACK
6
CONTINUOUS
10
5.4454754724409451
20
-3.5766540551181101
11
5.4455314173228349
21
-3.5767429921259843
0
LINE
8
BLACK
6
CONTINUOUS
10
5.4455314173228349
20
-3.5767429921259843
11
5.4455979133858268
21
-3.5768239763779528
0
LINE
8
BLACK
6
CONTINUOUS
10
5.4455979133858268
20
-3.5768239763779528
11
5.4456277165354328
21
-3.5768959055118108
0
LINE
8
BLACK
6
CONTINUOUS
10
5.4456277165354328
20
-3.5768959055118108
11
5.4457838188976373
21
-3.5771439370078739
0
LINE
8
BLACK
6
CONTINUOUS
10
5.4457838188976373
20
-3.5771439370078739
11
5.4476585826771649
21
-3.580893464566929
0
LINE
8
BLACK
6
CONTINUOUS
10
5.4476585826771649
20
-3.580893464566929
11
5.4478654724409443
21
-3.5814340551181103
0
LINE
8
BLACK
6
CONTINUOUS
10
5.4478654724409443
20
-3.5814340551181103
11
5.4478729921259843
21
-3.5815399212598424
0
LINE
8
BLACK
6
CONTINUOUS
10
5.4478729921259843
20
-3.5815399212598424
11
5.447913582677165
21
-3.5816379133858267
0
LINE
8
BLACK
6
CONTINUOUS
10
5.447913582677165
20
-3.5816379133858267
11
5.4479703149606298
21
-3.5822139763779526
0
LINE
8
BLACK
6
CONTINUOUS
10
5.4479703149606298
20
-3.5822139763779526
11
5.4479703149606298
21
-3.5878382677165352
0
LINE
8
BLACK
6
CONTINUOUS
10
5.4479703149606298
20
-3.5878382677165352
11
5.447913582677165
21
-3.5884143307086611
0
LINE
8
BLACK
6
CONTINUOUS
10
5.447913582677165
20
-3.5884143307086611
11
5.4478729921259843
21
-3.5885122834645666
0
LINE
8
BLACK
6
CONTINUOUS
10
5.4478729921259843
20
-3.5885122834645666
11
5.4478654724409443
21
-3.588618188976378
0
LINE
8
BLACK
6
CONTINUOUS
10
5.4478654724409443
20
-3.588618188976378
11
5.4476585826771649
21
-3.5891587795275588
0
LINE
8
BLACK
6
CONTINUOUS
10
5.4476585826771649
20
-3.5891587795275588
11
5.4457838188976373
21
-3.5929083070866139
0
LINE
8
BLACK
6
CONTINUOUS
10
5.4457838188976373
20
-3.5929083070866139
11
5.4456277559055115
21
-3.593156181102362
0
LINE
8
BLACK
6
CONTINUOUS
10
5.4456277559055115
20
-3.593156181102362
11
5.4455979527559055
21
-3.5932282283464567
0
LINE
8
BLACK
6
CONTINUOUS
10
5.4455979527559055
20
-3.5932282283464567
11
5.4455314173228349
21
-3.5933092519685039
0
LINE
8
BLACK
6
CONTINUOUS
10
5.4455314173228349
20
-3.5933092519685039
11
5.4454754724409451
21
-3.5933981889763777
0
LINE
8
BLACK
6
CONTINUOUS
10
5.4454754724409451
20
-3.5933981889763777
11
5.4454164566929135
21
-3.5934493307086615
0
LINE
8
BLACK
6
CONTINUOUS
10
5.4454164566929135
20
-3.5934493307086615
11
5.4452307086614171
21
-3.5936757086614173
0
LINE
8
BLACK
6
CONTINUOUS
10
5.4452307086614171
20
-3.5936757086614173
11
5.4433559842519683
21
-3.5955504724409448
0
LINE
8
BLACK
6
CONTINUOUS
10
5.4433559842519683
20
-3.5955504724409448
11
5.4431296062992125
21
-3.5957362204724408
0
LINE
8
BLACK
6
CONTINUOUS
10
5.4431296062992125
20
-3.5957362204724408
11
5.44307842519685
21
-3.5957952755905511
0
LINE
8
BLACK
6
CONTINUOUS
10
5.44307842519685
20
-3.5957952755905511
11
5.4429894488188975
21
-3.5958512598425196
0
LINE
8
BLACK
6
CONTINUOUS
10
5.4429894488188975
20
-3.5958512598425196
11
5.4429085039370078
21
-3.5959177165354328
0
LINE
8
BLACK
6
CONTINUOUS
10
5.4429085039370078
20
-3.5959177165354328
11
5.442836535433071
21
-3.5959475196850392
0
LINE
8
BLACK
6
CONTINUOUS
10
5.442836535433071
20
-3.5959475196850392
11
5.4425885433070862
21
-3.5961036220472442
0
LINE
8
BLACK
6
CONTINUOUS
10
5.4425885433070862
20
-3.5961036220472442
11
5.4388390157480311
21
-3.5979783858267718
0
LINE
8
BLACK
6
CONTINUOUS
10
5.4388390157480311
20
-3.5979783858267718
11
5.4382983858267719
21
-3.5981852755905512
0
LINE
8
BLACK
6
CONTINUOUS
10
5.4382983858267719
20
-3.5981852755905512
11
5.4381925590551177
21
-3.5981927559055116
0
LINE
8
BLACK
6
CONTINUOUS
10
5.4381925590551177
20
-3.5981927559055116
11
5.4380945669291334
21
-3.5982333858267714
0
LINE
8
BLACK
6
CONTINUOUS
10
5.4380945669291334
20
-3.5982333858267714
11
5.4375185039370075
21
-3.5982901181102362
0
LINE
8
BLACK
6
CONTINUOUS
10
5.4375185039370075
20
-3.5982901181102362
11
5.4225203937007871
21
-3.5982901181102362
0
LINE
8
BLACK
6
CONTINUOUS
10
5.4225203937007871
20
-3.5982901181102362
11
5.4219443307086612
21
-3.5982333858267714
0
LINE
8
BLACK
6
CONTINUOUS
10
5.4219443307086612
20
-3.5982333858267714
11
5.420879921259842
21
-3.5977924803149604
0
LINE
8
BLACK
6
CONTINUOUS
10
5.420879921259842
20
-3.5977924803149604
11
5.4200652755905514
21
-3.5969778346456693
0
LINE
8
BLACK
6
CONTINUOUS
10
5.4200652755905514
20
-3.5969778346456693
11
5.4196243700787399
21
-3.5959134251968505
0
LINE
8
BLACK
6
CONTINUOUS
10
5.4196243700787399
20
-3.5959134251968505
11
5.4195676377952751
21
-3.5953373622047242
0
LINE
8
BLACK
6
CONTINUOUS
10
5.4195676377952751
20
-3.5953373622047242
11
5.4195676377952751
21
-3.5559672834645668
0
LINE
8
BLACK
6
CONTINUOUS
10
5.4195676377952751
20
-3.5559672834645668
11
5.4196243700787399
21
-3.5553912204724409
0
LINE
8
BLACK
6
CONTINUOUS
10
5.4196243700787399
20
-3.5553912204724409
11
5.4200652755905514
21
-3.5543268110236221
0
LINE
8
BLACK
6
CONTINUOUS
10
5.4200652755905514
20
-3.5543268110236221
11
5.420879921259842
21
-3.5535121653543307
0
LINE
8
BLACK
6
CONTINUOUS
10
5.420879921259842
20
-3.5535121653543307
11
5.4219443307086612
21
-3.5530712598425196
0
LINE
8
BLACK
6
CONTINUOUS
10
5.4219443307086612
20
-3.5530712598425196
11
5.4225203937007871
21
-3.5530145275590552
0
LINE
8
BLACK
6
CONTINUOUS
10
5.4225203937007871
20
-3.5530145275590552
11
5.43564374015748
21
-3.5530145275590552
0
LINE
8
BLACK
6
CONTINUOUS
10
5.43564374015748
20
-3.5530145275590552
11
5.4362198031496058
21
-3.5530712598425196
0
LINE
8
BLACK
6
CONTINUOUS
10
5.4254731496062991
20
-3.5923846062992126
11
5.4368214566929129
21
-3.5923846062992126
0
LINE
8
BLACK
6
CONTINUOUS
10
5.4368214566929129
20
-3.5923846062992126
11
5.4395188976377948
21
-3.5910358661417323
0
LINE
8
BLACK
6
CONTINUOUS
10
5.4395188976377948
20
-3.5910358661417323
11
5.4407160236220475
21
-3.5898387007874013
0
LINE
8
BLACK
6
CONTINUOUS
10
5.4407160236220475
20
-3.5898387007874013
11
5.4420648031496066
21
-3.5871412204724407
0
LINE
8
BLACK
6
CONTINUOUS
10
5.4420648031496066
20
-3.5871412204724407
11
5.4420648031496066
21
-3.5829110236220472
0
LINE
8
BLACK
6
CONTINUOUS
10
5.4420648031496066
20
-3.5829110236220472
11
5.4407160629921263
21
-3.5802135433070865
0
LINE
8
BLACK
6
CONTINUOUS
10
5.4407160629921263
20
-3.5802135433070865
11
5.4396729921259839
21
-3.579170472440945
0
LINE
8
BLACK
6
CONTINUOUS
10
5.4396729921259839
20
-3.579170472440945
11
5.4351646062992121
21
-3.5776676771653544
0
LINE
8
BLACK
6
CONTINUOUS
10
5.4351646062992121
20
-3.5776676771653544
11
5.4254731496062991
21
-3.5776676771653544
0
LINE
8
BLACK
6
CONTINUOUS
10
5.4254731496062991
20
-3.5776676771653544
11
5.4254731496062991
21
-3.5923846062992126
0
LINE
8
BLACK
6
CONTINUOUS
10
5.4254731496062991
20
-3.5717621653543308
11
5.4349466929133854
21
-3.5717621653543308
0
LINE
8
BLACK
6
CONTINUOUS
10
5.4349466929133854
20
-3.5717621653543308
11
5.437644173228346
21
-3.5704134251968505
0
LINE
8
BLACK
6
CONTINUOUS
10
5.437644173228346
20
-3.5704134251968505
11
5.4388412992125987
21
-3.5692162992125982
0
LINE
8
BLACK
6
CONTINUOUS
10
5.4388412992125987
20
-3.5692162992125982
11
5.4401900393700791
21
-3.5665188188976376
0
LINE
8
BLACK
6
CONTINUOUS
10
5.4401900393700791
20
-3.5665188188976376
11
5.4401900393700791
21
-3.5641633858267716
0
LINE
8
BLACK
6
CONTINUOUS
10
5.4401900393700791
20
-3.5641633858267716
11
5.4388412992125987
21
-3.561465905511811
0
LINE
8
BLACK
6
CONTINUOUS
10
5.4388412992125987
20
-3.561465905511811
11
5.437644173228346
21
-3.5602687795275592
0
LINE
8
BLACK
6
CONTINUOUS
10
5.437644173228346
20
-3.5602687795275592
11
5.4349466929133854
21
-3.5589200393700788
0
LINE
8
BLACK
6
CONTINUOUS
10
5.4349466929133854
20
-3.5589200393700788
11
5.4254731496062991
21
-3.5589200393700788
0
LINE
8
BLACK
6
CONTINUOUS
10
5.4254731496062991
20
-3.5589200393700788
11
5.4254731496062991
21
-3.5717621653543308
0
LINE
8
BLACK
6
CONTINUOUS
10
5.5296735433070863
20
-3.5530432283464566
11
5.5297512992125979
21
-3.553037716535433
0
LINE
8
BLACK
6
CONTINUOUS
10
5.5297512992125979
20
-3.553037716535433
11
5.5298535433070866
21
-3.5530609448818895
0
LINE
8
BLACK
6
CONTINUOUS
10
5.5298535433070866
20
-3.5530609448818895
11
5.529958070866142
21
-3.5530712598425196
0
LINE
8
BLACK
6
CONTINUOUS
10
5.529958070866142
20
-3.5530712598425196
11
5.530030157480315
21
-3.5531011023622048
0
LINE
8
BLACK
6
CONTINUOUS
10
5.530030157480315
20
-3.5531011023622048
11
5.5303157480314962
21
-3.5531660629921258
0
LINE
8
BLACK
6
CONTINUOUS
10
5.5303157480314962
20
-3.5531660629921258
11
5.5359400393700788
21
-3.5550408267716533
0
LINE
8
BLACK
6
CONTINUOUS
10
5.5359400393700788
20
-3.5550408267716533
11
5.5364685826771654
21
-3.5552768110236221
0
LINE
8
BLACK
6
CONTINUOUS
10
5.5364685826771654
20
-3.5552768110236221
11
5.5373389370078741
21
-3.5560316929133857
0
LINE
8
BLACK
6
CONTINUOUS
10
5.5373389370078741
20
-3.5560316929133857
11
5.5378541732283466
21
-3.5570621259842521
0
LINE
8
BLACK
6
CONTINUOUS
10
5.5378541732283466
20
-3.5570621259842521
11
5.5379358661417317
21
-3.558211338582677
0
LINE
8
BLACK
6
CONTINUOUS
10
5.5379358661417317
20
-3.558211338582677
11
5.537571535433071
21
-3.5593043307086614
0
LINE
8
BLACK
6
CONTINUOUS
10
5.537571535433071
20
-3.5593043307086614
11
5.5368166535433065
21
-3.5601747244094488
0
LINE
8
BLACK
6
CONTINUOUS
10
5.5368166535433065
20
-3.5601747244094488
11
5.5357861811023623
21
-3.5606899212598426
0
LINE
8
BLACK
6
CONTINUOUS
10
5.5357861811023623
20
-3.5606899212598426
11
5.5346369685039365
21
-3.5607716141732282
0
LINE
8
BLACK
6
CONTINUOUS
10
5.5346369685039365
20
-3.5607716141732282
11
5.5340725196850391
21
-3.5606432677165354
0
LINE
8
BLACK
6
CONTINUOUS
10
5.5340725196850391
20
-3.5606432677165354
11
5.5289028740157482
21
-3.5589200393700788
0
LINE
8
BLACK
6
CONTINUOUS
10
5.5289028740157482
20
-3.5589200393700788
11
5.520705236220472
21
-3.5589200393700788
0
LINE
8
BLACK
6
CONTINUOUS
10
5.520705236220472
20
-3.5589200393700788
11
5.5180077559055114
21
-3.5602687795275592
0
LINE
8
BLACK
6
CONTINUOUS
10
5.5180077559055114
20
-3.5602687795275592
11
5.5168106299212596
21
-3.561465905511811
0
LINE
8
BLACK
6
CONTINUOUS
10
5.5168106299212596
20
-3.561465905511811
11
5.5154618897637793
21
-3.5641633858267716
0
LINE
8
BLACK
6
CONTINUOUS
10
5.5154618897637793
20
-3.5641633858267716
11
5.5154618897637793
21
-3.5665188188976376
0
LINE
8
BLACK
6
CONTINUOUS
10
5.5154618897637793
20
-3.5665188188976376
11
5.5168106299212596
21
-3.5692162992125982
0
LINE
8
BLACK
6
CONTINUOUS
10
5.5168106299212596
20
-3.5692162992125982
11
5.5180077559055114
21
-3.5704134251968505
0
LINE
8
BLACK
6
CONTINUOUS
10
5.5180077559055114
20
-3.5704134251968505
11
5.5210387401574801
21
-3.571928897637795
0
LINE
8
BLACK
6
CONTINUOUS
10
5.5210387401574801
20
-3.571928897637795
11
5.5282233858267711
21
-3.5737250787401575
0
LINE
8
BLACK
6
CONTINUOUS
10
5.5282233858267711
20
-3.5737250787401575
11
5.5282658661417319
21
-3.5737402362204724
0
LINE
8
BLACK
6
CONTINUOUS
10
5.5282658661417319
20
-3.5737402362204724
11
5.5282871259842521
21
-3.5737417716535433
0
LINE
8
BLACK
6
CONTINUOUS
10
5.5282871259842521
20
-3.5737417716535433
11
5.5285265354330706
21
-3.5738333858267715
0
LINE
8
BLACK
6
CONTINUOUS
10
5.5285265354330706
20
-3.5738333858267715
11
5.528768503937008
21
-3.5739198425196848
0
LINE
8
BLACK
6
CONTINUOUS
10
5.528768503937008
20
-3.5739198425196848
11
5.5287856299212601
21
-3.5739325196850391
0
LINE
8
BLACK
6
CONTINUOUS
10
5.5287856299212601
20
-3.5739325196850391
11
5.5288277559055121
21
-3.5739486614173228
0
LINE
8
BLACK
6
CONTINUOUS
10
5.5288277559055121
20
-3.5739486614173228
11
5.5325772834645672
21
-3.5758234251968504
0
LINE
8
BLACK
6
CONTINUOUS
10
5.5325772834645672
20
-3.5758234251968504
11
5.5328252755905512
21
-3.5759794881889762
0
LINE
8
BLACK
6
CONTINUOUS
10
5.5328252755905512
20
-3.5759794881889762
11
5.5328972440944879
21
-3.5760093307086613
0
LINE
8
BLACK
6
CONTINUOUS
10
5.5328972440944879
20
-3.5760093307086613
11
5.5329781889763776
21
-3.5760757874015745
0
LINE
8
BLACK
6
CONTINUOUS
10
5.5329781889763776
20
-3.5760757874015745
11
5.5330671653543302
21
-3.576131771653543
0
LINE
8
BLACK
6
CONTINUOUS
10
5.5330671653543302
20
-3.576131771653543
11
5.5331183070866139
21
-3.5761907480314958
0
LINE
8
BLACK
6
CONTINUOUS
10
5.5331183070866139
20
-3.5761907480314958
11
5.5333446850393697
21
-3.576376535433071
0
LINE
8
BLACK
6
CONTINUOUS
10
5.5333446850393697
20
-3.576376535433071
11
5.5352194488188973
21
-3.5782512992125985
0
LINE
8
BLACK
6
CONTINUOUS
10
5.5352194488188973
20
-3.5782512992125985
11
5.5354051968503937
21
-3.5784776377952756
0
LINE
8
BLACK
6
CONTINUOUS
10
5.5354051968503937
20
-3.5784776377952756
11
5.5354642125984252
21
-3.5785288188976376
0
LINE
8
BLACK
6
CONTINUOUS
10
5.5354642125984252
20
-3.5785288188976376
11
5.535520157480315
21
-3.5786177559055119
0
LINE
8
BLACK
6
CONTINUOUS
10
5.535520157480315
20
-3.5786177559055119
11
5.5355866535433069
21
-3.5786987401574804
0
LINE
8
BLACK
6
CONTINUOUS
10
5.5355866535433069
20
-3.5786987401574804
11
5.5356164566929129
21
-3.5787706692913384
0
LINE
8
BLACK
6
CONTINUOUS
10
5.5356164566929129
20
-3.5787706692913384
11
5.5357725590551183
21
-3.5790187007874015
0
LINE
8
BLACK
6
CONTINUOUS
10
5.5357725590551183
20
-3.5790187007874015
11
5.5376473228346459
21
-3.5827682283464566
0
LINE
8
BLACK
6
CONTINUOUS
10
5.5376473228346459
20
-3.5827682283464566
11
5.5378542125984254
21
-3.5833088188976379
0
LINE
8
BLACK
6
CONTINUOUS
10
5.5378542125984254
20
-3.5833088188976379
11
5.5378617322834645
21
-3.58341468503937
0
LINE
8
BLACK
6
CONTINUOUS
10
5.5378617322834645
20
-3.58341468503937
11
5.5379023228346451
21
-3.5835126771653543
0
LINE
8
BLACK
6
CONTINUOUS
10
5.5379023228346451
20
-3.5835126771653543
11
5.5379590551181099
21
-3.5840887401574801
0
LINE
8
BLACK
6
CONTINUOUS
10
5.5379590551181099
20
-3.5840887401574801
11
5.5379590551181099
21
-3.5878382677165352
0
LINE
8
BLACK
6
CONTINUOUS
10
5.5379590551181099
20
-3.5878382677165352
11
5.5379023228346451
21
-3.5884143307086611
0
LINE
8
BLACK
6
CONTINUOUS
10
5.5379023228346451
20
-3.5884143307086611
11
5.5378617322834645
21
-3.5885122834645666
0
LINE
8
BLACK
6
CONTINUOUS
10
5.5378617322834645
20
-3.5885122834645666
11
5.5378542125984254
21
-3.588618188976378
0
LINE
8
BLACK
6
CONTINUOUS
10
5.5378542125984254
20
-3.588618188976378
11
5.5376473228346459
21
-3.5891587795275588
0
LINE
8
BLACK
6
CONTINUOUS
10
5.5376473228346459
20
-3.5891587795275588
11
5.5357725590551183
21
-3.5929083070866139
0
LINE
8
BLACK
6
CONTINUOUS
10
5.5357725590551183
20
-3.5929083070866139
11
5.5356164960629917
21
-3.593156181102362
0
LINE
8
BLACK
6
CONTINUOUS
10
5.5356164960629917
20
-3.593156181102362
11
5.5355866929133857
21
-3.5932282283464567
0
LINE
8
BLACK
6
CONTINUOUS
10
5.5355866929133857
20
-3.5932282283464567
11
5.535520157480315
21
-3.5933092519685039
0
LINE
8
BLACK
6
CONTINUOUS
10
5.535520157480315
20
-3.5933092519685039
11
5.5354642125984252
21
-3.5933981889763777
0
LINE
8
BLACK
6
CONTINUOUS
10
5.5354642125984252
20
-3.5933981889763777
11
5.5354051968503937
21
-3.5934493307086615
0
LINE
8
BLACK
6
CONTINUOUS
10
5.5354051968503937
20
-3.5934493307086615
11
5.5352194488188973
21
-3.5936757086614173
0
LINE
8
BLACK
6
CONTINUOUS
10
5.5352194488188973
20
-3.5936757086614173
11
5.5333447244094485
21
-3.5955504724409448
0
LINE
8
BLACK
6
CONTINUOUS
10
5.5333447244094485
20
-3.5955504724409448
11
5.5331183464566926
21
-3.5957362204724408
0
LINE
8
BLACK
6
CONTINUOUS
10
5.5331183464566926
20
-3.5957362204724408
11
5.5330671653543302
21
-3.5957952755905511
0
LINE
8
BLACK
6
CONTINUOUS
10
5.5330671653543302
20
-3.5957952755905511
11
5.5329781889763776
21
-3.5958512598425196
0
LINE
8
BLACK
6
CONTINUOUS
10
5.5329781889763776
20
-3.5958512598425196
11
5.5328972440944879
21
-3.5959177165354328
0
LINE
8
BLACK
6
CONTINUOUS
10
5.5328972440944879
20
-3.5959177165354328
11
5.5328252755905512
21
-3.5959475196850392
0
LINE
8
BLACK
6
CONTINUOUS
10
5.5328252755905512
20
-3.5959475196850392
11
5.5325772834645672
21
-3.5961036220472442
0
LINE
8
BLACK
6
CONTINUOUS
10
5.5325772834645672
20
-3.5961036220472442
11
5.5288277559055121
21
-3.5979783858267718
0
LINE
8
BLACK
6
CONTINUOUS
10
5.5288277559055121
20
-3.5979783858267718
11
5.5282871259842521
21
-3.5981852755905512
0
LINE
8
BLACK
6
CONTINUOUS
10
5.5282871259842521
20
-3.5981852755905512
11
5.5281812992125987
21
-3.5981927559055116
0
LINE
8
BLACK
6
CONTINUOUS
10
5.5281812992125987
20
-3.5981927559055116
11
5.5280833070866144
21
-3.5982333858267714
0
LINE
8
BLACK
6
CONTINUOUS
10
5.5280833070866144
20
-3.5982333858267714
11
5.5275072440944877
21
-3.5982901181102362
0
LINE
8
BLACK
6
CONTINUOUS
10
5.5275072440944877
20
-3.5982901181102362
11
5.5181334251968499
21
-3.5982901181102362
0
LINE
8
BLACK
6
CONTINUOUS
10
5.5181334251968499
20
-3.5982901181102362
11
5.5178418110236223
21
-3.5982613779527557
0
LINE
8
BLACK
6
CONTINUOUS
10
5.5178418110236223
20
-3.5982613779527557
11
5.5177640944881885
21
-3.598266929133858
0
LINE
8
BLACK
6
CONTINUOUS
10
5.5177640944881885
20
-3.598266929133858
11
5.517661811023622
21
-3.5982436614173228
0
LINE
8
BLACK
6
CONTINUOUS
10
5.517661811023622
20
-3.5982436614173228
11
5.517557362204724
21
-3.5982333858267714
0
LINE
8
BLACK
6
CONTINUOUS
10
5.517557362204724
20
-3.5982333858267714
11
5.517485275590551
21
-3.5982035039370079
0
LINE
8
BLACK
6
CONTINUOUS
10
5.517485275590551
20
-3.5982035039370079
11
5.5171996456692911
21
-3.5981385826771652
0
LINE
8
BLACK
6
CONTINUOUS
10
5.5171996456692911
20
-3.5981385826771652
11
5.5115753937007872
21
-3.5962638188976377
0
LINE
8
BLACK
6
CONTINUOUS
10
5.5115753937007872
20
-3.5962638188976377
11
5.5110468110236219
21
-3.5960278346456693
0
LINE
8
BLACK
6
CONTINUOUS
10
5.5110468110236219
20
-3.5960278346456693
11
5.5101764566929132
21
-3.5952729527559053
0
LINE
8
BLACK
6
CONTINUOUS
10
5.5101764566929132
20
-3.5952729527559053
11
5.5096612598425194
21
-3.5942425196850394
0
LINE
8
BLACK
6
CONTINUOUS
10
5.5096612598425194
20
-3.5942425196850394
11
5.5095795669291334
21
-3.593093307086614
0
LINE
8
BLACK
6
CONTINUOUS
10
5.5095795669291334
20
-3.593093307086614
11
5.509943897637795
21
-3.5920002755905509
0
LINE
8
BLACK
6
CONTINUOUS
10
5.509943897637795
20
-3.5920002755905509
11
5.5106987795275586
21
-3.5911299212598427
0
LINE
8
BLACK
6
CONTINUOUS
10
5.5106987795275586
20
-3.5911299212598427
11
5.511729212598425
21
-3.5906147244094488
0
LINE
8
BLACK
6
CONTINUOUS
10
5.511729212598425
20
-3.5906147244094488
11
5.5128784251968499
21
-3.5905330314960628
0
LINE
8
BLACK
6
CONTINUOUS
10
5.5128784251968499
20
-3.5905330314960628
11
5.5134428740157482
21
-3.5906613779527556
0
LINE
8
BLACK
6
CONTINUOUS
10
5.5134428740157482
20
-3.5906613779527556
11
5.5186125590551178
21
-3.5923846062992126
0
LINE
8
BLACK
6
CONTINUOUS
10
5.5186125590551178
20
-3.5923846062992126
11
5.526810196850394
21
-3.5923846062992126
0
LINE
8
BLACK
6
CONTINUOUS
10
5.526810196850394
20
-3.5923846062992126
11
5.5295076377952759
21
-3.5910358661417323
0
LINE
8
BLACK
6
CONTINUOUS
10
5.5295076377952759
20
-3.5910358661417323
11
5.5307047637795277
21
-3.5898387007874013
0
LINE
8
BLACK
6
CONTINUOUS
10
5.5307047637795277
20
-3.5898387007874013
11
5.5320535433070868
21
-3.5871412204724407
0
LINE
8
BLACK
6
CONTINUOUS
10
5.5320535433070868
20
-3.5871412204724407
11
5.5320535433070868
21
-3.5847857874015747
0
LINE
8
BLACK
6
CONTINUOUS
10
5.5320535433070868
20
-3.5847857874015747
11
5.5307048031496064
21
-3.5820883070866141
0
LINE
8
BLACK
6
CONTINUOUS
10
5.5307048031496064
20
-3.5820883070866141
11
5.5295076771653546
21
-3.5808911811023623
0
LINE
8
BLACK
6
CONTINUOUS
10
5.5295076771653546
20
-3.5808911811023623
11
5.5264766929133859
21
-3.5793756692913385
0
LINE
8
BLACK
6
CONTINUOUS
10
5.5264766929133859
20
-3.5793756692913385
11
5.5192920472440941
21
-3.5775795275590552
0
LINE
8
BLACK
6
CONTINUOUS
10
5.5192920472440941
20
-3.5775795275590552
11
5.5192495275590554
21
-3.5775643307086615
0
LINE
8
BLACK
6
CONTINUOUS
10
5.5192495275590554
20
-3.5775643307086615
11
5.5192282677165352
21
-3.5775628346456694
0
LINE
8
BLACK
6
CONTINUOUS
10
5.5192282677165352
20
-3.5775628346456694
11
5.5189885039370079
21
-3.5774710629921258
0
LINE
8
BLACK
6
CONTINUOUS
10
5.5189885039370079
20
-3.5774710629921258
11
5.518746929133858
21
-3.5773847637795275
0
LINE
8
BLACK
6
CONTINUOUS
10
5.518746929133858
20
-3.5773847637795275
11
5.5187297637795272
21
-3.5773720472440944
0
LINE
8
BLACK
6
CONTINUOUS
10
5.5187297637795272
20
-3.5773720472440944
11
5.5186876771653539
21
-3.5773559448818899
0
LINE
8
BLACK
6
CONTINUOUS
10
5.5186876771653539
20
-3.5773559448818899
11
5.5149381496062988
21
-3.5754811811023619
0
LINE
8
BLACK
6
CONTINUOUS
10
5.5149381496062988
20
-3.5754811811023619
11
5.5146901181102361
21
-3.5753250787401574
0
LINE
8
BLACK
6
CONTINUOUS
10
5.5146901181102361
20
-3.5753250787401574
11
5.5146181889763781
21
-3.5752952755905509
0
LINE
8
BLACK
6
CONTINUOUS
10
5.5146181889763781
20
-3.5752952755905509
11
5.5145372047244097
21
-3.575228779527559
0
LINE
8
BLACK
6
CONTINUOUS
10
5.5145372047244097
20
-3.575228779527559
11
5.514448267716535
21
-3.5751728346456693
0
LINE
8
BLACK
6
CONTINUOUS
10
5.514448267716535
20
-3.5751728346456693
11
5.5143970866141734
21
-3.5751138188976377
0
LINE
8
BLACK
6
CONTINUOUS
10
5.5143970866141734
20
-3.5751138188976377
11
5.5141707480314963
21
-3.5749280708661417
0
LINE
8
BLACK
6
CONTINUOUS
10
5.5141707480314963
20
-3.5749280708661417
11
5.5122959842519688
21
-3.5730533070866142
0
LINE
8
BLACK
6
CONTINUOUS
10
5.5122959842519688
20
-3.5730533070866142
11
5.5121101968503936
21
-3.5728269291338584
0
LINE
8
BLACK
6
CONTINUOUS
10
5.5121101968503936
20
-3.5728269291338584
11
5.5120512204724408
21
-3.5727757874015746
0
LINE
8
BLACK
6
CONTINUOUS
10
5.5120512204724408
20
-3.5727757874015746
11
5.5119952362204723
21
-3.5726868110236221
0
LINE
8
BLACK
6
CONTINUOUS
10
5.5119952362204723
20
-3.5726868110236221
11
5.5119287795275591
21
-3.5726058661417324
0
LINE
8
BLACK
6
CONTINUOUS
10
5.5119287795275591
20
-3.5726058661417324
11
5.5118989370078735
21
-3.5725338976377952
0
LINE
8
BLACK
6
CONTINUOUS
10
5.5118989370078735
20
-3.5725338976377952
11
5.5117428740157477
21
-3.5722859055118108
0
LINE
8
BLACK
6
CONTINUOUS
10
5.5117428740157477
20
-3.5722859055118108
11
5.5098681102362201
21
-3.5685363779527557
0
LINE
8
BLACK
6
CONTINUOUS
10
5.5098681102362201
20
-3.5685363779527557
11
5.5096612204724407
21
-3.5679957480314961
0
LINE
8
BLACK
6
CONTINUOUS
10
5.5096612204724407
20
-3.5679957480314961
11
5.5096537007874016
21
-3.5678899212598423
0
LINE
8
BLACK
6
CONTINUOUS
10
5.5096537007874016
20
-3.5678899212598423
11
5.50961311023622
21
-3.567791929133858
0
LINE
8
BLACK
6
CONTINUOUS
10
5.50961311023622
20
-3.567791929133858
11
5.5095563779527561
21
-3.5672158661417321
0
LINE
8
BLACK
6
CONTINUOUS
10
5.5095563779527561
20
-3.5672158661417321
11
5.5095563779527561
21
-3.563466338582677
0
LINE
8
BLACK
6
CONTINUOUS
10
5.5095563779527561
20
-3.563466338582677
11
5.50961311023622
21
-3.5628902755905512
0
LINE
8
BLACK
6
CONTINUOUS
10
5.50961311023622
20
-3.5628902755905512
11
5.5096537007874016
21
-3.5627922440944881
0
LINE
8
BLACK
6
CONTINUOUS
10
5.5096537007874016
20
-3.5627922440944881
11
5.5096612204724407
21
-3.5626864566929135
0
LINE
8
BLACK
6
CONTINUOUS
10
5.5096612204724407
20
-3.5626864566929135
11
5.5098681102362201
21
-3.5621458267716535
0
LINE
8
BLACK
6
CONTINUOUS
10
5.5098681102362201
20
-3.5621458267716535
11
5.5117428740157477
21
-3.5583962992125984
0
LINE
8
BLACK
6
CONTINUOUS
10
5.5117428740157477
20
-3.5583962992125984
11
5.5118989370078735
21
-3.5581482677165353
0
LINE
8
BLACK
6
CONTINUOUS
10
5.5118989370078735
20
-3.5581482677165353
11
5.5119287795275591
21
-3.5580763385826772
0
LINE
8
BLACK
6
CONTINUOUS
10
5.5119287795275591
20
-3.5580763385826772
11
5.5119952362204723
21
-3.5579953543307088
0
LINE
8
BLACK
6
CONTINUOUS
10
5.5119952362204723
20
-3.5579953543307088
11
5.5120512204724408
21
-3.5579064173228345
0
LINE
8
BLACK
6
CONTINUOUS
10
5.5120512204724408
20
-3.5579064173228345
11
5.5121101968503936
21
-3.5578552362204725
0
LINE
8
BLACK
6
CONTINUOUS
10
5.5121101968503936
20
-3.5578552362204725
11
5.5122959842519688
21
-3.557628897637795
0
LINE
8
BLACK
6
CONTINUOUS
10
5.5122959842519688
20
-3.557628897637795
11
5.5141707480314963
21
-3.5557541338582674
0
LINE
8
BLACK
6
CONTINUOUS
10
5.5141707480314963
20
-3.5557541338582674
11
5.5143970866141734
21
-3.5555683464566927
0
LINE
8
BLACK
6
CONTINUOUS
10
5.5143970866141734
20
-3.5555683464566927
11
5.514448267716535
21
-3.5555093700787399
0
LINE
8
BLACK
6
CONTINUOUS
10
5.514448267716535
20
-3.5555093700787399
11
5.5145372047244097
21
-3.5554533858267714
0
LINE
8
BLACK
6
CONTINUOUS
10
5.5145372047244097
20
-3.5554533858267714
11
5.5146181889763781
21
-3.5553869291338582
0
LINE
8
BLACK
6
CONTINUOUS
10
5.5146181889763781
20
-3.5553869291338582
11
5.5146901181102361
21
-3.555357086614173
0
LINE
8
BLACK
6
CONTINUOUS
10
5.5146901181102361
20
-3.555357086614173
11
5.5149381496062988
21
-3.5552010236220473
0
LINE
8
BLACK
6
CONTINUOUS
10
5.5149381496062988
20
-3.5552010236220473
11
5.5186876771653539
21
-3.5533262598425197
0
LINE
8
BLACK
6
CONTINUOUS
10
5.5186876771653539
20
-3.5533262598425197
11
5.5192282677165352
21
-3.5531193700787402
0
LINE
8
BLACK
6
CONTINUOUS
10
5.5192282677165352
20
-3.5531193700787402
11
5.5193341338582673
21
-3.5531118110236219
0
LINE
8
BLACK
6
CONTINUOUS
10
5.5193341338582673
20
-3.5531118110236219
11
5.5194321259842516
21
-3.5530712598425196
0
LINE
8
BLACK
6
CONTINUOUS
10
5.5194321259842516
20
-3.5530712598425196
11
5.5200081889763775
21
-3.5530145275590552
0
LINE
8
BLACK
6
CONTINUOUS
10
5.5200081889763775
20
-3.5530145275590552
11
5.5293820078740152
21
-3.5530145275590552
0
LINE
8
BLACK
6
CONTINUOUS
10
5.5293820078740152
20
-3.5530145275590552
11
5.5296735433070863
21
-3.5530432283464566
0
LINE
8
BLACK
6
CONTINUOUS
10
5.4887066535433071
20
-3.5531044488188974
11
5.4889170866141734
21
-3.553119409448819
0
LINE
8
BLACK
6
CONTINUOUS
10
5.4889170866141734
20
-3.553119409448819
11
5.4892481889763776
21
-3.5532849606299211
0
LINE
8
BLACK
6
CONTINUOUS
10
5.4892481889763776
20
-3.5532849606299211
11
5.4895994488188977
21
-3.5534020472440946
0
LINE
8
BLACK
6
CONTINUOUS
10
5.4895994488188977
20
-3.5534020472440946
11
5.4897587795275591
21
-3.5535402362204724
0
LINE
8
BLACK
6
CONTINUOUS
10
5.4897587795275591
20
-3.5535402362204724
11
5.4899475196850389
21
-3.5536346062992124
0
LINE
8
BLACK
6
CONTINUOUS
10
5.4899475196850389
20
-3.5536346062992124
11
5.4901901574803151
21
-3.5539143307086611
0
LINE
8
BLACK
6
CONTINUOUS
10
5.4901901574803151
20
-3.5539143307086611
11
5.4904698425196852
21
-3.5541569291338582
0
LINE
8
BLACK
6
CONTINUOUS
10
5.4904698425196852
20
-3.5541569291338582
11
5.4905641338582676
21
-3.5543455511811022
0
LINE
8
BLACK
6
CONTINUOUS
10
5.4905641338582676
20
-3.5543455511811022
11
5.4907024015748034
21
-3.5545049606299211
0
LINE
8
BLACK
6
CONTINUOUS
10
5.4907024015748034
20
-3.5545049606299211
11
5.4909383858267713
21
-3.5550335433070863
0
LINE
8
BLACK
6
CONTINUOUS
10
5.4909383858267713
20
-3.5550335433070863
11
5.5040617322834642
21
-3.5944036220472442
0
LINE
8
BLACK
6
CONTINUOUS
10
5.5040617322834642
20
-3.5944036220472442
11
5.504190078740157
21
-3.5949680314960628
0
LINE
8
BLACK
6
CONTINUOUS
10
5.504190078740157
20
-3.5949680314960628
11
5.5041083858267719
21
-3.5961172440944882
0
LINE
8
BLACK
6
CONTINUOUS
10
5.5041083858267719
20
-3.5961172440944882
11
5.5035931889763781
21
-3.5971477165354329
0
LINE
8
BLACK
6
CONTINUOUS
10
5.5035931889763781
20
-3.5971477165354329
11
5.5027227952755906
21
-3.5979025984251969
0
LINE
8
BLACK
6
CONTINUOUS
10
5.5027227952755906
20
-3.5979025984251969
11
5.5016298031496058
21
-3.598266929133858
0
LINE
8
BLACK
6
CONTINUOUS
10
5.5016298031496058
20
-3.598266929133858
11
5.5004805905511809
21
-3.5981852362204725
0
LINE
8
BLACK
6
CONTINUOUS
10
5.5004805905511809
20
-3.5981852362204725
11
5.4994501574803145
21
-3.5976699999999999
0
LINE
8
BLACK
6
CONTINUOUS
10
5.4994501574803145
20
-3.5976699999999999
11
5.4986952755905509
21
-3.5967996456692912
0
LINE
8
BLACK
6
CONTINUOUS
10
5.4986952755905509
20
-3.5967996456692912
11
5.4984592913385821
21
-3.5962711023622047
0
LINE
8
BLACK
6
CONTINUOUS
10
5.4984592913385821
20
-3.5962711023622047
11
5.4953827559055117
21
-3.5870414960629922
0
LINE
8
BLACK
6
CONTINUOUS
10
5.4953827559055117
20
-3.5870414960629922
11
5.4808915748031497
21
-3.5870414960629922
0
LINE
8
BLACK
6
CONTINUOUS
10
5.4808915748031497
20
-3.5870414960629922
11
5.4778150393700784
21
-3.5962711023622047
0
LINE
8
BLACK
6
CONTINUOUS
10
5.4778150393700784
20
-3.5962711023622047
11
5.4775790551181105
21
-3.59679968503937
0
LINE
8
BLACK
6
CONTINUOUS
10
5.4775790551181105
20
-3.59679968503937
11
5.476824173228346
21
-3.5976700393700787
0
LINE
8
BLACK
6
CONTINUOUS
10
5.476824173228346
20
-3.5976700393700787
11
5.4757937401574805
21
-3.5981852362204725
0
LINE
8
BLACK
6
CONTINUOUS
10
5.4757937401574805
20
-3.5981852362204725
11
5.4746445275590547
21
-3.598266929133858
0
LINE
8
BLACK
6
CONTINUOUS
10
5.4746445275590547
20
-3.598266929133858
11
5.4735514960629921
21
-3.5979025984251969
0
LINE
8
BLACK
6
CONTINUOUS
10
5.4735514960629921
20
-3.5979025984251969
11
5.4726811417322834
21
-3.5971477165354329
0
LINE
8
BLACK
6
CONTINUOUS
10
5.4726811417322834
20
-3.5971477165354329
11
5.4721659448818896
21
-3.5961172834645669
0
LINE
8
BLACK
6
CONTINUOUS
10
5.4721659448818896
20
-3.5961172834645669
11
5.4720842519685036
21
-3.5949680708661416
0
LINE
8
BLACK
6
CONTINUOUS
10
5.4720842519685036
20
-3.5949680708661416
11
5.4722125984251964
21
-3.5944036220472442
0
LINE
8
BLACK
6
CONTINUOUS
10
5.4722125984251964
20
-3.5944036220472442
11
5.4853359448818892
21
-3.5550335433070863
0
LINE
8
BLACK
6
CONTINUOUS
10
5.4853359448818892
20
-3.5550335433070863
11
5.485571929133858
21
-3.5545049999999998
0
LINE
8
BLACK
6
CONTINUOUS
10
5.485571929133858
20
-3.5545049999999998
11
5.4857101181102363
21
-3.5543456299212597
0
LINE
8
BLACK
6
CONTINUOUS
10
5.4857101181102363
20
-3.5543456299212597
11
5.4858044881889763
21
-3.5541569291338582
0
LINE
8
BLACK
6
CONTINUOUS
10
5.4858044881889763
20
-3.5541569291338582
11
5.4860843307086613
21
-3.5539141732283466
0
LINE
8
BLACK
6
CONTINUOUS
10
5.4860843307086613
20
-3.5539141732283466
11
5.4863268110236216
21
-3.5536346456692911
0
LINE
8
BLACK
6
CONTINUOUS
10
5.4863268110236216
20
-3.5536346456692911
11
5.4865153543307086
21
-3.5535403543307087
0
LINE
8
BLACK
6
CONTINUOUS
10
5.4865153543307086
20
-3.5535403543307087
11
5.486674842519685
21
-3.5534020472440946
0
LINE
8
BLACK
6
CONTINUOUS
10
5.486674842519685
20
-3.5534020472440946
11
5.4870262204724405
21
-3.5532849212598423
0
LINE
8
BLACK
6
CONTINUOUS
10
5.4870262204724405
20
-3.5532849212598423
11
5.487357244094488
21
-3.553119409448819
0
LINE
8
BLACK
6
CONTINUOUS
10
5.487357244094488
20
-3.553119409448819
11
5.4875676377952756
21
-3.5531044488188974
0
LINE
8
BLACK
6
CONTINUOUS
10
5.4875676377952756
20
-3.5531044488188974
11
5.4877678740157476
21
-3.553037716535433
0
LINE
8
BLACK
6
CONTINUOUS
10
5.4877678740157476
20
-3.553037716535433
11
5.4881371653543303
21
-3.5530639370078738
0
LINE
8
BLACK
6
CONTINUOUS
10
5.4881371653543303
20
-3.5530639370078738
11
5.4885064566929129
21
-3.553037716535433
0
LINE
8
BLACK
6
CONTINUOUS
10
5.4885064566929129
20
-3.553037716535433
11
5.4887066535433071
21
-3.5531044488188974
0
LINE
8
BLACK
6
CONTINUOUS
10
5.4828600787401571
20
-3.5811359842519686
11
5.4934142519685034
21
-3.5811359842519686
0
LINE
8
BLACK
6
CONTINUOUS
10
5.4934142519685034
20
-3.5811359842519686
11
5.4881371653543303
21
-3.5653046850393699
0
LINE
8
BLACK
6
CONTINUOUS
10
5.4881371653543303
20
-3.5653046850393699
11
5.4828600787401571
21
-3.5811359842519686
0
LINE
8
BLACK
6
CONTINUOUS
10
5.2088610629921259
20
-3.5530712598425196
11
5.2093731102362204
21
-3.5530712598425196
0
LINE
8
BLACK
6
CONTINUOUS
10
5.2093731102362204
20
-3.5530712598425196
11
5.2094338582677162
21
-3.5530964173228345
0
LINE
8
BLACK
6
CONTINUOUS
10
5.2094338582677162
20
-3.5530964173228345
11
5.209499724409449
21
-3.5530993307086614
0
LINE
8
BLACK
6
CONTINUOUS
10
5.209499724409449
20
-3.5530993307086614
11
5.2099645669291341
21
-3.5533162204724409
0
LINE
8
BLACK
6
CONTINUOUS
10
5.2099645669291341
20
-3.5533162204724409
11
5.2104375196850397
21
-3.5535121653543307
0
LINE
8
BLACK
6
CONTINUOUS
10
5.2104375196850397
20
-3.5535121653543307
11
5.2104840157480314
21
-3.5535586614173229
0
LINE
8
BLACK
6
CONTINUOUS
10
5.2104840157480314
20
-3.5535586614173229
11
5.2105437401574806
21
-3.5535865354330709
0
LINE
8
BLACK
6
CONTINUOUS
10
5.2105437401574806
20
-3.5535865354330709
11
5.2108899606299213
21
-3.5539646062992127
0
LINE
8
BLACK
6
CONTINUOUS
10
5.2108899606299213
20
-3.5539646062992127
11
5.2112521653543302
21
-3.5543268110236221
0
LINE
8
BLACK
6
CONTINUOUS
10
5.2112521653543302
20
-3.5543268110236221
11
5.2112773622047239
21
-3.5543876377952754
0
LINE
8
BLACK
6
CONTINUOUS
10
5.2112773622047239
20
-3.5543876377952754
11
5.2113218503937011
21
-3.5544362204724407
0
LINE
8
BLACK
6
CONTINUOUS
10
5.2113218503937011
20
-3.5544362204724407
11
5.2114969291338582
21
-3.5549177165354329
0
LINE
8
BLACK
6
CONTINUOUS
10
5.2114969291338582
20
-3.5549177165354329
11
5.2116930708661418
21
-3.5553912204724409
0
LINE
8
BLACK
6
CONTINUOUS
10
5.2116930708661418
20
-3.5553912204724409
11
5.2117019685039372
21
-3.5554815748031494
0
LINE
8
BLACK
6
CONTINUOUS
10
5.2117019685039372
20
-3.5554815748031494
11
5.2117155511811024
21
-3.5555189370078741
0
LINE
8
BLACK
6
CONTINUOUS
10
5.2117155511811024
20
-3.5555189370078741
11
5.2117124803149606
21
-3.5555884645669291
0
LINE
8
BLACK
6
CONTINUOUS
10
5.2117124803149606
20
-3.5555884645669291
11
5.2117498031496066
21
-3.5559672834645668
0
LINE
8
BLACK
6
CONTINUOUS
10
5.2117498031496066
20
-3.5559672834645668
11
5.2117498031496066
21
-3.5953373622047242
0
LINE
8
BLACK
6
CONTINUOUS
10
5.2117498031496066
20
-3.5953373622047242
11
5.2116930708661418
21
-3.5959134251968505
0
LINE
8
BLACK
6
CONTINUOUS
10
5.2116930708661418
20
-3.5959134251968505
11
5.2112521653543302
21
-3.5969778346456693
0
LINE
8
BLACK
6
CONTINUOUS
10
5.2112521653543302
20
-3.5969778346456693
11
5.2104375196850397
21
-3.5977924803149604
0
LINE
8
BLACK
6
CONTINUOUS
10
5.2104375196850397
20
-3.5977924803149604
11
5.2093731102362204
21
-3.5982333858267714
0
LINE
8
BLACK
6
CONTINUOUS
10
5.2093731102362204
20
-3.5982333858267714
11
5.2082209842519687
21
-3.5982333858267714
0
LINE
8
BLACK
6
CONTINUOUS
10
5.2082209842519687
20
-3.5982333858267714
11
5.2071565748031494
21
-3.5977924803149604
0
LINE
8
BLACK
6
CONTINUOUS
10
5.2071565748031494
20
-3.5977924803149604
11
5.206341929133858
21
-3.5969778346456693
0
LINE
8
BLACK
6
CONTINUOUS
10
5.206341929133858
20
-3.5969778346456693
11
5.2059010236220473
21
-3.5959134251968505
0
LINE
8
BLACK
6
CONTINUOUS
10
5.2059010236220473
20
-3.5959134251968505
11
5.2058442913385825
21
-3.5953373622047242
0
LINE
8
BLACK
6
CONTINUOUS
10
5.2058442913385825
20
-3.5953373622047242
11
5.2058442913385825
21
-3.5692770078740157
0
LINE
8
BLACK
6
CONTINUOUS
10
5.2058442913385825
20
-3.5692770078740157
11
5.1983494488188979
21
-3.5853374015748032
0
LINE
8
BLACK
6
CONTINUOUS
10
5.1983494488188979
20
-3.5853374015748032
11
5.1982244881889761
21
-3.5855483070866141
0
LINE
8
BLACK
6
CONTINUOUS
10
5.1982244881889761
20
-3.5855483070866141
11
5.1981985039370073
21
-3.5856198031496063
0
LINE
8
BLACK
6
CONTINUOUS
10
5.1981985039370073
20
-3.5856198031496063
11
5.1981521653543306
21
-3.5856703543307087
0
LINE
8
BLACK
6
CONTINUOUS
10
5.1981521653543306
20
-3.5856703543307087
11
5.1980544094488188
21
-3.5858354330708662
0
LINE
8
BLACK
6
CONTINUOUS
10
5.1980544094488188
20
-3.5858354330708662
11
5.1977235826771651
21
-3.5861383464566927
0
LINE
8
BLACK
6
CONTINUOUS
10
5.1977235826771651
20
-3.5861383464566927
11
5.1974203937007877
21
-3.5864694881889765
0
LINE
8
BLACK
6
CONTINUOUS
10
5.1974203937007877
20
-3.5864694881889765
11
5.1973014173228345
21
-3.5865249606299212
0
LINE
8
BLACK
6
CONTINUOUS
10
5.1973014173228345
20
-3.5865249606299212
11
5.1972047637795278
21
-3.5866135433070867
0
LINE
8
BLACK
6
CONTINUOUS
10
5.1972047637795278
20
-3.5866135433070867
11
5.1967832677165351
21
-3.5867667716535432
0
LINE
8
BLACK
6
CONTINUOUS
10
5.1967832677165351
20
-3.5867667716535432
11
5.1963763779527561
21
-3.5869566929133856
0
LINE
8
BLACK
6
CONTINUOUS
10
5.1963763779527561
20
-3.5869566929133856
11
5.196245196850394
21
-3.5869624409448817
0
LINE
8
BLACK
6
CONTINUOUS
10
5.196245196850394
20
-3.5869624409448817
11
5.1961220472440948
21
-3.587007244094488
0
LINE
8
BLACK
6
CONTINUOUS
10
5.1961220472440948
20
-3.587007244094488
11
5.1956739370078742
21
-3.5869875590551179
0
LINE
8
BLACK
6
CONTINUOUS
10
5.1956739370078742
20
-3.5869875590551179
11
5.1952253543307085
21
-3.5870072834645668
0
LINE
8
BLACK
6
CONTINUOUS
10
5.1952253543307085
20
-3.5870072834645668
11
5.1951020472440943
21
-3.5869624409448817
0
LINE
8
BLACK
6
CONTINUOUS
10
5.1951020472440943
20
-3.5869624409448817
11
5.1949710236220472
21
-3.5869566929133856
0
LINE
8
BLACK
6
CONTINUOUS
10
5.1949710236220472
20
-3.5869566929133856
11
5.1945643700787398
21
-3.5867668897637794
0
LINE
8
BLACK
6
CONTINUOUS
10
5.1945643700787398
20
-3.5867668897637794
11
5.1941426377952755
21
-3.5866135433070867
0
LINE
8
BLACK
6
CONTINUOUS
10
5.1941426377952755
20
-3.5866135433070867
11
5.1940458267716538
21
-3.5865248818897637
0
LINE
8
BLACK
6
CONTINUOUS
10
5.1940458267716538
20
-3.5865248818897637
11
5.1939270078740156
21
-3.5864694488188977
0
LINE
8
BLACK
6
CONTINUOUS
10
5.1939270078740156
20
-3.5864694488188977
11
5.1936240551181099
21
-3.586138622047244
0
LINE
8
BLACK
6
CONTINUOUS
10
5.1936240551181099
20
-3.586138622047244
11
5.1932929921259845
21
-3.5858354724409449
0
LINE
8
BLACK
6
CONTINUOUS
10
5.1932929921259845
20
-3.5858354724409449
11
5.1931951181102365
21
-3.5856702755905512
0
LINE
8
BLACK
6
CONTINUOUS
10
5.1931951181102365
20
-3.5856702755905512
11
5.1931488976377951
21
-3.5856198031496063
0
LINE
8
BLACK
6
CONTINUOUS
10
5.1931488976377951
20
-3.5856198031496063
11
5.1931229133858263
21
-3.5855484251968504
0
LINE
8
BLACK
6
CONTINUOUS
10
5.1931229133858263
20
-3.5855484251968504
11
5.1929979527559054
21
-3.5853374409448819
0
LINE
8
BLACK
6
CONTINUOUS
10
5.1929979527559054
20
-3.5853374409448819
11
5.1855031102362208
21
-3.5692770078740157
0
LINE
8
BLACK
6
CONTINUOUS
10
5.1855031102362208
20
-3.5692770078740157
11
5.1855031102362208
21
-3.5953373622047242
0
LINE
8
BLACK
6
CONTINUOUS
10
5.1855031102362208
20
-3.5953373622047242
11
5.185446377952756
21
-3.5959134251968505
0
LINE
8
BLACK
6
CONTINUOUS
10
5.185446377952756
20
-3.5959134251968505
11
5.1850054724409445
21
-3.5969778346456693
0
LINE
8
BLACK
6
CONTINUOUS
10
5.1850054724409445
20
-3.5969778346456693
11
5.184190826771653
21
-3.5977924803149604
0
LINE
8
BLACK
6
CONTINUOUS
10
5.184190826771653
20
-3.5977924803149604
11
5.1831264173228346
21
-3.5982333858267714
0
LINE
8
BLACK
6
CONTINUOUS
10
5.1831264173228346
20
-3.5982333858267714
11
5.1819742913385829
21
-3.5982333858267714
0
LINE
8
BLACK
6
CONTINUOUS
10
5.1819742913385829
20
-3.5982333858267714
11
5.1809098818897636
21
-3.5977924803149604
0
LINE
8
BLACK
6
CONTINUOUS
10
5.1809098818897636
20
-3.5977924803149604
11
5.1800952362204722
21
-3.5969778346456693
0
LINE
8
BLACK
6
CONTINUOUS
10
5.1800952362204722
20
-3.5969778346456693
11
5.1796543307086615
21
-3.5959134251968505
0
LINE
8
BLACK
6
CONTINUOUS
10
5.1796543307086615
20
-3.5959134251968505
11
5.1795975984251967
21
-3.5953373622047242
0
LINE
8
BLACK
6
CONTINUOUS
10
5.1795975984251967
20
-3.5953373622047242
11
5.1795975984251967
21
-3.5559672834645668
0
LINE
8
BLACK
6
CONTINUOUS
10
5.1795975984251967
20
-3.5559672834645668
11
5.179634881889764
21
-3.5555884645669291
0
LINE
8
BLACK
6
CONTINUOUS
10
5.179634881889764
20
-3.5555884645669291
11
5.1796318503937009
21
-3.5555189370078741
0
LINE
8
BLACK
6
CONTINUOUS
10
5.1796318503937009
20
-3.5555189370078741
11
5.1796453937007874
21
-3.5554815748031494
0
LINE
8
BLACK
6
CONTINUOUS
10
5.1796453937007874
20
-3.5554815748031494
11
5.1796543307086615
21
-3.5553912204724409
0
LINE
8
BLACK
6
CONTINUOUS
10
5.1796543307086615
20
-3.5553912204724409
11
5.1798504330708663
21
-3.5549177165354329
0
LINE
8
BLACK
6
CONTINUOUS
10
5.1798504330708663
20
-3.5549177165354329
11
5.1800255511811022
21
-3.5544362204724407
0
LINE
8
BLACK
6
CONTINUOUS
10
5.1800255511811022
20
-3.5544362204724407
11
5.1800699999999997
21
-3.5543876377952754
0
LINE
8
BLACK
6
CONTINUOUS
10
5.1800699999999997
20
-3.5543876377952754
11
5.1800952362204722
21
-3.5543268110236221
0
LINE
8
BLACK
6
CONTINUOUS
10
5.1800952362204722
20
-3.5543268110236221
11
5.1804576377952758
21
-3.5539643700787402
0
LINE
8
BLACK
6
CONTINUOUS
10
5.1804576377952758
20
-3.5539643700787402
11
5.1808036614173227
21
-3.5535865748031497
0
LINE
8
BLACK
6
CONTINUOUS
10
5.1808036614173227
20
-3.5535865748031497
11
5.1808633070866144
21
-3.5535587007874017
0
LINE
8
BLACK
6
CONTINUOUS
10
5.1808633070866144
20
-3.5535587007874017
11
5.1809098818897636
21
-3.5535121653543307
0
LINE
8
BLACK
6
CONTINUOUS
10
5.1809098818897636
20
-3.5535121653543307
11
5.1813831496062992
21
-3.5533161023622046
0
LINE
8
BLACK
6
CONTINUOUS
10
5.1813831496062992
20
-3.5533161023622046
11
5.1818476771653543
21
-3.5530993307086614
0
LINE
8
BLACK
6
CONTINUOUS
10
5.1818476771653543
20
-3.5530993307086614
11
5.1819134645669287
21
-3.5530964173228345
0
LINE
8
BLACK
6
CONTINUOUS
10
5.1819134645669287
20
-3.5530964173228345
11
5.1819742913385829
21
-3.5530712598425196
0
LINE
8
BLACK
6
CONTINUOUS
10
5.1819742913385829
20
-3.5530712598425196
11
5.1824868503937003
21
-3.5530712598425196
0
LINE
8
BLACK
6
CONTINUOUS
10
5.1824868503937003
20
-3.5530712598425196
11
5.1829987007874019
21
-3.5530487795275589
0
LINE
8
BLACK
6
CONTINUOUS
10
5.1829987007874019
20
-3.5530487795275589
11
5.1830605118110231
21
-3.5530712598425196
0
LINE
8
BLACK
6
CONTINUOUS
10
5.1830605118110231
20
-3.5530712598425196
11
5.1831264173228346
21
-3.5530712598425196
0
LINE
8
BLACK
6
CONTINUOUS
10
5.1831264173228346
20
-3.5530712598425196
11
5.1835998818897639
21
-3.5532673622047244
0
LINE
8
BLACK
6
CONTINUOUS
10
5.1835998818897639
20
-3.5532673622047244
11
5.1840814173228349
21
-3.5534424803149607
0
LINE
8
BLACK
6
CONTINUOUS
10
5.1840814173228349
20
-3.5534424803149607
11
5.1841299606299209
21
-3.5534869291338582
0
LINE
8
BLACK
6
CONTINUOUS
10
5.1841299606299209
20
-3.5534869291338582
11
5.184190826771653
21
-3.5535121653543307
0
LINE
8
BLACK
6
CONTINUOUS
10
5.184190826771653
20
-3.5535121653543307
11
5.1845532283464566
21
-3.5538745669291338
0
LINE
8
BLACK
6
CONTINUOUS
10
5.1845532283464566
20
-3.5538745669291338
11
5.1849310629921259
21
-3.5542205905511812
0
LINE
8
BLACK
6
CONTINUOUS
10
5.1849310629921259
20
-3.5542205905511812
11
5.1849772834645664
21
-3.5542986220472441
0
LINE
8
BLACK
6
CONTINUOUS
10
5.1849772834645664
20
-3.5542986220472441
11
5.1850054724409445
21
-3.5543268110236221
0
LINE
8
BLACK
6
CONTINUOUS
10
5.1850054724409445
20
-3.5543268110236221
11
5.1850321653543308
21
-3.554391220472441
0
LINE
8
BLACK
6
CONTINUOUS
10
5.1850321653543308
20
-3.554391220472441
11
5.185226102362205
21
-3.5547186220472442
0
LINE
8
BLACK
6
CONTINUOUS
10
5.185226102362205
20
-3.5547186220472442
11
5.1956736614173229
21
-3.5771062992125984
0
LINE
8
BLACK
6
CONTINUOUS
10
5.1956736614173229
20
-3.5771062992125984
11
5.2061212992125983
21
-3.5547185826771655
0
LINE
8
BLACK
6
CONTINUOUS
10
5.2061212992125983
20
-3.5547185826771655
11
5.2063152755905513
21
-3.5543911023622048
0
LINE
8
BLACK
6
CONTINUOUS
10
5.2063152755905513
20
-3.5543911023622048
11
5.206341929133858
21
-3.5543268110236221
0
LINE
8
BLACK
6
CONTINUOUS
10
5.206341929133858
20
-3.5543268110236221
11
5.2063700393700785
21
-3.5542986614173229
0
LINE
8
BLACK
6
CONTINUOUS
10
5.2063700393700785
20
-3.5542986614173229
11
5.2064163385826774
21
-3.5542205511811025
0
LINE
8
BLACK
6
CONTINUOUS
10
5.2064163385826774
20
-3.5542205511811025
11
5.2067944094488192
21
-3.5538742913385826
0
LINE
8
BLACK
6
CONTINUOUS
10
5.2067944094488192
20
-3.5538742913385826
11
5.2071565748031494
21
-3.5535121653543307
0
LINE
8
BLACK
6
CONTINUOUS
10
5.2071565748031494
20
-3.5535121653543307
11
5.2072174015748027
21
-3.553486968503937
0
LINE
8
BLACK
6
CONTINUOUS
10
5.2072174015748027
20
-3.553486968503937
11
5.2072659842519684
21
-3.5534424803149607
0
LINE
8
BLACK
6
CONTINUOUS
10
5.2072659842519684
20
-3.5534424803149607
11
5.2077477952755906
21
-3.5532672440944881
0
LINE
8
BLACK
6
CONTINUOUS
10
5.2077477952755906
20
-3.5532672440944881
11
5.2082209842519687
21
-3.5530712598425196
0
LINE
8
BLACK
6
CONTINUOUS
10
5.2082209842519687
20
-3.5530712598425196
11
5.208286771653543
21
-3.5530712598425196
0
LINE
8
BLACK
6
CONTINUOUS
10
5.208286771653543
20
-3.5530712598425196
11
5.2083487007874014
21
-3.5530487401574802
0
LINE
8
BLACK
6
CONTINUOUS
10
5.2083487007874014
20
-3.5530487401574802
11
5.2088610629921259
21
-3.5530712598425196
0
LINE
8
BLACK
6
CONTINUOUS
10
5.2449936614173227
20
-3.5530712598425196
11
5.246058070866142
21
-3.5535121653543307
0
LINE
8
BLACK
6
CONTINUOUS
10
5.246058070866142
20
-3.5535121653543307
11
5.2468727165354325
21
-3.5543268110236221
0
LINE
8
BLACK
6
CONTINUOUS
10
5.2468727165354325
20
-3.5543268110236221
11
5.2473136220472441
21
-3.5553912204724409
0
LINE
8
BLACK
6
CONTINUOUS
10
5.2473136220472441
20
-3.5553912204724409
11
5.2473136220472441
21
-3.5565433464566927
0
LINE
8
BLACK
6
CONTINUOUS
10
5.2473136220472441
20
-3.5565433464566927
11
5.2468727165354325
21
-3.5576077559055119
0
LINE
8
BLACK
6
CONTINUOUS
10
5.2468727165354325
20
-3.5576077559055119
11
5.246058070866142
21
-3.5584224015748029
0
LINE
8
BLACK
6
CONTINUOUS
10
5.246058070866142
20
-3.5584224015748029
11
5.2449936614173227
21
-3.558863307086614
0
LINE
8
BLACK
6
CONTINUOUS
10
5.2449936614173227
20
-3.558863307086614
11
5.2444175984251968
21
-3.5589200393700788
0
LINE
8
BLACK
6
CONTINUOUS
10
5.2444175984251968
20
-3.5589200393700788
11
5.2361217716535435
21
-3.5589200393700788
0
LINE
8
BLACK
6
CONTINUOUS
10
5.2361217716535435
20
-3.5589200393700788
11
5.2361217716535435
21
-3.5953373622047242
0
LINE
8
BLACK
6
CONTINUOUS
10
5.2361217716535435
20
-3.5953373622047242
11
5.2360650393700787
21
-3.5959134251968505
0
LINE
8
BLACK
6
CONTINUOUS
10
5.2360650393700787
20
-3.5959134251968505
11
5.2356241338582672
21
-3.5969778346456693
0
LINE
8
BLACK
6
CONTINUOUS
10
5.2356241338582672
20
-3.5969778346456693
11
5.2348094881889766
21
-3.5977924803149604
0
LINE
8
BLACK
6
CONTINUOUS
10
5.2348094881889766
20
-3.5977924803149604
11
5.2337450787401574
21
-3.5982333858267714
0
LINE
8
BLACK
6
CONTINUOUS
10
5.2337450787401574
20
-3.5982333858267714
11
5.2325929527559056
21
-3.5982333858267714
0
LINE
8
BLACK
6
CONTINUOUS
10
5.2325929527559056
20
-3.5982333858267714
11
5.2315285433070864
21
-3.5977924803149604
0
LINE
8
BLACK
6
CONTINUOUS
10
5.2315285433070864
20
-3.5977924803149604
11
5.2307138976377949
21
-3.5969778346456693
0
LINE
8
BLACK
6
CONTINUOUS
10
5.2307138976377949
20
-3.5969778346456693
11
5.2302729921259843
21
-3.5959134251968505
0
LINE
8
BLACK
6
CONTINUOUS
10
5.2302729921259843
20
-3.5959134251968505
11
5.2302162598425195
21
-3.5953373622047242
0
LINE
8
BLACK
6
CONTINUOUS
10
5.2302162598425195
20
-3.5953373622047242
11
5.2302162598425195
21
-3.5589200393700788
0
LINE
8
BLACK
6
CONTINUOUS
10
5.2302162598425195
20
-3.5589200393700788
11
5.2219204330708662
21
-3.5589200393700788
0
LINE
8
BLACK
6
CONTINUOUS
10
5.2219204330708662
20
-3.5589200393700788
11
5.2213443700787403
21
-3.558863307086614
0
LINE
8
BLACK
6
CONTINUOUS
10
5.2213443700787403
20
-3.558863307086614
11
5.2202799606299211
21
-3.5584224015748029
0
LINE
8
BLACK
6
CONTINUOUS
10
5.2202799606299211
20
-3.5584224015748029
11
5.2194653149606296
21
-3.5576077559055119
0
LINE
8
BLACK
6
CONTINUOUS
10
5.2194653149606296
20
-3.5576077559055119
11
5.219024409448819
21
-3.5565433464566927
0
LINE
8
BLACK
6
CONTINUOUS
10
5.219024409448819
20
-3.5565433464566927
11
5.219024409448819
21
-3.5553912204724409
0
LINE
8
BLACK
6
CONTINUOUS
10
5.219024409448819
20
-3.5553912204724409
11
5.2194653149606296
21
-3.5543268110236221
0
LINE
8
BLACK
6
CONTINUOUS
10
5.2194653149606296
20
-3.5543268110236221
11
5.2202799606299211
21
-3.5535121653543307
0
LINE
8
BLACK
6
CONTINUOUS
10
5.2202799606299211
20
-3.5535121653543307
11
5.2213443700787403
21
-3.5530712598425196
0
LINE
8
BLACK
6
CONTINUOUS
10
5.2213443700787403
20
-3.5530712598425196
11
5.2219204330708662
21
-3.5530145275590552
0
LINE
8
BLACK
6
CONTINUOUS
10
5.2219204330708662
20
-3.5530145275590552
11
5.2444175984251968
21
-3.5530145275590552
0
LINE
8
BLACK
6
CONTINUOUS
10
5.2444175984251968
20
-3.5530145275590552
11
5.2449936614173227
21
-3.5530712598425196
0
LINE
8
BLACK
6
CONTINUOUS
10
5.4635309448818896
20
-3.5535121653543307
11
5.4643455905511811
21
-3.5543268110236221
0
LINE
8
BLACK
6
CONTINUOUS
10
5.4643455905511811
20
-3.5543268110236221
11
5.4647864960629917
21
-3.5553912204724409
0
LINE
8
BLACK
6
CONTINUOUS
10
5.4647864960629917
20
-3.5553912204724409
11
5.4648432283464565
21
-3.5559672834645668
0
LINE
8
BLACK
6
CONTINUOUS
10
5.4648432283464565
20
-3.5559672834645668
11
5.4648432283464565
21
-3.5953373622047242
0
LINE
8
BLACK
6
CONTINUOUS
10
5.4648432283464565
20
-3.5953373622047242
11
5.4647864960629917
21
-3.5959134251968505
0
LINE
8
BLACK
6
CONTINUOUS
10
5.4647864960629917
20
-3.5959134251968505
11
5.4643455905511811
21
-3.5969778346456693
0
LINE
8
BLACK
6
CONTINUOUS
10
5.4643455905511811
20
-3.5969778346456693
11
5.4635309448818896
21
-3.5977924803149604
0
LINE
8
BLACK
6
CONTINUOUS
10
5.4635309448818896
20
-3.5977924803149604
11
5.4624665354330704
21
-3.5982333858267714
0
LINE
8
BLACK
6
CONTINUOUS
10
5.4624665354330704
20
-3.5982333858267714
11
5.4613144094488186
21
-3.5982333858267714
0
LINE
8
BLACK
6
CONTINUOUS
10
5.4613144094488186
20
-3.5982333858267714
11
5.4602500000000003
21
-3.5977924803149604
0
LINE
8
BLACK
6
CONTINUOUS
10
5.4602500000000003
20
-3.5977924803149604
11
5.4594353543307088
21
-3.5969778346456693
0
LINE
8
BLACK
6
CONTINUOUS
10
5.4594353543307088
20
-3.5969778346456693
11
5.4589944488188973
21
-3.5959134251968505
0
LINE
8
BLACK
6
CONTINUOUS
10
5.4589944488188973
20
-3.5959134251968505
11
5.4589377165354334
21
-3.5953373622047242
0
LINE
8
BLACK
6
CONTINUOUS
10
5.4589377165354334
20
-3.5953373622047242
11
5.4589377165354334
21
-3.5559672834645668
0
LINE
8
BLACK
6
CONTINUOUS
10
5.4589377165354334
20
-3.5559672834645668
11
5.4589944488188973
21
-3.5553912204724409
0
LINE
8
BLACK
6
CONTINUOUS
10
5.4589944488188973
20
-3.5553912204724409
11
5.4594353543307088
21
-3.5543268110236221
0
LINE
8
BLACK
6
CONTINUOUS
10
5.4594353543307088
20
-3.5543268110236221
11
5.4602500000000003
21
-3.5535121653543307
0
LINE
8
BLACK
6
CONTINUOUS
10
5.4602500000000003
20
-3.5535121653543307
11
5.4613144094488186
21
-3.5530712598425196
0
LINE
8
BLACK
6
CONTINUOUS
10
5.4613144094488186
20
-3.5530712598425196
11
5.4624665354330704
21
-3.5530712598425196
0
LINE
8
BLACK
6
CONTINUOUS
10
5.4624665354330704
20
-3.5530712598425196
11
5.4635309448818896
21
-3.5535121653543307
0
LINE
8
BLACK
6
CONTINUOUS
10
4.9176064960629917
20
-3.5524118110236218
11
4.9178988976377953
21
-3.5524118110236218
0
LINE
8
BLACK
6
CONTINUOUS
10
4.9178988976377953
20
-3.5524118110236218
11
4.9181661417322831
21
-3.5525225196850392
0
LINE
8
BLACK
6
CONTINUOUS
10
4.9181661417322831
20
-3.5525225196850392
11
4.9184499606299212
21
-3.5525786614173227
0
LINE
8
BLACK
6
CONTINUOUS
10
4.9184499606299212
20
-3.5525786614173227
11
4.9186932283464566
21
-3.5527408267716534
0
LINE
8
BLACK
6
CONTINUOUS
10
4.9186932283464566
20
-3.5527408267716534
11
4.9189633070866137
21
-3.5528527165354329
0
LINE
8
BLACK
6
CONTINUOUS
10
4.9189633070866137
20
-3.5528527165354329
11
4.9191677559055114
21
-3.5530571653543306
0
LINE
8
BLACK
6
CONTINUOUS
10
4.9191677559055114
20
-3.5530571653543306
11
4.919408582677165
21
-3.5532177165354328
0
LINE
8
BLACK
6
CONTINUOUS
10
4.919408582677165
20
-3.5532177165354328
11
4.9195712992125982
21
-3.5534607086614174
0
LINE
8
BLACK
6
CONTINUOUS
10
4.9195712992125982
20
-3.5534607086614174
11
4.9197779527559051
21
-3.5536673622047243
0
LINE
8
BLACK
6
CONTINUOUS
10
4.9197779527559051
20
-3.5536673622047243
11
4.9198886220472442
21
-3.5539345669291338
0
LINE
8
BLACK
6
CONTINUOUS
10
4.9198886220472442
20
-3.5539345669291338
11
4.920049645669291
21
-3.5541749999999999
0
LINE
8
BLACK
6
CONTINUOUS
10
4.920049645669291
20
-3.5541749999999999
11
4.9201069685039371
21
-3.5544616535433069
0
LINE
8
BLACK
6
CONTINUOUS
10
4.9201069685039371
20
-3.5544616535433069
11
4.9202188582677167
21
-3.5547317716535431
0
LINE
8
BLACK
6
CONTINUOUS
10
4.9202188582677167
20
-3.5547317716535431
11
4.9202749606299214
21
-3.5553016929133858
0
LINE
8
BLACK
6
CONTINUOUS
10
4.9202749606299214
20
-3.5553016929133858
11
4.9202755905511806
21
-3.5553047244094489
0
LINE
8
BLACK
6
CONTINUOUS
10
4.9202755905511806
20
-3.5553047244094489
11
4.920275354330709
21
-3.555305748031496
0
LINE
8
BLACK
6
CONTINUOUS
10
4.920275354330709
20
-3.555305748031496
11
4.9202755905511806
21
-3.555307834645669
0
LINE
8
BLACK
6
CONTINUOUS
10
4.9202755905511806
20
-3.555307834645669
11
4.9202755905511806
21
-3.5917251574803148
0
LINE
8
BLACK
6
CONTINUOUS
10
4.9202755905511806
20
-3.5917251574803148
11
4.9285714173228348
21
-3.5917251574803148
0
LINE
8
BLACK
6
CONTINUOUS
10
4.9285714173228348
20
-3.5917251574803148
11
4.9291474803149606
21
-3.5917818897637797
0
LINE
8
BLACK
6
CONTINUOUS
10
4.9291474803149606
20
-3.5917818897637797
11
4.930211889763779
21
-3.5922227952755903
0
LINE
8
BLACK
6
CONTINUOUS
10
4.930211889763779
20
-3.5922227952755903
11
4.9310265354330705
21
-3.5930374409448818
0
LINE
8
BLACK
6
CONTINUOUS
10
4.9310265354330705
20
-3.5930374409448818
11
4.931467440944882
21
-3.5941018503937006
0
LINE
8
BLACK
6
CONTINUOUS
10
4.931467440944882
20
-3.5941018503937006
11
4.931467440944882
21
-3.5952539763779527
0
LINE
8
BLACK
6
CONTINUOUS
10
4.931467440944882
20
-3.5952539763779527
11
4.9310265354330705
21
-3.5963183858267715
0
LINE
8
BLACK
6
CONTINUOUS
10
4.9310265354330705
20
-3.5963183858267715
11
4.930211889763779
21
-3.597133031496063
0
LINE
8
BLACK
6
CONTINUOUS
10
4.930211889763779
20
-3.597133031496063
11
4.9291474803149606
21
-3.5975739370078741
0
LINE
8
BLACK
6
CONTINUOUS
10
4.9291474803149606
20
-3.5975739370078741
11
4.9285714173228348
21
-3.5976306692913385
0
LINE
8
BLACK
6
CONTINUOUS
10
4.9285714173228348
20
-3.5976306692913385
11
4.9060742519685041
21
-3.5976306692913385
0
LINE
8
BLACK
6
CONTINUOUS
10
4.9060742519685041
20
-3.5976306692913385
11
4.9054981889763782
21
-3.5975739370078741
0
LINE
8
BLACK
6
CONTINUOUS
10
4.9054981889763782
20
-3.5975739370078741
11
4.904433779527559
21
-3.597133031496063
0
LINE
8
BLACK
6
CONTINUOUS
10
4.904433779527559
20
-3.597133031496063
11
4.9036191338582675
21
-3.5963183858267715
0
LINE
8
BLACK
6
CONTINUOUS
10
4.9036191338582675
20
-3.5963183858267715
11
4.9031782283464569
21
-3.5952539763779527
0
LINE
8
BLACK
6
CONTINUOUS
10
4.9031782283464569
20
-3.5952539763779527
11
4.9031782283464569
21
-3.5941018503937006
0
LINE
8
BLACK
6
CONTINUOUS
10
4.9031782283464569
20
-3.5941018503937006
11
4.9036191338582675
21
-3.5930374409448818
0
LINE
8
BLACK
6
CONTINUOUS
10
4.9036191338582675
20
-3.5930374409448818
11
4.904433779527559
21
-3.5922227952755903
0
LINE
8
BLACK
6
CONTINUOUS
10
4.904433779527559
20
-3.5922227952755903
11
4.9054981889763782
21
-3.5917818897637797
0
LINE
8
BLACK
6
CONTINUOUS
10
4.9054981889763782
20
-3.5917818897637797
11
4.9060742519685041
21
-3.5917251574803148
0
LINE
8
BLACK
6
CONTINUOUS
10
4.9060742519685041
20
-3.5917251574803148
11
4.9143700787401574
21
-3.5917251574803148
0
LINE
8
BLACK
6
CONTINUOUS
10
4.9143700787401574
20
-3.5917251574803148
11
4.9143700787401574
21
-3.564311181102362
0
LINE
8
BLACK
6
CONTINUOUS
10
4.9143700787401574
20
-3.564311181102362
11
4.9119116929133861
21
-3.5667695669291337
0
LINE
8
BLACK
6
CONTINUOUS
10
4.9119116929133861
20
-3.5667695669291337
11
4.9116853149606294
21
-3.5669553149606297
0
LINE
8
BLACK
6
CONTINUOUS
10
4.9116853149606294
20
-3.5669553149606297
11
4.9116341732283466
21
-3.5670143307086613
0
LINE
8
BLACK
6
CONTINUOUS
10
4.9116341732283466
20
-3.5670143307086613
11
4.9115451968503931
21
-3.567070275590551
0
LINE
8
BLACK
6
CONTINUOUS
10
4.9115451968503931
20
-3.567070275590551
11
4.9114642519685034
21
-3.5671367716535434
0
LINE
8
BLACK
6
CONTINUOUS
10
4.9114642519685034
20
-3.5671367716535434
11
4.9113922834645667
21
-3.5671665748031494
0
LINE
8
BLACK
6
CONTINUOUS
10
4.9113922834645667
20
-3.5671665748031494
11
4.9111442913385828
21
-3.5673226771653543
0
LINE
8
BLACK
6
CONTINUOUS
10
4.9111442913385828
20
-3.5673226771653543
11
4.9073947637795277
21
-3.5691974409448819
0
LINE
8
BLACK
6
CONTINUOUS
10
4.9073947637795277
20
-3.5691974409448819
11
4.9068541338582676
21
-3.5694043307086614
0
LINE
8
BLACK
6
CONTINUOUS
10
4.9068541338582676
20
-3.5694043307086614
11
4.9057049212598427
21
-3.5694859842519686
0
LINE
8
BLACK
6
CONTINUOUS
10
4.9057049212598427
20
-3.5694859842519686
11
4.9046119685039367
21
-3.569121653543307
0
LINE
8
BLACK
6
CONTINUOUS
10
4.9046119685039367
20
-3.569121653543307
11
4.9037415748031492
21
-3.5683668110236222
0
LINE
8
BLACK
6
CONTINUOUS
10
4.9037415748031492
20
-3.5683668110236222
11
4.9032263385826766
21
-3.5673362992125983
0
LINE
8
BLACK
6
CONTINUOUS
10
4.9032263385826766
20
-3.5673362992125983
11
4.9031446850393703
21
-3.5661870866141729
0
LINE
8
BLACK
6
CONTINUOUS
10
4.9031446850393703
20
-3.5661870866141729
11
4.903509015748031
21
-3.5650941338582678
0
LINE
8
BLACK
6
CONTINUOUS
10
4.903509015748031
20
-3.5650941338582678
11
4.9042638582677167
21
-3.5642237401574803
0
LINE
8
BLACK
6
CONTINUOUS
10
4.9042638582677167
20
-3.5642237401574803
11
4.9047537401574806
21
-3.5639153937007872
0
LINE
8
BLACK
6
CONTINUOUS
10
4.9047537401574806
20
-3.5639153937007872
11
4.9080746850393702
21
-3.5622549212598424
0
LINE
8
BLACK
6
CONTINUOUS
10
4.9080746850393702
20
-3.5622549212598424
11
4.9112785826771654
21
-3.5590510236220472
0
LINE
8
BLACK
6
CONTINUOUS
10
4.9112785826771654
20
-3.5590510236220472
11
4.9148659842519686
21
-3.5536699212598424
0
LINE
8
BLACK
6
CONTINUOUS
10
4.9148659842519686
20
-3.5536699212598424
11
4.9148673228346453
21
-3.5536682283464565
0
LINE
8
BLACK
6
CONTINUOUS
10
4.9148673228346453
20
-3.5536682283464565
11
4.9148677165354329
21
-3.5536673622047243
0
LINE
8
BLACK
6
CONTINUOUS
10
4.9148677165354329
20
-3.5536673622047243
11
4.9148697244094484
21
-3.5536653149606297
0
LINE
8
BLACK
6
CONTINUOUS
10
4.9148697244094484
20
-3.5536653149606297
11
4.915232755905512
21
-3.553222086614173
0
LINE
8
BLACK
6
CONTINUOUS
10
4.915232755905512
20
-3.553222086614173
11
4.9154756299212599
21
-3.5530594094488186
0
LINE
8
BLACK
6
CONTINUOUS
10
4.9154756299212599
20
-3.5530594094488186
11
4.9156823622047243
21
-3.5528527165354329
0
LINE
8
BLACK
6
CONTINUOUS
10
4.9156823622047243
20
-3.5528527165354329
11
4.9159496456692908
21
-3.5527419685039368
0
LINE
8
BLACK
6
CONTINUOUS
10
4.9159496456692908
20
-3.5527419685039368
11
4.916190039370079
21
-3.552581023622047
0
LINE
8
BLACK
6
CONTINUOUS
10
4.916190039370079
20
-3.552581023622047
11
4.9164766535433069
21
-3.5525236614173226
0
LINE
8
BLACK
6
CONTINUOUS
10
4.9164766535433069
20
-3.5525236614173226
11
4.9167467716535436
21
-3.5524118110236218
0
LINE
8
BLACK
6
CONTINUOUS
10
4.9167467716535436
20
-3.5524118110236218
11
4.9170360629921257
21
-3.5524118110236218
0
LINE
8
BLACK
6
CONTINUOUS
10
4.9170360629921257
20
-3.5524118110236218
11
4.9173197244094489
21
-3.5523550787401574
0
LINE
8
BLACK
6
CONTINUOUS
10
4.9173197244094489
20
-3.5523550787401574
11
4.9176064960629917
21
-3.5524118110236218
0
LINE
8
BLACK
6
CONTINUOUS
10
6.2925445669291333
20
-3.5719071259842519
11
6.2936089763779526
21
-3.5723480314960629
0
LINE
8
BLACK
6
CONTINUOUS
10
6.2936089763779526
20
-3.5723480314960629
11
6.294423622047244
21
-3.5731626771653544
0
LINE
8
BLACK
6
CONTINUOUS
10
6.294423622047244
20
-3.5731626771653544
11
6.2948645275590547
21
-3.5742270866141732
0
LINE
8
BLACK
6
CONTINUOUS
10
6.2948645275590547
20
-3.5742270866141732
11
6.2948645275590547
21
-3.5753792125984249
0
LINE
8
BLACK
6
CONTINUOUS
10
6.2948645275590547
20
-3.5753792125984249
11
6.294423622047244
21
-3.5764436220472442
0
LINE
8
BLACK
6
CONTINUOUS
10
6.294423622047244
20
-3.5764436220472442
11
6.2936089763779526
21
-3.5772582677165352
0
LINE
8
BLACK
6
CONTINUOUS
10
6.2936089763779526
20
-3.5772582677165352
11
6.2925445669291333
21
-3.5776991732283463
0
LINE
8
BLACK
6
CONTINUOUS
10
6.2925445669291333
20
-3.5776991732283463
11
6.2919685039370075
21
-3.5777559055118111
0
LINE
8
BLACK
6
CONTINUOUS
10
6.2919685039370075
20
-3.5777559055118111
11
6.2119685039370074
21
-3.5777559055118111
0
LINE
8
BLACK
6
CONTINUOUS
10
6.2119685039370074
20
-3.5777559055118111
11
6.2113924409448815
21
-3.5776991732283463
0
LINE
8
BLACK
6
CONTINUOUS
10
6.2113924409448815
20
-3.5776991732283463
11
6.2103280314960632
21
-3.5772582677165352
0
LINE
8
BLACK
6
CONTINUOUS
10
6.2103280314960632
20
-3.5772582677165352
11
6.2095133858267717
21
-3.5764436220472442
0
LINE
8
BLACK
6
CONTINUOUS
10
6.2095133858267717
20
-3.5764436220472442
11
6.2090724803149602
21
-3.5753792125984249
0
LINE
8
BLACK
6
CONTINUOUS
10
6.2090724803149602
20
-3.5753792125984249
11
6.2090724803149602
21
-3.5742270866141732
0
LINE
8
BLACK
6
CONTINUOUS
10
6.2090724803149602
20
-3.5742270866141732
11
6.2095133858267717
21
-3.5731626771653544
0
LINE
8
BLACK
6
CONTINUOUS
10
6.2095133858267717
20
-3.5731626771653544
11
6.2103280314960632
21
-3.5723480314960629
0
LINE
8
BLACK
6
CONTINUOUS
10
6.2103280314960632
20
-3.5723480314960629
11
6.2113924409448815
21
-3.5719071259842519
0
LINE
8
BLACK
6
CONTINUOUS
10
6.2113924409448815
20
-3.5719071259842519
11
6.2119685039370074
21
-3.5718503937007875
0
LINE
8
BLACK
6
CONTINUOUS
10
6.2119685039370074
20
-3.5718503937007875
11
6.2919685039370075
21
-3.5718503937007875
0
LINE
8
BLACK
6
CONTINUOUS
10
6.2919685039370075
20
-3.5718503937007875
11
6.2925445669291333
21
-3.5719071259842519
0
LINE
8
BLACK
6
CONTINUOUS
10
6.2404855905511809
20
-3.4878920866141732
11
6.2413002362204724
21
-3.4887067322834646
0
LINE
8
BLACK
6
CONTINUOUS
10
6.2413002362204724
20
-3.4887067322834646
11
6.241741141732283
21
-3.4897711417322834
0
LINE
8
BLACK
6
CONTINUOUS
10
6.241741141732283
20
-3.4897711417322834
11
6.2417978740157478
21
-3.4903472047244093
0
LINE
8
BLACK
6
CONTINUOUS
10
6.2417978740157478
20
-3.4903472047244093
11
6.2417978740157478
21
-3.5184686614173226
0
LINE
8
BLACK
6
CONTINUOUS
10
6.2417978740157478
20
-3.5184686614173226
11
6.2417691338582673
21
-3.5187602362204724
0
LINE
8
BLACK
6
CONTINUOUS
10
6.2417691338582673
20
-3.5187602362204724
11
6.2417746850393696
21
-3.518837992125984
0
LINE
8
BLACK
6
CONTINUOUS
10
6.2417746850393696
20
-3.518837992125984
11
6.2417514173228348
21
-3.5189402362204723
0
LINE
8
BLACK
6
CONTINUOUS
10
6.2417514173228348
20
-3.5189402362204723
11
6.241741141732283
21
-3.5190447244094489
0
LINE
8
BLACK
6
CONTINUOUS
10
6.241741141732283
20
-3.5190447244094489
11
6.2417112598425195
21
-3.5191167716535432
0
LINE
8
BLACK
6
CONTINUOUS
10
6.2417112598425195
20
-3.5191167716535432
11
6.2416463385826768
21
-3.5194024409448819
0
LINE
8
BLACK
6
CONTINUOUS
10
6.2416463385826768
20
-3.5194024409448819
11
6.2397715748031493
21
-3.5250266929133858
0
LINE
8
BLACK
6
CONTINUOUS
10
6.2397715748031493
20
-3.5250266929133858
11
6.2395355905511813
21
-3.525555275590551
0
LINE
8
BLACK
6
CONTINUOUS
10
6.2395355905511813
20
-3.525555275590551
11
6.2394660629921255
21
-3.5256353937007874
0
LINE
8
BLACK
6
CONTINUOUS
10
6.2394660629921255
20
-3.5256353937007874
11
6.2394255118110236
21
-3.5257333858267716
0
LINE
8
BLACK
6
CONTINUOUS
10
6.2394255118110236
20
-3.5257333858267716
11
6.2390583070866139
21
-3.5261808267716535
0
LINE
8
BLACK
6
CONTINUOUS
10
6.2390583070866139
20
-3.5261808267716535
11
6.23530874015748
21
-3.5299304330708661
0
LINE
8
BLACK
6
CONTINUOUS
10
6.23530874015748
20
-3.5299304330708661
11
6.2348612992125982
21
-3.5302976377952757
0
LINE
8
BLACK
6
CONTINUOUS
10
6.2348612992125982
20
-3.5302976377952757
11
6.2347632283464565
21
-3.5303382283464568
0
LINE
8
BLACK
6
CONTINUOUS
10
6.2347632283464565
20
-3.5303382283464568
11
6.2346831102362206
21
-3.5304077559055118
0
LINE
8
BLACK
6
CONTINUOUS
10
6.2346831102362206
20
-3.5304077559055118
11
6.2341545669291341
21
-3.5306437401574802
0
LINE
8
BLACK
6
CONTINUOUS
10
6.2341545669291341
20
-3.5306437401574802
11
6.2285302755905514
21
-3.5325185039370077
0
LINE
8
BLACK
6
CONTINUOUS
10
6.2285302755905514
20
-3.5325185039370077
11
6.2282446850393702
21
-3.5325834251968504
0
LINE
8
BLACK
6
CONTINUOUS
10
6.2282446850393702
20
-3.5325834251968504
11
6.2281725984251963
21
-3.5326133070866139
0
LINE
8
BLACK
6
CONTINUOUS
10
6.2281725984251963
20
-3.5326133070866139
11
6.2280680708661418
21
-3.5326235826771653
0
LINE
8
BLACK
6
CONTINUOUS
10
6.2280680708661418
20
-3.5326235826771653
11
6.2279658267716531
21
-3.5326468503937005
0
LINE
8
BLACK
6
CONTINUOUS
10
6.2279658267716531
20
-3.5326468503937005
11
6.2278880708661415
21
-3.5326412992125982
0
LINE
8
BLACK
6
CONTINUOUS
10
6.2278880708661415
20
-3.5326412992125982
11
6.2275965354330705
21
-3.5326700393700787
0
LINE
8
BLACK
6
CONTINUOUS
10
6.2275965354330705
20
-3.5326700393700787
11
6.2238470078740153
21
-3.5326700393700787
0
LINE
8
BLACK
6
CONTINUOUS
10
6.2238470078740153
20
-3.5326700393700787
11
6.2232709448818895
21
-3.5326133070866139
0
LINE
8
BLACK
6
CONTINUOUS
10
6.2232709448818895
20
-3.5326133070866139
11
6.2222065354330711
21
-3.5321724015748033
0
LINE
8
BLACK
6
CONTINUOUS
10
6.2222065354330711
20
-3.5321724015748033
11
6.2213918897637797
21
-3.5313577559055118
0
LINE
8
BLACK
6
CONTINUOUS
10
6.2213918897637797
20
-3.5313577559055118
11
6.2209509842519681
21
-3.530293346456693
0
LINE
8
BLACK
6
CONTINUOUS
10
6.2209509842519681
20
-3.530293346456693
11
6.2209509842519681
21
-3.5291412204724408
0
LINE
8
BLACK
6
CONTINUOUS
10
6.2209509842519681
20
-3.5291412204724408
11
6.2213918897637797
21
-3.528076811023622
0
LINE
8
BLACK
6
CONTINUOUS
10
6.2213918897637797
20
-3.528076811023622
11
6.2222065354330711
21
-3.5272621653543306
0
LINE
8
BLACK
6
CONTINUOUS
10
6.2222065354330711
20
-3.5272621653543306
11
6.2232709448818895
21
-3.5268212598425195
0
LINE
8
BLACK
6
CONTINUOUS
10
6.2232709448818895
20
-3.5268212598425195
11
6.2238470078740153
21
-3.5267645275590551
0
LINE
8
BLACK
6
CONTINUOUS
10
6.2238470078740153
20
-3.5267645275590551
11
6.2271174015748034
21
-3.5267645275590551
0
LINE
8
BLACK
6
CONTINUOUS
10
6.2271174015748034
20
-3.5267645275590551
11
6.2316257874015744
21
-3.5252616929133858
0
LINE
8
BLACK
6
CONTINUOUS
10
6.2316257874015744
20
-3.5252616929133858
11
6.2343895275590553
21
-3.5224979133858265
0
LINE
8
BLACK
6
CONTINUOUS
10
6.2343895275590553
20
-3.5224979133858265
11
6.2358923622047246
21
-3.5179895275590551
0
LINE
8
BLACK
6
CONTINUOUS
10
6.2358923622047246
20
-3.5179895275590551
11
6.2358923622047246
21
-3.4903472047244093
0
LINE
8
BLACK
6
CONTINUOUS
10
6.2358923622047246
20
-3.4903472047244093
11
6.2359490944881886
21
-3.4897711417322834
0
LINE
8
BLACK
6
CONTINUOUS
10
6.2359490944881886
20
-3.4897711417322834
11
6.2363900000000001
21
-3.4887067322834646
0
LINE
8
BLACK
6
CONTINUOUS
10
6.2363900000000001
20
-3.4887067322834646
11
6.2372046456692916
21
-3.4878920866141732
0
LINE
8
BLACK
6
CONTINUOUS
10
6.2372046456692916
20
-3.4878920866141732
11
6.2382690551181099
21
-3.4874511811023621
0
LINE
8
BLACK
6
CONTINUOUS
10
6.2382690551181099
20
-3.4874511811023621
11
6.2394211811023617
21
-3.4874511811023621
0
LINE
8
BLACK
6
CONTINUOUS
10
6.2394211811023617
20
-3.4874511811023621
11
6.2404855905511809
21
-3.4878920866141732
0
LINE
8
BLACK
6
CONTINUOUS
10
6.2785198425196853
20
-3.4874244488188975
11
6.2785973228346457
21
-3.4874192913385826
0
LINE
8
BLACK
6
CONTINUOUS
10
6.2785973228346457
20
-3.4874192913385826
11
6.2786506692913386
21
-3.4874373228346456
0
LINE
8
BLACK
6
CONTINUOUS
10
6.2786506692913386
20
-3.4874373228346456
11
6.27879125984252
21
-3.4874511811023621
0
LINE
8
BLACK
6
CONTINUOUS
10
6.27879125984252
20
-3.4874511811023621
11
6.2792344488188974
21
-3.4876347637795275
0
LINE
8
BLACK
6
CONTINUOUS
10
6.2792344488188974
20
-3.4876347637795275
11
6.2796887007874016
21
-3.4877883858267715
0
LINE
8
BLACK
6
CONTINUOUS
10
6.2796887007874016
20
-3.4877883858267715
11
6.2797636614173227
21
-3.4878539370078738
0
LINE
8
BLACK
6
CONTINUOUS
10
6.2797636614173227
20
-3.4878539370078738
11
6.2798556692913383
21
-3.4878920866141732
0
LINE
8
BLACK
6
CONTINUOUS
10
6.2798556692913383
20
-3.4878920866141732
11
6.2801946456692912
21
-3.488231062992126
0
LINE
8
BLACK
6
CONTINUOUS
10
6.2801946456692912
20
-3.488231062992126
11
6.2805557874015747
21
-3.4885470472440945
0
LINE
8
BLACK
6
CONTINUOUS
10
6.2805557874015747
20
-3.4885470472440945
11
6.280599960629921
21
-3.4886363779527558
0
LINE
8
BLACK
6
CONTINUOUS
10
6.280599960629921
20
-3.4886363779527558
11
6.2806703149606298
21
-3.4887067322834646
0
LINE
8
BLACK
6
CONTINUOUS
10
6.2806703149606298
20
-3.4887067322834646
11
6.2808537795275585
21
-3.4891496456692912
0
LINE
8
BLACK
6
CONTINUOUS
10
6.2808537795275585
20
-3.4891496456692912
11
6.2810664960629916
21
-3.4895798031496064
0
LINE
8
BLACK
6
CONTINUOUS
10
6.2810664960629916
20
-3.4895798031496064
11
6.2810731102362203
21
-3.4896791338582678
0
LINE
8
BLACK
6
CONTINUOUS
10
6.2810731102362203
20
-3.4896791338582678
11
6.2811112204724404
21
-3.4897711417322834
0
LINE
8
BLACK
6
CONTINUOUS
10
6.2811112204724404
20
-3.4897711417322834
11
6.2811112204724404
21
-3.4902508267716534
0
LINE
8
BLACK
6
CONTINUOUS
10
6.2811112204724404
20
-3.4902508267716534
11
6.2811431102362203
21
-3.4907293307086613
0
LINE
8
BLACK
6
CONTINUOUS
10
6.2811431102362203
20
-3.4907293307086613
11
6.2811112204724404
21
-3.4908236220472442
0
LINE
8
BLACK
6
CONTINUOUS
10
6.2811112204724404
20
-3.4908236220472442
11
6.2811112204724404
21
-3.4909232677165352
0
LINE
8
BLACK
6
CONTINUOUS
10
6.2811112204724404
20
-3.4909232677165352
11
6.2809275984251967
21
-3.4913664566929135
0
LINE
8
BLACK
6
CONTINUOUS
10
6.2809275984251967
20
-3.4913664566929135
11
6.2807740157480314
21
-3.4918207086614172
0
LINE
8
BLACK
6
CONTINUOUS
10
6.2807740157480314
20
-3.4918207086614172
11
6.2806918897637791
21
-3.4919355511811023
0
LINE
8
BLACK
6
CONTINUOUS
10
6.2806918897637791
20
-3.4919355511811023
11
6.2806703149606298
21
-3.4919876771653544
0
LINE
8
BLACK
6
CONTINUOUS
10
6.2806703149606298
20
-3.4919876771653544
11
6.2806153543307088
21
-3.4920425984251966
0
LINE
8
BLACK
6
CONTINUOUS
10
6.2806153543307088
20
-3.4920425984251966
11
6.280437362204724
21
-3.4922916141732281
0
LINE
8
BLACK
6
CONTINUOUS
10
6.280437362204724
20
-3.4922916141732281
11
6.2715044488188978
21
-3.5025006299212595
0
LINE
8
BLACK
6
CONTINUOUS
10
6.2715044488188978
20
-3.5025006299212595
11
6.2720366535433065
21
-3.5027042913385826
0
LINE
8
BLACK
6
CONTINUOUS
10
6.2720366535433065
20
-3.5027042913385826
11
6.2757861811023616
21
-3.5045790551181102
0
LINE
8
BLACK
6
CONTINUOUS
10
6.2757861811023616
20
-3.5045790551181102
11
6.2760341732283464
21
-3.504735118110236
0
LINE
8
BLACK
6
CONTINUOUS
10
6.2760341732283464
20
-3.504735118110236
11
6.2761061417322832
21
-3.5047649606299212
0
LINE
8
BLACK
6
CONTINUOUS
10
6.2761061417322832
20
-3.5047649606299212
11
6.2761870866141729
21
-3.5048314173228348
0
LINE
8
BLACK
6
CONTINUOUS
10
6.2761870866141729
20
-3.5048314173228348
11
6.2762760629921255
21
-3.5048874015748033
0
LINE
8
BLACK
6
CONTINUOUS
10
6.2762760629921255
20
-3.5048874015748033
11
6.2763272047244092
21
-3.5049463779527557
0
LINE
8
BLACK
6
CONTINUOUS
10
6.2763272047244092
20
-3.5049463779527557
11
6.276553582677165
21
-3.5051321653543308
0
LINE
8
BLACK
6
CONTINUOUS
10
6.276553582677165
20
-3.5051321653543308
11
6.2784283464566926
21
-3.5070069291338584
0
LINE
8
BLACK
6
CONTINUOUS
10
6.2784283464566926
20
-3.5070069291338584
11
6.278614094488189
21
-3.5072332677165354
0
LINE
8
BLACK
6
CONTINUOUS
10
6.278614094488189
20
-3.5072332677165354
11
6.2786731102362205
21
-3.5072844488188974
0
LINE
8
BLACK
6
CONTINUOUS
10
6.2786731102362205
20
-3.5072844488188974
11
6.2787290551181103
21
-3.5073733858267717
0
LINE
8
BLACK
6
CONTINUOUS
10
6.2787290551181103
20
-3.5073733858267717
11
6.2787955511811022
21
-3.5074543700787402
0
LINE
8
BLACK
6
CONTINUOUS
10
6.2787955511811022
20
-3.5074543700787402
11
6.2788253543307082
21
-3.5075262992125982
0
LINE
8
BLACK
6
CONTINUOUS
10
6.2788253543307082
20
-3.5075262992125982
11
6.2789814566929136
21
-3.5077743307086613
0
LINE
8
BLACK
6
CONTINUOUS
10
6.2789814566929136
20
-3.5077743307086613
11
6.2808562204724412
21
-3.5115238582677164
0
LINE
8
BLACK
6
CONTINUOUS
10
6.2808562204724412
20
-3.5115238582677164
11
6.2810631102362207
21
-3.5120644488188977
0
LINE
8
BLACK
6
CONTINUOUS
10
6.2810631102362207
20
-3.5120644488188977
11
6.2810706299212598
21
-3.5121703149606298
0
LINE
8
BLACK
6
CONTINUOUS
10
6.2810706299212598
20
-3.5121703149606298
11
6.2811112204724404
21
-3.5122683070866141
0
LINE
8
BLACK
6
CONTINUOUS
10
6.2811112204724404
20
-3.5122683070866141
11
6.2811679527559052
21
-3.51284437007874
0
LINE
8
BLACK
6
CONTINUOUS
10
6.2811679527559052
20
-3.51284437007874
11
6.2811679527559052
21
-3.5222181889763777
0
LINE
8
BLACK
6
CONTINUOUS
10
6.2811679527559052
20
-3.5222181889763777
11
6.2811112204724404
21
-3.522794251968504
0
LINE
8
BLACK
6
CONTINUOUS
10
6.2811112204724404
20
-3.522794251968504
11
6.2810706299212598
21
-3.5228922047244096
0
LINE
8
BLACK
6
CONTINUOUS
10
6.2810706299212598
20
-3.5228922047244096
11
6.2810631102362207
21
-3.5229981102362204
0
LINE
8
BLACK
6
CONTINUOUS
10
6.2810631102362207
20
-3.5229981102362204
11
6.2808562204724412
21
-3.5235387007874013
0
LINE
8
BLACK
6
CONTINUOUS
10
6.2808562204724412
20
-3.5235387007874013
11
6.2789814566929136
21
-3.5272882283464568
0
LINE
8
BLACK
6
CONTINUOUS
10
6.2789814566929136
20
-3.5272882283464568
11
6.278825393700787
21
-3.5275361023622045
0
LINE
8
BLACK
6
CONTINUOUS
10
6.278825393700787
20
-3.5275361023622045
11
6.278795590551181
21
-3.5276081496062992
0
LINE
8
BLACK
6
CONTINUOUS
10
6.278795590551181
20
-3.5276081496062992
11
6.2787290551181103
21
-3.5276891732283464
0
LINE
8
BLACK
6
CONTINUOUS
10
6.2787290551181103
20
-3.5276891732283464
11
6.2786731102362205
21
-3.5277781102362202
0
LINE
8
BLACK
6
CONTINUOUS
10
6.2786731102362205
20
-3.5277781102362202
11
6.278614094488189
21
-3.5278292519685039
0
LINE
8
BLACK
6
CONTINUOUS
10
6.278614094488189
20
-3.5278292519685039
11
6.2784283464566926
21
-3.5280556299212598
0
LINE
8
BLACK
6
CONTINUOUS
10
6.2784283464566926
20
-3.5280556299212598
11
6.2765536220472438
21
-3.5299303937007873
0
LINE
8
BLACK
6
CONTINUOUS
10
6.2765536220472438
20
-3.5299303937007873
11
6.2763272440944879
21
-3.5301161417322833
0
LINE
8
BLACK
6
CONTINUOUS
10
6.2763272440944879
20
-3.5301161417322833
11
6.2762760629921255
21
-3.5301751968503936
0
LINE
8
BLACK
6
CONTINUOUS
10
6.2762760629921255
20
-3.5301751968503936
11
6.2761870866141729
21
-3.5302311811023621
0
LINE
8
BLACK
6
CONTINUOUS
10
6.2761870866141729
20
-3.5302311811023621
11
6.2761061417322832
21
-3.5302976377952757
0
LINE
8
BLACK
6
CONTINUOUS
10
6.2761061417322832
20
-3.5302976377952757
11
6.2760341732283464
21
-3.5303274409448817
0
LINE
8
BLACK
6
CONTINUOUS
10
6.2760341732283464
20
-3.5303274409448817
11
6.2757861811023616
21
-3.5304835433070867
0
LINE
8
BLACK
6
CONTINUOUS
10
6.2757861811023616
20
-3.5304835433070867
11
6.2720366535433065
21
-3.5323583070866142
0
LINE
8
BLACK
6
CONTINUOUS
10
6.2720366535433065
20
-3.5323583070866142
11
6.2714960236220474
21
-3.5325651968503937
0
LINE
8
BLACK
6
CONTINUOUS
10
6.2714960236220474
20
-3.5325651968503937
11
6.2713901968503931
21
-3.5325726771653541
0
LINE
8
BLACK
6
CONTINUOUS
10
6.2713901968503931
20
-3.5325726771653541
11
6.2712922047244097
21
-3.5326133070866139
0
LINE
8
BLACK
6
CONTINUOUS
10
6.2712922047244097
20
-3.5326133070866139
11
6.270716141732283
21
-3.5326700393700787
0
LINE
8
BLACK
6
CONTINUOUS
10
6.270716141732283
20
-3.5326700393700787
11
6.2594675590551176
21
-3.5326700393700787
0
LINE
8
BLACK
6
CONTINUOUS
10
6.2594675590551176
20
-3.5326700393700787
11
6.2588914960629918
21
-3.5326133070866139
0
LINE
8
BLACK
6
CONTINUOUS
10
6.2588914960629918
20
-3.5326133070866139
11
6.2587935039370075
21
-3.5325727165354328
0
LINE
8
BLACK
6
CONTINUOUS
10
6.2587935039370075
20
-3.5325727165354328
11
6.2586876377952754
21
-3.5325651968503937
0
LINE
8
BLACK
6
CONTINUOUS
10
6.2586876377952754
20
-3.5325651968503937
11
6.2581470472440941
21
-3.5323583070866142
0
LINE
8
BLACK
6
CONTINUOUS
10
6.2581470472440941
20
-3.5323583070866142
11
6.254397519685039
21
-3.5304835433070867
0
LINE
8
BLACK
6
CONTINUOUS
10
6.254397519685039
20
-3.5304835433070867
11
6.2541494881889763
21
-3.5303274409448817
0
LINE
8
BLACK
6
CONTINUOUS
10
6.2541494881889763
20
-3.5303274409448817
11
6.2540775590551183
21
-3.5302976377952757
0
LINE
8
BLACK
6
CONTINUOUS
10
6.2540775590551183
20
-3.5302976377952757
11
6.2539965748031499
21
-3.5302311811023621
0
LINE
8
BLACK
6
CONTINUOUS
10
6.2539965748031499
20
-3.5302311811023621
11
6.2539076377952751
21
-3.5301751968503936
0
LINE
8
BLACK
6
CONTINUOUS
10
6.2539076377952751
20
-3.5301751968503936
11
6.2538564173228348
21
-3.5301161417322833
0
LINE
8
BLACK
6
CONTINUOUS
10
6.2538564173228348
20
-3.5301161417322833
11
6.2536300787401577
21
-3.5299303937007873
0
LINE
8
BLACK
6
CONTINUOUS
10
6.2536300787401577
20
-3.5299303937007873
11
6.2517553149606302
21
-3.528055590551181
0
LINE
8
BLACK
6
CONTINUOUS
10
6.2517553149606302
20
-3.528055590551181
11
6.2513881102362205
21
-3.5276081496062992
0
LINE
8
BLACK
6
CONTINUOUS
10
6.2513881102362205
20
-3.5276081496062992
11
6.2509472440944878
21
-3.5265437401574804
0
LINE
8
BLACK
6
CONTINUOUS
10
6.2509472440944878
20
-3.5265437401574804
11
6.2509472440944878
21
-3.525391653543307
0
LINE
8
BLACK
6
CONTINUOUS
10
6.2509472440944878
20
-3.525391653543307
11
6.2513881496062993
21
-3.5243272440944882
0
LINE
8
BLACK
6
CONTINUOUS
10
6.2513881496062993
20
-3.5243272440944882
11
6.2522028346456695
21
-3.523512559055118
0
LINE
8
BLACK
6
CONTINUOUS
10
6.2522028346456695
20
-3.523512559055118
11
6.2532672440944879
21
-3.5230716929133856
0
LINE
8
BLACK
6
CONTINUOUS
10
6.2532672440944879
20
-3.5230716929133856
11
6.2544193307086609
21
-3.5230716929133856
0
LINE
8
BLACK
6
CONTINUOUS
10
6.2544193307086609
20
-3.5230716929133856
11
6.2554837401574801
21
-3.5235125984251967
0
LINE
8
BLACK
6
CONTINUOUS
10
6.2554837401574801
20
-3.5235125984251967
11
6.2559312204724407
21
-3.5238798425196851
0
LINE
8
BLACK
6
CONTINUOUS
10
6.2559312204724407
20
-3.5238798425196851
11
6.2574671259842516
21
-3.5254157874015748
0
LINE
8
BLACK
6
CONTINUOUS
10
6.2574671259842516
20
-3.5254157874015748
11
6.2601646062992122
21
-3.5267645275590551
0
LINE
8
BLACK
6
CONTINUOUS
10
6.2601646062992122
20
-3.5267645275590551
11
6.2700190944881884
21
-3.5267645275590551
0
LINE
8
BLACK
6
CONTINUOUS
10
6.2700190944881884
20
-3.5267645275590551
11
6.2727165354330703
21
-3.5254157874015748
0
LINE
8
BLACK
6
CONTINUOUS
10
6.2727165354330703
20
-3.5254157874015748
11
6.273913661417323
21
-3.5242186220472442
0
LINE
8
BLACK
6
CONTINUOUS
10
6.273913661417323
20
-3.5242186220472442
11
6.2752624409448821
21
-3.5215211417322836
0
LINE
8
BLACK
6
CONTINUOUS
10
6.2752624409448821
20
-3.5215211417322836
11
6.2752624409448821
21
-3.5135414173228345
0
LINE
8
BLACK
6
CONTINUOUS
10
6.2752624409448821
20
-3.5135414173228345
11
6.2739137007874017
21
-3.5108439370078739
0
LINE
8
BLACK
6
CONTINUOUS
10
6.2739137007874017
20
-3.5108439370078739
11
6.272716574803149
21
-3.5096468110236221
0
LINE
8
BLACK
6
CONTINUOUS
10
6.272716574803149
20
-3.5096468110236221
11
6.2700190944881884
21
-3.5082980708661418
0
LINE
8
BLACK
6
CONTINUOUS
10
6.2700190944881884
20
-3.5082980708661418
11
6.2650918503937003
21
-3.5082980708661418
0
LINE
8
BLACK
6
CONTINUOUS
10
6.2650918503937003
20
-3.5082980708661418
11
6.2647871653543303
21
-3.5082680314960628
0
LINE
8
BLACK
6
CONTINUOUS
10
6.2647871653543303
20
-3.5082680314960628
11
6.2647097244094487
21
-3.5082732283464568
0
LINE
8
BLACK
6
CONTINUOUS
10
6.2647097244094487
20
-3.5082732283464568
11
6.264656338582677
21
-3.5082551574803147
0
LINE
8
BLACK
6
CONTINUOUS
10
6.264656338582677
20
-3.5082551574803147
11
6.2645157874015744
21
-3.5082413385826769
0
LINE
8
BLACK
6
CONTINUOUS
10
6.2645157874015744
20
-3.5082413385826769
11
6.2640725590551183
21
-3.5080577165354332
0
LINE
8
BLACK
6
CONTINUOUS
10
6.2640725590551183
20
-3.5080577165354332
11
6.2636183464566928
21
-3.5079041338582675
0
LINE
8
BLACK
6
CONTINUOUS
10
6.2636183464566928
20
-3.5079041338582675
11
6.263543346456693
21
-3.5078385433070864
0
LINE
8
BLACK
6
CONTINUOUS
10
6.263543346456693
20
-3.5078385433070864
11
6.2634513779527561
21
-3.5078004330708659
0
LINE
8
BLACK
6
CONTINUOUS
10
6.2634513779527561
20
-3.5078004330708659
11
6.2631123622047244
21
-3.5074614173228347
0
LINE
8
BLACK
6
CONTINUOUS
10
6.2631123622047244
20
-3.5074614173228347
11
6.2627512598425197
21
-3.507145472440945
0
LINE
8
BLACK
6
CONTINUOUS
10
6.2627512598425197
20
-3.507145472440945
11
6.2627070472440947
21
-3.5070561023622044
0
LINE
8
BLACK
6
CONTINUOUS
10
6.2627070472440947
20
-3.5070561023622044
11
6.2626367322834646
21
-3.5069857874015749
0
LINE
8
BLACK
6
CONTINUOUS
10
6.2626367322834646
20
-3.5069857874015749
11
6.2624532283464562
21
-3.5065428346456691
0
LINE
8
BLACK
6
CONTINUOUS
10
6.2624532283464562
20
-3.5065428346456691
11
6.2622405511811019
21
-3.5061127165354331
0
LINE
8
BLACK
6
CONTINUOUS
10
6.2622405511811019
20
-3.5061127165354331
11
6.2622338976377954
21
-3.5060133464566929
0
LINE
8
BLACK
6
CONTINUOUS
10
6.2622338976377954
20
-3.5060133464566929
11
6.2621958267716531
21
-3.505921377952756
0
LINE
8
BLACK
6
CONTINUOUS
10
6.2621958267716531
20
-3.505921377952756
11
6.2621958267716531
21
-3.5054416535433068
0
LINE
8
BLACK
6
CONTINUOUS
10
6.2621958267716531
20
-3.5054416535433068
11
6.2621639370078741
21
-3.5049631889763777
0
LINE
8
BLACK
6
CONTINUOUS
10
6.2621639370078741
20
-3.5049631889763777
11
6.2621958267716531
21
-3.5048688582677165
0
LINE
8
BLACK
6
CONTINUOUS
10
6.2621958267716531
20
-3.5048688582677165
11
6.2621958267716531
21
-3.5047692519685039
0
LINE
8
BLACK
6
CONTINUOUS
10
6.2621958267716531
20
-3.5047692519685039
11
6.262379409448819
21
-3.5043260236220473
0
LINE
8
BLACK
6
CONTINUOUS
10
6.262379409448819
20
-3.5043260236220473
11
6.262533031496063
21
-3.5038718110236218
0
LINE
8
BLACK
6
CONTINUOUS
10
6.262533031496063
20
-3.5038718110236218
11
6.2626151181102356
21
-3.5037569291338584
0
LINE
8
BLACK
6
CONTINUOUS
10
6.2626151181102356
20
-3.5037569291338584
11
6.2626367322834646
21
-3.5037048425196851
0
LINE
8
BLACK
6
CONTINUOUS
10
6.2626367322834646
20
-3.5037048425196851
11
6.2626916535433068
21
-3.5036498818897637
0
LINE
8
BLACK
6
CONTINUOUS
10
6.2626916535433068
20
-3.5036498818897637
11
6.2628696850393704
21
-3.5034009055118109
0
LINE
8
BLACK
6
CONTINUOUS
10
6.2628696850393704
20
-3.5034009055118109
11
6.2717080314960629
21
-3.4932999606299213
0
LINE
8
BLACK
6
CONTINUOUS
10
6.2717080314960629
20
-3.4932999606299213
11
6.253843267716535
21
-3.4932999606299213
0
LINE
8
BLACK
6
CONTINUOUS
10
6.253843267716535
20
-3.4932999606299213
11
6.2532672047244091
21
-3.4932432283464565
0
LINE
8
BLACK
6
CONTINUOUS
10
6.2532672047244091
20
-3.4932432283464565
11
6.2522027952755908
21
-3.4928023228346454
0
LINE
8
BLACK
6
CONTINUOUS
10
6.2522027952755908
20
-3.4928023228346454
11
6.2513881496062993
21
-3.4919876771653544
0
LINE
8
BLACK
6
CONTINUOUS
10
6.2513881496062993
20
-3.4919876771653544
11
6.2509472440944878
21
-3.4909232677165352
0
LINE
8
BLACK
6
CONTINUOUS
10
6.2509472440944878
20
-3.4909232677165352
11
6.2509472440944878
21
-3.4897711417322834
0
LINE
8
BLACK
6
CONTINUOUS
10
6.2509472440944878
20
-3.4897711417322834
11
6.2513881496062993
21
-3.4887067322834646
0
LINE
8
BLACK
6
CONTINUOUS
10
6.2513881496062993
20
-3.4887067322834646
11
6.2522027952755908
21
-3.4878920866141732
0
LINE
8
BLACK
6
CONTINUOUS
10
6.2522027952755908
20
-3.4878920866141732
11
6.2532672047244091
21
-3.4874511811023621
0
LINE
8
BLACK
6
CONTINUOUS
10
6.2532672047244091
20
-3.4874511811023621
11
6.253843267716535
21
-3.4873944488188977
0
LINE
8
BLACK
6
CONTINUOUS
10
6.253843267716535
20
-3.4873944488188977
11
6.2782151968503932
21
-3.4873944488188977
0
LINE
8
BLACK
6
CONTINUOUS
10
6.2782151968503932
20
-3.4873944488188977
11
6.2785198425196853
21
-3.4874244488188975
0
LINE
8
BLACK
6
CONTINUOUS
10
5.0278871653543309
20
-3.4642700393700787
11
5.0287018110236223
21
-3.4650846850393702
0
LINE
8
BLACK
6
CONTINUOUS
10
5.0287018110236223
20
-3.4650846850393702
11
5.029142716535433
21
-3.466149094488189
0
LINE
8
BLACK
6
CONTINUOUS
10
5.029142716535433
20
-3.466149094488189
11
5.0291994488188978
21
-3.4667251574803148
0
LINE
8
BLACK
6
CONTINUOUS
10
5.0291994488188978
20
-3.4667251574803148
11
5.0291994488188978
21
-3.4948466141732282
0
LINE
8
BLACK
6
CONTINUOUS
10
5.0291994488188978
20
-3.4948466141732282
11
5.0291707086614172
21
-3.495138188976378
0
LINE
8
BLACK
6
CONTINUOUS
10
5.0291707086614172
20
-3.495138188976378
11
5.0291762598425196
21
-3.4952159448818896
0
LINE
8
BLACK
6
CONTINUOUS
10
5.0291762598425196
20
-3.4952159448818896
11
5.0291529921259839
21
-3.4953181889763778
0
LINE
8
BLACK
6
CONTINUOUS
10
5.0291529921259839
20
-3.4953181889763778
11
5.029142716535433
21
-3.495422677165354
0
LINE
8
BLACK
6
CONTINUOUS
10
5.029142716535433
20
-3.495422677165354
11
5.0291128346456695
21
-3.4954947244094488
0
LINE
8
BLACK
6
CONTINUOUS
10
5.0291128346456695
20
-3.4954947244094488
11
5.0290479133858268
21
-3.4957803937007874
0
LINE
8
BLACK
6
CONTINUOUS
10
5.0290479133858268
20
-3.4957803937007874
11
5.0271731496062992
21
-3.5014046456692913
0
LINE
8
BLACK
6
CONTINUOUS
10
5.0271731496062992
20
-3.5014046456692913
11
5.0269371653543304
21
-3.5019332283464566
0
LINE
8
BLACK
6
CONTINUOUS
10
5.0269371653543304
20
-3.5019332283464566
11
5.0268676377952755
21
-3.5020133464566929
0
LINE
8
BLACK
6
CONTINUOUS
10
5.0268676377952755
20
-3.5020133464566929
11
5.0268270866141735
21
-3.5021113385826772
0
LINE
8
BLACK
6
CONTINUOUS
10
5.0268270866141735
20
-3.5021113385826772
11
5.0264598818897639
21
-3.502558779527559
0
LINE
8
BLACK
6
CONTINUOUS
10
5.0264598818897639
20
-3.502558779527559
11
5.02271031496063
21
-3.5063083858267716
0
LINE
8
BLACK
6
CONTINUOUS
10
5.02271031496063
20
-3.5063083858267716
11
5.0222628740157482
21
-3.5066755905511808
0
LINE
8
BLACK
6
CONTINUOUS
10
5.0222628740157482
20
-3.5066755905511808
11
5.0221648031496064
21
-3.5067161811023619
0
LINE
8
BLACK
6
CONTINUOUS
10
5.0221648031496064
20
-3.5067161811023619
11
5.0220846850393697
21
-3.5067857086614174
0
LINE
8
BLACK
6
CONTINUOUS
10
5.0220846850393697
20
-3.5067857086614174
11
5.0215561417322832
21
-3.5070216929133857
0
LINE
8
BLACK
6
CONTINUOUS
10
5.0215561417322832
20
-3.5070216929133857
11
5.0159318503937005
21
-3.5088964566929133
0
LINE
8
BLACK
6
CONTINUOUS
10
5.0159318503937005
20
-3.5088964566929133
11
5.0156462598425193
21
-3.508961377952756
0
LINE
8
BLACK
6
CONTINUOUS
10
5.0156462598425193
20
-3.508961377952756
11
5.0155741732283463
21
-3.5089912598425195
0
LINE
8
BLACK
6
CONTINUOUS
10
5.0155741732283463
20
-3.5089912598425195
11
5.0154696456692909
21
-3.5090015354330708
0
LINE
8
BLACK
6
CONTINUOUS
10
5.0154696456692909
20
-3.5090015354330708
11
5.0153674015748031
21
-3.5090248031496061
0
LINE
8
BLACK
6
CONTINUOUS
10
5.0153674015748031
20
-3.5090248031496061
11
5.0152896456692915
21
-3.5090192519685037
0
LINE
8
BLACK
6
CONTINUOUS
10
5.0152896456692915
20
-3.5090192519685037
11
5.0149981102362204
21
-3.5090479921259843
0
LINE
8
BLACK
6
CONTINUOUS
10
5.0149981102362204
20
-3.5090479921259843
11
5.0112485826771653
21
-3.5090479921259843
0
LINE
8
BLACK
6
CONTINUOUS
10
5.0112485826771653
20
-3.5090479921259843
11
5.0106725196850395
21
-3.5089912598425195
0
LINE
8
BLACK
6
CONTINUOUS
10
5.0106725196850395
20
-3.5089912598425195
11
5.0096081102362202
21
-3.5085503543307084
0
LINE
8
BLACK
6
CONTINUOUS
10
5.0096081102362202
20
-3.5085503543307084
11
5.0087934645669288
21
-3.5077357086614174
0
LINE
8
BLACK
6
CONTINUOUS
10
5.0087934645669288
20
-3.5077357086614174
11
5.0083525590551181
21
-3.5066712992125981
0
LINE
8
BLACK
6
CONTINUOUS
10
5.0083525590551181
20
-3.5066712992125981
11
5.0083525590551181
21
-3.5055191732283464
0
LINE
8
BLACK
6
CONTINUOUS
10
5.0083525590551181
20
-3.5055191732283464
11
5.0087934645669288
21
-3.5044547637795276
0
LINE
8
BLACK
6
CONTINUOUS
10
5.0087934645669288
20
-3.5044547637795276
11
5.0096081102362202
21
-3.5036401181102361
0
LINE
8
BLACK
6
CONTINUOUS
10
5.0096081102362202
20
-3.5036401181102361
11
5.0106725196850395
21
-3.503199212598425
0
LINE
8
BLACK
6
CONTINUOUS
10
5.0106725196850395
20
-3.503199212598425
11
5.0112485826771653
21
-3.5031424803149607
0
LINE
8
BLACK
6
CONTINUOUS
10
5.0112485826771653
20
-3.5031424803149607
11
5.0145189763779525
21
-3.5031424803149607
0
LINE
8
BLACK
6
CONTINUOUS
10
5.0145189763779525
20
-3.5031424803149607
11
5.0190273622047243
21
-3.5016396456692913
0
LINE
8
BLACK
6
CONTINUOUS
10
5.0190273622047243
20
-3.5016396456692913
11
5.0217911023622044
21
-3.4988758661417321
0
LINE
8
BLACK
6
CONTINUOUS
10
5.0217911023622044
20
-3.4988758661417321
11
5.0232939370078737
21
-3.4943674803149607
0
LINE
8
BLACK
6
CONTINUOUS
10
5.0232939370078737
20
-3.4943674803149607
11
5.0232939370078737
21
-3.4667251574803148
0
LINE
8
BLACK
6
CONTINUOUS
10
5.0232939370078737
20
-3.4667251574803148
11
5.0233506692913386
21
-3.466149094488189
0
LINE
8
BLACK
6
CONTINUOUS
10
5.0233506692913386
20
-3.466149094488189
11
5.0237915748031492
21
-3.4650846850393702
0
LINE
8
BLACK
6
CONTINUOUS
10
5.0237915748031492
20
-3.4650846850393702
11
5.0246062204724407
21
-3.4642700393700787
0
LINE
8
BLACK
6
CONTINUOUS
10
5.0246062204724407
20
-3.4642700393700787
11
5.0256706299212599
21
-3.4638291338582676
0
LINE
8
BLACK
6
CONTINUOUS
10
5.0256706299212599
20
-3.4638291338582676
11
5.0268227559055116
21
-3.4638291338582676
0
LINE
8
BLACK
6
CONTINUOUS
10
5.0268227559055116
20
-3.4638291338582676
11
5.0278871653543309
21
-3.4642700393700787
0
LINE
8
BLACK
6
CONTINUOUS
10
5.054651850393701
20
-3.4638291338582676
11
5.0549442519685037
21
-3.4638291338582676
0
LINE
8
BLACK
6
CONTINUOUS
10
5.0549442519685037
20
-3.4638291338582676
11
5.0552114960629924
21
-3.463939842519685
0
LINE
8
BLACK
6
CONTINUOUS
10
5.0552114960629924
20
-3.463939842519685
11
5.0554953149606296
21
-3.4639959842519685
0
LINE
8
BLACK
6
CONTINUOUS
10
5.0554953149606296
20
-3.4639959842519685
11
5.055738582677165
21
-3.4641581496062992
0
LINE
8
BLACK
6
CONTINUOUS
10
5.055738582677165
20
-3.4641581496062992
11
5.056008661417323
21
-3.4642700393700787
0
LINE
8
BLACK
6
CONTINUOUS
10
5.056008661417323
20
-3.4642700393700787
11
5.0562131102362207
21
-3.4644744881889764
0
LINE
8
BLACK
6
CONTINUOUS
10
5.0562131102362207
20
-3.4644744881889764
11
5.0564539370078743
21
-3.4646350393700787
0
LINE
8
BLACK
6
CONTINUOUS
10
5.0564539370078743
20
-3.4646350393700787
11
5.0566166535433066
21
-3.4648780314960628
0
LINE
8
BLACK
6
CONTINUOUS
10
5.0566166535433066
20
-3.4648780314960628
11
5.0568233070866144
21
-3.4650846850393702
0
LINE
8
BLACK
6
CONTINUOUS
10
5.0568233070866144
20
-3.4650846850393702
11
5.0569339763779526
21
-3.4653518897637796
0
LINE
8
BLACK
6
CONTINUOUS
10
5.0569339763779526
20
-3.4653518897637796
11
5.0570949999999995
21
-3.4655923228346457
0
LINE
8
BLACK
6
CONTINUOUS
10
5.0570949999999995
20
-3.4655923228346457
11
5.0571523228346456
21
-3.4658789763779527
0
LINE
8
BLACK
6
CONTINUOUS
10
5.0571523228346456
20
-3.4658789763779527
11
5.0572642125984251
21
-3.466149094488189
0
LINE
8
BLACK
6
CONTINUOUS
10
5.0572642125984251
20
-3.466149094488189
11
5.0573203149606298
21
-3.4667190157480312
0
LINE
8
BLACK
6
CONTINUOUS
10
5.0573203149606298
20
-3.4667190157480312
11
5.0573209448818899
21
-3.4667220472440943
0
LINE
8
BLACK
6
CONTINUOUS
10
5.0573209448818899
20
-3.4667220472440943
11
5.0573207086614174
21
-3.4667230708661418
0
LINE
8
BLACK
6
CONTINUOUS
10
5.0573207086614174
20
-3.4667230708661418
11
5.0573209448818899
21
-3.4667251574803148
0
LINE
8
BLACK
6
CONTINUOUS
10
5.0573209448818899
20
-3.4667251574803148
11
5.0573209448818899
21
-3.5031424803149607
0
LINE
8
BLACK
6
CONTINUOUS
10
5.0573209448818899
20
-3.5031424803149607
11
5.0656167716535432
21
-3.5031424803149607
0
LINE
8
BLACK
6
CONTINUOUS
10
5.0656167716535432
20
-3.5031424803149607
11
5.0661928346456691
21
-3.503199212598425
0
LINE
8
BLACK
6
CONTINUOUS
10
5.0661928346456691
20
-3.503199212598425
11
5.0672572440944883
21
-3.5036401181102361
0
LINE
8
BLACK
6
CONTINUOUS
10
5.0672572440944883
20
-3.5036401181102361
11
5.0680718897637798
21
-3.5044547637795276
0
LINE
8
BLACK
6
CONTINUOUS
10
5.0680718897637798
20
-3.5044547637795276
11
5.0685127952755904
21
-3.5055191732283464
0
LINE
8
BLACK
6
CONTINUOUS
10
5.0685127952755904
20
-3.5055191732283464
11
5.0685127952755904
21
-3.5066712992125981
0
LINE
8
BLACK
6
CONTINUOUS
10
5.0685127952755904
20
-3.5066712992125981
11
5.0680718897637798
21
-3.5077357086614174
0
LINE
8
BLACK
6
CONTINUOUS
10
5.0680718897637798
20
-3.5077357086614174
11
5.0672572440944883
21
-3.5085503543307084
0
LINE
8
BLACK
6
CONTINUOUS
10
5.0672572440944883
20
-3.5085503543307084
11
5.0661928346456691
21
-3.5089912598425195
0
LINE
8
BLACK
6
CONTINUOUS
10
5.0661928346456691
20
-3.5089912598425195
11
5.0656167716535432
21
-3.5090479921259843
0
LINE
8
BLACK
6
CONTINUOUS
10
5.0656167716535432
20
-3.5090479921259843
11
5.0431196062992125
21
-3.5090479921259843
0
LINE
8
BLACK
6
CONTINUOUS
10
5.0431196062992125
20
-3.5090479921259843
11
5.0425435433070867
21
-3.5089912598425195
0
LINE
8
BLACK
6
CONTINUOUS
10
5.0425435433070867
20
-3.5089912598425195
11
5.0414791338582674
21
-3.5085503543307084
0
LINE
8
BLACK
6
CONTINUOUS
10
5.0414791338582674
20
-3.5085503543307084
11
5.0406644881889759
21
-3.5077357086614174
0
LINE
8
BLACK
6
CONTINUOUS
10
5.0406644881889759
20
-3.5077357086614174
11
5.0402235826771653
21
-3.5066712992125981
0
LINE
8
BLACK
6
CONTINUOUS
10
5.0402235826771653
20
-3.5066712992125981
11
5.0402235826771653
21
-3.5055191732283464
0
LINE
8
BLACK
6
CONTINUOUS
10
5.0402235826771653
20
-3.5055191732283464
11
5.0406644881889759
21
-3.5044547637795276
0
LINE
8
BLACK
6
CONTINUOUS
10
5.0406644881889759
20
-3.5044547637795276
11
5.0414791338582674
21
-3.5036401181102361
0
LINE
8
BLACK
6
CONTINUOUS
10
5.0414791338582674
20
-3.5036401181102361
11
5.0425435433070867
21
-3.503199212598425
0
LINE
8
BLACK
6
CONTINUOUS
10
5.0425435433070867
20
-3.503199212598425
11
5.0431196062992125
21
-3.5031424803149607
0
LINE
8
BLACK
6
CONTINUOUS
10
5.0431196062992125
20
-3.5031424803149607
11
5.0514154330708658
21
-3.5031424803149607
0
LINE
8
BLACK
6
CONTINUOUS
10
5.0514154330708658
20
-3.5031424803149607
11
5.0514154330708658
21
-3.4757285039370078
0
LINE
8
BLACK
6
CONTINUOUS
10
5.0514154330708658
20
-3.4757285039370078
11
5.0489570472440946
21
-3.4781868897637795
0
LINE
8
BLACK
6
CONTINUOUS
10
5.0489570472440946
20
-3.4781868897637795
11
5.0487306692913387
21
-3.4783726377952755
0
LINE
8
BLACK
6
CONTINUOUS
10
5.0487306692913387
20
-3.4783726377952755
11
5.048679527559055
21
-3.4784316535433071
0
LINE
8
BLACK
6
CONTINUOUS
10
5.048679527559055
20
-3.4784316535433071
11
5.0485905511811024
21
-3.4784875984251968
0
LINE
8
BLACK
6
CONTINUOUS
10
5.0485905511811024
20
-3.4784875984251968
11
5.0485096062992127
21
-3.4785540944881888
0
LINE
8
BLACK
6
CONTINUOUS
10
5.0485096062992127
20
-3.4785540944881888
11
5.0484376377952751
21
-3.4785838976377952
0
LINE
8
BLACK
6
CONTINUOUS
10
5.0484376377952751
20
-3.4785838976377952
11
5.0481896456692912
21
-3.4787399999999997
0
LINE
8
BLACK
6
CONTINUOUS
10
5.0481896456692912
20
-3.4787399999999997
11
5.0444401181102361
21
-3.4806147637795273
0
LINE
8
BLACK
6
CONTINUOUS
10
5.0444401181102361
20
-3.4806147637795273
11
5.043899488188976
21
-3.4808216535433072
0
LINE
8
BLACK
6
CONTINUOUS
10
5.043899488188976
20
-3.4808216535433072
11
5.0427502755905511
21
-3.480903307086614
0
LINE
8
BLACK
6
CONTINUOUS
10
5.0427502755905511
20
-3.480903307086614
11
5.041657322834646
21
-3.4805389763779528
0
LINE
8
BLACK
6
CONTINUOUS
10
5.041657322834646
20
-3.4805389763779528
11
5.0407869291338585
21
-3.4797841338582676
0
LINE
8
BLACK
6
CONTINUOUS
10
5.0407869291338585
20
-3.4797841338582676
11
5.0402716929133859
21
-3.4787536220472441
0
LINE
8
BLACK
6
CONTINUOUS
10
5.0402716929133859
20
-3.4787536220472441
11
5.0401900393700787
21
-3.4776044094488188
0
LINE
8
BLACK
6
CONTINUOUS
10
5.0401900393700787
20
-3.4776044094488188
11
5.0405543700787403
21
-3.4765114566929132
0
LINE
8
BLACK
6
CONTINUOUS
10
5.0405543700787403
20
-3.4765114566929132
11
5.0413092125984251
21
-3.4756410629921257
0
LINE
8
BLACK
6
CONTINUOUS
10
5.0413092125984251
20
-3.4756410629921257
11
5.041799094488189
21
-3.4753327165354331
0
LINE
8
BLACK
6
CONTINUOUS
10
5.041799094488189
20
-3.4753327165354331
11
5.0451200393700786
21
-3.4736722440944883
0
LINE
8
BLACK
6
CONTINUOUS
10
5.0451200393700786
20
-3.4736722440944883
11
5.0483239370078739
21
-3.470468346456693
0
LINE
8
BLACK
6
CONTINUOUS
10
5.0483239370078739
20
-3.470468346456693
11
5.051911338582677
21
-3.4650872440944882
0
LINE
8
BLACK
6
CONTINUOUS
10
5.051911338582677
20
-3.4650872440944882
11
5.0519126771653546
21
-3.4650855511811023
0
LINE
8
BLACK
6
CONTINUOUS
10
5.0519126771653546
20
-3.4650855511811023
11
5.0519130708661413
21
-3.4650846850393702
0
LINE
8
BLACK
6
CONTINUOUS
10
5.0519130708661413
20
-3.4650846850393702
11
5.0519150787401577
21
-3.4650826377952755
0
LINE
8
BLACK
6
CONTINUOUS
10
5.0519150787401577
20
-3.4650826377952755
11
5.0522781102362204
21
-3.4646394094488189
0
LINE
8
BLACK
6
CONTINUOUS
10
5.0522781102362204
20
-3.4646394094488189
11
5.0525209842519683
21
-3.4644767322834644
0
LINE
8
BLACK
6
CONTINUOUS
10
5.0525209842519683
20
-3.4644767322834644
11
5.0527277165354327
21
-3.4642700393700787
0
LINE
8
BLACK
6
CONTINUOUS
10
5.0527277165354327
20
-3.4642700393700787
11
5.0529950000000001
21
-3.4641592913385826
0
LINE
8
BLACK
6
CONTINUOUS
10
5.0529950000000001
20
-3.4641592913385826
11
5.0532353937007874
21
-3.4639983464566928
0
LINE
8
BLACK
6
CONTINUOUS
10
5.0532353937007874
20
-3.4639983464566928
11
5.0535220078740153
21
-3.4639409842519684
0
LINE
8
BLACK
6
CONTINUOUS
10
5.0535220078740153
20
-3.4639409842519684
11
5.053792125984252
21
-3.4638291338582676
0
LINE
8
BLACK
6
CONTINUOUS
10
5.053792125984252
20
-3.4638291338582676
11
5.0540814173228341
21
-3.4638291338582676
0
LINE
8
BLACK
6
CONTINUOUS
10
5.0540814173228341
20
-3.4638291338582676
11
5.0543650787401573
21
-3.4637724015748033
0
LINE
8
BLACK
6
CONTINUOUS
10
5.0543650787401573
20
-3.4637724015748033
11
5.054651850393701
21
-3.4638291338582676
0
CIRCLE
8
BLACK
10
6.6393700787401571
20
-4.926771653543307
40
0.0068897637795276
0
CIRCLE
8
BLACK
10
5.6401574803149606
20
-4.9779527559055117
40
0.0068897637795276
0
CIRCLE
8
BLACK
10
5.6401574803149606
20
-4.877952755905512
40
0.0068897637795276
0
CIRCLE
8
BLACK
10
5.7401574803149602
20
-4.9779527559055117
40
0.0068897637795276
0
CIRCLE
8
BLACK
10
5.7401574803149602
20
-4.877952755905512
40
0.0068897637795276
0
CIRCLE
8
BLACK
10
5.8401574803149607
20
-4.9779527559055117
40
0.0068897637795276
0
CIRCLE
8
BLACK
10
5.8401574803149607
20
-4.877952755905512
40
0.0068897637795276
0
CIRCLE
8
BLACK
10
5.0393700787401574
20
-3.326771653543307
40
0.0068897637795276
0
CIRCLE
8
BLACK
10
5.0393700787401574
20
-4.926771653543307
40
0.0068897637795276
0
CIRCLE
8
BLACK
10
6.2519685039370074
20
-3.7125984251968505
40
0.0068897637795276
0
CIRCLE
8
BLACK
10
6.1519685039370078
20
-3.6125984251968504
40
0.0068897637795276
0
CIRCLE
8
BLACK
10
6.1519685039370078
20
-3.8125984251968501
40
0.0068897637795276
0
CIRCLE
8
BLACK
10
6.351968503937008
20
-3.6125984251968504
40
0.0068897637795276
0
CIRCLE
8
BLACK
10
6.351968503937008
20
-3.8125984251968501
40
0.0068897637795276
0
CIRCLE
8
BLACK
10
4.9893700787401576
20
-3.576771653543307
40
0.0068897637795276
0
CIRCLE
8
BLACK
10
5.0893700787401572
20
-3.576771653543307
40
0.0068897637795276
0
CIRCLE
8
BLACK
10
4.9893700787401576
20
-3.676771653543307
40
0.0068897637795276
0
CIRCLE
8
BLACK
10
5.0893700787401572
20
-3.676771653543307
40
0.0068897637795276
0
CIRCLE
8
BLACK
10
4.9893700787401576
20
-3.7767716535433071
40
0.0068897637795276
0
CIRCLE
8
BLACK
10
5.0893700787401572
20
-3.7767716535433071
40
0.0068897637795276
0
CIRCLE
8
BLACK
10
4.9893700787401576
20
-3.8767716535433072
40
0.0068897637795276
0
CIRCLE
8
BLACK
10
5.0893700787401572
20
-3.8767716535433072
40
0.0068897637795276
0
CIRCLE
8
BLACK
10
4.9893700787401576
20
-3.9767716535433069
40
0.0068897637795276
0
CIRCLE
8
BLACK
10
5.0893700787401572
20
-3.9767716535433069
40
0.0068897637795276
0
CIRCLE
8
BLACK
10
4.9893700787401576
20
-4.0767716535433074
40
0.0068897637795276
0
CIRCLE
8
BLACK
10
5.0893700787401572
20
-4.0767716535433074
40
0.0068897637795276
0
CIRCLE
8
BLACK
10
4.9893700787401576
20
-4.176771653543307
40
0.0068897637795276
0
CIRCLE
8
BLACK
10
5.0893700787401572
20
-4.176771653543307
40
0.0068897637795276
0
CIRCLE
8
BLACK
10
4.9893700787401576
20
-4.2767716535433067
40
0.0068897637795276
0
CIRCLE
8
BLACK
10
5.0893700787401572
20
-4.2767716535433067
40
0.0068897637795276
0
CIRCLE
8
BLACK
10
4.9893700787401576
20
-4.3767716535433072
40
0.0068897637795276
0
CIRCLE
8
BLACK
10
5.0893700787401572
20
-4.3767716535433072
40
0.0068897637795276
0
CIRCLE
8
BLACK
10
4.9893700787401576
20
-4.4767716535433069
40
0.0068897637795276
0
CIRCLE
8
BLACK
10
5.0893700787401572
20
-4.4767716535433069
40
0.0068897637795276
0
CIRCLE
8
BLACK
10
4.9893700787401576
20
-4.5767716535433074
40
0.0068897637795276
0
CIRCLE
8
BLACK
10
5.0893700787401572
20
-4.5767716535433074
40
0.0068897637795276
0
CIRCLE
8
BLACK
10
4.9893700787401576
20
-4.676771653543307
40
0.0068897637795276
0
CIRCLE
8
BLACK
10
5.0893700787401572
20
-4.676771653543307
40
0.0068897637795276
0
CIRCLE
8
BLACK
10
6.6393700787401571
20
-3.326771653543307
40
0.0068897637795276
0
CIRCLE
8
BLACK
10
6.6393700787401571
20
-4.926771653543307
40
0.0068897637795276
0
CIRCLE
8
BLACK
10
5.6401574803149606
20
-4.9779527559055117
40
0.0068897637795276
0
CIRCLE
8
BLACK
10
5.6401574803149606
20
-4.877952755905512
40
0.0068897637795276
0
CIRCLE
8
BLACK
10
5.7401574803149602
20
-4.9779527559055117
40
0.0068897637795276
0
CIRCLE
8
BLACK
10
5.7401574803149602
20
-4.877952755905512
40
0.0068897637795276
0
CIRCLE
8
BLACK
10
5.8401574803149607
20
-4.9779527559055117
40
0.0068897637795276
0
CIRCLE
8
BLACK
10
5.8401574803149607
20
-4.877952755905512
40
0.0068897637795276
0
CIRCLE
8
BLACK
10
5.0393700787401574
20
-3.326771653543307
40
0.0068897637795276
0
CIRCLE
8
BLACK
10
5.0393700787401574
20
-4.926771653543307
40
0.0068897637795276
0
CIRCLE
8
BLACK
10
6.2519685039370074
20
-3.7125984251968505
40
0.0068897637795276
0
CIRCLE
8
BLACK
10
6.1519685039370078
20
-3.6125984251968504
40
0.0068897637795276
0
CIRCLE
8
BLACK
10
6.1519685039370078
20
-3.8125984251968501
40
0.0068897637795276
0
CIRCLE
8
BLACK
10
6.351968503937008
20
-3.6125984251968504
40
0.0068897637795276
0
CIRCLE
8
BLACK
10
6.351968503937008
20
-3.8125984251968501
40
0.0068897637795276
0
CIRCLE
8
BLACK
10
4.9893700787401576
20
-3.576771653543307
40
0.0068897637795276
0
CIRCLE
8
BLACK
10
5.0893700787401572
20
-3.576771653543307
40
0.0068897637795276
0
CIRCLE
8
BLACK
10
4.9893700787401576
20
-3.676771653543307
40
0.0068897637795276
0
CIRCLE
8
BLACK
10
5.0893700787401572
20
-3.676771653543307
40
0.0068897637795276
0
CIRCLE
8
BLACK
10
4.9893700787401576
20
-3.7767716535433071
40
0.0068897637795276
0
CIRCLE
8
BLACK
10
5.0893700787401572
20
-3.7767716535433071
40
0.0068897637795276
0
CIRCLE
8
BLACK
10
4.9893700787401576
20
-3.8767716535433072
40
0.0068897637795276
0
CIRCLE
8
BLACK
10
5.0893700787401572
20
-3.8767716535433072
40
0.0068897637795276
0
CIRCLE
8
BLACK
10
4.9893700787401576
20
-3.9767716535433069
40
0.0068897637795276
0
CIRCLE
8
BLACK
10
5.0893700787401572
20
-3.9767716535433069
40
0.0068897637795276
0
CIRCLE
8
BLACK
10
4.9893700787401576
20
-4.0767716535433074
40
0.0068897637795276
0
CIRCLE
8
BLACK
10
5.0893700787401572
20
-4.0767716535433074
40
0.0068897637795276
0
CIRCLE
8
BLACK
10
4.9893700787401576
20
-4.176771653543307
40
0.0068897637795276
0
CIRCLE
8
BLACK
10
5.0893700787401572
20
-4.176771653543307
40
0.0068897637795276
0
CIRCLE
8
BLACK
10
4.9893700787401576
20
-4.2767716535433067
40
0.0068897637795276
0
CIRCLE
8
BLACK
10
5.0893700787401572
20
-4.2767716535433067
40
0.0068897637795276
0
CIRCLE
8
BLACK
10
4.9893700787401576
20
-4.3767716535433072
40
0.0068897637795276
0
CIRCLE
8
BLACK
10
5.0893700787401572
20
-4.3767716535433072
40
0.0068897637795276
0
CIRCLE
8
BLACK
10
4.9893700787401576
20
-4.4767716535433069
40
0.0068897637795276
0
CIRCLE
8
BLACK
10
5.0893700787401572
20
-4.4767716535433069
40
0.0068897637795276
0
CIRCLE
8
BLACK
10
4.9893700787401576
20
-4.5767716535433074
40
0.0068897637795276
0
CIRCLE
8
BLACK
10
5.0893700787401572
20
-4.5767716535433074
40
0.0068897637795276
0
CIRCLE
8
BLACK
10
4.9893700787401576
20
-4.676771653543307
40
0.0068897637795276
0
CIRCLE
8
BLACK
10
5.0893700787401572
20
-4.676771653543307
40
0.0068897637795276
0
CIRCLE
8
BLACK
10
6.6393700787401571
20
-3.326771653543307
40
0.0068897637795276
  0
ENDSEC
  0
EOF
