  0
SECTION
  2
HEADER
  9
$ANGBASE
  50
0.0
  9
$ANGDIR
  70
1
  9
$MEASUREMENT
  70
0
  9
$INSUNITS
  70
1
  0
ENDSEC
  0
SECTION
  2
TABLES
  0
TABLE
  2
LTYPE
  70
4
  0
LTYPE
  5
40F
  2
CONTINUOUS
  70
0
  3
Solid line
  72
65
  73
0
  40
0.0
  0
LTYPE
  5
410
  2
DASHDOT
 70
0
  3
Dash Dot ____ _ ____ _
 72
65
 73
4
 40
2.0
 49
1.25
 49
-0.25
 49
0.25
 49
-0.25
  0
LTYPE
  5
411
  2
DASHED
 70
0
  3
Dashed __ __ __ __ __
 72
65
 73
2
 40
0.75
 49
0.5
 49
-0.25
  0
LTYPE
  5
43B
  2
DOTTED
 70
0
  3
Dotted .  .  .  .
 72
65
 73
2
 40
0.2
 49
0.0
 49
-0.2
  0
ENDTAB
  0
TABLE
  2
STYLE
  70
4
  0
STYLE
  2
KICAD
  70
0
  40
0
  41
1
  42
1
  50
0
  71
0
  3
isocp.shx
  0
STYLE
  2
KICADB
  70
0
  40
0
  41
1
  42
1
  50
0
  71
0
  3
isocp.shx
  0
STYLE
  2
KICADI
  70
0
  40
0
  41
1
  42
1
  50
15
  71
0
  3
isocp.shx
  0
STYLE
  2
KICADBI
  70
0
  40
0
  41
1
  42
1
  50
15
  71
0
  3
isocp.shx
  0
ENDTAB
  0
TABLE
  2
LAYER
  70
1
  0
LAYER
  2
BLACK
  70
0
  62
250
  6
CONTINUOUS
  0
ENDTAB
  0
ENDSEC
  0
SECTION
  2
ENTITIES
0
LINE
8
BLACK
6
CONTINUOUS
10
5.7729897244094488
20
-3.9223087401574803
11
5.7761050000000003
21
-3.9241073228346455
0
LINE
8
BLACK
6
CONTINUOUS
10
5.7761050000000003
20
-3.9241073228346455
11
5.7786485826771656
21
-3.9266509055118108
0
LINE
8
BLACK
6
CONTINUOUS
10
5.7786485826771656
20
-3.9266509055118108
11
5.7804471653543308
21
-3.9297661811023623
0
LINE
8
BLACK
6
CONTINUOUS
10
5.7804471653543308
20
-3.9297661811023623
11
5.7813781889763778
21
-3.9332407874015747
0
LINE
8
BLACK
6
CONTINUOUS
10
5.7813781889763778
20
-3.9332407874015747
11
5.7813781889763778
21
-3.9368379527559054
0
LINE
8
BLACK
6
CONTINUOUS
10
5.7813781889763778
20
-3.9368379527559054
11
5.7804471653543308
21
-3.9403125590551182
0
LINE
8
BLACK
6
CONTINUOUS
10
5.7804471653543308
20
-3.9403125590551182
11
5.7786485826771656
21
-3.9434278346456693
0
LINE
8
BLACK
6
CONTINUOUS
10
5.7786485826771656
20
-3.9434278346456693
11
5.7761050000000003
21
-3.9459714173228346
0
LINE
8
BLACK
6
CONTINUOUS
10
5.7761050000000003
20
-3.9459714173228346
11
5.7729897244094488
21
-3.9477699999999998
0
LINE
8
BLACK
6
CONTINUOUS
10
5.7729897244094488
20
-3.9477699999999998
11
5.7695151181102364
21
-3.9487010236220472
0
LINE
8
BLACK
6
CONTINUOUS
10
5.7695151181102364
20
-3.9487010236220472
11
5.7659179527559052
21
-3.9487010236220472
0
LINE
8
BLACK
6
CONTINUOUS
10
5.7659179527559052
20
-3.9487010236220472
11
5.7624433464566929
21
-3.9477699999999998
0
LINE
8
BLACK
6
CONTINUOUS
10
5.7624433464566929
20
-3.9477699999999998
11
5.7593280708661414
21
-3.9459714173228346
0
LINE
8
BLACK
6
CONTINUOUS
10
5.7593280708661414
20
-3.9459714173228346
11
5.756784488188976
21
-3.9434278346456693
0
LINE
8
BLACK
6
CONTINUOUS
10
5.756784488188976
20
-3.9434278346456693
11
5.7553509842519688
21
-3.9409448818897639
0
LINE
8
BLACK
6
CONTINUOUS
10
5.7553509842519688
20
-3.9409448818897639
11
5.6554973228346457
21
-3.9409448818897639
0
LINE
8
BLACK
6
CONTINUOUS
10
5.6554973228346457
20
-3.9409448818897639
11
5.6168799212598426
21
-3.979562283464567
0
LINE
8
BLACK
6
CONTINUOUS
10
5.6168799212598426
20
-3.979562283464567
11
5.6168799212598426
21
-3.9817566141732281
0
LINE
8
BLACK
6
CONTINUOUS
10
5.6168799212598426
20
-3.9817566141732281
11
5.6930698425196846
21
-4.0579465354330706
0
LINE
8
BLACK
6
CONTINUOUS
10
5.6930698425196846
20
-4.0579465354330706
11
5.6958392125984254
21
-4.0572044881889759
0
LINE
8
BLACK
6
CONTINUOUS
10
5.6958392125984254
20
-4.0572044881889759
11
5.6994363779527557
21
-4.0572044881889759
0
LINE
8
BLACK
6
CONTINUOUS
10
5.6994363779527557
20
-4.0572044881889759
11
5.7029109842519681
21
-4.0581355118110238
0
LINE
8
BLACK
6
CONTINUOUS
10
5.7029109842519681
20
-4.0581355118110238
11
5.7060262598425195
21
-4.059934094488189
0
LINE
8
BLACK
6
CONTINUOUS
10
5.7060262598425195
20
-4.059934094488189
11
5.7085698425196849
21
-4.0624776771653544
0
LINE
8
BLACK
6
CONTINUOUS
10
5.7085698425196849
20
-4.0624776771653544
11
5.7103684251968501
21
-4.0655929527559058
0
LINE
8
BLACK
6
CONTINUOUS
10
5.7103684251968501
20
-4.0655929527559058
11
5.711299448818898
21
-4.0690675590551182
0
LINE
8
BLACK
6
CONTINUOUS
10
5.711299448818898
20
-4.0690675590551182
11
5.711299448818898
21
-4.0726647244094485
0
LINE
8
BLACK
6
CONTINUOUS
10
5.711299448818898
20
-4.0726647244094485
11
5.7103684251968501
21
-4.0761393307086617
0
LINE
8
BLACK
6
CONTINUOUS
10
5.7103684251968501
20
-4.0761393307086617
11
5.7085698425196849
21
-4.0792546062992123
0
LINE
8
BLACK
6
CONTINUOUS
10
5.7085698425196849
20
-4.0792546062992123
11
5.7060262598425195
21
-4.0817981889763777
0
LINE
8
BLACK
6
CONTINUOUS
10
5.7060262598425195
20
-4.0817981889763777
11
5.7029109842519681
21
-4.0835967716535428
0
LINE
8
BLACK
6
CONTINUOUS
10
5.7029109842519681
20
-4.0835967716535428
11
5.6994363779527557
21
-4.0845277952755907
0
LINE
8
BLACK
6
CONTINUOUS
10
5.6994363779527557
20
-4.0845277952755907
11
5.6958392125984254
21
-4.0845277952755907
0
LINE
8
BLACK
6
CONTINUOUS
10
5.6958392125984254
20
-4.0845277952755907
11
5.6923646062992121
21
-4.0835967716535428
0
LINE
8
BLACK
6
CONTINUOUS
10
5.6923646062992121
20
-4.0835967716535428
11
5.6892493307086616
21
-4.0817981889763777
0
LINE
8
BLACK
6
CONTINUOUS
10
5.6892493307086616
20
-4.0817981889763777
11
5.6867057480314962
21
-4.0792546062992123
0
LINE
8
BLACK
6
CONTINUOUS
10
5.6867057480314962
20
-4.0792546062992123
11
5.6849071653543302
21
-4.0761393307086617
0
LINE
8
BLACK
6
CONTINUOUS
10
5.6849071653543302
20
-4.0761393307086617
11
5.6839761417322832
21
-4.0726647244094485
0
LINE
8
BLACK
6
CONTINUOUS
10
5.6839761417322832
20
-4.0726647244094485
11
5.6839761417322832
21
-4.0690675590551182
0
LINE
8
BLACK
6
CONTINUOUS
10
5.6839761417322832
20
-4.0690675590551182
11
5.6847181889763778
21
-4.0662981889763783
0
LINE
8
BLACK
6
CONTINUOUS
10
5.6847181889763778
20
-4.0662981889763783
11
5.607431102362205
21
-3.9890111023622046
0
LINE
8
BLACK
6
CONTINUOUS
10
5.607431102362205
20
-3.9890111023622046
11
5.5522896456692914
21
-4.0441525196850394
0
LINE
8
BLACK
6
CONTINUOUS
10
5.5522896456692914
20
-4.0441525196850394
11
5.5530317322834648
21
-4.0469218897637793
0
LINE
8
BLACK
6
CONTINUOUS
10
5.5530317322834648
20
-4.0469218897637793
11
5.5530317322834648
21
-4.0505190551181105
0
LINE
8
BLACK
6
CONTINUOUS
10
5.5530317322834648
20
-4.0505190551181105
11
5.5521007086614169
21
-4.0539936614173229
0
LINE
8
BLACK
6
CONTINUOUS
10
5.5521007086614169
20
-4.0539936614173229
11
5.5503021259842518
21
-4.0571089370078743
0
LINE
8
BLACK
6
CONTINUOUS
10
5.5503021259842518
20
-4.0571089370078743
11
5.5477585433070864
21
-4.0596525196850397
0
LINE
8
BLACK
6
CONTINUOUS
10
5.5477585433070864
20
-4.0596525196850397
11
5.5446432677165349
21
-4.0614511023622049
0
LINE
8
BLACK
6
CONTINUOUS
10
5.5446432677165349
20
-4.0614511023622049
11
5.5411686614173226
21
-4.0623821259842519
0
LINE
8
BLACK
6
CONTINUOUS
10
5.5411686614173226
20
-4.0623821259842519
11
5.5375714960629923
21
-4.0623821259842519
0
LINE
8
BLACK
6
CONTINUOUS
10
5.5375714960629923
20
-4.0623821259842519
11
5.5348021259842515
21
-4.0616400393700784
0
LINE
8
BLACK
6
CONTINUOUS
10
5.5348021259842515
20
-4.0616400393700784
11
5.4901574803149602
21
-4.1062847244094485
0
LINE
8
BLACK
6
CONTINUOUS
10
5.4901574803149602
20
-4.1062847244094485
11
5.4901574803149602
21
-4.1096816535433067
0
LINE
8
BLACK
6
CONTINUOUS
10
5.4901574803149602
20
-4.1096816535433067
11
5.492640433070866
21
-4.1111151968503936
0
LINE
8
BLACK
6
CONTINUOUS
10
5.492640433070866
20
-4.1111151968503936
11
5.4951840157480314
21
-4.113658779527559
0
LINE
8
BLACK
6
CONTINUOUS
10
5.4951840157480314
20
-4.113658779527559
11
5.4969825984251965
21
-4.1167740551181105
0
LINE
8
BLACK
6
CONTINUOUS
10
5.4969825984251965
20
-4.1167740551181105
11
5.4979136220472435
21
-4.1202486614173228
0
LINE
8
BLACK
6
CONTINUOUS
10
5.4979136220472435
20
-4.1202486614173228
11
5.4979136220472435
21
-4.1238458267716531
0
LINE
8
BLACK
6
CONTINUOUS
10
5.4979136220472435
20
-4.1238458267716531
11
5.497171535433071
21
-4.1266151574803152
0
LINE
8
BLACK
6
CONTINUOUS
10
5.497171535433071
20
-4.1266151574803152
11
5.5451758267716533
21
-4.1746194488188975
0
LINE
8
BLACK
6
CONTINUOUS
10
5.5451758267716533
20
-4.1746194488188975
11
5.5459102755905514
21
-4.1755143307086611
0
LINE
8
BLACK
6
CONTINUOUS
10
5.5459102755905514
20
-4.1755143307086611
11
5.5462300393700783
21
-4.1762863779527555
0
LINE
8
BLACK
6
CONTINUOUS
10
5.5462300393700783
20
-4.1762863779527555
11
5.5467920472440948
21
-4.1776431496062987
0
LINE
8
BLACK
6
CONTINUOUS
10
5.5467920472440948
20
-4.1776431496062987
11
5.5469055118110235
21
-4.1787952755905513
0
LINE
8
BLACK
6
CONTINUOUS
10
5.5469055118110235
20
-4.1787952755905513
11
5.5469055118110235
21
-4.2814960629921259
0
LINE
8
BLACK
6
CONTINUOUS
10
5.5469055118110235
20
-4.2814960629921259
11
5.6884218503937003
21
-4.2814960629921259
0
LINE
8
BLACK
6
CONTINUOUS
10
5.6884218503937003
20
-4.2814960629921259
11
5.6898553543307084
21
-4.2790131102362201
0
LINE
8
BLACK
6
CONTINUOUS
10
5.6898553543307084
20
-4.2790131102362201
11
5.6923989370078738
21
-4.2764695275590547
0
LINE
8
BLACK
6
CONTINUOUS
10
5.6923989370078738
20
-4.2764695275590547
11
5.6955142125984253
21
-4.2746709448818896
0
LINE
8
BLACK
6
CONTINUOUS
10
5.6955142125984253
20
-4.2746709448818896
11
5.6989888188976376
21
-4.2737399212598426
0
LINE
8
BLACK
6
CONTINUOUS
10
5.6989888188976376
20
-4.2737399212598426
11
5.7025859842519679
21
-4.2737399212598426
0
LINE
8
BLACK
6
CONTINUOUS
10
5.7025859842519679
20
-4.2737399212598426
11
5.7060605905511812
21
-4.2746709448818896
0
LINE
8
BLACK
6
CONTINUOUS
10
5.7060605905511812
20
-4.2746709448818896
11
5.7091758661417318
21
-4.2764695275590547
0
LINE
8
BLACK
6
CONTINUOUS
10
5.7091758661417318
20
-4.2764695275590547
11
5.7117194488188971
21
-4.2790131102362201
0
LINE
8
BLACK
6
CONTINUOUS
10
5.7117194488188971
20
-4.2790131102362201
11
5.7135180314960632
21
-4.2821283858267716
0
LINE
8
BLACK
6
CONTINUOUS
10
5.7135180314960632
20
-4.2821283858267716
11
5.7144490551181102
21
-4.2856029921259839
0
LINE
8
BLACK
6
CONTINUOUS
10
5.7144490551181102
20
-4.2856029921259839
11
5.7144490551181102
21
-4.2892001574803151
0
LINE
8
BLACK
6
CONTINUOUS
10
5.7144490551181102
20
-4.2892001574803151
11
5.7135180314960632
21
-4.2926747637795275
0
LINE
8
BLACK
6
CONTINUOUS
10
5.7135180314960632
20
-4.2926747637795275
11
5.7117194488188971
21
-4.295790039370079
0
LINE
8
BLACK
6
CONTINUOUS
10
5.7117194488188971
20
-4.295790039370079
11
5.7091758661417318
21
-4.2983336220472443
0
LINE
8
BLACK
6
CONTINUOUS
10
5.7091758661417318
20
-4.2983336220472443
11
5.7060605905511812
21
-4.3001322047244095
0
LINE
8
BLACK
6
CONTINUOUS
10
5.7060605905511812
20
-4.3001322047244095
11
5.7025859842519679
21
-4.3010632283464565
0
LINE
8
BLACK
6
CONTINUOUS
10
5.7025859842519679
20
-4.3010632283464565
11
5.6989888188976376
21
-4.3010632283464565
0
LINE
8
BLACK
6
CONTINUOUS
10
5.6989888188976376
20
-4.3010632283464565
11
5.6955142125984253
21
-4.3001322047244095
0
LINE
8
BLACK
6
CONTINUOUS
10
5.6955142125984253
20
-4.3001322047244095
11
5.6923989370078738
21
-4.2983336220472443
0
LINE
8
BLACK
6
CONTINUOUS
10
5.6923989370078738
20
-4.2983336220472443
11
5.6898553543307084
21
-4.295790039370079
0
LINE
8
BLACK
6
CONTINUOUS
10
5.6898553543307084
20
-4.295790039370079
11
5.6884218503937003
21
-4.2933070866141732
0
LINE
8
BLACK
6
CONTINUOUS
10
5.6884218503937003
20
-4.2933070866141732
11
5.5457532283464568
21
-4.2933070866141732
0
LINE
8
BLACK
6
CONTINUOUS
10
5.5457532283464568
20
-4.2933070866141732
11
5.48842779527559
21
-4.3506325196850391
0
LINE
8
BLACK
6
CONTINUOUS
10
5.48842779527559
20
-4.3506325196850391
11
5.4035433070866139
21
-4.435517007874016
0
LINE
8
BLACK
6
CONTINUOUS
10
5.4035433070866139
20
-4.435517007874016
11
5.4035433070866139
21
-4.5447979527559053
0
LINE
8
BLACK
6
CONTINUOUS
10
5.4035433070866139
20
-4.5447979527559053
11
5.472679763779527
21
-4.6139344094488184
0
LINE
8
BLACK
6
CONTINUOUS
10
5.472679763779527
20
-4.6139344094488184
11
5.5536272440944883
21
-4.6948818897637796
0
LINE
8
BLACK
6
CONTINUOUS
10
5.5536272440944883
20
-4.6948818897637796
11
5.6338582677165352
21
-4.6948818897637796
0
LINE
8
BLACK
6
CONTINUOUS
10
5.6338582677165352
20
-4.6948818897637796
11
5.6338582677165352
21
-4.6945278740157477
0
LINE
8
BLACK
6
CONTINUOUS
10
5.6338582677165352
20
-4.6945278740157477
11
5.6346026377952754
21
-4.6922368897637794
0
LINE
8
BLACK
6
CONTINUOUS
10
5.6346026377952754
20
-4.6922368897637794
11
5.6349998425196848
21
-4.6917718110236217
0
LINE
8
BLACK
6
CONTINUOUS
10
5.6349998425196848
20
-4.6917718110236217
11
5.6524017322834643
21
-4.6743699212598422
0
LINE
8
BLACK
6
CONTINUOUS
10
5.6524017322834643
20
-4.6743699212598422
11
5.6545480708661415
21
-4.673276338582677
0
LINE
8
BLACK
6
CONTINUOUS
10
5.6545480708661415
20
-4.673276338582677
11
5.6551577952755903
21
-4.6732283464566926
0
LINE
8
BLACK
6
CONTINUOUS
10
5.6551577952755903
20
-4.6732283464566926
11
5.8251571653543301
21
-4.6732283464566926
0
LINE
8
BLACK
6
CONTINUOUS
10
5.8251571653543301
20
-4.6732283464566926
11
5.8274481496062993
21
-4.6739727165354328
0
LINE
8
BLACK
6
CONTINUOUS
10
5.8274481496062993
20
-4.6739727165354328
11
5.827913228346457
21
-4.6743699212598422
0
LINE
8
BLACK
6
CONTINUOUS
10
5.827913228346457
20
-4.6743699212598422
11
5.8453151181102365
21
-4.6917718110236217
0
LINE
8
BLACK
6
CONTINUOUS
10
5.8453151181102365
20
-4.6917718110236217
11
5.8464087007874017
21
-4.6939181496062989
0
LINE
8
BLACK
6
CONTINUOUS
10
5.8464087007874017
20
-4.6939181496062989
11
5.8464566929133861
21
-4.6945278740157477
0
LINE
8
BLACK
6
CONTINUOUS
10
5.8464566929133861
20
-4.6945278740157477
11
5.8464566929133861
21
-4.7227949606299209
0
LINE
8
BLACK
6
CONTINUOUS
10
5.8464566929133861
20
-4.7227949606299209
11
5.8457123228346459
21
-4.72508594488189
0
LINE
8
BLACK
6
CONTINUOUS
10
5.8457123228346459
20
-4.72508594488189
11
5.8453151181102365
21
-4.7255510236220468
0
LINE
8
BLACK
6
CONTINUOUS
10
5.8453151181102365
20
-4.7255510236220468
11
5.7943962992125986
21
-4.776469803149606
0
LINE
8
BLACK
6
CONTINUOUS
10
5.7943962992125986
20
-4.776469803149606
11
5.79264905511811
21
-4.7774785433070868
0
LINE
8
BLACK
6
CONTINUOUS
10
5.79264905511811
20
-4.7774785433070868
11
5.7869100393700785
21
-4.7790163385826769
0
LINE
8
BLACK
6
CONTINUOUS
10
5.7869100393700785
20
-4.7790163385826769
11
5.7869098818897635
21
-4.7790164173228344
0
LINE
8
BLACK
6
CONTINUOUS
10
5.7869098818897635
20
-4.7790164173228344
11
5.7819680708661414
21
-4.7818695669291333
0
LINE
8
BLACK
6
CONTINUOUS
10
5.7819680708661414
20
-4.7818695669291333
11
5.7779325590551176
21
-4.7859050787401571
0
LINE
8
BLACK
6
CONTINUOUS
10
5.7779325590551176
20
-4.7859050787401571
11
5.7750794094488187
21
-4.7908468503937005
0
LINE
8
BLACK
6
CONTINUOUS
10
5.7750794094488187
20
-4.7908468503937005
11
5.7736023622047243
21
-4.7963592519685037
0
LINE
8
BLACK
6
CONTINUOUS
10
5.7736023622047243
20
-4.7963592519685037
11
5.7736023622047243
21
-4.8020659055118111
0
LINE
8
BLACK
6
CONTINUOUS
10
5.7736023622047243
20
-4.8020659055118111
11
5.7750794094488187
21
-4.8075783070866143
0
LINE
8
BLACK
6
CONTINUOUS
10
5.7750794094488187
20
-4.8075783070866143
11
5.7779325590551176
21
-4.8125200787401576
0
LINE
8
BLACK
6
CONTINUOUS
10
5.7779325590551176
20
-4.8125200787401576
11
5.7779326377952751
21
-4.8125201574803151
0
LINE
8
BLACK
6
CONTINUOUS
10
5.7779326377952751
20
-4.8125201574803151
11
5.7779327165354326
21
-4.8125202755905514
0
LINE
8
BLACK
6
CONTINUOUS
10
5.7779327165354326
20
-4.8125202755905514
11
5.7819679133858264
21
-4.8165554724409452
0
LINE
8
BLACK
6
CONTINUOUS
10
5.7819679133858264
20
-4.8165554724409452
11
5.7854527559055118
21
-4.8185674409448822
0
LINE
8
BLACK
6
CONTINUOUS
10
5.7854527559055118
20
-4.8185674409448822
11
5.7870646062992126
21
-4.8203575196850394
0
LINE
8
BLACK
6
CONTINUOUS
10
5.7870646062992126
20
-4.8203575196850394
11
5.7874015748031491
21
-4.8219428740157477
0
LINE
8
BLACK
6
CONTINUOUS
10
5.7874015748031491
20
-4.8219428740157477
11
5.7874015748031491
21
-5.003976377952756
0
LINE
8
BLACK
6
CONTINUOUS
10
5.7874015748031491
20
-5.003976377952756
11
5.7872108267716538
21
-5.0045634251968503
0
LINE
8
BLACK
6
CONTINUOUS
10
5.7872108267716538
20
-5.0045634251968503
11
5.7872108267716538
21
-5.0051808267716531
0
LINE
8
BLACK
6
CONTINUOUS
10
5.7872108267716538
20
-5.0051808267716531
11
5.7868479527559051
21
-5.0056802362204724
0
LINE
8
BLACK
6
CONTINUOUS
10
5.7868479527559051
20
-5.0056802362204724
11
5.7866572047244089
21
-5.0062673622047242
0
LINE
8
BLACK
6
CONTINUOUS
10
5.7866572047244089
20
-5.0062673622047242
11
5.7861577559055117
21
-5.0066301968503932
0
LINE
8
BLACK
6
CONTINUOUS
10
5.7861577559055117
20
-5.0066301968503932
11
5.7857949212598427
21
-5.0071296456692913
0
LINE
8
BLACK
6
CONTINUOUS
10
5.7857949212598427
20
-5.0071296456692913
11
5.78520779527559
21
-5.0073203937007875
0
LINE
8
BLACK
6
CONTINUOUS
10
5.78520779527559
20
-5.0073203937007875
11
5.7847083858267716
21
-5.0076832677165353
0
LINE
8
BLACK
6
CONTINUOUS
10
5.7847083858267716
20
-5.0076832677165353
11
5.7835039370078736
21
-5.0078740157480315
0
LINE
8
BLACK
6
CONTINUOUS
10
5.7835039370078736
20
-5.0078740157480315
11
5.7819291338582675
21
-5.0078740157480315
0
LINE
8
BLACK
6
CONTINUOUS
10
5.7819291338582675
20
-5.0078740157480315
11
5.7796381496062992
21
-5.0071296456692913
0
LINE
8
BLACK
6
CONTINUOUS
10
5.7796381496062992
20
-5.0071296456692913
11
5.7782222440944881
21
-5.0051808267716531
0
LINE
8
BLACK
6
CONTINUOUS
10
5.7782222440944881
20
-5.0051808267716531
11
5.7780314960629919
21
-5.003976377952756
0
LINE
8
BLACK
6
CONTINUOUS
10
5.7780314960629919
20
-5.003976377952756
11
5.7780314960629919
21
-4.9828740551181099
0
LINE
8
BLACK
6
CONTINUOUS
10
5.7780314960629919
20
-4.9828740551181099
11
5.7780314566929132
21
-4.9828740157480311
0
LINE
8
BLACK
6
CONTINUOUS
10
5.7780314566929132
20
-4.9828740157480311
11
5.7701574803149605
21
-4.9828740157480311
0
LINE
8
BLACK
6
CONTINUOUS
10
5.7701574803149605
20
-4.9828740157480311
11
5.7701574803149605
21
-5.0079527559055119
0
LINE
8
BLACK
6
CONTINUOUS
10
5.7701574803149605
20
-5.0079527559055119
11
5.7101574803149608
21
-5.0079527559055119
0
LINE
8
BLACK
6
CONTINUOUS
10
5.7101574803149608
20
-5.0079527559055119
11
5.7101574803149608
21
-4.9828740157480311
0
LINE
8
BLACK
6
CONTINUOUS
10
5.7101574803149608
20
-4.9828740157480311
11
5.7022835039370081
21
-4.9828740157480311
0
LINE
8
BLACK
6
CONTINUOUS
10
5.7022835039370081
20
-4.9828740157480311
11
5.7022834645669294
21
-4.9828740551181099
0
LINE
8
BLACK
6
CONTINUOUS
10
5.7022834645669294
20
-4.9828740551181099
11
5.7022834645669294
21
-5.003976377952756
0
LINE
8
BLACK
6
CONTINUOUS
10
5.7022834645669294
20
-5.003976377952756
11
5.7020927165354331
21
-5.0045634251968503
0
LINE
8
BLACK
6
CONTINUOUS
10
5.7020927165354331
20
-5.0045634251968503
11
5.7020927165354331
21
-5.0051808267716531
0
LINE
8
BLACK
6
CONTINUOUS
10
5.7020927165354331
20
-5.0051808267716531
11
5.7017298425196845
21
-5.0056802362204724
0
LINE
8
BLACK
6
CONTINUOUS
10
5.7017298425196845
20
-5.0056802362204724
11
5.7015390944881892
21
-5.0062673622047242
0
LINE
8
BLACK
6
CONTINUOUS
10
5.7015390944881892
20
-5.0062673622047242
11
5.7010396456692911
21
-5.0066301968503932
0
LINE
8
BLACK
6
CONTINUOUS
10
5.7010396456692911
20
-5.0066301968503932
11
5.7006768110236221
21
-5.0071296456692913
0
LINE
8
BLACK
6
CONTINUOUS
10
5.7006768110236221
20
-5.0071296456692913
11
5.7000896850393703
21
-5.0073203937007875
0
LINE
8
BLACK
6
CONTINUOUS
10
5.7000896850393703
20
-5.0073203937007875
11
5.699590275590551
21
-5.0076832677165353
0
LINE
8
BLACK
6
CONTINUOUS
10
5.699590275590551
20
-5.0076832677165353
11
5.6983858267716538
21
-5.0078740157480315
0
LINE
8
BLACK
6
CONTINUOUS
10
5.6983858267716538
20
-5.0078740157480315
11
5.6968110236220468
21
-5.0078740157480315
0
LINE
8
BLACK
6
CONTINUOUS
10
5.6968110236220468
20
-5.0078740157480315
11
5.6945200393700786
21
-5.0071296456692913
0
LINE
8
BLACK
6
CONTINUOUS
10
5.6945200393700786
20
-5.0071296456692913
11
5.6931041338582675
21
-5.0051808267716531
0
LINE
8
BLACK
6
CONTINUOUS
10
5.6931041338582675
20
-5.0051808267716531
11
5.6929133858267713
21
-5.003976377952756
0
LINE
8
BLACK
6
CONTINUOUS
10
5.6929133858267713
20
-5.003976377952756
11
5.6929133858267713
21
-4.8471771259842518
0
LINE
8
BLACK
6
CONTINUOUS
10
5.6929133858267713
20
-4.8471771259842518
11
5.6929133858267713
21
-4.8156508267716536
0
LINE
8
BLACK
6
CONTINUOUS
10
5.6929133858267713
20
-4.8156508267716536
11
5.6936577559055115
21
-4.8133598425196853
0
LINE
8
BLACK
6
CONTINUOUS
10
5.6936577559055115
20
-4.8133598425196853
11
5.6956065748031497
21
-4.8119439370078743
0
LINE
8
BLACK
6
CONTINUOUS
10
5.6956065748031497
20
-4.8119439370078743
11
5.6980154724409449
21
-4.8119439370078743
0
LINE
8
BLACK
6
CONTINUOUS
10
5.6980154724409449
20
-4.8119439370078743
11
5.6995669685039365
21
-4.8128946850393701
0
LINE
8
BLACK
6
CONTINUOUS
10
5.6995669685039365
20
-4.8128946850393701
11
5.7032277559055116
21
-4.8165554724409452
0
LINE
8
BLACK
6
CONTINUOUS
10
5.7032277559055116
20
-4.8165554724409452
11
5.7032278346456691
21
-4.8165555118110239
0
LINE
8
BLACK
6
CONTINUOUS
10
5.7032278346456691
20
-4.8165555118110239
11
5.7032279133858266
21
-4.8165555905511814
0
LINE
8
BLACK
6
CONTINUOUS
10
5.7032279133858266
20
-4.8165555905511814
11
5.7081697244094487
21
-4.8194087401574803
0
LINE
8
BLACK
6
CONTINUOUS
10
5.7081697244094487
20
-4.8194087401574803
11
5.7081697637795275
21
-4.8194087401574803
0
LINE
8
BLACK
6
CONTINUOUS
10
5.7081697637795275
20
-4.8194087401574803
11
5.7081698818897637
21
-4.8194088188976378
0
LINE
8
BLACK
6
CONTINUOUS
10
5.7081698818897637
20
-4.8194088188976378
11
5.7136820866141731
21
-4.8208858267716534
0
LINE
8
BLACK
6
CONTINUOUS
10
5.7136820866141731
20
-4.8208858267716534
11
5.7136821259842518
21
-4.8208858267716534
0
LINE
8
BLACK
6
CONTINUOUS
10
5.7136821259842518
20
-4.8208858267716534
11
5.7193887401574806
21
-4.8208858267716534
0
LINE
8
BLACK
6
CONTINUOUS
10
5.7193887401574806
20
-4.8208858267716534
11
5.7193887795275593
21
-4.8208858267716534
0
LINE
8
BLACK
6
CONTINUOUS
10
5.7193887795275593
20
-4.8208858267716534
11
5.7249009842519687
21
-4.8194088188976378
0
LINE
8
BLACK
6
CONTINUOUS
10
5.7249009842519687
20
-4.8194088188976378
11
5.7249010629921262
21
-4.8194087401574803
0
LINE
8
BLACK
6
CONTINUOUS
10
5.7249010629921262
20
-4.8194087401574803
11
5.7249011417322837
21
-4.8194087401574803
0
LINE
8
BLACK
6
CONTINUOUS
10
5.7249011417322837
20
-4.8194087401574803
11
5.7298429133858271
21
-4.8165555905511814
0
LINE
8
BLACK
6
CONTINUOUS
10
5.7298429133858271
20
-4.8165555905511814
11
5.7298429133858271
21
-4.8165555511811027
0
LINE
8
BLACK
6
CONTINUOUS
10
5.7298429133858271
20
-4.8165555511811027
11
5.7298431102362199
21
-4.8165554724409452
0
LINE
8
BLACK
6
CONTINUOUS
10
5.7298431102362199
20
-4.8165554724409452
11
5.7338783070866137
21
-4.8125202755905514
0
LINE
8
BLACK
6
CONTINUOUS
10
5.7338783070866137
20
-4.8125202755905514
11
5.7367316535433073
21
-4.8075781496062993
0
LINE
8
BLACK
6
CONTINUOUS
10
5.7367316535433073
20
-4.8075781496062993
11
5.7382086614173229
21
-4.8020659448818899
0
LINE
8
BLACK
6
CONTINUOUS
10
5.7382086614173229
20
-4.8020659448818899
11
5.7382086614173229
21
-4.7963592519685037
0
LINE
8
BLACK
6
CONTINUOUS
10
5.7382086614173229
20
-4.7963592519685037
11
5.7367316535433073
21
-4.7908470472440943
0
LINE
8
BLACK
6
CONTINUOUS
10
5.7367316535433073
20
-4.7908470472440943
11
5.7367315748031498
21
-4.790846929133858
0
LINE
8
BLACK
6
CONTINUOUS
10
5.7367315748031498
20
-4.790846929133858
11
5.7367315748031498
21
-4.7908468503937005
0
LINE
8
BLACK
6
CONTINUOUS
10
5.7367315748031498
20
-4.7908468503937005
11
5.73387842519685
21
-4.7859050787401571
0
LINE
8
BLACK
6
CONTINUOUS
10
5.73387842519685
20
-4.7859050787401571
11
5.7338783464566925
21
-4.7859049999999996
0
LINE
8
BLACK
6
CONTINUOUS
10
5.7338783464566925
20
-4.7859049999999996
11
5.7338783070866137
21
-4.7859049212598421
0
LINE
8
BLACK
6
CONTINUOUS
10
5.7338783070866137
20
-4.7859049212598421
11
5.7298431102362199
21
-4.7818697244094484
0
LINE
8
BLACK
6
CONTINUOUS
10
5.7298431102362199
20
-4.7818697244094484
11
5.7298429921259837
21
-4.7818696456692908
0
LINE
8
BLACK
6
CONTINUOUS
10
5.7298429921259837
20
-4.7818696456692908
11
5.7298429133858271
21
-4.7818695669291333
0
LINE
8
BLACK
6
CONTINUOUS
10
5.7298429133858271
20
-4.7818695669291333
11
5.724901102362205
21
-4.7790164173228344
0
LINE
8
BLACK
6
CONTINUOUS
10
5.724901102362205
20
-4.7790164173228344
11
5.7249011417322837
21
-4.7790164173228344
0
LINE
8
BLACK
6
CONTINUOUS
10
5.7249011417322837
20
-4.7790164173228344
11
5.7237360629921259
21
-4.7787042125984254
0
LINE
8
BLACK
6
CONTINUOUS
10
5.7237360629921259
20
-4.7787042125984254
11
5.7193887795275593
21
-4.7775393700787401
0
LINE
8
BLACK
6
CONTINUOUS
10
5.7193887795275593
20
-4.7775393700787401
11
5.7136820866141731
21
-4.7775393700787401
0
LINE
8
BLACK
6
CONTINUOUS
10
5.7136820866141731
20
-4.7775393700787401
11
5.7112515748031498
21
-4.7781905905511808
0
LINE
8
BLACK
6
CONTINUOUS
10
5.7112515748031498
20
-4.7781905905511808
11
5.7081696850393699
21
-4.7790164173228344
0
LINE
8
BLACK
6
CONTINUOUS
10
5.7081696850393699
20
-4.7790164173228344
11
5.7032279133858266
21
-4.7818695669291333
0
LINE
8
BLACK
6
CONTINUOUS
10
5.7032279133858266
20
-4.7818695669291333
11
5.7032278740157478
21
-4.7818696062992121
0
LINE
8
BLACK
6
CONTINUOUS
10
5.7032278740157478
20
-4.7818696062992121
11
5.7032277559055116
21
-4.7818696850393696
0
LINE
8
BLACK
6
CONTINUOUS
10
5.7032277559055116
20
-4.7818696850393696
11
5.7032277559055116
21
-4.7818697244094484
0
LINE
8
BLACK
6
CONTINUOUS
10
5.7032277559055116
20
-4.7818697244094484
11
5.6995669685039365
21
-4.7855304724409446
0
LINE
8
BLACK
6
CONTINUOUS
10
5.6995669685039365
20
-4.7855304724409446
11
5.6974207480314956
21
-4.7866240157480311
0
LINE
8
BLACK
6
CONTINUOUS
10
5.6974207480314956
20
-4.7866240157480311
11
5.695041535433071
21
-4.7862472047244093
0
LINE
8
BLACK
6
CONTINUOUS
10
5.695041535433071
20
-4.7862472047244093
11
5.6933381889763774
21
-4.7845438582677167
0
LINE
8
BLACK
6
CONTINUOUS
10
5.6933381889763774
20
-4.7845438582677167
11
5.6932473228346456
21
-4.7841653937007873
0
LINE
8
BLACK
6
CONTINUOUS
10
5.6932473228346456
20
-4.7841653937007873
11
5.6932100787401572
21
-4.7841808661417318
0
LINE
8
BLACK
6
CONTINUOUS
10
5.6932100787401572
20
-4.7841808661417318
11
5.6929133858267713
21
-4.7834646062992121
0
LINE
8
BLACK
6
CONTINUOUS
10
5.6929133858267713
20
-4.7834646062992121
11
5.6929133858267713
21
-4.7834645669291334
0
LINE
8
BLACK
6
CONTINUOUS
10
5.6929133858267713
20
-4.7834645669291334
11
5.6349998425196848
21
-4.7255510236220468
0
LINE
8
BLACK
6
CONTINUOUS
10
5.6349998425196848
20
-4.7255510236220468
11
5.6339062598425196
21
-4.7234046850393696
0
LINE
8
BLACK
6
CONTINUOUS
10
5.6339062598425196
20
-4.7234046850393696
11
5.6338582677165352
21
-4.7227949606299209
0
LINE
8
BLACK
6
CONTINUOUS
10
5.6338582677165352
20
-4.7227949606299209
11
5.6338582677165352
21
-4.7066929133858268
0
LINE
8
BLACK
6
CONTINUOUS
10
5.6338582677165352
20
-4.7066929133858268
11
5.5511811023622046
21
-4.7066929133858268
0
LINE
8
BLACK
6
CONTINUOUS
10
5.5511811023622046
20
-4.7066929133858268
11
5.5500289763779529
21
-4.7065794488188972
0
LINE
8
BLACK
6
CONTINUOUS
10
5.5500289763779529
20
-4.7065794488188972
11
5.5487763779527555
21
-4.7060605905511812
0
LINE
8
BLACK
6
CONTINUOUS
10
5.5487763779527555
20
-4.7060605905511812
11
5.5479001574803144
21
-4.7056976771653538
0
LINE
8
BLACK
6
CONTINUOUS
10
5.5479001574803144
20
-4.7056976771653538
11
5.5470052755905508
21
-4.7049632283464566
0
LINE
8
BLACK
6
CONTINUOUS
10
5.5470052755905508
20
-4.7049632283464566
11
5.4643281102362202
21
-4.6222860629921261
0
LINE
8
BLACK
6
CONTINUOUS
10
5.4643281102362202
20
-4.6222860629921261
11
5.3969475590551177
21
-4.5549055118110235
0
LINE
8
BLACK
6
CONTINUOUS
10
5.3969475590551177
20
-4.5549055118110235
11
5.2853151968503935
21
-4.5549055118110235
0
LINE
8
BLACK
6
CONTINUOUS
10
5.2853151968503935
20
-4.5549055118110235
11
5.2853151968503935
21
-4.5569166929133855
0
LINE
8
BLACK
6
CONTINUOUS
10
5.2853151968503935
20
-4.5569166929133855
11
5.2843841732283465
21
-4.5603912992125979
0
LINE
8
BLACK
6
CONTINUOUS
10
5.2843841732283465
20
-4.5603912992125979
11
5.2825855905511814
21
-4.5635065748031494
0
LINE
8
BLACK
6
CONTINUOUS
10
5.2825855905511814
20
-4.5635065748031494
11
5.280042007874016
21
-4.5660501574803147
0
LINE
8
BLACK
6
CONTINUOUS
10
5.280042007874016
20
-4.5660501574803147
11
5.2775590551181102
21
-4.5674836614173229
0
LINE
8
BLACK
6
CONTINUOUS
10
5.2775590551181102
20
-4.5674836614173229
11
5.2775590551181102
21
-4.605744645669291
0
LINE
8
BLACK
6
CONTINUOUS
10
5.2775590551181102
20
-4.605744645669291
11
5.280042007874016
21
-4.6071781889763779
0
LINE
8
BLACK
6
CONTINUOUS
10
5.280042007874016
20
-4.6071781889763779
11
5.2825855905511814
21
-4.6097217716535432
0
LINE
8
BLACK
6
CONTINUOUS
10
5.2825855905511814
20
-4.6097217716535432
11
5.2843841732283465
21
-4.6128370472440947
0
LINE
8
BLACK
6
CONTINUOUS
10
5.2843841732283465
20
-4.6128370472440947
11
5.2853151968503935
21
-4.6163116535433071
0
LINE
8
BLACK
6
CONTINUOUS
10
5.2853151968503935
20
-4.6163116535433071
11
5.2853151968503935
21
-4.6199088188976374
0
LINE
8
BLACK
6
CONTINUOUS
10
5.2853151968503935
20
-4.6199088188976374
11
5.2843841732283465
21
-4.6233834251968506
0
LINE
8
BLACK
6
CONTINUOUS
10
5.2843841732283465
20
-4.6233834251968506
11
5.2825855905511814
21
-4.6264987007874012
0
LINE
8
BLACK
6
CONTINUOUS
10
5.2825855905511814
20
-4.6264987007874012
11
5.280042007874016
21
-4.6290422834645666
0
LINE
8
BLACK
6
CONTINUOUS
10
5.280042007874016
20
-4.6290422834645666
11
5.2769267322834645
21
-4.6308408661417317
0
LINE
8
BLACK
6
CONTINUOUS
10
5.2769267322834645
20
-4.6308408661417317
11
5.2734521259842522
21
-4.6317718897637796
0
LINE
8
BLACK
6
CONTINUOUS
10
5.2734521259842522
20
-4.6317718897637796
11
5.269854960629921
21
-4.6317718897637796
0
LINE
8
BLACK
6
CONTINUOUS
10
5.269854960629921
20
-4.6317718897637796
11
5.2663803543307086
21
-4.6308408661417317
0
LINE
8
BLACK
6
CONTINUOUS
10
5.2663803543307086
20
-4.6308408661417317
11
5.2632650787401571
21
-4.6290422834645666
0
LINE
8
BLACK
6
CONTINUOUS
10
5.2632650787401571
20
-4.6290422834645666
11
5.2607214960629918
21
-4.6264987007874012
0
LINE
8
BLACK
6
CONTINUOUS
10
5.2607214960629918
20
-4.6264987007874012
11
5.2589229133858266
21
-4.6233834251968506
0
LINE
8
BLACK
6
CONTINUOUS
10
5.2589229133858266
20
-4.6233834251968506
11
5.2579918897637796
21
-4.6199088188976374
0
LINE
8
BLACK
6
CONTINUOUS
10
5.2579918897637796
20
-4.6199088188976374
11
5.2579918897637796
21
-4.6163116535433071
0
LINE
8
BLACK
6
CONTINUOUS
10
5.2579918897637796
20
-4.6163116535433071
11
5.2589229133858266
21
-4.6128370472440947
0
LINE
8
BLACK
6
CONTINUOUS
10
5.2589229133858266
20
-4.6128370472440947
11
5.2607214960629918
21
-4.6097217716535432
0
LINE
8
BLACK
6
CONTINUOUS
10
5.2607214960629918
20
-4.6097217716535432
11
5.2632650787401571
21
-4.6071781889763779
0
LINE
8
BLACK
6
CONTINUOUS
10
5.2632650787401571
20
-4.6071781889763779
11
5.265748031496063
21
-4.605744645669291
0
LINE
8
BLACK
6
CONTINUOUS
10
5.265748031496063
20
-4.605744645669291
11
5.265748031496063
21
-4.5674836614173229
0
LINE
8
BLACK
6
CONTINUOUS
10
5.265748031496063
20
-4.5674836614173229
11
5.2632650787401571
21
-4.5660501574803147
0
LINE
8
BLACK
6
CONTINUOUS
10
5.2632650787401571
20
-4.5660501574803147
11
5.2607214960629918
21
-4.5635065748031494
0
LINE
8
BLACK
6
CONTINUOUS
10
5.2607214960629918
20
-4.5635065748031494
11
5.2589229133858266
21
-4.5603912992125979
0
LINE
8
BLACK
6
CONTINUOUS
10
5.2589229133858266
20
-4.5603912992125979
11
5.2579918897637796
21
-4.5569166929133855
0
LINE
8
BLACK
6
CONTINUOUS
10
5.2579918897637796
20
-4.5569166929133855
11
5.2579918897637796
21
-4.5533195275590552
0
LINE
8
BLACK
6
CONTINUOUS
10
5.2579918897637796
20
-4.5533195275590552
11
5.2589229133858266
21
-4.5498449212598429
0
LINE
8
BLACK
6
CONTINUOUS
10
5.2589229133858266
20
-4.5498449212598429
11
5.2607214960629918
21
-4.5467296456692914
0
LINE
8
BLACK
6
CONTINUOUS
10
5.2607214960629918
20
-4.5467296456692914
11
5.2632650787401571
21
-4.544186062992126
0
LINE
8
BLACK
6
CONTINUOUS
10
5.2632650787401571
20
-4.544186062992126
11
5.2663803543307086
21
-4.5423874803149609
0
LINE
8
BLACK
6
CONTINUOUS
10
5.2663803543307086
20
-4.5423874803149609
11
5.269854960629921
21
-4.541456456692913
0
LINE
8
BLACK
6
CONTINUOUS
10
5.269854960629921
20
-4.541456456692913
11
5.2734521259842522
21
-4.541456456692913
0
LINE
8
BLACK
6
CONTINUOUS
10
5.2734521259842522
20
-4.541456456692913
11
5.2769267322834645
21
-4.5423874803149609
0
LINE
8
BLACK
6
CONTINUOUS
10
5.2769267322834645
20
-4.5423874803149609
11
5.2781513385826768
21
-4.5430944881889763
0
LINE
8
BLACK
6
CONTINUOUS
10
5.2781513385826768
20
-4.5430944881889763
11
5.3917322834645667
21
-4.5430944881889763
0
LINE
8
BLACK
6
CONTINUOUS
10
5.3917322834645667
20
-4.5430944881889763
11
5.3917322834645667
21
-4.4330708661417324
0
LINE
8
BLACK
6
CONTINUOUS
10
5.3917322834645667
20
-4.4330708661417324
11
5.3918457480314963
21
-4.4319187401574798
0
LINE
8
BLACK
6
CONTINUOUS
10
5.3918457480314963
20
-4.4319187401574798
11
5.3926183858267711
21
-4.4300534645669289
0
LINE
8
BLACK
6
CONTINUOUS
10
5.3926183858267711
20
-4.4300534645669289
11
5.3927275196850388
21
-4.4297899606299209
0
LINE
8
BLACK
6
CONTINUOUS
10
5.3927275196850388
20
-4.4297899606299209
11
5.3934619685039369
21
-4.4288950393700786
0
LINE
8
BLACK
6
CONTINUOUS
10
5.3934619685039369
20
-4.4288950393700786
11
5.4800761417322832
21
-4.3422808661417323
0
LINE
8
BLACK
6
CONTINUOUS
10
5.4800761417322832
20
-4.3422808661417323
11
5.5350944881889763
21
-4.2872625196850391
0
LINE
8
BLACK
6
CONTINUOUS
10
5.5350944881889763
20
-4.2872625196850391
11
5.5350944881889763
21
-4.1812414173228349
0
LINE
8
BLACK
6
CONTINUOUS
10
5.5350944881889763
20
-4.1812414173228349
11
5.4888198818897633
21
-4.134966811023622
0
LINE
8
BLACK
6
CONTINUOUS
10
5.4888198818897633
20
-4.134966811023622
11
5.4860505511811022
21
-4.1357088976377954
0
LINE
8
BLACK
6
CONTINUOUS
10
5.4860505511811022
20
-4.1357088976377954
11
5.4824533858267719
21
-4.1357088976377954
0
LINE
8
BLACK
6
CONTINUOUS
10
5.4824533858267719
20
-4.1357088976377954
11
5.4789787795275586
21
-4.1347778740157484
0
LINE
8
BLACK
6
CONTINUOUS
10
5.4789787795275586
20
-4.1347778740157484
11
5.475863503937008
21
-4.1329792913385823
0
LINE
8
BLACK
6
CONTINUOUS
10
5.475863503937008
20
-4.1329792913385823
11
5.4733199212598427
21
-4.130435708661417
0
LINE
8
BLACK
6
CONTINUOUS
10
5.4733199212598427
20
-4.130435708661417
11
5.4715213385826766
21
-4.1273204330708664
0
LINE
8
BLACK
6
CONTINUOUS
10
5.4715213385826766
20
-4.1273204330708664
11
5.4705903149606296
21
-4.1238458267716531
0
LINE
8
BLACK
6
CONTINUOUS
10
5.4705903149606296
20
-4.1238458267716531
11
5.4705903149606296
21
-4.1202486614173228
0
LINE
8
BLACK
6
CONTINUOUS
10
5.4705903149606296
20
-4.1202486614173228
11
5.4715213385826766
21
-4.1167740551181105
0
LINE
8
BLACK
6
CONTINUOUS
10
5.4715213385826766
20
-4.1167740551181105
11
5.4733199212598427
21
-4.113658779527559
0
LINE
8
BLACK
6
CONTINUOUS
10
5.4733199212598427
20
-4.113658779527559
11
5.475863503937008
21
-4.1111151968503936
0
LINE
8
BLACK
6
CONTINUOUS
10
5.475863503937008
20
-4.1111151968503936
11
5.478346456692913
21
-4.1096816535433067
0
LINE
8
BLACK
6
CONTINUOUS
10
5.478346456692913
20
-4.1096816535433067
11
5.478346456692913
21
-4.1038385826771648
0
LINE
8
BLACK
6
CONTINUOUS
10
5.478346456692913
20
-4.1038385826771648
11
5.4784599212598426
21
-4.1026864566929131
0
LINE
8
BLACK
6
CONTINUOUS
10
5.4784599212598426
20
-4.1026864566929131
11
5.479147716535433
21
-4.1010260236220475
0
LINE
8
BLACK
6
CONTINUOUS
10
5.479147716535433
20
-4.1010260236220475
11
5.479341692913386
21
-4.1005576771653542
0
LINE
8
BLACK
6
CONTINUOUS
10
5.479341692913386
20
-4.1005576771653542
11
5.4800761417322832
21
-4.0996627559055119
0
LINE
8
BLACK
6
CONTINUOUS
10
5.4800761417322832
20
-4.0996627559055119
11
5.5264504724409447
21
-4.0532883858267716
0
LINE
8
BLACK
6
CONTINUOUS
10
5.5264504724409447
20
-4.0532883858267716
11
5.52570842519685
21
-4.0505190551181105
0
LINE
8
BLACK
6
CONTINUOUS
10
5.52570842519685
20
-4.0505190551181105
11
5.52570842519685
21
-4.0469218897637793
0
LINE
8
BLACK
6
CONTINUOUS
10
5.52570842519685
20
-4.0469218897637793
11
5.5266394488188979
21
-4.0434472834645669
0
LINE
8
BLACK
6
CONTINUOUS
10
5.5266394488188979
20
-4.0434472834645669
11
5.5284380314960631
21
-4.0403320078740155
0
LINE
8
BLACK
6
CONTINUOUS
10
5.5284380314960631
20
-4.0403320078740155
11
5.5309816141732284
21
-4.0377884251968501
0
LINE
8
BLACK
6
CONTINUOUS
10
5.5309816141732284
20
-4.0377884251968501
11
5.534096889763779
21
-4.035989842519685
0
LINE
8
BLACK
6
CONTINUOUS
10
5.534096889763779
20
-4.035989842519685
11
5.5375714960629923
21
-4.035058818897638
0
LINE
8
BLACK
6
CONTINUOUS
10
5.5375714960629923
20
-4.035058818897638
11
5.5411686614173226
21
-4.035058818897638
0
LINE
8
BLACK
6
CONTINUOUS
10
5.5411686614173226
20
-4.035058818897638
11
5.5439379921259837
21
-4.0358008661417326
0
LINE
8
BLACK
6
CONTINUOUS
10
5.5439379921259837
20
-4.0358008661417326
11
5.6067985826771656
21
-3.9729403149606299
0
LINE
8
BLACK
6
CONTINUOUS
10
5.6067985826771656
20
-3.9729403149606299
11
5.6488753543307082
21
-3.9308635433070864
0
LINE
8
BLACK
6
CONTINUOUS
10
5.6488753543307082
20
-3.9308635433070864
11
5.6497702755905514
21
-3.9301290944881888
0
LINE
8
BLACK
6
CONTINUOUS
10
5.6497702755905514
20
-3.9301290944881888
11
5.6510172834645669
21
-3.9296125590551179
0
LINE
8
BLACK
6
CONTINUOUS
10
5.6510172834645669
20
-3.9296125590551179
11
5.6518990551181103
21
-3.9292473228346454
0
LINE
8
BLACK
6
CONTINUOUS
10
5.6518990551181103
20
-3.9292473228346454
11
5.653051181102362
21
-3.9291338582677167
0
LINE
8
BLACK
6
CONTINUOUS
10
5.653051181102362
20
-3.9291338582677167
11
5.7553509842519688
21
-3.9291338582677167
0
LINE
8
BLACK
6
CONTINUOUS
10
5.7553509842519688
20
-3.9291338582677167
11
5.756784488188976
21
-3.9266509055118108
0
LINE
8
BLACK
6
CONTINUOUS
10
5.756784488188976
20
-3.9266509055118108
11
5.7593280708661414
21
-3.9241073228346455
0
LINE
8
BLACK
6
CONTINUOUS
10
5.7593280708661414
20
-3.9241073228346455
11
5.7624433464566929
21
-3.9223087401574803
0
LINE
8
BLACK
6
CONTINUOUS
10
5.7624433464566929
20
-3.9223087401574803
11
5.7659179527559052
21
-3.9213777165354329
0
LINE
8
BLACK
6
CONTINUOUS
10
5.7659179527559052
20
-3.9213777165354329
11
5.7695151181102364
21
-3.9213777165354329
0
LINE
8
BLACK
6
CONTINUOUS
10
5.7695151181102364
20
-3.9213777165354329
11
5.7729897244094488
21
-3.9223087401574803
0
LINE
8
BLACK
6
CONTINUOUS
10
5.7450787401574805
20
-4.9400787795275587
11
5.7450787401574805
21
-4.9479527559055114
0
LINE
8
BLACK
6
CONTINUOUS
10
5.7450787401574805
20
-4.9479527559055114
11
5.7701574803149605
21
-4.9479527559055114
0
LINE
8
BLACK
6
CONTINUOUS
10
5.7701574803149605
20
-4.9479527559055114
11
5.7701574803149605
21
-4.9730314960629922
0
LINE
8
BLACK
6
CONTINUOUS
10
5.7701574803149605
20
-4.9730314960629922
11
5.7780314566929132
21
-4.9730314960629922
0
LINE
8
BLACK
6
CONTINUOUS
10
5.7780314566929132
20
-4.9730314960629922
11
5.7780314960629919
21
-4.9730314566929135
0
LINE
8
BLACK
6
CONTINUOUS
10
5.7780314960629919
20
-4.9730314566929135
11
5.7780314960629919
21
-4.9471772440944877
0
LINE
8
BLACK
6
CONTINUOUS
10
5.7780314960629919
20
-4.9471772440944877
11
5.7780314566929132
21
-4.9471771259842523
0
LINE
8
BLACK
6
CONTINUOUS
10
5.7780314566929132
20
-4.9471771259842523
11
5.7775746456692909
21
-4.9448804330708658
0
LINE
8
BLACK
6
CONTINUOUS
10
5.7775746456692909
20
-4.9448804330708658
11
5.7758343700787398
21
-4.9422759842519683
0
LINE
8
BLACK
6
CONTINUOUS
10
5.7758343700787398
20
-4.9422759842519683
11
5.7758342125984248
21
-4.9422758267716533
0
LINE
8
BLACK
6
CONTINUOUS
10
5.7758342125984248
20
-4.9422758267716533
11
5.7732297637795273
21
-4.9405355511811022
0
LINE
8
BLACK
6
CONTINUOUS
10
5.7732297637795273
20
-4.9405355511811022
11
5.7709330708661417
21
-4.9400787401574799
0
LINE
8
BLACK
6
CONTINUOUS
10
5.7709330708661417
20
-4.9400787401574799
11
5.7450787795275593
21
-4.9400787401574799
0
LINE
8
BLACK
6
CONTINUOUS
10
5.7450787795275593
20
-4.9400787401574799
11
5.7450787401574805
21
-4.9400787795275587
0
LINE
8
BLACK
6
CONTINUOUS
10
5.7070851574803152
20
-4.9405355511811022
11
5.7044807086614169
21
-4.9422758267716533
0
LINE
8
BLACK
6
CONTINUOUS
10
5.7044807086614169
20
-4.9422758267716533
11
5.7044805511811019
21
-4.9422759842519683
0
LINE
8
BLACK
6
CONTINUOUS
10
5.7044805511811019
20
-4.9422759842519683
11
5.7027402755905507
21
-4.9448804330708658
0
LINE
8
BLACK
6
CONTINUOUS
10
5.7027402755905507
20
-4.9448804330708658
11
5.7022834645669294
21
-4.9471771259842523
0
LINE
8
BLACK
6
CONTINUOUS
10
5.7022834645669294
20
-4.9471771259842523
11
5.7022834645669294
21
-4.9730314566929135
0
LINE
8
BLACK
6
CONTINUOUS
10
5.7022834645669294
20
-4.9730314566929135
11
5.7022835039370081
21
-4.9730314960629922
0
LINE
8
BLACK
6
CONTINUOUS
10
5.7022835039370081
20
-4.9730314960629922
11
5.7101574803149608
21
-4.9730314960629922
0
LINE
8
BLACK
6
CONTINUOUS
10
5.7101574803149608
20
-4.9730314960629922
11
5.7101574803149608
21
-4.9479527559055114
0
LINE
8
BLACK
6
CONTINUOUS
10
5.7101574803149608
20
-4.9479527559055114
11
5.7352362204724407
21
-4.9479527559055114
0
LINE
8
BLACK
6
CONTINUOUS
10
5.7352362204724407
20
-4.9479527559055114
11
5.7352362204724407
21
-4.9400787795275587
0
LINE
8
BLACK
6
CONTINUOUS
10
5.7352362204724407
20
-4.9400787795275587
11
5.735236181102362
21
-4.9400787401574799
0
LINE
8
BLACK
6
CONTINUOUS
10
5.735236181102362
20
-4.9400787401574799
11
5.7093818503937008
21
-4.9400787401574799
0
LINE
8
BLACK
6
CONTINUOUS
10
5.7093818503937008
20
-4.9400787401574799
11
5.7070851574803152
21
-4.9405355511811022
0
LINE
8
BLACK
6
CONTINUOUS
10
5.7022835039370081
20
-4.8828740157480315
11
5.7022834645669294
21
-4.8828740551181102
0
LINE
8
BLACK
6
CONTINUOUS
10
5.7022834645669294
20
-4.8828740551181102
11
5.7022834645669294
21
-4.9087283464566926
0
LINE
8
BLACK
6
CONTINUOUS
10
5.7022834645669294
20
-4.9087283464566926
11
5.7027402755905507
21
-4.9110250393700783
0
LINE
8
BLACK
6
CONTINUOUS
10
5.7027402755905507
20
-4.9110250393700783
11
5.7044805511811019
21
-4.9136294881889766
0
LINE
8
BLACK
6
CONTINUOUS
10
5.7044805511811019
20
-4.9136294881889766
11
5.7044807086614169
21
-4.9136296456692916
0
LINE
8
BLACK
6
CONTINUOUS
10
5.7044807086614169
20
-4.9136296456692916
11
5.7070851574803152
21
-4.9153699212598427
0
LINE
8
BLACK
6
CONTINUOUS
10
5.7070851574803152
20
-4.9153699212598427
11
5.7093818503937008
21
-4.9158267322834641
0
LINE
8
BLACK
6
CONTINUOUS
10
5.7093818503937008
20
-4.9158267322834641
11
5.7093820078740158
21
-4.9158267716535429
0
LINE
8
BLACK
6
CONTINUOUS
10
5.7093820078740158
20
-4.9158267716535429
11
5.735236181102362
21
-4.9158267716535429
0
LINE
8
BLACK
6
CONTINUOUS
10
5.735236181102362
20
-4.9158267716535429
11
5.7352362204724407
21
-4.9158267322834641
0
LINE
8
BLACK
6
CONTINUOUS
10
5.7352362204724407
20
-4.9158267322834641
11
5.7352362204724407
21
-4.9079527559055114
0
LINE
8
BLACK
6
CONTINUOUS
10
5.7352362204724407
20
-4.9079527559055114
11
5.7101574803149608
21
-4.9079527559055114
0
LINE
8
BLACK
6
CONTINUOUS
10
5.7101574803149608
20
-4.9079527559055114
11
5.7101574803149608
21
-4.8828740157480315
0
LINE
8
BLACK
6
CONTINUOUS
10
5.7101574803149608
20
-4.8828740157480315
11
5.7022835039370081
21
-4.8828740157480315
0
LINE
8
BLACK
6
CONTINUOUS
10
5.7701574803149605
20
-4.9079527559055114
11
5.7450787401574805
21
-4.9079527559055114
0
LINE
8
BLACK
6
CONTINUOUS
10
5.7450787401574805
20
-4.9079527559055114
11
5.7450787401574805
21
-4.9158267322834641
0
LINE
8
BLACK
6
CONTINUOUS
10
5.7450787401574805
20
-4.9158267322834641
11
5.7450787795275593
21
-4.9158267716535429
0
LINE
8
BLACK
6
CONTINUOUS
10
5.7450787795275593
20
-4.9158267716535429
11
5.7709329527559055
21
-4.9158267716535429
0
LINE
8
BLACK
6
CONTINUOUS
10
5.7709329527559055
20
-4.9158267716535429
11
5.7709330708661417
21
-4.9158267322834641
0
LINE
8
BLACK
6
CONTINUOUS
10
5.7709330708661417
20
-4.9158267322834641
11
5.7732297637795273
21
-4.9153699212598427
0
LINE
8
BLACK
6
CONTINUOUS
10
5.7732297637795273
20
-4.9153699212598427
11
5.7758342125984248
21
-4.9136296456692916
0
LINE
8
BLACK
6
CONTINUOUS
10
5.7758342125984248
20
-4.9136296456692916
11
5.7758343700787398
21
-4.9136294881889766
0
LINE
8
BLACK
6
CONTINUOUS
10
5.7758343700787398
20
-4.9136294881889766
11
5.7775746456692909
21
-4.9110250393700783
0
LINE
8
BLACK
6
CONTINUOUS
10
5.7775746456692909
20
-4.9110250393700783
11
5.7780314566929132
21
-4.9087283464566926
0
LINE
8
BLACK
6
CONTINUOUS
10
5.7780314566929132
20
-4.9087283464566926
11
5.7780314960629919
21
-4.9087282283464564
0
LINE
8
BLACK
6
CONTINUOUS
10
5.7780314960629919
20
-4.9087282283464564
11
5.7780314960629919
21
-4.8828740551181102
0
LINE
8
BLACK
6
CONTINUOUS
10
5.7780314960629919
20
-4.8828740551181102
11
5.7780314566929132
21
-4.8828740157480315
0
LINE
8
BLACK
6
CONTINUOUS
10
5.7780314566929132
20
-4.8828740157480315
11
5.7701574803149605
21
-4.8828740157480315
0
LINE
8
BLACK
6
CONTINUOUS
10
5.7701574803149605
20
-4.8828740157480315
11
5.7701574803149605
21
-4.9079527559055114
0
LINE
8
BLACK
6
CONTINUOUS
10
5.7450787401574805
20
-4.840078779527559
11
5.7450787401574805
21
-4.8479527559055118
0
LINE
8
BLACK
6
CONTINUOUS
10
5.7450787401574805
20
-4.8479527559055118
11
5.7701574803149605
21
-4.8479527559055118
0
LINE
8
BLACK
6
CONTINUOUS
10
5.7701574803149605
20
-4.8479527559055118
11
5.7701574803149605
21
-4.8730314960629917
0
LINE
8
BLACK
6
CONTINUOUS
10
5.7701574803149605
20
-4.8730314960629917
11
5.7780314566929132
21
-4.8730314960629917
0
LINE
8
BLACK
6
CONTINUOUS
10
5.7780314566929132
20
-4.8730314960629917
11
5.7780314960629919
21
-4.8730314566929129
0
LINE
8
BLACK
6
CONTINUOUS
10
5.7780314960629919
20
-4.8730314566929129
11
5.7780314960629919
21
-4.847177244094488
0
LINE
8
BLACK
6
CONTINUOUS
10
5.7780314960629919
20
-4.847177244094488
11
5.7780314566929132
21
-4.8471771259842518
0
LINE
8
BLACK
6
CONTINUOUS
10
5.7780314566929132
20
-4.8471771259842518
11
5.7775746456692909
21
-4.8448804330708661
0
LINE
8
BLACK
6
CONTINUOUS
10
5.7775746456692909
20
-4.8448804330708661
11
5.7758343700787398
21
-4.8422759842519687
0
LINE
8
BLACK
6
CONTINUOUS
10
5.7758343700787398
20
-4.8422759842519687
11
5.7758342125984248
21
-4.8422758267716537
0
LINE
8
BLACK
6
CONTINUOUS
10
5.7758342125984248
20
-4.8422758267716537
11
5.7732297637795273
21
-4.8405355511811026
0
LINE
8
BLACK
6
CONTINUOUS
10
5.7732297637795273
20
-4.8405355511811026
11
5.7709330708661417
21
-4.8400787401574803
0
LINE
8
BLACK
6
CONTINUOUS
10
5.7709330708661417
20
-4.8400787401574803
11
5.7450787795275593
21
-4.8400787401574803
0
LINE
8
BLACK
6
CONTINUOUS
10
5.7450787795275593
20
-4.8400787401574803
11
5.7450787401574805
21
-4.840078779527559
0
LINE
8
BLACK
6
CONTINUOUS
10
5.7022834645669294
20
-4.8730314566929129
11
5.7022835039370081
21
-4.8730314960629917
0
LINE
8
BLACK
6
CONTINUOUS
10
5.7022835039370081
20
-4.8730314960629917
11
5.7101574803149608
21
-4.8730314960629917
0
LINE
8
BLACK
6
CONTINUOUS
10
5.7101574803149608
20
-4.8730314960629917
11
5.7101574803149608
21
-4.8479527559055118
0
LINE
8
BLACK
6
CONTINUOUS
10
5.7101574803149608
20
-4.8479527559055118
11
5.7352362204724407
21
-4.8479527559055118
0
LINE
8
BLACK
6
CONTINUOUS
10
5.7352362204724407
20
-4.8479527559055118
11
5.7352362204724407
21
-4.840078779527559
0
LINE
8
BLACK
6
CONTINUOUS
10
5.7352362204724407
20
-4.840078779527559
11
5.735236181102362
21
-4.8400787401574803
0
LINE
8
BLACK
6
CONTINUOUS
10
5.735236181102362
20
-4.8400787401574803
11
5.7093818503937008
21
-4.8400787401574803
0
LINE
8
BLACK
6
CONTINUOUS
10
5.7093818503937008
20
-4.8400787401574803
11
5.7070851574803152
21
-4.8405355511811026
0
LINE
8
BLACK
6
CONTINUOUS
10
5.7070851574803152
20
-4.8405355511811026
11
5.7044807086614169
21
-4.8422758267716537
0
LINE
8
BLACK
6
CONTINUOUS
10
5.7044807086614169
20
-4.8422758267716537
11
5.7044805511811019
21
-4.8422759842519687
0
LINE
8
BLACK
6
CONTINUOUS
10
5.7044805511811019
20
-4.8422759842519687
11
5.7027402755905507
21
-4.8448804330708661
0
LINE
8
BLACK
6
CONTINUOUS
10
5.7027402755905507
20
-4.8448804330708661
11
5.7022834645669294
21
-4.8471771259842518
0
LINE
8
BLACK
6
CONTINUOUS
10
5.7022834645669294
20
-4.8471771259842518
11
5.7022834645669294
21
-4.8730314566929129
0
LINE
8
BLACK
6
CONTINUOUS
10
5.8398204330708658
20
-4.1959307874015748
11
5.8429357086614173
21
-4.1977293700787399
0
LINE
8
BLACK
6
CONTINUOUS
10
5.8429357086614173
20
-4.1977293700787399
11
5.8454792913385827
21
-4.2002729527559053
0
LINE
8
BLACK
6
CONTINUOUS
10
5.8454792913385827
20
-4.2002729527559053
11
5.8472778740157478
21
-4.2033882283464568
0
LINE
8
BLACK
6
CONTINUOUS
10
5.8472778740157478
20
-4.2033882283464568
11
5.8482088976377948
21
-4.2068628346456691
0
LINE
8
BLACK
6
CONTINUOUS
10
5.8482088976377948
20
-4.2068628346456691
11
5.8482088976377948
21
-4.2104600000000003
0
LINE
8
BLACK
6
CONTINUOUS
10
5.8482088976377948
20
-4.2104600000000003
11
5.8472778740157478
21
-4.2139346062992127
0
LINE
8
BLACK
6
CONTINUOUS
10
5.8472778740157478
20
-4.2139346062992127
11
5.8454792913385827
21
-4.2170498818897633
0
LINE
8
BLACK
6
CONTINUOUS
10
5.8454792913385827
20
-4.2170498818897633
11
5.8429357086614173
21
-4.2195934645669286
0
LINE
8
BLACK
6
CONTINUOUS
10
5.8429357086614173
20
-4.2195934645669286
11
5.8398204330708658
21
-4.2213920472440947
0
LINE
8
BLACK
6
CONTINUOUS
10
5.8398204330708658
20
-4.2213920472440947
11
5.8394685039370078
21
-4.2214863385826771
0
LINE
8
BLACK
6
CONTINUOUS
10
5.8394685039370078
20
-4.2214863385826771
11
5.8394685039370078
21
-4.2796259842519682
0
LINE
8
BLACK
6
CONTINUOUS
10
5.8394685039370078
20
-4.2796259842519682
11
5.8393739370078741
21
-4.2805860629921257
0
LINE
8
BLACK
6
CONTINUOUS
10
5.8393739370078741
20
-4.2805860629921257
11
5.8386391338582673
21
-4.2823600787401572
0
LINE
8
BLACK
6
CONTINUOUS
10
5.8386391338582673
20
-4.2823600787401572
11
5.8386390944881885
21
-4.282360118110236
0
LINE
8
BLACK
6
CONTINUOUS
10
5.8386390944881885
20
-4.282360118110236
11
5.838027086614173
21
-4.2831058661417325
0
LINE
8
BLACK
6
CONTINUOUS
10
5.838027086614173
20
-4.2831058661417325
11
5.7633223622047245
21
-4.3578105511811023
0
LINE
8
BLACK
6
CONTINUOUS
10
5.7633223622047245
20
-4.3578105511811023
11
5.7625768110236217
21
-4.358422362204724
0
LINE
8
BLACK
6
CONTINUOUS
10
5.7625768110236217
20
-4.358422362204724
11
5.762576614173228
21
-4.3584225984251965
0
LINE
8
BLACK
6
CONTINUOUS
10
5.762576614173228
20
-4.3584225984251965
11
5.7613222047244097
21
-4.358942165354331
0
LINE
8
BLACK
6
CONTINUOUS
10
5.7613222047244097
20
-4.358942165354331
11
5.7608026377952752
21
-4.3591574015748034
0
LINE
8
BLACK
6
CONTINUOUS
10
5.7608026377952752
20
-4.3591574015748034
11
5.7608025984251965
21
-4.3591574015748034
0
LINE
8
BLACK
6
CONTINUOUS
10
5.7608025984251965
20
-4.3591574015748034
11
5.7598425196850389
21
-4.359251968503937
0
LINE
8
BLACK
6
CONTINUOUS
10
5.7598425196850389
20
-4.359251968503937
11
5.5886526377952759
21
-4.359251968503937
0
LINE
8
BLACK
6
CONTINUOUS
10
5.5886526377952759
20
-4.359251968503937
11
5.4495562992125981
21
-4.4983482283464564
0
LINE
8
BLACK
6
CONTINUOUS
10
5.4495562992125981
20
-4.4983482283464564
11
5.4497385039370076
21
-4.4986638188976373
0
LINE
8
BLACK
6
CONTINUOUS
10
5.4497385039370076
20
-4.4986638188976373
11
5.4506695275590547
21
-4.5021384251968506
0
LINE
8
BLACK
6
CONTINUOUS
10
5.4506695275590547
20
-4.5021384251968506
11
5.4506695275590547
21
-4.5057355905511809
0
LINE
8
BLACK
6
CONTINUOUS
10
5.4506695275590547
20
-4.5057355905511809
11
5.4497385039370076
21
-4.5092101968503933
0
LINE
8
BLACK
6
CONTINUOUS
10
5.4497385039370076
20
-4.5092101968503933
11
5.4479399212598425
21
-4.5123254724409447
0
LINE
8
BLACK
6
CONTINUOUS
10
5.4479399212598425
20
-4.5123254724409447
11
5.4453963385826771
21
-4.5148690551181101
0
LINE
8
BLACK
6
CONTINUOUS
10
5.4453963385826771
20
-4.5148690551181101
11
5.4422810629921257
21
-4.5166676377952752
0
LINE
8
BLACK
6
CONTINUOUS
10
5.4422810629921257
20
-4.5166676377952752
11
5.4388064566929133
21
-4.5175986614173231
0
LINE
8
BLACK
6
CONTINUOUS
10
5.4388064566929133
20
-4.5175986614173231
11
5.435209291338583
21
-4.5175986614173231
0
LINE
8
BLACK
6
CONTINUOUS
10
5.435209291338583
20
-4.5175986614173231
11
5.4317346850393697
21
-4.5166676377952752
0
LINE
8
BLACK
6
CONTINUOUS
10
5.4317346850393697
20
-4.5166676377952752
11
5.4286194094488192
21
-4.5148690551181101
0
LINE
8
BLACK
6
CONTINUOUS
10
5.4286194094488192
20
-4.5148690551181101
11
5.4260758267716538
21
-4.5123254724409447
0
LINE
8
BLACK
6
CONTINUOUS
10
5.4260758267716538
20
-4.5123254724409447
11
5.4242772440944877
21
-4.5092101968503933
0
LINE
8
BLACK
6
CONTINUOUS
10
5.4242772440944877
20
-4.5092101968503933
11
5.4233462204724407
21
-4.5057355905511809
0
LINE
8
BLACK
6
CONTINUOUS
10
5.4233462204724407
20
-4.5057355905511809
11
5.4233462204724407
21
-4.5021384251968506
0
LINE
8
BLACK
6
CONTINUOUS
10
5.4233462204724407
20
-4.5021384251968506
11
5.4242772440944877
21
-4.4986638188976373
0
LINE
8
BLACK
6
CONTINUOUS
10
5.4242772440944877
20
-4.4986638188976373
11
5.4260758267716538
21
-4.4955485433070868
0
LINE
8
BLACK
6
CONTINUOUS
10
5.4260758267716538
20
-4.4955485433070868
11
5.4286194094488192
21
-4.4930049606299214
0
LINE
8
BLACK
6
CONTINUOUS
10
5.4286194094488192
20
-4.4930049606299214
11
5.4317346850393697
21
-4.4912063779527562
0
LINE
8
BLACK
6
CONTINUOUS
10
5.4317346850393697
20
-4.4912063779527562
11
5.435209291338583
21
-4.4902753543307083
0
LINE
8
BLACK
6
CONTINUOUS
10
5.435209291338583
20
-4.4902753543307083
11
5.4388064566929133
21
-4.4902753543307083
0
LINE
8
BLACK
6
CONTINUOUS
10
5.4388064566929133
20
-4.4902753543307083
11
5.4422810629921257
21
-4.4912063779527562
0
LINE
8
BLACK
6
CONTINUOUS
10
5.4422810629921257
20
-4.4912063779527562
11
5.4425966141732278
21
-4.4913885433070861
0
LINE
8
BLACK
6
CONTINUOUS
10
5.4425966141732278
20
-4.4913885433070861
11
5.5831343307086616
21
-4.3508508267716532
0
LINE
8
BLACK
6
CONTINUOUS
10
5.5831343307086616
20
-4.3508508267716532
11
5.5838800787401572
21
-4.3502388188976377
0
LINE
8
BLACK
6
CONTINUOUS
10
5.5838800787401572
20
-4.3502388188976377
11
5.5856540944881887
21
-4.3495039763779531
0
LINE
8
BLACK
6
CONTINUOUS
10
5.5856540944881887
20
-4.3495039763779531
11
5.5856544881889763
21
-4.3495039763779531
0
LINE
8
BLACK
6
CONTINUOUS
10
5.5856544881889763
20
-4.3495039763779531
11
5.5866141732283463
21
-4.3494094488188972
0
LINE
8
BLACK
6
CONTINUOUS
10
5.5866141732283463
20
-4.3494094488188972
11
5.757804094488189
21
-4.3494094488188972
0
LINE
8
BLACK
6
CONTINUOUS
10
5.757804094488189
20
-4.3494094488188972
11
5.829625984251968
21
-4.2775875196850395
0
LINE
8
BLACK
6
CONTINUOUS
10
5.829625984251968
20
-4.2775875196850395
11
5.829625984251968
21
-4.2214863385826771
0
LINE
8
BLACK
6
CONTINUOUS
10
5.829625984251968
20
-4.2214863385826771
11
5.8292740551181099
21
-4.2213920472440947
0
LINE
8
BLACK
6
CONTINUOUS
10
5.8292740551181099
20
-4.2213920472440947
11
5.8261587795275593
21
-4.2195934645669286
0
LINE
8
BLACK
6
CONTINUOUS
10
5.8261587795275593
20
-4.2195934645669286
11
5.823615196850394
21
-4.2170498818897633
0
LINE
8
BLACK
6
CONTINUOUS
10
5.823615196850394
20
-4.2170498818897633
11
5.8218166141732279
21
-4.2139346062992127
0
LINE
8
BLACK
6
CONTINUOUS
10
5.8218166141732279
20
-4.2139346062992127
11
5.8208855905511809
21
-4.2104600000000003
0
LINE
8
BLACK
6
CONTINUOUS
10
5.8208855905511809
20
-4.2104600000000003
11
5.8208855905511809
21
-4.2068628346456691
0
LINE
8
BLACK
6
CONTINUOUS
10
5.8208855905511809
20
-4.2068628346456691
11
5.8218166141732279
21
-4.2033882283464568
0
LINE
8
BLACK
6
CONTINUOUS
10
5.8218166141732279
20
-4.2033882283464568
11
5.823615196850394
21
-4.2002729527559053
0
LINE
8
BLACK
6
CONTINUOUS
10
5.823615196850394
20
-4.2002729527559053
11
5.8261587795275593
21
-4.1977293700787399
0
LINE
8
BLACK
6
CONTINUOUS
10
5.8261587795275593
20
-4.1977293700787399
11
5.8292740551181099
21
-4.1959307874015748
0
LINE
8
BLACK
6
CONTINUOUS
10
5.8292740551181099
20
-4.1959307874015748
11
5.8327486614173223
21
-4.1949997637795278
0
LINE
8
BLACK
6
CONTINUOUS
10
5.8327486614173223
20
-4.1949997637795278
11
5.8363458267716535
21
-4.1949997637795278
0
LINE
8
BLACK
6
CONTINUOUS
10
5.8363458267716535
20
-4.1949997637795278
11
5.8398204330708658
21
-4.1959307874015748
0
LINE
8
BLACK
6
CONTINUOUS
10
5.8399188582677164
20
-4.1171906299212599
11
5.8430341338582679
21
-4.1189892125984251
0
LINE
8
BLACK
6
CONTINUOUS
10
5.8430341338582679
20
-4.1189892125984251
11
5.8455777165354332
21
-4.1215327952755905
0
LINE
8
BLACK
6
CONTINUOUS
10
5.8455777165354332
20
-4.1215327952755905
11
5.8473762992125984
21
-4.1246480708661419
0
LINE
8
BLACK
6
CONTINUOUS
10
5.8473762992125984
20
-4.1246480708661419
11
5.8483073228346454
21
-4.1281226771653543
0
LINE
8
BLACK
6
CONTINUOUS
10
5.8483073228346454
20
-4.1281226771653543
11
5.8483073228346454
21
-4.1317198425196846
0
LINE
8
BLACK
6
CONTINUOUS
10
5.8483073228346454
20
-4.1317198425196846
11
5.8473762992125984
21
-4.1351944488188979
0
LINE
8
BLACK
6
CONTINUOUS
10
5.8473762992125984
20
-4.1351944488188979
11
5.8455777165354332
21
-4.1383097244094484
0
LINE
8
BLACK
6
CONTINUOUS
10
5.8455777165354332
20
-4.1383097244094484
11
5.8430341338582679
21
-4.1408533070866138
0
LINE
8
BLACK
6
CONTINUOUS
10
5.8430341338582679
20
-4.1408533070866138
11
5.8399188582677164
21
-4.1426518897637798
0
LINE
8
BLACK
6
CONTINUOUS
10
5.8399188582677164
20
-4.1426518897637798
11
5.836444251968504
21
-4.1435829133858268
0
LINE
8
BLACK
6
CONTINUOUS
10
5.836444251968504
20
-4.1435829133858268
11
5.8328470866141728
21
-4.1435829133858268
0
LINE
8
BLACK
6
CONTINUOUS
10
5.8328470866141728
20
-4.1435829133858268
11
5.8293724803149605
21
-4.1426518897637798
0
LINE
8
BLACK
6
CONTINUOUS
10
5.8293724803149605
20
-4.1426518897637798
11
5.8290568897637796
21
-4.1424696850393703
0
LINE
8
BLACK
6
CONTINUOUS
10
5.8290568897637796
20
-4.1424696850393703
11
5.8041338582677167
21
-4.1673927559055119
0
LINE
8
BLACK
6
CONTINUOUS
10
5.8041338582677167
20
-4.1673927559055119
11
5.8041338582677167
21
-4.2716535433070861
0
LINE
8
BLACK
6
CONTINUOUS
10
5.8041338582677167
20
-4.2716535433070861
11
5.804039291338583
21
-4.2726136220472437
0
LINE
8
BLACK
6
CONTINUOUS
10
5.804039291338583
20
-4.2726136220472437
11
5.8033044881889762
21
-4.2743876377952752
0
LINE
8
BLACK
6
CONTINUOUS
10
5.8033044881889762
20
-4.2743876377952752
11
5.8026924803149607
21
-4.2751333858267717
0
LINE
8
BLACK
6
CONTINUOUS
10
5.8026924803149607
20
-4.2751333858267717
11
5.7515113385826773
21
-4.3263144881889763
0
LINE
8
BLACK
6
CONTINUOUS
10
5.7515113385826773
20
-4.3263144881889763
11
5.7507657874015745
21
-4.3269262992125981
0
LINE
8
BLACK
6
CONTINUOUS
10
5.7507657874015745
20
-4.3269262992125981
11
5.7507655905511808
21
-4.3269265354330706
0
LINE
8
BLACK
6
CONTINUOUS
10
5.7507655905511808
20
-4.3269265354330706
11
5.7495111811023625
21
-4.3274461023622051
0
LINE
8
BLACK
6
CONTINUOUS
10
5.7495111811023625
20
-4.3274461023622051
11
5.748991614173228
21
-4.3276613385826774
0
LINE
8
BLACK
6
CONTINUOUS
10
5.748991614173228
20
-4.3276613385826774
11
5.7489915748031493
21
-4.3276613385826774
0
LINE
8
BLACK
6
CONTINUOUS
10
5.7489915748031493
20
-4.3276613385826774
11
5.7480314960629917
21
-4.3277559055118111
0
LINE
8
BLACK
6
CONTINUOUS
10
5.7480314960629917
20
-4.3277559055118111
11
5.5729045669291342
21
-4.3277559055118111
0
LINE
8
BLACK
6
CONTINUOUS
10
5.5729045669291342
20
-4.3277559055118111
11
5.4495562992125981
21
-4.4511041338582675
0
LINE
8
BLACK
6
CONTINUOUS
10
5.4495562992125981
20
-4.4511041338582675
11
5.4497385039370076
21
-4.4514197244094484
0
LINE
8
BLACK
6
CONTINUOUS
10
5.4497385039370076
20
-4.4514197244094484
11
5.4506695275590547
21
-4.4548943307086617
0
LINE
8
BLACK
6
CONTINUOUS
10
5.4506695275590547
20
-4.4548943307086617
11
5.4506695275590547
21
-4.458491496062992
0
LINE
8
BLACK
6
CONTINUOUS
10
5.4506695275590547
20
-4.458491496062992
11
5.4497385039370076
21
-4.4619661023622044
0
LINE
8
BLACK
6
CONTINUOUS
10
5.4497385039370076
20
-4.4619661023622044
11
5.4479399212598425
21
-4.4650813779527558
0
LINE
8
BLACK
6
CONTINUOUS
10
5.4479399212598425
20
-4.4650813779527558
11
5.4453963385826771
21
-4.4676249606299212
0
LINE
8
BLACK
6
CONTINUOUS
10
5.4453963385826771
20
-4.4676249606299212
11
5.4422810629921257
21
-4.4694235433070864
0
LINE
8
BLACK
6
CONTINUOUS
10
5.4422810629921257
20
-4.4694235433070864
11
5.4388064566929133
21
-4.4703545669291334
0
LINE
8
BLACK
6
CONTINUOUS
10
5.4388064566929133
20
-4.4703545669291334
11
5.435209291338583
21
-4.4703545669291334
0
LINE
8
BLACK
6
CONTINUOUS
10
5.435209291338583
20
-4.4703545669291334
11
5.4317346850393697
21
-4.4694235433070864
0
LINE
8
BLACK
6
CONTINUOUS
10
5.4317346850393697
20
-4.4694235433070864
11
5.4286194094488192
21
-4.4676249606299212
0
LINE
8
BLACK
6
CONTINUOUS
10
5.4286194094488192
20
-4.4676249606299212
11
5.4260758267716538
21
-4.4650813779527558
0
LINE
8
BLACK
6
CONTINUOUS
10
5.4260758267716538
20
-4.4650813779527558
11
5.4242772440944877
21
-4.4619661023622044
0
LINE
8
BLACK
6
CONTINUOUS
10
5.4242772440944877
20
-4.4619661023622044
11
5.4233462204724407
21
-4.458491496062992
0
LINE
8
BLACK
6
CONTINUOUS
10
5.4233462204724407
20
-4.458491496062992
11
5.4233462204724407
21
-4.4548943307086617
0
LINE
8
BLACK
6
CONTINUOUS
10
5.4233462204724407
20
-4.4548943307086617
11
5.4242772440944877
21
-4.4514197244094484
0
LINE
8
BLACK
6
CONTINUOUS
10
5.4242772440944877
20
-4.4514197244094484
11
5.4260758267716538
21
-4.4483044488188979
0
LINE
8
BLACK
6
CONTINUOUS
10
5.4260758267716538
20
-4.4483044488188979
11
5.4286194094488192
21
-4.4457608661417325
0
LINE
8
BLACK
6
CONTINUOUS
10
5.4286194094488192
20
-4.4457608661417325
11
5.4317346850393697
21
-4.4439622834645665
0
LINE
8
BLACK
6
CONTINUOUS
10
5.4317346850393697
20
-4.4439622834645665
11
5.435209291338583
21
-4.4430312598425195
0
LINE
8
BLACK
6
CONTINUOUS
10
5.435209291338583
20
-4.4430312598425195
11
5.4388064566929133
21
-4.4430312598425195
0
LINE
8
BLACK
6
CONTINUOUS
10
5.4388064566929133
20
-4.4430312598425195
11
5.4422810629921257
21
-4.4439622834645665
0
LINE
8
BLACK
6
CONTINUOUS
10
5.4422810629921257
20
-4.4439622834645665
11
5.4425966141732278
21
-4.4441444488188973
0
LINE
8
BLACK
6
CONTINUOUS
10
5.4425966141732278
20
-4.4441444488188973
11
5.5673862992125986
21
-4.3193548031496061
0
LINE
8
BLACK
6
CONTINUOUS
10
5.5673862992125986
20
-4.3193548031496061
11
5.5681318110236218
21
-4.3187429527559056
0
LINE
8
BLACK
6
CONTINUOUS
10
5.5681318110236218
20
-4.3187429527559056
11
5.5681320472440943
21
-4.3187427559055118
0
LINE
8
BLACK
6
CONTINUOUS
10
5.5681320472440943
20
-4.3187427559055118
11
5.5693864173228347
21
-4.3182231496062995
0
LINE
8
BLACK
6
CONTINUOUS
10
5.5693864173228347
20
-4.3182231496062995
11
5.569906023622047
21
-4.318007952755905
0
LINE
8
BLACK
6
CONTINUOUS
10
5.569906023622047
20
-4.318007952755905
11
5.5699060629921258
21
-4.318007952755905
0
LINE
8
BLACK
6
CONTINUOUS
10
5.5699060629921258
20
-4.318007952755905
11
5.5708661417322833
21
-4.3179133858267713
0
LINE
8
BLACK
6
CONTINUOUS
10
5.5708661417322833
20
-4.3179133858267713
11
5.7459930708661417
21
-4.3179133858267713
0
LINE
8
BLACK
6
CONTINUOUS
10
5.7459930708661417
20
-4.3179133858267713
11
5.7942913385826769
21
-4.2696150787401574
0
LINE
8
BLACK
6
CONTINUOUS
10
5.7942913385826769
20
-4.2696150787401574
11
5.7942913385826769
21
-4.1653543307086611
0
LINE
8
BLACK
6
CONTINUOUS
10
5.7942913385826769
20
-4.1653543307086611
11
5.7943859055118105
21
-4.1643942519685035
0
LINE
8
BLACK
6
CONTINUOUS
10
5.7943859055118105
20
-4.1643942519685035
11
5.7944831102362206
21
-4.1641596062992123
0
LINE
8
BLACK
6
CONTINUOUS
10
5.7944831102362206
20
-4.1641596062992123
11
5.7947332283464563
21
-4.163555748031496
0
LINE
8
BLACK
6
CONTINUOUS
10
5.7947332283464563
20
-4.163555748031496
11
5.7951207086614174
21
-4.1626202362204721
0
LINE
8
BLACK
6
CONTINUOUS
10
5.7951207086614174
20
-4.1626202362204721
11
5.7951209055118111
21
-4.1626199999999995
0
LINE
8
BLACK
6
CONTINUOUS
10
5.7951209055118111
20
-4.1626199999999995
11
5.7957327559055116
21
-4.1618744881889764
0
LINE
8
BLACK
6
CONTINUOUS
10
5.7957327559055116
20
-4.1618744881889764
11
5.8220972047244093
21
-4.13551
0
LINE
8
BLACK
6
CONTINUOUS
10
5.8220972047244093
20
-4.13551
11
5.8219150393700785
21
-4.1351944488188979
0
LINE
8
BLACK
6
CONTINUOUS
10
5.8219150393700785
20
-4.1351944488188979
11
5.8209840157480315
21
-4.1317198425196846
0
LINE
8
BLACK
6
CONTINUOUS
10
5.8209840157480315
20
-4.1317198425196846
11
5.8209840157480315
21
-4.1281226771653543
0
LINE
8
BLACK
6
CONTINUOUS
10
5.8209840157480315
20
-4.1281226771653543
11
5.8219150393700785
21
-4.1246480708661419
0
LINE
8
BLACK
6
CONTINUOUS
10
5.8219150393700785
20
-4.1246480708661419
11
5.8237136220472436
21
-4.1215327952755905
0
LINE
8
BLACK
6
CONTINUOUS
10
5.8237136220472436
20
-4.1215327952755905
11
5.826257204724409
21
-4.1189892125984251
0
LINE
8
BLACK
6
CONTINUOUS
10
5.826257204724409
20
-4.1189892125984251
11
5.8293724803149605
21
-4.1171906299212599
0
LINE
8
BLACK
6
CONTINUOUS
10
5.8293724803149605
20
-4.1171906299212599
11
5.8328470866141728
21
-4.1162596062992129
0
LINE
8
BLACK
6
CONTINUOUS
10
5.8328470866141728
20
-4.1162596062992129
11
5.836444251968504
21
-4.1162596062992129
0
LINE
8
BLACK
6
CONTINUOUS
10
5.836444251968504
20
-4.1162596062992129
11
5.8399188582677164
21
-4.1171906299212599
0
LINE
8
BLACK
6
CONTINUOUS
10
5.0193700787401569
20
-4.6718503937007876
11
5.059370078740157
21
-4.6718503937007876
0
LINE
8
BLACK
6
CONTINUOUS
10
5.059370078740157
20
-4.6718503937007876
11
5.059370078740157
21
-4.6467716535433068
0
LINE
8
BLACK
6
CONTINUOUS
10
5.059370078740157
20
-4.6467716535433068
11
5.1193700787401575
21
-4.6467716535433068
0
LINE
8
BLACK
6
CONTINUOUS
10
5.1193700787401575
20
-4.6467716535433068
11
5.1193700787401575
21
-4.6718503937007876
0
LINE
8
BLACK
6
CONTINUOUS
10
5.1193700787401575
20
-4.6718503937007876
11
5.2615850000000002
21
-4.6718503937007876
0
LINE
8
BLACK
6
CONTINUOUS
10
5.2615850000000002
20
-4.6718503937007876
11
5.2632650787401571
21
-4.6701703149606297
0
LINE
8
BLACK
6
CONTINUOUS
10
5.2632650787401571
20
-4.6701703149606297
11
5.2663803543307086
21
-4.6683717322834646
0
LINE
8
BLACK
6
CONTINUOUS
10
5.2663803543307086
20
-4.6683717322834646
11
5.269854960629921
21
-4.6674407086614176
0
LINE
8
BLACK
6
CONTINUOUS
10
5.269854960629921
20
-4.6674407086614176
11
5.2734521259842522
21
-4.6674407086614176
0
LINE
8
BLACK
6
CONTINUOUS
10
5.2734521259842522
20
-4.6674407086614176
11
5.2769267322834645
21
-4.6683717322834646
0
LINE
8
BLACK
6
CONTINUOUS
10
5.2769267322834645
20
-4.6683717322834646
11
5.280042007874016
21
-4.6701703149606297
0
LINE
8
BLACK
6
CONTINUOUS
10
5.280042007874016
20
-4.6701703149606297
11
5.2825855905511814
21
-4.6727138976377951
0
LINE
8
BLACK
6
CONTINUOUS
10
5.2825855905511814
20
-4.6727138976377951
11
5.2843841732283465
21
-4.6758291732283466
0
LINE
8
BLACK
6
CONTINUOUS
10
5.2843841732283465
20
-4.6758291732283466
11
5.2853151968503935
21
-4.6793037795275589
0
LINE
8
BLACK
6
CONTINUOUS
10
5.2853151968503935
20
-4.6793037795275589
11
5.2853151968503935
21
-4.6829009448818892
0
LINE
8
BLACK
6
CONTINUOUS
10
5.2853151968503935
20
-4.6829009448818892
11
5.2843841732283465
21
-4.6863755511811025
0
LINE
8
BLACK
6
CONTINUOUS
10
5.2843841732283465
20
-4.6863755511811025
11
5.2825855905511814
21
-4.6894908267716531
0
LINE
8
BLACK
6
CONTINUOUS
10
5.2825855905511814
20
-4.6894908267716531
11
5.280042007874016
21
-4.6920344094488184
0
LINE
8
BLACK
6
CONTINUOUS
10
5.280042007874016
20
-4.6920344094488184
11
5.2769267322834645
21
-4.6938329921259845
0
LINE
8
BLACK
6
CONTINUOUS
10
5.2769267322834645
20
-4.6938329921259845
11
5.2734521259842522
21
-4.6947640157480315
0
LINE
8
BLACK
6
CONTINUOUS
10
5.2734521259842522
20
-4.6947640157480315
11
5.269854960629921
21
-4.6947640157480315
0
LINE
8
BLACK
6
CONTINUOUS
10
5.269854960629921
20
-4.6947640157480315
11
5.2663803543307086
21
-4.6938329921259845
0
LINE
8
BLACK
6
CONTINUOUS
10
5.2663803543307086
20
-4.6938329921259845
11
5.2632650787401571
21
-4.6920344094488184
0
LINE
8
BLACK
6
CONTINUOUS
10
5.2632650787401571
20
-4.6920344094488184
11
5.2607214960629918
21
-4.6894908267716531
0
LINE
8
BLACK
6
CONTINUOUS
10
5.2607214960629918
20
-4.6894908267716531
11
5.2589229133858266
21
-4.6863755511811025
0
LINE
8
BLACK
6
CONTINUOUS
10
5.2589229133858266
20
-4.6863755511811025
11
5.2579918897637796
21
-4.6829009448818892
0
LINE
8
BLACK
6
CONTINUOUS
10
5.2579918897637796
20
-4.6829009448818892
11
5.2579918897637796
21
-4.6816929133858265
0
LINE
8
BLACK
6
CONTINUOUS
10
5.2579918897637796
20
-4.6816929133858265
11
5.1193700787401575
21
-4.6816929133858265
0
LINE
8
BLACK
6
CONTINUOUS
10
5.1193700787401575
20
-4.6816929133858265
11
5.1193700787401575
21
-4.7067716535433073
0
LINE
8
BLACK
6
CONTINUOUS
10
5.1193700787401575
20
-4.7067716535433073
11
5.059370078740157
21
-4.7067716535433073
0
LINE
8
BLACK
6
CONTINUOUS
10
5.059370078740157
20
-4.7067716535433073
11
5.059370078740157
21
-4.6816929133858265
0
LINE
8
BLACK
6
CONTINUOUS
10
5.059370078740157
20
-4.6816929133858265
11
5.0193700787401569
21
-4.6816929133858265
0
LINE
8
BLACK
6
CONTINUOUS
10
5.0193700787401569
20
-4.6816929133858265
11
5.0193700787401569
21
-4.7067716535433073
0
LINE
8
BLACK
6
CONTINUOUS
10
5.0193700787401569
20
-4.7067716535433073
11
4.9593700787401573
21
-4.7067716535433073
0
LINE
8
BLACK
6
CONTINUOUS
10
4.9593700787401573
20
-4.7067716535433073
11
4.9593700787401573
21
-4.6467716535433068
0
LINE
8
BLACK
6
CONTINUOUS
10
4.9593700787401573
20
-4.6467716535433068
11
5.0193700787401569
21
-4.6467716535433068
0
LINE
8
BLACK
6
CONTINUOUS
10
5.0193700787401569
20
-4.6467716535433068
11
5.0193700787401569
21
-4.6718503937007876
0
LINE
8
BLACK
6
CONTINUOUS
10
5.2769267322834645
20
-4.4793953543307081
11
5.280042007874016
21
-4.4811939370078742
0
LINE
8
BLACK
6
CONTINUOUS
10
5.280042007874016
20
-4.4811939370078742
11
5.2825855905511814
21
-4.4837375196850395
0
LINE
8
BLACK
6
CONTINUOUS
10
5.2825855905511814
20
-4.4837375196850395
11
5.2843841732283465
21
-4.4868527952755901
0
LINE
8
BLACK
6
CONTINUOUS
10
5.2843841732283465
20
-4.4868527952755901
11
5.2853151968503935
21
-4.4903274015748034
0
LINE
8
BLACK
6
CONTINUOUS
10
5.2853151968503935
20
-4.4903274015748034
11
5.2853151968503935
21
-4.4939245669291337
0
LINE
8
BLACK
6
CONTINUOUS
10
5.2853151968503935
20
-4.4939245669291337
11
5.2843841732283465
21
-4.497399173228346
0
LINE
8
BLACK
6
CONTINUOUS
10
5.2843841732283465
20
-4.497399173228346
11
5.2825855905511814
21
-4.5005144488188975
0
LINE
8
BLACK
6
CONTINUOUS
10
5.2825855905511814
20
-4.5005144488188975
11
5.280042007874016
21
-4.5030580314960629
0
LINE
8
BLACK
6
CONTINUOUS
10
5.280042007874016
20
-4.5030580314960629
11
5.2769267322834645
21
-4.504856614173228
0
LINE
8
BLACK
6
CONTINUOUS
10
5.2769267322834645
20
-4.504856614173228
11
5.2734521259842522
21
-4.5057876377952759
0
LINE
8
BLACK
6
CONTINUOUS
10
5.2734521259842522
20
-4.5057876377952759
11
5.269854960629921
21
-4.5057876377952759
0
LINE
8
BLACK
6
CONTINUOUS
10
5.269854960629921
20
-4.5057876377952759
11
5.2663803543307086
21
-4.504856614173228
0
LINE
8
BLACK
6
CONTINUOUS
10
5.2663803543307086
20
-4.504856614173228
11
5.2660647637795277
21
-4.5046744094488185
0
LINE
8
BLACK
6
CONTINUOUS
10
5.2660647637795277
20
-4.5046744094488185
11
5.1904877165354328
21
-4.5802514960629921
0
LINE
8
BLACK
6
CONTINUOUS
10
5.1904877165354328
20
-4.5802514960629921
11
5.189742165354331
21
-4.5808633070866138
0
LINE
8
BLACK
6
CONTINUOUS
10
5.189742165354331
20
-4.5808633070866138
11
5.1897419685039372
21
-4.5808635433070863
0
LINE
8
BLACK
6
CONTINUOUS
10
5.1897419685039372
20
-4.5808635433070863
11
5.188487559055118
21
-4.5813831102362208
0
LINE
8
BLACK
6
CONTINUOUS
10
5.188487559055118
20
-4.5813831102362208
11
5.1879679921259845
21
-4.5815983464566932
0
LINE
8
BLACK
6
CONTINUOUS
10
5.1879679921259845
20
-4.5815983464566932
11
5.1879679527559057
21
-4.5815983464566932
0
LINE
8
BLACK
6
CONTINUOUS
10
5.1879679527559057
20
-4.5815983464566932
11
5.1870078740157481
21
-4.5816929133858268
0
LINE
8
BLACK
6
CONTINUOUS
10
5.1870078740157481
20
-4.5816929133858268
11
5.1193700787401575
21
-4.5816929133858268
0
LINE
8
BLACK
6
CONTINUOUS
10
5.1193700787401575
20
-4.5816929133858268
11
5.1193700787401575
21
-4.6067716535433068
0
LINE
8
BLACK
6
CONTINUOUS
10
5.1193700787401575
20
-4.6067716535433068
11
5.059370078740157
21
-4.6067716535433068
0
LINE
8
BLACK
6
CONTINUOUS
10
5.059370078740157
20
-4.6067716535433068
11
5.059370078740157
21
-4.5816929133858268
0
LINE
8
BLACK
6
CONTINUOUS
10
5.059370078740157
20
-4.5816929133858268
11
5.0193700787401569
21
-4.5816929133858268
0
LINE
8
BLACK
6
CONTINUOUS
10
5.0193700787401569
20
-4.5816929133858268
11
5.0193700787401569
21
-4.6067716535433068
0
LINE
8
BLACK
6
CONTINUOUS
10
5.0193700787401569
20
-4.6067716535433068
11
4.9593700787401573
21
-4.6067716535433068
0
LINE
8
BLACK
6
CONTINUOUS
10
4.9593700787401573
20
-4.6067716535433068
11
4.9593700787401573
21
-4.5467716535433071
0
LINE
8
BLACK
6
CONTINUOUS
10
4.9593700787401573
20
-4.5467716535433071
11
5.0193700787401569
21
-4.5467716535433071
0
LINE
8
BLACK
6
CONTINUOUS
10
5.0193700787401569
20
-4.5467716535433071
11
5.0193700787401569
21
-4.5718503937007871
0
LINE
8
BLACK
6
CONTINUOUS
10
5.0193700787401569
20
-4.5718503937007871
11
5.059370078740157
21
-4.5718503937007871
0
LINE
8
BLACK
6
CONTINUOUS
10
5.059370078740157
20
-4.5718503937007871
11
5.059370078740157
21
-4.5467716535433071
0
LINE
8
BLACK
6
CONTINUOUS
10
5.059370078740157
20
-4.5467716535433071
11
5.1193700787401575
21
-4.5467716535433071
0
LINE
8
BLACK
6
CONTINUOUS
10
5.1193700787401575
20
-4.5467716535433071
11
5.1193700787401575
21
-4.5718503937007871
0
LINE
8
BLACK
6
CONTINUOUS
10
5.1193700787401575
20
-4.5718503937007871
11
5.1849694488188973
21
-4.5718503937007871
0
LINE
8
BLACK
6
CONTINUOUS
10
5.1849694488188973
20
-4.5718503937007871
11
5.2591050787401574
21
-4.4977147244094491
0
LINE
8
BLACK
6
CONTINUOUS
10
5.2591050787401574
20
-4.4977147244094491
11
5.2589229133858266
21
-4.497399173228346
0
LINE
8
BLACK
6
CONTINUOUS
10
5.2589229133858266
20
-4.497399173228346
11
5.2579918897637796
21
-4.4939245669291337
0
LINE
8
BLACK
6
CONTINUOUS
10
5.2579918897637796
20
-4.4939245669291337
11
5.2579918897637796
21
-4.4903274015748034
0
LINE
8
BLACK
6
CONTINUOUS
10
5.2579918897637796
20
-4.4903274015748034
11
5.2589229133858266
21
-4.4868527952755901
0
LINE
8
BLACK
6
CONTINUOUS
10
5.2589229133858266
20
-4.4868527952755901
11
5.2607214960629918
21
-4.4837375196850395
0
LINE
8
BLACK
6
CONTINUOUS
10
5.2607214960629918
20
-4.4837375196850395
11
5.2632650787401571
21
-4.4811939370078742
0
LINE
8
BLACK
6
CONTINUOUS
10
5.2632650787401571
20
-4.4811939370078742
11
5.2663803543307086
21
-4.4793953543307081
0
LINE
8
BLACK
6
CONTINUOUS
10
5.2663803543307086
20
-4.4793953543307081
11
5.269854960629921
21
-4.4784643307086611
0
LINE
8
BLACK
6
CONTINUOUS
10
5.269854960629921
20
-4.4784643307086611
11
5.2734521259842522
21
-4.4784643307086611
0
LINE
8
BLACK
6
CONTINUOUS
10
5.2734521259842522
20
-4.4784643307086611
11
5.2769267322834645
21
-4.4793953543307081
0
LINE
8
BLACK
6
CONTINUOUS
10
6.3635409055118108
20
-4.0266394488188979
11
6.3666561811023623
21
-4.0284380314960631
0
LINE
8
BLACK
6
CONTINUOUS
10
6.3666561811023623
20
-4.0284380314960631
11
6.3691997637795277
21
-4.0309816141732284
0
LINE
8
BLACK
6
CONTINUOUS
10
6.3691997637795277
20
-4.0309816141732284
11
6.3709983464566928
21
-4.034096889763779
0
LINE
8
BLACK
6
CONTINUOUS
10
6.3709983464566928
20
-4.034096889763779
11
6.3719293700787398
21
-4.0375714960629923
0
LINE
8
BLACK
6
CONTINUOUS
10
6.3719293700787398
20
-4.0375714960629923
11
6.3719293700787398
21
-4.0411686614173226
0
LINE
8
BLACK
6
CONTINUOUS
10
6.3719293700787398
20
-4.0411686614173226
11
6.3711872834645664
21
-4.0439379921259846
0
LINE
8
BLACK
6
CONTINUOUS
10
6.3711872834645664
20
-4.0439379921259846
11
6.4372466929133854
21
-4.1099974015748026
0
LINE
8
BLACK
6
CONTINUOUS
10
6.4372466929133854
20
-4.1099974015748026
11
6.4379811417322834
21
-4.1108923228346459
0
LINE
8
BLACK
6
CONTINUOUS
10
6.4379811417322834
20
-4.1108923228346459
11
6.438262834645669
21
-4.1115724015748034
0
LINE
8
BLACK
6
CONTINUOUS
10
6.438262834645669
20
-4.1115724015748034
11
6.4388629133858268
21
-4.1130211023622048
0
LINE
8
BLACK
6
CONTINUOUS
10
6.4388629133858268
20
-4.1130211023622048
11
6.4389763779527556
21
-4.1141732283464565
0
LINE
8
BLACK
6
CONTINUOUS
10
6.4389763779527556
20
-4.1141732283464565
11
6.4389763779527556
21
-4.4488188976377954
0
LINE
8
BLACK
6
CONTINUOUS
10
6.4389763779527556
20
-4.4488188976377954
11
6.4388629133858268
21
-4.4499709842519684
0
LINE
8
BLACK
6
CONTINUOUS
10
6.4388629133858268
20
-4.4499709842519684
11
6.4379811417322834
21
-4.4520998425196847
0
LINE
8
BLACK
6
CONTINUOUS
10
6.4379811417322834
20
-4.4520998425196847
11
6.4372466929133854
21
-4.4529947244094483
0
LINE
8
BLACK
6
CONTINUOUS
10
6.4372466929133854
20
-4.4529947244094483
11
6.3987463385826766
21
-4.4914950393700783
0
LINE
8
BLACK
6
CONTINUOUS
10
6.3987463385826766
20
-4.4914950393700783
11
6.39948842519685
21
-4.4942644094488191
0
LINE
8
BLACK
6
CONTINUOUS
10
6.39948842519685
20
-4.4942644094488191
11
6.39948842519685
21
-4.4978615748031494
0
LINE
8
BLACK
6
CONTINUOUS
10
6.39948842519685
20
-4.4978615748031494
11
6.398557401574803
21
-4.5013361811023618
0
LINE
8
BLACK
6
CONTINUOUS
10
6.398557401574803
20
-4.5013361811023618
11
6.3967588188976379
21
-4.5044514566929132
0
LINE
8
BLACK
6
CONTINUOUS
10
6.3967588188976379
20
-4.5044514566929132
11
6.3942152362204725
21
-4.5069950393700786
0
LINE
8
BLACK
6
CONTINUOUS
10
6.3942152362204725
20
-4.5069950393700786
11
6.391099960629921
21
-4.5087936220472438
0
LINE
8
BLACK
6
CONTINUOUS
10
6.391099960629921
20
-4.5087936220472438
11
6.3876253543307087
21
-4.5097246456692917
0
LINE
8
BLACK
6
CONTINUOUS
10
6.3876253543307087
20
-4.5097246456692917
11
6.3840281889763775
21
-4.5097246456692917
0
LINE
8
BLACK
6
CONTINUOUS
10
6.3840281889763775
20
-4.5097246456692917
11
6.3805535826771651
21
-4.5087936220472438
0
LINE
8
BLACK
6
CONTINUOUS
10
6.3805535826771651
20
-4.5087936220472438
11
6.3774383070866136
21
-4.5069950393700786
0
LINE
8
BLACK
6
CONTINUOUS
10
6.3774383070866136
20
-4.5069950393700786
11
6.3748947244094483
21
-4.5044514566929132
0
LINE
8
BLACK
6
CONTINUOUS
10
6.3748947244094483
20
-4.5044514566929132
11
6.373461220472441
21
-4.5019685039370074
0
LINE
8
BLACK
6
CONTINUOUS
10
6.373461220472441
20
-4.5019685039370074
11
6.1855938976377951
21
-4.5019685039370074
0
LINE
8
BLACK
6
CONTINUOUS
10
6.1855938976377951
20
-4.5019685039370074
11
6.184160393700787
21
-4.5044514566929132
0
LINE
8
BLACK
6
CONTINUOUS
10
6.184160393700787
20
-4.5044514566929132
11
6.1816168110236216
21
-4.5069950393700786
0
LINE
8
BLACK
6
CONTINUOUS
10
6.1816168110236216
20
-4.5069950393700786
11
6.178501535433071
21
-4.5087936220472438
0
LINE
8
BLACK
6
CONTINUOUS
10
6.178501535433071
20
-4.5087936220472438
11
6.1750269291338578
21
-4.5097246456692917
0
LINE
8
BLACK
6
CONTINUOUS
10
6.1750269291338578
20
-4.5097246456692917
11
6.1714297637795275
21
-4.5097246456692917
0
LINE
8
BLACK
6
CONTINUOUS
10
6.1714297637795275
20
-4.5097246456692917
11
6.1679551574803151
21
-4.5087936220472438
0
LINE
8
BLACK
6
CONTINUOUS
10
6.1679551574803151
20
-4.5087936220472438
11
6.1648398818897636
21
-4.5069950393700786
0
LINE
8
BLACK
6
CONTINUOUS
10
6.1648398818897636
20
-4.5069950393700786
11
6.1622962992125982
21
-4.5044514566929132
0
LINE
8
BLACK
6
CONTINUOUS
10
6.1622962992125982
20
-4.5044514566929132
11
6.1604977165354331
21
-4.5013361811023618
0
LINE
8
BLACK
6
CONTINUOUS
10
6.1604977165354331
20
-4.5013361811023618
11
6.1595666929133861
21
-4.4978615748031494
0
LINE
8
BLACK
6
CONTINUOUS
10
6.1595666929133861
20
-4.4978615748031494
11
6.1595666929133861
21
-4.4942644094488191
0
LINE
8
BLACK
6
CONTINUOUS
10
6.1595666929133861
20
-4.4942644094488191
11
6.1604977165354331
21
-4.4907898031496059
0
LINE
8
BLACK
6
CONTINUOUS
10
6.1604977165354331
20
-4.4907898031496059
11
6.1622962992125982
21
-4.4876745275590553
0
LINE
8
BLACK
6
CONTINUOUS
10
6.1622962992125982
20
-4.4876745275590553
11
6.1648398818897636
21
-4.4851309448818899
0
LINE
8
BLACK
6
CONTINUOUS
10
6.1648398818897636
20
-4.4851309448818899
11
6.1679551574803151
21
-4.4833323622047239
0
LINE
8
BLACK
6
CONTINUOUS
10
6.1679551574803151
20
-4.4833323622047239
11
6.1714297637795275
21
-4.4824013385826769
0
LINE
8
BLACK
6
CONTINUOUS
10
6.1714297637795275
20
-4.4824013385826769
11
6.1750269291338578
21
-4.4824013385826769
0
LINE
8
BLACK
6
CONTINUOUS
10
6.1750269291338578
20
-4.4824013385826769
11
6.178501535433071
21
-4.4833323622047239
0
LINE
8
BLACK
6
CONTINUOUS
10
6.178501535433071
20
-4.4833323622047239
11
6.1816168110236216
21
-4.4851309448818899
0
LINE
8
BLACK
6
CONTINUOUS
10
6.1816168110236216
20
-4.4851309448818899
11
6.184160393700787
21
-4.4876745275590553
0
LINE
8
BLACK
6
CONTINUOUS
10
6.184160393700787
20
-4.4876745275590553
11
6.1855938976377951
21
-4.4901574803149602
0
LINE
8
BLACK
6
CONTINUOUS
10
6.1855938976377951
20
-4.4901574803149602
11
6.373461220472441
21
-4.4901574803149602
0
LINE
8
BLACK
6
CONTINUOUS
10
6.373461220472441
20
-4.4901574803149602
11
6.3748947244094483
21
-4.4876745275590553
0
LINE
8
BLACK
6
CONTINUOUS
10
6.3748947244094483
20
-4.4876745275590553
11
6.3774383070866136
21
-4.4851309448818899
0
LINE
8
BLACK
6
CONTINUOUS
10
6.3774383070866136
20
-4.4851309448818899
11
6.3805535826771651
21
-4.4833323622047239
0
LINE
8
BLACK
6
CONTINUOUS
10
6.3805535826771651
20
-4.4833323622047239
11
6.3840281889763775
21
-4.4824013385826769
0
LINE
8
BLACK
6
CONTINUOUS
10
6.3840281889763775
20
-4.4824013385826769
11
6.3876253543307087
21
-4.4824013385826769
0
LINE
8
BLACK
6
CONTINUOUS
10
6.3876253543307087
20
-4.4824013385826769
11
6.3903946850393698
21
-4.4831433858267715
0
LINE
8
BLACK
6
CONTINUOUS
10
6.3903946850393698
20
-4.4831433858267715
11
6.4271653543307083
21
-4.4463727559055117
0
LINE
8
BLACK
6
CONTINUOUS
10
6.4271653543307083
20
-4.4463727559055117
11
6.4271653543307083
21
-4.1166193700787401
0
LINE
8
BLACK
6
CONTINUOUS
10
6.4271653543307083
20
-4.1166193700787401
11
6.3628356299212596
21
-4.0522896456692914
0
LINE
8
BLACK
6
CONTINUOUS
10
6.3628356299212596
20
-4.0522896456692914
11
6.3600662992125985
21
-4.0530317322834648
0
LINE
8
BLACK
6
CONTINUOUS
10
6.3600662992125985
20
-4.0530317322834648
11
6.3564691338582673
21
-4.0530317322834648
0
LINE
8
BLACK
6
CONTINUOUS
10
6.3564691338582673
20
-4.0530317322834648
11
6.3529945275590549
21
-4.0521007086614169
0
LINE
8
BLACK
6
CONTINUOUS
10
6.3529945275590549
20
-4.0521007086614169
11
6.3498792519685034
21
-4.0503021259842518
0
LINE
8
BLACK
6
CONTINUOUS
10
6.3498792519685034
20
-4.0503021259842518
11
6.3473356692913381
21
-4.0477585433070864
0
LINE
8
BLACK
6
CONTINUOUS
10
6.3473356692913381
20
-4.0477585433070864
11
6.3455370866141729
21
-4.0446432677165349
0
LINE
8
BLACK
6
CONTINUOUS
10
6.3455370866141729
20
-4.0446432677165349
11
6.3446060629921259
21
-4.0411686614173226
0
LINE
8
BLACK
6
CONTINUOUS
10
6.3446060629921259
20
-4.0411686614173226
11
6.3446060629921259
21
-4.0375714960629923
0
LINE
8
BLACK
6
CONTINUOUS
10
6.3446060629921259
20
-4.0375714960629923
11
6.3455370866141729
21
-4.034096889763779
0
LINE
8
BLACK
6
CONTINUOUS
10
6.3455370866141729
20
-4.034096889763779
11
6.3473356692913381
21
-4.0309816141732284
0
LINE
8
BLACK
6
CONTINUOUS
10
6.3473356692913381
20
-4.0309816141732284
11
6.3498792519685034
21
-4.0284380314960631
0
LINE
8
BLACK
6
CONTINUOUS
10
6.3498792519685034
20
-4.0284380314960631
11
6.3529945275590549
21
-4.0266394488188979
0
LINE
8
BLACK
6
CONTINUOUS
10
6.3529945275590549
20
-4.0266394488188979
11
6.3564691338582673
21
-4.02570842519685
0
LINE
8
BLACK
6
CONTINUOUS
10
6.3564691338582673
20
-4.02570842519685
11
6.3600662992125985
21
-4.02570842519685
0
LINE
8
BLACK
6
CONTINUOUS
10
6.3600662992125985
20
-4.02570842519685
11
6.3635409055118108
21
-4.0266394488188979
0
LINE
8
BLACK
6
CONTINUOUS
10
5.0193700787401569
20
-4.3718503937007869
11
5.059370078740157
21
-4.3718503937007869
0
LINE
8
BLACK
6
CONTINUOUS
10
5.059370078740157
20
-4.3718503937007869
11
5.059370078740157
21
-4.346771653543307
0
LINE
8
BLACK
6
CONTINUOUS
10
5.059370078740157
20
-4.346771653543307
11
5.1193700787401575
21
-4.346771653543307
0
LINE
8
BLACK
6
CONTINUOUS
10
5.1193700787401575
20
-4.346771653543307
11
5.1193700787401575
21
-4.3718503937007869
0
LINE
8
BLACK
6
CONTINUOUS
10
5.1193700787401575
20
-4.3718503937007869
11
5.2594016141732283
21
-4.3718503937007869
0
LINE
8
BLACK
6
CONTINUOUS
10
5.2594016141732283
20
-4.3718503937007869
11
5.2607214960629918
21
-4.3695642913385822
0
LINE
8
BLACK
6
CONTINUOUS
10
5.2607214960629918
20
-4.3695642913385822
11
5.2632650787401571
21
-4.3670207086614168
0
LINE
8
BLACK
6
CONTINUOUS
10
5.2632650787401571
20
-4.3670207086614168
11
5.2663803543307086
21
-4.3652221259842516
0
LINE
8
BLACK
6
CONTINUOUS
10
5.2663803543307086
20
-4.3652221259842516
11
5.269854960629921
21
-4.3642911023622046
0
LINE
8
BLACK
6
CONTINUOUS
10
5.269854960629921
20
-4.3642911023622046
11
5.2734521259842522
21
-4.3642911023622046
0
LINE
8
BLACK
6
CONTINUOUS
10
5.2734521259842522
20
-4.3642911023622046
11
5.2769267322834645
21
-4.3652221259842516
0
LINE
8
BLACK
6
CONTINUOUS
10
5.2769267322834645
20
-4.3652221259842516
11
5.280042007874016
21
-4.3670207086614168
0
LINE
8
BLACK
6
CONTINUOUS
10
5.280042007874016
20
-4.3670207086614168
11
5.2825855905511814
21
-4.3695642913385822
0
LINE
8
BLACK
6
CONTINUOUS
10
5.2825855905511814
20
-4.3695642913385822
11
5.2843841732283465
21
-4.3726795669291336
0
LINE
8
BLACK
6
CONTINUOUS
10
5.2843841732283465
20
-4.3726795669291336
11
5.2853151968503935
21
-4.376154173228346
0
LINE
8
BLACK
6
CONTINUOUS
10
5.2853151968503935
20
-4.376154173228346
11
5.2853151968503935
21
-4.3797513385826772
0
LINE
8
BLACK
6
CONTINUOUS
10
5.2853151968503935
20
-4.3797513385826772
11
5.2843841732283465
21
-4.3832259448818895
0
LINE
8
BLACK
6
CONTINUOUS
10
5.2843841732283465
20
-4.3832259448818895
11
5.2825855905511814
21
-4.386341220472441
0
LINE
8
BLACK
6
CONTINUOUS
10
5.2825855905511814
20
-4.386341220472441
11
5.280042007874016
21
-4.3888848031496064
0
LINE
8
BLACK
6
CONTINUOUS
10
5.280042007874016
20
-4.3888848031496064
11
5.2769267322834645
21
-4.3906833858267715
0
LINE
8
BLACK
6
CONTINUOUS
10
5.2769267322834645
20
-4.3906833858267715
11
5.2734521259842522
21
-4.3916144094488185
0
LINE
8
BLACK
6
CONTINUOUS
10
5.2734521259842522
20
-4.3916144094488185
11
5.269854960629921
21
-4.3916144094488185
0
LINE
8
BLACK
6
CONTINUOUS
10
5.269854960629921
20
-4.3916144094488185
11
5.2663803543307086
21
-4.3906833858267715
0
LINE
8
BLACK
6
CONTINUOUS
10
5.2663803543307086
20
-4.3906833858267715
11
5.2632650787401571
21
-4.3888848031496064
0
LINE
8
BLACK
6
CONTINUOUS
10
5.2632650787401571
20
-4.3888848031496064
11
5.2607214960629918
21
-4.386341220472441
0
LINE
8
BLACK
6
CONTINUOUS
10
5.2607214960629918
20
-4.386341220472441
11
5.2589229133858266
21
-4.3832259448818895
0
LINE
8
BLACK
6
CONTINUOUS
10
5.2589229133858266
20
-4.3832259448818895
11
5.258512125984252
21
-4.3816929133858267
0
LINE
8
BLACK
6
CONTINUOUS
10
5.258512125984252
20
-4.3816929133858267
11
5.1193700787401575
21
-4.3816929133858267
0
LINE
8
BLACK
6
CONTINUOUS
10
5.1193700787401575
20
-4.3816929133858267
11
5.1193700787401575
21
-4.4067716535433066
0
LINE
8
BLACK
6
CONTINUOUS
10
5.1193700787401575
20
-4.4067716535433066
11
5.059370078740157
21
-4.4067716535433066
0
LINE
8
BLACK
6
CONTINUOUS
10
5.059370078740157
20
-4.4067716535433066
11
5.059370078740157
21
-4.3816929133858267
0
LINE
8
BLACK
6
CONTINUOUS
10
5.059370078740157
20
-4.3816929133858267
11
5.0193700787401569
21
-4.3816929133858267
0
LINE
8
BLACK
6
CONTINUOUS
10
5.0193700787401569
20
-4.3816929133858267
11
5.0193700787401569
21
-4.4067716535433066
0
LINE
8
BLACK
6
CONTINUOUS
10
5.0193700787401569
20
-4.4067716535433066
11
4.9593700787401573
21
-4.4067716535433066
0
LINE
8
BLACK
6
CONTINUOUS
10
4.9593700787401573
20
-4.4067716535433066
11
4.9593700787401573
21
-4.346771653543307
0
LINE
8
BLACK
6
CONTINUOUS
10
4.9593700787401573
20
-4.346771653543307
11
5.0193700787401569
21
-4.346771653543307
0
LINE
8
BLACK
6
CONTINUOUS
10
5.0193700787401569
20
-4.346771653543307
11
5.0193700787401569
21
-4.3718503937007869
0
LINE
8
BLACK
6
CONTINUOUS
10
5.0193700787401569
20
-4.2718503937007872
11
5.059370078740157
21
-4.2718503937007872
0
LINE
8
BLACK
6
CONTINUOUS
10
5.059370078740157
20
-4.2718503937007872
11
5.059370078740157
21
-4.2467716535433073
0
LINE
8
BLACK
6
CONTINUOUS
10
5.059370078740157
20
-4.2467716535433073
11
5.1193700787401575
21
-4.2467716535433073
0
LINE
8
BLACK
6
CONTINUOUS
10
5.1193700787401575
20
-4.2467716535433073
11
5.1193700787401575
21
-4.2706692913385824
0
LINE
8
BLACK
6
CONTINUOUS
10
5.1193700787401575
20
-4.2706692913385824
11
5.2588286220472442
21
-4.2706692913385824
0
LINE
8
BLACK
6
CONTINUOUS
10
5.2588286220472442
20
-4.2706692913385824
11
5.2589229133858266
21
-4.2703173622047244
0
LINE
8
BLACK
6
CONTINUOUS
10
5.2589229133858266
20
-4.2703173622047244
11
5.2607214960629918
21
-4.2672020866141729
0
LINE
8
BLACK
6
CONTINUOUS
10
5.2607214960629918
20
-4.2672020866141729
11
5.2632650787401571
21
-4.2646585039370075
0
LINE
8
BLACK
6
CONTINUOUS
10
5.2632650787401571
20
-4.2646585039370075
11
5.2663803543307086
21
-4.2628599212598424
0
LINE
8
BLACK
6
CONTINUOUS
10
5.2663803543307086
20
-4.2628599212598424
11
5.269854960629921
21
-4.2619288976377954
0
LINE
8
BLACK
6
CONTINUOUS
10
5.269854960629921
20
-4.2619288976377954
11
5.2734521259842522
21
-4.2619288976377954
0
LINE
8
BLACK
6
CONTINUOUS
10
5.2734521259842522
20
-4.2619288976377954
11
5.2769267322834645
21
-4.2628599212598424
0
LINE
8
BLACK
6
CONTINUOUS
10
5.2769267322834645
20
-4.2628599212598424
11
5.280042007874016
21
-4.2646585039370075
0
LINE
8
BLACK
6
CONTINUOUS
10
5.280042007874016
20
-4.2646585039370075
11
5.2825855905511814
21
-4.2672020866141729
0
LINE
8
BLACK
6
CONTINUOUS
10
5.2825855905511814
20
-4.2672020866141729
11
5.2843841732283465
21
-4.2703173622047244
0
LINE
8
BLACK
6
CONTINUOUS
10
5.2843841732283465
20
-4.2703173622047244
11
5.2853151968503935
21
-4.2737919685039367
0
LINE
8
BLACK
6
CONTINUOUS
10
5.2853151968503935
20
-4.2737919685039367
11
5.2853151968503935
21
-4.2773891338582679
0
LINE
8
BLACK
6
CONTINUOUS
10
5.2853151968503935
20
-4.2773891338582679
11
5.2843841732283465
21
-4.2808637401574803
0
LINE
8
BLACK
6
CONTINUOUS
10
5.2843841732283465
20
-4.2808637401574803
11
5.2825855905511814
21
-4.2839790157480317
0
LINE
8
BLACK
6
CONTINUOUS
10
5.2825855905511814
20
-4.2839790157480317
11
5.280042007874016
21
-4.2865225984251971
0
LINE
8
BLACK
6
CONTINUOUS
10
5.280042007874016
20
-4.2865225984251971
11
5.2769267322834645
21
-4.2883211811023623
0
LINE
8
BLACK
6
CONTINUOUS
10
5.2769267322834645
20
-4.2883211811023623
11
5.2734521259842522
21
-4.2892522047244093
0
LINE
8
BLACK
6
CONTINUOUS
10
5.2734521259842522
20
-4.2892522047244093
11
5.269854960629921
21
-4.2892522047244093
0
LINE
8
BLACK
6
CONTINUOUS
10
5.269854960629921
20
-4.2892522047244093
11
5.2663803543307086
21
-4.2883211811023623
0
LINE
8
BLACK
6
CONTINUOUS
10
5.2663803543307086
20
-4.2883211811023623
11
5.2632650787401571
21
-4.2865225984251971
0
LINE
8
BLACK
6
CONTINUOUS
10
5.2632650787401571
20
-4.2865225984251971
11
5.2607214960629918
21
-4.2839790157480317
0
LINE
8
BLACK
6
CONTINUOUS
10
5.2607214960629918
20
-4.2839790157480317
11
5.2589229133858266
21
-4.2808637401574803
0
LINE
8
BLACK
6
CONTINUOUS
10
5.2589229133858266
20
-4.2808637401574803
11
5.2588286220472442
21
-4.2805118110236222
0
LINE
8
BLACK
6
CONTINUOUS
10
5.2588286220472442
20
-4.2805118110236222
11
5.1193700787401575
21
-4.2805118110236222
0
LINE
8
BLACK
6
CONTINUOUS
10
5.1193700787401575
20
-4.2805118110236222
11
5.1193700787401575
21
-4.3067716535433069
0
LINE
8
BLACK
6
CONTINUOUS
10
5.1193700787401575
20
-4.3067716535433069
11
5.059370078740157
21
-4.3067716535433069
0
LINE
8
BLACK
6
CONTINUOUS
10
5.059370078740157
20
-4.3067716535433069
11
5.059370078740157
21
-4.281692913385827
0
LINE
8
BLACK
6
CONTINUOUS
10
5.059370078740157
20
-4.281692913385827
11
5.0193700787401569
21
-4.281692913385827
0
LINE
8
BLACK
6
CONTINUOUS
10
5.0193700787401569
20
-4.281692913385827
11
5.0193700787401569
21
-4.3067716535433069
0
LINE
8
BLACK
6
CONTINUOUS
10
5.0193700787401569
20
-4.3067716535433069
11
4.9593700787401573
21
-4.3067716535433069
0
LINE
8
BLACK
6
CONTINUOUS
10
4.9593700787401573
20
-4.3067716535433069
11
4.9593700787401573
21
-4.2467716535433073
0
LINE
8
BLACK
6
CONTINUOUS
10
4.9593700787401573
20
-4.2467716535433073
11
5.0193700787401569
21
-4.2467716535433073
0
LINE
8
BLACK
6
CONTINUOUS
10
5.0193700787401569
20
-4.2467716535433073
11
5.0193700787401569
21
-4.2718503937007872
0
LINE
8
BLACK
6
CONTINUOUS
10
5.0193700787401569
20
-4.1718503937007876
11
5.059370078740157
21
-4.1718503937007876
0
LINE
8
BLACK
6
CONTINUOUS
10
5.059370078740157
20
-4.1718503937007876
11
5.059370078740157
21
-4.1467716535433068
0
LINE
8
BLACK
6
CONTINUOUS
10
5.059370078740157
20
-4.1467716535433068
11
5.1193700787401575
21
-4.1467716535433068
0
LINE
8
BLACK
6
CONTINUOUS
10
5.1193700787401575
20
-4.1467716535433068
11
5.1193700787401575
21
-4.1722440944881889
0
LINE
8
BLACK
6
CONTINUOUS
10
5.1193700787401575
20
-4.1722440944881889
11
5.2588286220472442
21
-4.1722440944881889
0
LINE
8
BLACK
6
CONTINUOUS
10
5.2588286220472442
20
-4.1722440944881889
11
5.2589229133858266
21
-4.1718921653543308
0
LINE
8
BLACK
6
CONTINUOUS
10
5.2589229133858266
20
-4.1718921653543308
11
5.2607214960629918
21
-4.1687768897637794
0
LINE
8
BLACK
6
CONTINUOUS
10
5.2607214960629918
20
-4.1687768897637794
11
5.2632650787401571
21
-4.166233307086614
0
LINE
8
BLACK
6
CONTINUOUS
10
5.2632650787401571
20
-4.166233307086614
11
5.2663803543307086
21
-4.1644347244094488
0
LINE
8
BLACK
6
CONTINUOUS
10
5.2663803543307086
20
-4.1644347244094488
11
5.269854960629921
21
-4.1635037007874018
0
LINE
8
BLACK
6
CONTINUOUS
10
5.269854960629921
20
-4.1635037007874018
11
5.2734521259842522
21
-4.1635037007874018
0
LINE
8
BLACK
6
CONTINUOUS
10
5.2734521259842522
20
-4.1635037007874018
11
5.2769267322834645
21
-4.1644347244094488
0
LINE
8
BLACK
6
CONTINUOUS
10
5.2769267322834645
20
-4.1644347244094488
11
5.280042007874016
21
-4.166233307086614
0
LINE
8
BLACK
6
CONTINUOUS
10
5.280042007874016
20
-4.166233307086614
11
5.2825855905511814
21
-4.1687768897637794
0
LINE
8
BLACK
6
CONTINUOUS
10
5.2825855905511814
20
-4.1687768897637794
11
5.2843841732283465
21
-4.1718921653543308
0
LINE
8
BLACK
6
CONTINUOUS
10
5.2843841732283465
20
-4.1718921653543308
11
5.2853151968503935
21
-4.1753667716535432
0
LINE
8
BLACK
6
CONTINUOUS
10
5.2853151968503935
20
-4.1753667716535432
11
5.2853151968503935
21
-4.1789639370078735
0
LINE
8
BLACK
6
CONTINUOUS
10
5.2853151968503935
20
-4.1789639370078735
11
5.2843841732283465
21
-4.1824385433070868
0
LINE
8
BLACK
6
CONTINUOUS
10
5.2843841732283465
20
-4.1824385433070868
11
5.2825855905511814
21
-4.1855538188976373
0
LINE
8
BLACK
6
CONTINUOUS
10
5.2825855905511814
20
-4.1855538188976373
11
5.280042007874016
21
-4.1880974015748027
0
LINE
8
BLACK
6
CONTINUOUS
10
5.280042007874016
20
-4.1880974015748027
11
5.2769267322834645
21
-4.1898959842519687
0
LINE
8
BLACK
6
CONTINUOUS
10
5.2769267322834645
20
-4.1898959842519687
11
5.2734521259842522
21
-4.1908270078740157
0
LINE
8
BLACK
6
CONTINUOUS
10
5.2734521259842522
20
-4.1908270078740157
11
5.269854960629921
21
-4.1908270078740157
0
LINE
8
BLACK
6
CONTINUOUS
10
5.269854960629921
20
-4.1908270078740157
11
5.2663803543307086
21
-4.1898959842519687
0
LINE
8
BLACK
6
CONTINUOUS
10
5.2663803543307086
20
-4.1898959842519687
11
5.2632650787401571
21
-4.1880974015748027
0
LINE
8
BLACK
6
CONTINUOUS
10
5.2632650787401571
20
-4.1880974015748027
11
5.2607214960629918
21
-4.1855538188976373
0
LINE
8
BLACK
6
CONTINUOUS
10
5.2607214960629918
20
-4.1855538188976373
11
5.2589229133858266
21
-4.1824385433070868
0
LINE
8
BLACK
6
CONTINUOUS
10
5.2589229133858266
20
-4.1824385433070868
11
5.2588286220472442
21
-4.1820866141732287
0
LINE
8
BLACK
6
CONTINUOUS
10
5.2588286220472442
20
-4.1820866141732287
11
5.1193700787401575
21
-4.1820866141732287
0
LINE
8
BLACK
6
CONTINUOUS
10
5.1193700787401575
20
-4.1820866141732287
11
5.1193700787401575
21
-4.2067716535433073
0
LINE
8
BLACK
6
CONTINUOUS
10
5.1193700787401575
20
-4.2067716535433073
11
5.059370078740157
21
-4.2067716535433073
0
LINE
8
BLACK
6
CONTINUOUS
10
5.059370078740157
20
-4.2067716535433073
11
5.059370078740157
21
-4.1816929133858265
0
LINE
8
BLACK
6
CONTINUOUS
10
5.059370078740157
20
-4.1816929133858265
11
5.0193700787401569
21
-4.1816929133858265
0
LINE
8
BLACK
6
CONTINUOUS
10
5.0193700787401569
20
-4.1816929133858265
11
5.0193700787401569
21
-4.2067716535433073
0
LINE
8
BLACK
6
CONTINUOUS
10
5.0193700787401569
20
-4.2067716535433073
11
4.9593700787401573
21
-4.2067716535433073
0
LINE
8
BLACK
6
CONTINUOUS
10
4.9593700787401573
20
-4.2067716535433073
11
4.9593700787401573
21
-4.1467716535433068
0
LINE
8
BLACK
6
CONTINUOUS
10
4.9593700787401573
20
-4.1467716535433068
11
5.0193700787401569
21
-4.1467716535433068
0
LINE
8
BLACK
6
CONTINUOUS
10
5.0193700787401569
20
-4.1467716535433068
11
5.0193700787401569
21
-4.1718503937007876
0
LINE
8
BLACK
6
CONTINUOUS
10
5.0193700787401569
20
-3.9718503937007874
11
5.059370078740157
21
-3.9718503937007874
0
LINE
8
BLACK
6
CONTINUOUS
10
5.059370078740157
20
-3.9718503937007874
11
5.059370078740157
21
-3.9467716535433071
0
LINE
8
BLACK
6
CONTINUOUS
10
5.059370078740157
20
-3.9467716535433071
11
5.1193700787401575
21
-3.9467716535433071
0
LINE
8
BLACK
6
CONTINUOUS
10
5.1193700787401575
20
-3.9467716535433071
11
5.1193700787401575
21
-3.9714566929133857
0
LINE
8
BLACK
6
CONTINUOUS
10
5.1193700787401575
20
-3.9714566929133857
11
5.2588286220472442
21
-3.9714566929133857
0
LINE
8
BLACK
6
CONTINUOUS
10
5.2588286220472442
20
-3.9714566929133857
11
5.2589229133858266
21
-3.9711047637795276
0
LINE
8
BLACK
6
CONTINUOUS
10
5.2589229133858266
20
-3.9711047637795276
11
5.2607214960629918
21
-3.9679894881889761
0
LINE
8
BLACK
6
CONTINUOUS
10
5.2607214960629918
20
-3.9679894881889761
11
5.2632650787401571
21
-3.9654459055118108
0
LINE
8
BLACK
6
CONTINUOUS
10
5.2632650787401571
20
-3.9654459055118108
11
5.2663803543307086
21
-3.9636473228346456
0
LINE
8
BLACK
6
CONTINUOUS
10
5.2663803543307086
20
-3.9636473228346456
11
5.269854960629921
21
-3.9627162992125982
0
LINE
8
BLACK
6
CONTINUOUS
10
5.269854960629921
20
-3.9627162992125982
11
5.2734521259842522
21
-3.9627162992125982
0
LINE
8
BLACK
6
CONTINUOUS
10
5.2734521259842522
20
-3.9627162992125982
11
5.2769267322834645
21
-3.9636473228346456
0
LINE
8
BLACK
6
CONTINUOUS
10
5.2769267322834645
20
-3.9636473228346456
11
5.280042007874016
21
-3.9654459055118108
0
LINE
8
BLACK
6
CONTINUOUS
10
5.280042007874016
20
-3.9654459055118108
11
5.2825855905511814
21
-3.9679894881889761
0
LINE
8
BLACK
6
CONTINUOUS
10
5.2825855905511814
20
-3.9679894881889761
11
5.2843841732283465
21
-3.9711047637795276
0
LINE
8
BLACK
6
CONTINUOUS
10
5.2843841732283465
20
-3.9711047637795276
11
5.2853151968503935
21
-3.97457937007874
0
LINE
8
BLACK
6
CONTINUOUS
10
5.2853151968503935
20
-3.97457937007874
11
5.2853151968503935
21
-3.9781765354330707
0
LINE
8
BLACK
6
CONTINUOUS
10
5.2853151968503935
20
-3.9781765354330707
11
5.2843841732283465
21
-3.9816511417322835
0
LINE
8
BLACK
6
CONTINUOUS
10
5.2843841732283465
20
-3.9816511417322835
11
5.2825855905511814
21
-3.9847664173228345
0
LINE
8
BLACK
6
CONTINUOUS
10
5.2825855905511814
20
-3.9847664173228345
11
5.280042007874016
21
-3.9873099999999999
0
LINE
8
BLACK
6
CONTINUOUS
10
5.280042007874016
20
-3.9873099999999999
11
5.2769267322834645
21
-3.9891085826771651
0
LINE
8
BLACK
6
CONTINUOUS
10
5.2769267322834645
20
-3.9891085826771651
11
5.2734521259842522
21
-3.9900396062992125
0
LINE
8
BLACK
6
CONTINUOUS
10
5.2734521259842522
20
-3.9900396062992125
11
5.269854960629921
21
-3.9900396062992125
0
LINE
8
BLACK
6
CONTINUOUS
10
5.269854960629921
20
-3.9900396062992125
11
5.2663803543307086
21
-3.9891085826771651
0
LINE
8
BLACK
6
CONTINUOUS
10
5.2663803543307086
20
-3.9891085826771651
11
5.2632650787401571
21
-3.9873099999999999
0
LINE
8
BLACK
6
CONTINUOUS
10
5.2632650787401571
20
-3.9873099999999999
11
5.2607214960629918
21
-3.9847664173228345
0
LINE
8
BLACK
6
CONTINUOUS
10
5.2607214960629918
20
-3.9847664173228345
11
5.2589229133858266
21
-3.9816511417322835
0
LINE
8
BLACK
6
CONTINUOUS
10
5.2589229133858266
20
-3.9816511417322835
11
5.2588286220472442
21
-3.981299212598425
0
LINE
8
BLACK
6
CONTINUOUS
10
5.2588286220472442
20
-3.981299212598425
11
5.1193700787401575
21
-3.981299212598425
0
LINE
8
BLACK
6
CONTINUOUS
10
5.1193700787401575
20
-3.981299212598425
11
5.1193700787401575
21
-4.0067716535433071
0
LINE
8
BLACK
6
CONTINUOUS
10
5.1193700787401575
20
-4.0067716535433071
11
5.059370078740157
21
-4.0067716535433071
0
LINE
8
BLACK
6
CONTINUOUS
10
5.059370078740157
20
-4.0067716535433071
11
5.059370078740157
21
-3.9816929133858268
0
LINE
8
BLACK
6
CONTINUOUS
10
5.059370078740157
20
-3.9816929133858268
11
5.0193700787401569
21
-3.9816929133858268
0
LINE
8
BLACK
6
CONTINUOUS
10
5.0193700787401569
20
-3.9816929133858268
11
5.0193700787401569
21
-4.0067716535433071
0
LINE
8
BLACK
6
CONTINUOUS
10
5.0193700787401569
20
-4.0067716535433071
11
4.9593700787401573
21
-4.0067716535433071
0
LINE
8
BLACK
6
CONTINUOUS
10
4.9593700787401573
20
-4.0067716535433071
11
4.9593700787401573
21
-3.9467716535433071
0
LINE
8
BLACK
6
CONTINUOUS
10
4.9593700787401573
20
-3.9467716535433071
11
5.0193700787401569
21
-3.9467716535433071
0
LINE
8
BLACK
6
CONTINUOUS
10
5.0193700787401569
20
-3.9467716535433071
11
5.0193700787401569
21
-3.9718503937007874
0
LINE
8
BLACK
6
CONTINUOUS
10
5.0193700787401569
20
-3.8718503937007873
11
5.059370078740157
21
-3.8718503937007873
0
LINE
8
BLACK
6
CONTINUOUS
10
5.059370078740157
20
-3.8718503937007873
11
5.059370078740157
21
-3.846771653543307
0
LINE
8
BLACK
6
CONTINUOUS
10
5.059370078740157
20
-3.846771653543307
11
5.1193700787401575
21
-3.846771653543307
0
LINE
8
BLACK
6
CONTINUOUS
10
5.1193700787401575
20
-3.846771653543307
11
5.1193700787401575
21
-3.8730314960629921
0
LINE
8
BLACK
6
CONTINUOUS
10
5.1193700787401575
20
-3.8730314960629921
11
5.2588286220472442
21
-3.8730314960629921
0
LINE
8
BLACK
6
CONTINUOUS
10
5.2588286220472442
20
-3.8730314960629921
11
5.2589229133858266
21
-3.8726795669291336
0
LINE
8
BLACK
6
CONTINUOUS
10
5.2589229133858266
20
-3.8726795669291336
11
5.2607214960629918
21
-3.8695642913385826
0
LINE
8
BLACK
6
CONTINUOUS
10
5.2607214960629918
20
-3.8695642913385826
11
5.2632650787401571
21
-3.8670207086614172
0
LINE
8
BLACK
6
CONTINUOUS
10
5.2632650787401571
20
-3.8670207086614172
11
5.2663803543307086
21
-3.8652221259842521
0
LINE
8
BLACK
6
CONTINUOUS
10
5.2663803543307086
20
-3.8652221259842521
11
5.269854960629921
21
-3.8642911023622046
0
LINE
8
BLACK
6
CONTINUOUS
10
5.269854960629921
20
-3.8642911023622046
11
5.2734521259842522
21
-3.8642911023622046
0
LINE
8
BLACK
6
CONTINUOUS
10
5.2734521259842522
20
-3.8642911023622046
11
5.2769267322834645
21
-3.8652221259842521
0
LINE
8
BLACK
6
CONTINUOUS
10
5.2769267322834645
20
-3.8652221259842521
11
5.280042007874016
21
-3.8670207086614172
0
LINE
8
BLACK
6
CONTINUOUS
10
5.280042007874016
20
-3.8670207086614172
11
5.2825855905511814
21
-3.8695642913385826
0
LINE
8
BLACK
6
CONTINUOUS
10
5.2825855905511814
20
-3.8695642913385826
11
5.2843841732283465
21
-3.8726795669291336
0
LINE
8
BLACK
6
CONTINUOUS
10
5.2843841732283465
20
-3.8726795669291336
11
5.2853151968503935
21
-3.8761541732283464
0
LINE
8
BLACK
6
CONTINUOUS
10
5.2853151968503935
20
-3.8761541732283464
11
5.2853151968503935
21
-3.8797513385826772
0
LINE
8
BLACK
6
CONTINUOUS
10
5.2853151968503935
20
-3.8797513385826772
11
5.2843841732283465
21
-3.8832259448818895
0
LINE
8
BLACK
6
CONTINUOUS
10
5.2843841732283465
20
-3.8832259448818895
11
5.2825855905511814
21
-3.886341220472441
0
LINE
8
BLACK
6
CONTINUOUS
10
5.2825855905511814
20
-3.886341220472441
11
5.280042007874016
21
-3.8888848031496064
0
LINE
8
BLACK
6
CONTINUOUS
10
5.280042007874016
20
-3.8888848031496064
11
5.2769267322834645
21
-3.8906833858267715
0
LINE
8
BLACK
6
CONTINUOUS
10
5.2769267322834645
20
-3.8906833858267715
11
5.2734521259842522
21
-3.891614409448819
0
LINE
8
BLACK
6
CONTINUOUS
10
5.2734521259842522
20
-3.891614409448819
11
5.269854960629921
21
-3.891614409448819
0
LINE
8
BLACK
6
CONTINUOUS
10
5.269854960629921
20
-3.891614409448819
11
5.2663803543307086
21
-3.8906833858267715
0
LINE
8
BLACK
6
CONTINUOUS
10
5.2663803543307086
20
-3.8906833858267715
11
5.2632650787401571
21
-3.8888848031496064
0
LINE
8
BLACK
6
CONTINUOUS
10
5.2632650787401571
20
-3.8888848031496064
11
5.2607214960629918
21
-3.886341220472441
0
LINE
8
BLACK
6
CONTINUOUS
10
5.2607214960629918
20
-3.886341220472441
11
5.2589229133858266
21
-3.8832259448818895
0
LINE
8
BLACK
6
CONTINUOUS
10
5.2589229133858266
20
-3.8832259448818895
11
5.2588286220472442
21
-3.8828740157480315
0
LINE
8
BLACK
6
CONTINUOUS
10
5.2588286220472442
20
-3.8828740157480315
11
5.1193700787401575
21
-3.8828740157480315
0
LINE
8
BLACK
6
CONTINUOUS
10
5.1193700787401575
20
-3.8828740157480315
11
5.1193700787401575
21
-3.906771653543307
0
LINE
8
BLACK
6
CONTINUOUS
10
5.1193700787401575
20
-3.906771653543307
11
5.059370078740157
21
-3.906771653543307
0
LINE
8
BLACK
6
CONTINUOUS
10
5.059370078740157
20
-3.906771653543307
11
5.059370078740157
21
-3.8816929133858267
0
LINE
8
BLACK
6
CONTINUOUS
10
5.059370078740157
20
-3.8816929133858267
11
5.0193700787401569
21
-3.8816929133858267
0
LINE
8
BLACK
6
CONTINUOUS
10
5.0193700787401569
20
-3.8816929133858267
11
5.0193700787401569
21
-3.906771653543307
0
LINE
8
BLACK
6
CONTINUOUS
10
5.0193700787401569
20
-3.906771653543307
11
4.9593700787401573
21
-3.906771653543307
0
LINE
8
BLACK
6
CONTINUOUS
10
4.9593700787401573
20
-3.906771653543307
11
4.9593700787401573
21
-3.846771653543307
0
LINE
8
BLACK
6
CONTINUOUS
10
4.9593700787401573
20
-3.846771653543307
11
5.0193700787401569
21
-3.846771653543307
0
LINE
8
BLACK
6
CONTINUOUS
10
5.0193700787401569
20
-3.846771653543307
11
5.0193700787401569
21
-3.8718503937007873
0
LINE
8
BLACK
6
CONTINUOUS
10
6.2634569685039372
20
-3.6647455905511812
11
6.2708013385826771
21
-3.6671319291338582
0
LINE
8
BLACK
6
CONTINUOUS
10
6.2708013385826771
20
-3.6671319291338582
11
6.2776820078740156
21
-3.6706377952755904
0
LINE
8
BLACK
6
CONTINUOUS
10
6.2776820078740156
20
-3.6706377952755904
11
6.2839295275590548
21
-3.6751768897637795
0
LINE
8
BLACK
6
CONTINUOUS
10
6.2839295275590548
20
-3.6751768897637795
11
6.2893900393700788
21
-3.6806374015748031
0
LINE
8
BLACK
6
CONTINUOUS
10
6.2893900393700788
20
-3.6806374015748031
11
6.2939291338582679
21
-3.6868849212598422
0
LINE
8
BLACK
6
CONTINUOUS
10
6.2939291338582679
20
-3.6868849212598422
11
6.2974350000000001
21
-3.6937655905511808
0
LINE
8
BLACK
6
CONTINUOUS
10
6.2974350000000001
20
-3.6937655905511808
11
6.2998213385826771
21
-3.7011099606299211
0
LINE
8
BLACK
6
CONTINUOUS
10
6.2998213385826771
20
-3.7011099606299211
11
6.3010294094488186
21
-3.7087372440944879
0
LINE
8
BLACK
6
CONTINUOUS
10
6.3010294094488186
20
-3.7087372440944879
11
6.3010294094488186
21
-3.7164596062992126
0
LINE
8
BLACK
6
CONTINUOUS
10
6.3010294094488186
20
-3.7164596062992126
11
6.2998213385826771
21
-3.7240868897637793
0
LINE
8
BLACK
6
CONTINUOUS
10
6.2998213385826771
20
-3.7240868897637793
11
6.2974350000000001
21
-3.7314312598425197
0
LINE
8
BLACK
6
CONTINUOUS
10
6.2974350000000001
20
-3.7314312598425197
11
6.2939291338582679
21
-3.7383119291338582
0
LINE
8
BLACK
6
CONTINUOUS
10
6.2939291338582679
20
-3.7383119291338582
11
6.2893900393700788
21
-3.7445594488188974
0
LINE
8
BLACK
6
CONTINUOUS
10
6.2893900393700788
20
-3.7445594488188974
11
6.2839295275590548
21
-3.7500199606299214
0
LINE
8
BLACK
6
CONTINUOUS
10
6.2839295275590548
20
-3.7500199606299214
11
6.2776820078740156
21
-3.7545590551181101
0
LINE
8
BLACK
6
CONTINUOUS
10
6.2776820078740156
20
-3.7545590551181101
11
6.2708013385826771
21
-3.7580649212598423
0
LINE
8
BLACK
6
CONTINUOUS
10
6.2708013385826771
20
-3.7580649212598423
11
6.2634569685039372
21
-3.7604512598425197
0
LINE
8
BLACK
6
CONTINUOUS
10
6.2634569685039372
20
-3.7604512598425197
11
6.2558296850393695
21
-3.7616593307086612
0
LINE
8
BLACK
6
CONTINUOUS
10
6.2558296850393695
20
-3.7616593307086612
11
6.2481073228346453
21
-3.7616593307086612
0
LINE
8
BLACK
6
CONTINUOUS
10
6.2481073228346453
20
-3.7616593307086612
11
6.2404800393700786
21
-3.7604512598425197
0
LINE
8
BLACK
6
CONTINUOUS
10
6.2404800393700786
20
-3.7604512598425197
11
6.2331356692913387
21
-3.7580649212598423
0
LINE
8
BLACK
6
CONTINUOUS
10
6.2331356692913387
20
-3.7580649212598423
11
6.2262550000000001
21
-3.7545590551181101
0
LINE
8
BLACK
6
CONTINUOUS
10
6.2262550000000001
20
-3.7545590551181101
11
6.2200074803149601
21
-3.7500199606299214
0
LINE
8
BLACK
6
CONTINUOUS
10
6.2200074803149601
20
-3.7500199606299214
11
6.214546968503937
21
-3.7445594488188974
0
LINE
8
BLACK
6
CONTINUOUS
10
6.214546968503937
20
-3.7445594488188974
11
6.2100078740157478
21
-3.7383119291338582
0
LINE
8
BLACK
6
CONTINUOUS
10
6.2100078740157478
20
-3.7383119291338582
11
6.2065020078740156
21
-3.7314312598425197
0
LINE
8
BLACK
6
CONTINUOUS
10
6.2065020078740156
20
-3.7314312598425197
11
6.2041156692913386
21
-3.7240868897637793
0
LINE
8
BLACK
6
CONTINUOUS
10
6.2041156692913386
20
-3.7240868897637793
11
6.2029075984251971
21
-3.7164596062992126
0
LINE
8
BLACK
6
CONTINUOUS
10
6.2029075984251971
20
-3.7164596062992126
11
6.2029075984251971
21
-3.7087372440944879
0
LINE
8
BLACK
6
CONTINUOUS
10
6.2029075984251971
20
-3.7087372440944879
11
6.2041156692913386
21
-3.7011099606299211
0
LINE
8
BLACK
6
CONTINUOUS
10
6.2041156692913386
20
-3.7011099606299211
11
6.2065020078740156
21
-3.6937655905511808
0
LINE
8
BLACK
6
CONTINUOUS
10
6.2065020078740156
20
-3.6937655905511808
11
6.2100078740157478
21
-3.6868849212598422
0
LINE
8
BLACK
6
CONTINUOUS
10
6.2100078740157478
20
-3.6868849212598422
11
6.214546968503937
21
-3.6806374015748031
0
LINE
8
BLACK
6
CONTINUOUS
10
6.214546968503937
20
-3.6806374015748031
11
6.2200074803149601
21
-3.6751768897637795
0
LINE
8
BLACK
6
CONTINUOUS
10
6.2200074803149601
20
-3.6751768897637795
11
6.2262550000000001
21
-3.6706377952755904
0
LINE
8
BLACK
6
CONTINUOUS
10
6.2262550000000001
20
-3.6706377952755904
11
6.2331356692913387
21
-3.6671319291338582
0
LINE
8
BLACK
6
CONTINUOUS
10
6.2331356692913387
20
-3.6671319291338582
11
6.2404800393700786
21
-3.6647455905511812
0
LINE
8
BLACK
6
CONTINUOUS
10
6.2404800393700786
20
-3.6647455905511812
11
6.2481073228346453
21
-3.6635375196850393
0
LINE
8
BLACK
6
CONTINUOUS
10
6.2481073228346453
20
-3.6635375196850393
11
6.2558296850393695
21
-3.6635375196850393
0
LINE
8
BLACK
6
CONTINUOUS
10
6.2558296850393695
20
-3.6635375196850393
11
6.2634569685039372
21
-3.6647455905511812
0
LINE
8
BLACK
6
CONTINUOUS
10
5.0193700787401569
20
-3.6718503937007871
11
5.059370078740157
21
-3.6718503937007871
0
LINE
8
BLACK
6
CONTINUOUS
10
5.059370078740157
20
-3.6718503937007871
11
5.059370078740157
21
-3.6467716535433068
0
LINE
8
BLACK
6
CONTINUOUS
10
5.059370078740157
20
-3.6467716535433068
11
5.1193700787401575
21
-3.6467716535433068
0
LINE
8
BLACK
6
CONTINUOUS
10
5.1193700787401575
20
-3.6467716535433068
11
5.1193700787401575
21
-3.6722440944881889
0
LINE
8
BLACK
6
CONTINUOUS
10
5.1193700787401575
20
-3.6722440944881889
11
5.2588286220472442
21
-3.6722440944881889
0
LINE
8
BLACK
6
CONTINUOUS
10
5.2588286220472442
20
-3.6722440944881889
11
5.2589229133858266
21
-3.6718921653543308
0
LINE
8
BLACK
6
CONTINUOUS
10
5.2589229133858266
20
-3.6718921653543308
11
5.2607214960629918
21
-3.6687768897637794
0
LINE
8
BLACK
6
CONTINUOUS
10
5.2607214960629918
20
-3.6687768897637794
11
5.2632650787401571
21
-3.666233307086614
0
LINE
8
BLACK
6
CONTINUOUS
10
5.2632650787401571
20
-3.666233307086614
11
5.2663803543307086
21
-3.6644347244094488
0
LINE
8
BLACK
6
CONTINUOUS
10
5.2663803543307086
20
-3.6644347244094488
11
5.269854960629921
21
-3.6635037007874014
0
LINE
8
BLACK
6
CONTINUOUS
10
5.269854960629921
20
-3.6635037007874014
11
5.2734521259842522
21
-3.6635037007874014
0
LINE
8
BLACK
6
CONTINUOUS
10
5.2734521259842522
20
-3.6635037007874014
11
5.2769267322834645
21
-3.6644347244094488
0
LINE
8
BLACK
6
CONTINUOUS
10
5.2769267322834645
20
-3.6644347244094488
11
5.280042007874016
21
-3.666233307086614
0
LINE
8
BLACK
6
CONTINUOUS
10
5.280042007874016
20
-3.666233307086614
11
5.2825855905511814
21
-3.6687768897637794
0
LINE
8
BLACK
6
CONTINUOUS
10
5.2825855905511814
20
-3.6687768897637794
11
5.2843841732283465
21
-3.6718921653543308
0
LINE
8
BLACK
6
CONTINUOUS
10
5.2843841732283465
20
-3.6718921653543308
11
5.2853151968503935
21
-3.6753667716535432
0
LINE
8
BLACK
6
CONTINUOUS
10
5.2853151968503935
20
-3.6753667716535432
11
5.2853151968503935
21
-3.6789639370078739
0
LINE
8
BLACK
6
CONTINUOUS
10
5.2853151968503935
20
-3.6789639370078739
11
5.2843841732283465
21
-3.6824385433070863
0
LINE
8
BLACK
6
CONTINUOUS
10
5.2843841732283465
20
-3.6824385433070863
11
5.2825855905511814
21
-3.6855538188976378
0
LINE
8
BLACK
6
CONTINUOUS
10
5.2825855905511814
20
-3.6855538188976378
11
5.280042007874016
21
-3.6880974015748031
0
LINE
8
BLACK
6
CONTINUOUS
10
5.280042007874016
20
-3.6880974015748031
11
5.2769267322834645
21
-3.6898959842519683
0
LINE
8
BLACK
6
CONTINUOUS
10
5.2769267322834645
20
-3.6898959842519683
11
5.2734521259842522
21
-3.6908270078740157
0
LINE
8
BLACK
6
CONTINUOUS
10
5.2734521259842522
20
-3.6908270078740157
11
5.269854960629921
21
-3.6908270078740157
0
LINE
8
BLACK
6
CONTINUOUS
10
5.269854960629921
20
-3.6908270078740157
11
5.2663803543307086
21
-3.6898959842519683
0
LINE
8
BLACK
6
CONTINUOUS
10
5.2663803543307086
20
-3.6898959842519683
11
5.2632650787401571
21
-3.6880974015748031
0
LINE
8
BLACK
6
CONTINUOUS
10
5.2632650787401571
20
-3.6880974015748031
11
5.2607214960629918
21
-3.6855538188976378
0
LINE
8
BLACK
6
CONTINUOUS
10
5.2607214960629918
20
-3.6855538188976378
11
5.2589229133858266
21
-3.6824385433070863
0
LINE
8
BLACK
6
CONTINUOUS
10
5.2589229133858266
20
-3.6824385433070863
11
5.2588286220472442
21
-3.6820866141732282
0
LINE
8
BLACK
6
CONTINUOUS
10
5.2588286220472442
20
-3.6820866141732282
11
5.1193700787401575
21
-3.6820866141732282
0
LINE
8
BLACK
6
CONTINUOUS
10
5.1193700787401575
20
-3.6820866141732282
11
5.1193700787401575
21
-3.7067716535433068
0
LINE
8
BLACK
6
CONTINUOUS
10
5.1193700787401575
20
-3.7067716535433068
11
5.059370078740157
21
-3.7067716535433068
0
LINE
8
BLACK
6
CONTINUOUS
10
5.059370078740157
20
-3.7067716535433068
11
5.059370078740157
21
-3.6816929133858265
0
LINE
8
BLACK
6
CONTINUOUS
10
5.059370078740157
20
-3.6816929133858265
11
5.0193700787401569
21
-3.6816929133858265
0
LINE
8
BLACK
6
CONTINUOUS
10
5.0193700787401569
20
-3.6816929133858265
11
5.0193700787401569
21
-3.7067716535433068
0
LINE
8
BLACK
6
CONTINUOUS
10
5.0193700787401569
20
-3.7067716535433068
11
4.9593700787401573
21
-3.7067716535433068
0
LINE
8
BLACK
6
CONTINUOUS
10
4.9593700787401573
20
-3.7067716535433068
11
4.9593700787401573
21
-3.6467716535433068
0
LINE
8
BLACK
6
CONTINUOUS
10
4.9593700787401573
20
-3.6467716535433068
11
5.0193700787401569
21
-3.6467716535433068
0
LINE
8
BLACK
6
CONTINUOUS
10
5.0193700787401569
20
-3.6467716535433068
11
5.0193700787401569
21
-3.6718503937007871
0
LINE
8
BLACK
6
CONTINUOUS
10
5.0193700787401569
20
-3.5718503937007875
11
5.059370078740157
21
-3.5718503937007875
0
LINE
8
BLACK
6
CONTINUOUS
10
5.059370078740157
20
-3.5718503937007875
11
5.059370078740157
21
-3.5467716535433071
0
LINE
8
BLACK
6
CONTINUOUS
10
5.059370078740157
20
-3.5467716535433071
11
5.1193700787401575
21
-3.5467716535433071
0
LINE
8
BLACK
6
CONTINUOUS
10
5.1193700787401575
20
-3.5467716535433071
11
5.1193700787401575
21
-3.5738188976377954
0
LINE
8
BLACK
6
CONTINUOUS
10
5.1193700787401575
20
-3.5738188976377954
11
5.2588286220472442
21
-3.5738188976377954
0
LINE
8
BLACK
6
CONTINUOUS
10
5.2588286220472442
20
-3.5738188976377954
11
5.2589229133858266
21
-3.5734669685039369
0
LINE
8
BLACK
6
CONTINUOUS
10
5.2589229133858266
20
-3.5734669685039369
11
5.2607214960629918
21
-3.5703516929133858
0
LINE
8
BLACK
6
CONTINUOUS
10
5.2607214960629918
20
-3.5703516929133858
11
5.2632650787401571
21
-3.5678081102362205
0
LINE
8
BLACK
6
CONTINUOUS
10
5.2632650787401571
20
-3.5678081102362205
11
5.2663803543307086
21
-3.5660095275590549
0
LINE
8
BLACK
6
CONTINUOUS
10
5.2663803543307086
20
-3.5660095275590549
11
5.269854960629921
21
-3.5650785039370079
0
LINE
8
BLACK
6
CONTINUOUS
10
5.269854960629921
20
-3.5650785039370079
11
5.2734521259842522
21
-3.5650785039370079
0
LINE
8
BLACK
6
CONTINUOUS
10
5.2734521259842522
20
-3.5650785039370079
11
5.2769267322834645
21
-3.5660095275590549
0
LINE
8
BLACK
6
CONTINUOUS
10
5.2769267322834645
20
-3.5660095275590549
11
5.280042007874016
21
-3.5678081102362205
0
LINE
8
BLACK
6
CONTINUOUS
10
5.280042007874016
20
-3.5678081102362205
11
5.2825855905511814
21
-3.5703516929133858
0
LINE
8
BLACK
6
CONTINUOUS
10
5.2825855905511814
20
-3.5703516929133858
11
5.2843841732283465
21
-3.5734669685039369
0
LINE
8
BLACK
6
CONTINUOUS
10
5.2843841732283465
20
-3.5734669685039369
11
5.2853151968503935
21
-3.5769415748031497
0
LINE
8
BLACK
6
CONTINUOUS
10
5.2853151968503935
20
-3.5769415748031497
11
5.2853151968503935
21
-3.5805387401574804
0
LINE
8
BLACK
6
CONTINUOUS
10
5.2853151968503935
20
-3.5805387401574804
11
5.2843841732283465
21
-3.5840133464566928
0
LINE
8
BLACK
6
CONTINUOUS
10
5.2843841732283465
20
-3.5840133464566928
11
5.2825855905511814
21
-3.5871286220472438
0
LINE
8
BLACK
6
CONTINUOUS
10
5.2825855905511814
20
-3.5871286220472438
11
5.280042007874016
21
-3.5896722047244092
0
LINE
8
BLACK
6
CONTINUOUS
10
5.280042007874016
20
-3.5896722047244092
11
5.2769267322834645
21
-3.5914707874015748
0
LINE
8
BLACK
6
CONTINUOUS
10
5.2769267322834645
20
-3.5914707874015748
11
5.2734521259842522
21
-3.5924018110236218
0
LINE
8
BLACK
6
CONTINUOUS
10
5.2734521259842522
20
-3.5924018110236218
11
5.269854960629921
21
-3.5924018110236218
0
LINE
8
BLACK
6
CONTINUOUS
10
5.269854960629921
20
-3.5924018110236218
11
5.2663803543307086
21
-3.5914707874015748
0
LINE
8
BLACK
6
CONTINUOUS
10
5.2663803543307086
20
-3.5914707874015748
11
5.2632650787401571
21
-3.5896722047244092
0
LINE
8
BLACK
6
CONTINUOUS
10
5.2632650787401571
20
-3.5896722047244092
11
5.2607214960629918
21
-3.5871286220472438
0
LINE
8
BLACK
6
CONTINUOUS
10
5.2607214960629918
20
-3.5871286220472438
11
5.2589229133858266
21
-3.5840133464566928
0
LINE
8
BLACK
6
CONTINUOUS
10
5.2589229133858266
20
-3.5840133464566928
11
5.2588286220472442
21
-3.5836614173228347
0
LINE
8
BLACK
6
CONTINUOUS
10
5.2588286220472442
20
-3.5836614173228347
11
5.1193700787401575
21
-3.5836614173228347
0
LINE
8
BLACK
6
CONTINUOUS
10
5.1193700787401575
20
-3.5836614173228347
11
5.1193700787401575
21
-3.6067716535433072
0
LINE
8
BLACK
6
CONTINUOUS
10
5.1193700787401575
20
-3.6067716535433072
11
5.059370078740157
21
-3.6067716535433072
0
LINE
8
BLACK
6
CONTINUOUS
10
5.059370078740157
20
-3.6067716535433072
11
5.059370078740157
21
-3.5816929133858268
0
LINE
8
BLACK
6
CONTINUOUS
10
5.059370078740157
20
-3.5816929133858268
11
5.0193700787401569
21
-3.5816929133858268
0
LINE
8
BLACK
6
CONTINUOUS
10
5.0193700787401569
20
-3.5816929133858268
11
5.0193700787401569
21
-3.6067716535433072
0
LINE
8
BLACK
6
CONTINUOUS
10
5.0193700787401569
20
-3.6067716535433072
11
4.9593700787401573
21
-3.6067716535433072
0
LINE
8
BLACK
6
CONTINUOUS
10
4.9593700787401573
20
-3.6067716535433072
11
4.9593700787401573
21
-3.5467716535433071
0
LINE
8
BLACK
6
CONTINUOUS
10
4.9593700787401573
20
-3.5467716535433071
11
5.0193700787401569
21
-3.5467716535433071
0
LINE
8
BLACK
6
CONTINUOUS
10
5.0193700787401569
20
-3.5467716535433071
11
5.0193700787401569
21
-3.5718503937007875
0
LINE
8
BLACK
6
CONTINUOUS
10
6.8213152755905506
20
-3.1558796456692915
11
6.8218147637795274
21
-3.1560419685039371
0
LINE
8
BLACK
6
CONTINUOUS
10
6.8218147637795274
20
-3.1560419685039371
11
6.8237635826771648
21
-3.1574577559055119
0
LINE
8
BLACK
6
CONTINUOUS
10
6.8237635826771648
20
-3.1574577559055119
11
6.8237636220472435
21
-3.1574577952755907
0
LINE
8
BLACK
6
CONTINUOUS
10
6.8237636220472435
20
-3.1574577952755907
11
6.8238815354330704
21
-3.1576200787401576
0
LINE
8
BLACK
6
CONTINUOUS
10
6.8238815354330704
20
-3.1576200787401576
11
6.8246259842519681
21
-3.1599110236220471
0
LINE
8
BLACK
6
CONTINUOUS
10
6.8246259842519681
20
-3.1599110236220471
11
6.8246259842519681
21
-5.1075125196850388
0
LINE
8
BLACK
6
CONTINUOUS
10
6.8246259842519681
20
-5.1075125196850388
11
6.8244351968503931
21
-5.1087169685039369
0
LINE
8
BLACK
6
CONTINUOUS
10
6.8244351968503931
20
-5.1087169685039369
11
6.8242729133858262
21
-5.1092164173228349
0
LINE
8
BLACK
6
CONTINUOUS
10
6.8242729133858262
20
-5.1092164173228349
11
6.8228574803149602
21
-5.1111648818897635
0
LINE
8
BLACK
6
CONTINUOUS
10
6.8228574803149602
20
-5.1111648818897635
11
6.822695236220472
21
-5.1112827952755904
0
LINE
8
BLACK
6
CONTINUOUS
10
6.822695236220472
20
-5.1112827952755904
11
6.82040437007874
21
-5.1120275196850393
0
LINE
8
BLACK
6
CONTINUOUS
10
6.82040437007874
20
-5.1120275196850393
11
4.8728023622047241
21
-5.1120275196850393
0
LINE
8
BLACK
6
CONTINUOUS
10
4.8728023622047241
20
-5.1120275196850393
11
4.8715979133858269
21
-5.1118367322834644
0
LINE
8
BLACK
6
CONTINUOUS
10
4.8715979133858269
20
-5.1118367322834644
11
4.8710984645669289
21
-5.1116744488188974
0
LINE
8
BLACK
6
CONTINUOUS
10
4.8710984645669289
20
-5.1116744488188974
11
4.8710982677165351
21
-5.1116743307086612
0
LINE
8
BLACK
6
CONTINUOUS
10
4.8710982677165351
20
-5.1116743307086612
11
4.8710980314960626
21
-5.1116743307086612
0
LINE
8
BLACK
6
CONTINUOUS
10
4.8710980314960626
20
-5.1116743307086612
11
4.8710979527559051
21
-5.1116742913385824
0
LINE
8
BLACK
6
CONTINUOUS
10
4.8710979527559051
20
-5.1116742913385824
11
4.8700499606299212
21
-5.1109126377952752
0
LINE
8
BLACK
6
CONTINUOUS
10
4.8700499606299212
20
-5.1109126377952752
11
4.8691496456692915
21
-5.1102585433070864
0
LINE
8
BLACK
6
CONTINUOUS
10
4.8691496456692915
20
-5.1102585433070864
11
4.8691493700787403
21
-5.1102581496062989
0
LINE
8
BLACK
6
CONTINUOUS
10
4.8691493700787403
20
-5.1102581496062989
11
4.8690314960629921
21
-5.1100958661417319
0
LINE
8
BLACK
6
CONTINUOUS
10
4.8690314960629921
20
-5.1100958661417319
11
4.8682874015748032
21
-5.1078053149606299
0
LINE
8
BLACK
6
CONTINUOUS
10
4.8682874015748032
20
-5.1078053149606299
11
4.8682874015748032
21
-4.645993897637795
0
LINE
8
BLACK
6
CONTINUOUS
10
4.8682874015748032
20
-4.645993897637795
11
4.8682874015748032
21
-4.5459938976377954
0
LINE
8
BLACK
6
CONTINUOUS
10
4.8682874015748032
20
-4.5459938976377954
11
4.8682874015748032
21
-4.4459958267716537
0
LINE
8
BLACK
6
CONTINUOUS
10
4.8682874015748032
20
-4.4459958267716537
11
4.8682874015748032
21
-4.3459938976377952
0
LINE
8
BLACK
6
CONTINUOUS
10
4.8682874015748032
20
-4.3459938976377952
11
4.8682874015748032
21
-4.2459938976377956
0
LINE
8
BLACK
6
CONTINUOUS
10
4.8682874015748032
20
-4.2459938976377956
11
4.8682874015748032
21
-4.145993897637795
0
LINE
8
BLACK
6
CONTINUOUS
10
4.8682874015748032
20
-4.145993897637795
11
4.8682874015748032
21
-4.0459958267716534
0
LINE
8
BLACK
6
CONTINUOUS
10
4.8682874015748032
20
-4.0459958267716534
11
4.8682874015748032
21
-3.9459938976377953
0
LINE
8
BLACK
6
CONTINUOUS
10
4.8682874015748032
20
-3.9459938976377953
11
4.8682874015748032
21
-3.8459938976377952
0
LINE
8
BLACK
6
CONTINUOUS
10
4.8682874015748032
20
-3.8459938976377952
11
4.8682874015748032
21
-3.7459958267716535
0
LINE
8
BLACK
6
CONTINUOUS
10
4.8682874015748032
20
-3.7459958267716535
11
4.8682874015748032
21
-3.645993897637795
0
LINE
8
BLACK
6
CONTINUOUS
10
4.8682874015748032
20
-3.645993897637795
11
4.8682874015748032
21
-3.5459938976377954
0
LINE
8
BLACK
6
CONTINUOUS
10
4.8682874015748032
20
-3.5459938976377954
11
4.8682874015748032
21
-3.1602039370078741
0
LINE
8
BLACK
6
CONTINUOUS
10
4.8682874015748032
20
-3.1602039370078741
11
4.8684780708661419
21
-3.1589997637795273
0
LINE
8
BLACK
6
CONTINUOUS
10
4.8684780708661419
20
-3.1589997637795273
11
4.8686403543307089
21
-3.1585001968503938
0
LINE
8
BLACK
6
CONTINUOUS
10
4.8686403543307089
20
-3.1585001968503938
11
4.8700560236220474
21
-3.1565514173228344
0
LINE
8
BLACK
6
CONTINUOUS
10
4.8700560236220474
20
-3.1565514173228344
11
4.8700796062992122
21
-3.1565342913385828
0
LINE
8
BLACK
6
CONTINUOUS
10
4.8700796062992122
20
-3.1565342913385828
11
4.870219015748031
21
-3.1564330708661417
0
LINE
8
BLACK
6
CONTINUOUS
10
4.870219015748031
20
-3.1564330708661417
11
4.8725095669291338
21
-3.1556889763779528
0
LINE
8
BLACK
6
CONTINUOUS
10
4.8725095669291338
20
-3.1556889763779528
11
6.8201110236220472
21
-3.1556889763779528
0
LINE
8
BLACK
6
CONTINUOUS
10
6.8201110236220472
20
-3.1556889763779528
11
6.8213152755905506
21
-3.1558796456692915
0
LINE
8
BLACK
6
CONTINUOUS
10
5.6022835039370076
20
-4.9828740157480311
11
5.6022834645669288
21
-4.9828740551181099
0
LINE
8
BLACK
6
CONTINUOUS
10
5.6022834645669288
20
-4.9828740551181099
11
5.6022834645669288
21
-4.9828740944881886
0
LINE
8
BLACK
6
CONTINUOUS
10
5.6022834645669288
20
-4.9828740944881886
11
5.6022834645669288
21
-5.0087285039370082
0
LINE
8
BLACK
6
CONTINUOUS
10
5.6022834645669288
20
-5.0087285039370082
11
5.6027402362204723
21
-5.0110249212598426
0
LINE
8
BLACK
6
CONTINUOUS
10
5.6027402362204723
20
-5.0110249212598426
11
5.6027402755905511
21
-5.0110250393700788
0
LINE
8
BLACK
6
CONTINUOUS
10
5.6027402755905511
20
-5.0110250393700788
11
5.6039349212598424
21
-5.0128129527559055
0
LINE
8
BLACK
6
CONTINUOUS
10
5.6039349212598424
20
-5.0128129527559055
11
5.6044805511811022
21
-5.0136294881889762
0
LINE
8
BLACK
6
CONTINUOUS
10
5.6044805511811022
20
-5.0136294881889762
11
5.6044807086614172
21
-5.0136296456692913
0
LINE
8
BLACK
6
CONTINUOUS
10
5.6044807086614172
20
-5.0136296456692913
11
5.6070851574803147
21
-5.0153699212598424
0
LINE
8
BLACK
6
CONTINUOUS
10
5.6070851574803147
20
-5.0153699212598424
11
5.6092896850393696
21
-5.0158083858267712
0
LINE
8
BLACK
6
CONTINUOUS
10
5.6092896850393696
20
-5.0158083858267712
11
5.6093587007874017
21
-5.0158238582677166
0
LINE
8
BLACK
6
CONTINUOUS
10
5.6093587007874017
20
-5.0158238582677166
11
5.6093817716535428
21
-5.0158266929133859
0
LINE
8
BLACK
6
CONTINUOUS
10
5.6093817716535428
20
-5.0158266929133859
11
5.6093818503937003
21
-5.0158267322834647
0
LINE
8
BLACK
6
CONTINUOUS
10
5.6093818503937003
20
-5.0158267322834647
11
5.6093820078740153
21
-5.0158267716535434
0
LINE
8
BLACK
6
CONTINUOUS
10
5.6093820078740153
20
-5.0158267716535434
11
5.6352361417322836
21
-5.0158267716535434
0
LINE
8
BLACK
6
CONTINUOUS
10
5.6352361417322836
20
-5.0158267716535434
11
5.6352361811023624
21
-5.0158267716535434
0
LINE
8
BLACK
6
CONTINUOUS
10
5.6352361811023624
20
-5.0158267716535434
11
5.6352362204724411
21
-5.0158267322834647
0
LINE
8
BLACK
6
CONTINUOUS
10
5.6352362204724411
20
-5.0158267322834647
11
5.6352362204724411
21
-5.0079527559055119
0
LINE
8
BLACK
6
CONTINUOUS
10
5.6352362204724411
20
-5.0079527559055119
11
5.6101574803149603
21
-5.0079527559055119
0
LINE
8
BLACK
6
CONTINUOUS
10
5.6101574803149603
20
-5.0079527559055119
11
5.6101574803149603
21
-4.9828740157480311
0
LINE
8
BLACK
6
CONTINUOUS
10
5.6101574803149603
20
-4.9828740157480311
11
5.6022835039370076
21
-4.9828740157480311
0
LINE
8
BLACK
6
CONTINUOUS
10
5.8701574803149601
20
-5.0079527559055119
11
5.8450787401574802
21
-5.0079527559055119
0
LINE
8
BLACK
6
CONTINUOUS
10
5.8450787401574802
20
-5.0079527559055119
11
5.8450787401574802
21
-5.0158267322834647
0
LINE
8
BLACK
6
CONTINUOUS
10
5.8450787401574802
20
-5.0158267322834647
11
5.8450787795275589
21
-5.0158267716535434
0
LINE
8
BLACK
6
CONTINUOUS
10
5.8450787795275589
20
-5.0158267716535434
11
5.8450788188976377
21
-5.0158267716535434
0
LINE
8
BLACK
6
CONTINUOUS
10
5.8450788188976377
20
-5.0158267716535434
11
5.8709329527559051
21
-5.0158267716535434
0
LINE
8
BLACK
6
CONTINUOUS
10
5.8709329527559051
20
-5.0158267716535434
11
5.8709330314960626
21
-5.0158267716535434
0
LINE
8
BLACK
6
CONTINUOUS
10
5.8709330314960626
20
-5.0158267716535434
11
5.8710872834645667
21
-5.015801692913386
0
LINE
8
BLACK
6
CONTINUOUS
10
5.8710872834645667
20
-5.015801692913386
11
5.871172913385827
21
-5.0157790157480315
0
LINE
8
BLACK
6
CONTINUOUS
10
5.871172913385827
20
-5.0157790157480315
11
5.8724122440944884
21
-5.0155325196850393
0
LINE
8
BLACK
6
CONTINUOUS
10
5.8724122440944884
20
-5.0155325196850393
11
5.8732296062992129
21
-5.0153699606299211
0
LINE
8
BLACK
6
CONTINUOUS
10
5.8732296062992129
20
-5.0153699606299211
11
5.8732296062992129
21
-5.0153699212598424
0
LINE
8
BLACK
6
CONTINUOUS
10
5.8732296062992129
20
-5.0153699212598424
11
5.873229763779527
21
-5.0153699212598424
0
LINE
8
BLACK
6
CONTINUOUS
10
5.873229763779527
20
-5.0153699212598424
11
5.8758342125984253
21
-5.0136296456692913
0
LINE
8
BLACK
6
CONTINUOUS
10
5.8758342125984253
20
-5.0136296456692913
11
5.8758343700787403
21
-5.0136294881889762
0
LINE
8
BLACK
6
CONTINUOUS
10
5.8758343700787403
20
-5.0136294881889762
11
5.8775746456692914
21
-5.0110250393700788
0
LINE
8
BLACK
6
CONTINUOUS
10
5.8775746456692914
20
-5.0110250393700788
11
5.8779837401574806
21
-5.008968188976378
0
LINE
8
BLACK
6
CONTINUOUS
10
5.8779837401574806
20
-5.008968188976378
11
5.8780064173228341
21
-5.0088825590551176
0
LINE
8
BLACK
6
CONTINUOUS
10
5.8780064173228341
20
-5.0088825590551176
11
5.8780314960629916
21
-5.0087282677165357
0
LINE
8
BLACK
6
CONTINUOUS
10
5.8780314960629916
20
-5.0087282677165357
11
5.8780314960629916
21
-4.9828740944881886
0
LINE
8
BLACK
6
CONTINUOUS
10
5.8780314960629916
20
-4.9828740944881886
11
5.8780314960629916
21
-4.9828740551181099
0
LINE
8
BLACK
6
CONTINUOUS
10
5.8780314960629916
20
-4.9828740551181099
11
5.8780314566929128
21
-4.9828740157480311
0
LINE
8
BLACK
6
CONTINUOUS
10
5.8780314566929128
20
-4.9828740157480311
11
5.8780314173228341
21
-4.9828740157480311
0
LINE
8
BLACK
6
CONTINUOUS
10
5.8780314173228341
20
-4.9828740157480311
11
5.8701574803149601
21
-4.9828740157480311
0
LINE
8
BLACK
6
CONTINUOUS
10
5.8701574803149601
20
-4.9828740157480311
11
5.8701574803149601
21
-5.0079527559055119
0
LINE
8
BLACK
6
CONTINUOUS
10
5.2499803149606299
20
-4.5579714173228343
11
5.2506970078740158
21
-4.560646141732283
0
LINE
8
BLACK
6
CONTINUOUS
10
5.2506970078740158
20
-4.560646141732283
11
5.251457401574803
21
-4.5634839763779524
0
LINE
8
BLACK
6
CONTINUOUS
10
5.251457401574803
20
-4.5634839763779524
11
5.2543104724409444
21
-4.5684255905511808
0
LINE
8
BLACK
6
CONTINUOUS
10
5.2543104724409444
20
-4.5684255905511808
11
5.2562762992125984
21
-4.5703914566929136
0
LINE
8
BLACK
6
CONTINUOUS
10
5.2562762992125984
20
-4.5703914566929136
11
5.2569930314960631
21
-4.5713779527559053
0
LINE
8
BLACK
6
CONTINUOUS
10
5.2569930314960631
20
-4.5713779527559053
11
5.2574294881889765
21
-4.572234527559055
0
LINE
8
BLACK
6
CONTINUOUS
10
5.2574294881889765
20
-4.572234527559055
11
5.2578543307086614
21
-4.5740040551181105
0
LINE
8
BLACK
6
CONTINUOUS
10
5.2578543307086614
20
-4.5740040551181105
11
5.2578543307086614
21
-4.5990270472440944
0
LINE
8
BLACK
6
CONTINUOUS
10
5.2578543307086614
20
-4.5990270472440944
11
5.2576635433070864
21
-4.6002315354330712
0
LINE
8
BLACK
6
CONTINUOUS
10
5.2576635433070864
20
-4.6002315354330712
11
5.2573664173228343
21
-4.6011459448818899
0
LINE
8
BLACK
6
CONTINUOUS
10
5.2573664173228343
20
-4.6011459448818899
11
5.2564156692913384
21
-4.6026974409448815
0
LINE
8
BLACK
6
CONTINUOUS
10
5.2564156692913384
20
-4.6026974409448815
11
5.2543108661417319
21
-4.6048022834645668
0
LINE
8
BLACK
6
CONTINUOUS
10
5.2543108661417319
20
-4.6048022834645668
11
5.2543105511811019
21
-4.6048026377952755
0
LINE
8
BLACK
6
CONTINUOUS
10
5.2543105511811019
20
-4.6048026377952755
11
5.251457401574803
21
-4.6097443700787402
0
LINE
8
BLACK
6
CONTINUOUS
10
5.251457401574803
20
-4.6097443700787402
11
5.251457401574803
21
-4.6097444094488189
0
LINE
8
BLACK
6
CONTINUOUS
10
5.251457401574803
20
-4.6097444094488189
11
5.2514573622047243
21
-4.6097444881889764
0
LINE
8
BLACK
6
CONTINUOUS
10
5.2514573622047243
20
-4.6097444881889764
11
5.2499803149606299
21
-4.6152568897637796
0
LINE
8
BLACK
6
CONTINUOUS
10
5.2499803149606299
20
-4.6152568897637796
11
5.2499803149606299
21
-4.6209635433070861
0
LINE
8
BLACK
6
CONTINUOUS
10
5.2499803149606299
20
-4.6209635433070861
11
5.2512828740157476
21
-4.6258247637795273
0
LINE
8
BLACK
6
CONTINUOUS
10
5.2512828740157476
20
-4.6258247637795273
11
5.251457401574803
21
-4.6264761023622043
0
LINE
8
BLACK
6
CONTINUOUS
10
5.251457401574803
20
-4.6264761023622043
11
5.2543104330708656
21
-4.6314176377952752
0
LINE
8
BLACK
6
CONTINUOUS
10
5.2543104330708656
20
-4.6314176377952752
11
5.2543105118110232
21
-4.6314177165354327
0
LINE
8
BLACK
6
CONTINUOUS
10
5.2543105118110232
20
-4.6314177165354327
11
5.2543105905511807
21
-4.6314177952755902
0
LINE
8
BLACK
6
CONTINUOUS
10
5.2543105905511807
20
-4.6314177952755902
11
5.2543106692913382
21
-4.6314179133858264
0
LINE
8
BLACK
6
CONTINUOUS
10
5.2543106692913382
20
-4.6314179133858264
11
5.2583458661417319
21
-4.6354531102362202
0
LINE
8
BLACK
6
CONTINUOUS
10
5.2583458661417319
20
-4.6354531102362202
11
5.2583459448818894
21
-4.635453149606299
0
LINE
8
BLACK
6
CONTINUOUS
10
5.2583459448818894
20
-4.635453149606299
11
5.2583460236220469
21
-4.6354532283464565
0
LINE
8
BLACK
6
CONTINUOUS
10
5.2583460236220469
20
-4.6354532283464565
11
5.2583675590551184
21
-4.6354687795275593
0
LINE
8
BLACK
6
CONTINUOUS
10
5.2583675590551184
20
-4.6354687795275593
11
5.2584463779527555
21
-4.6355111811023617
0
LINE
8
BLACK
6
CONTINUOUS
10
5.2584463779527555
20
-4.6355111811023617
11
5.2632878346456691
21
-4.6383063779527562
0
LINE
8
BLACK
6
CONTINUOUS
10
5.2632878346456691
20
-4.6383063779527562
11
5.2632878740157478
21
-4.6383063779527562
0
LINE
8
BLACK
6
CONTINUOUS
10
5.2632878740157478
20
-4.6383063779527562
11
5.2632879921259841
21
-4.6383064566929129
0
LINE
8
BLACK
6
CONTINUOUS
10
5.2632879921259841
20
-4.6383064566929129
11
5.2688001968503935
21
-4.6397834645669294
0
LINE
8
BLACK
6
CONTINUOUS
10
5.2688001968503935
20
-4.6397834645669294
11
5.2688002362204722
21
-4.6397834645669294
0
LINE
8
BLACK
6
CONTINUOUS
10
5.2688002362204722
20
-4.6397834645669294
11
5.2745068503937009
21
-4.6397834645669294
0
LINE
8
BLACK
6
CONTINUOUS
10
5.2745068503937009
20
-4.6397834645669294
11
5.2745068897637797
21
-4.6397834645669294
0
LINE
8
BLACK
6
CONTINUOUS
10
5.2745068897637797
20
-4.6397834645669294
11
5.2800190944881891
21
-4.6383064566929129
0
LINE
8
BLACK
6
CONTINUOUS
10
5.2800190944881891
20
-4.6383064566929129
11
5.2800191338582678
21
-4.6383064173228341
0
LINE
8
BLACK
6
CONTINUOUS
10
5.2800191338582678
20
-4.6383064173228341
11
5.2800192125984253
21
-4.6383063779527562
0
LINE
8
BLACK
6
CONTINUOUS
10
5.2800192125984253
20
-4.6383063779527562
11
5.2800192519685041
21
-4.6383063779527562
0
LINE
8
BLACK
6
CONTINUOUS
10
5.2800192519685041
20
-4.6383063779527562
11
5.2847196850393701
21
-4.6355925590551177
0
LINE
8
BLACK
6
CONTINUOUS
10
5.2847196850393701
20
-4.6355925590551177
11
5.2848333858267713
21
-4.6355373228346455
0
LINE
8
BLACK
6
CONTINUOUS
10
5.2848333858267713
20
-4.6355373228346455
11
5.2848643307086611
21
-4.6355169685039366
0
LINE
8
BLACK
6
CONTINUOUS
10
5.2848643307086611
20
-4.6355169685039366
11
5.285061535433071
21
-4.6353951574803149
0
LINE
8
BLACK
6
CONTINUOUS
10
5.285061535433071
20
-4.6353951574803149
11
5.2851126771653538
21
-4.6353655905511806
0
LINE
8
BLACK
6
CONTINUOUS
10
5.2851126771653538
20
-4.6353655905511806
11
5.2853236220472439
21
-4.6350906692913387
0
LINE
8
BLACK
6
CONTINUOUS
10
5.2853236220472439
20
-4.6350906692913387
11
5.2889964173228341
21
-4.6314179133858264
0
LINE
8
BLACK
6
CONTINUOUS
10
5.2889964173228341
20
-4.6314179133858264
11
5.2917877952755905
21
-4.626583149606299
0
LINE
8
BLACK
6
CONTINUOUS
10
5.2917877952755905
20
-4.626583149606299
11
5.2918496850393701
21
-4.6264759448818893
0
LINE
8
BLACK
6
CONTINUOUS
10
5.2918496850393701
20
-4.6264759448818893
11
5.2918496850393701
21
-4.6264758661417318
0
LINE
8
BLACK
6
CONTINUOUS
10
5.2918496850393701
20
-4.6264758661417318
11
5.2918497637795276
21
-4.6264757874015743
0
LINE
8
BLACK
6
CONTINUOUS
10
5.2918497637795276
20
-4.6264757874015743
11
5.2933267716535433
21
-4.6209635826771649
0
LINE
8
BLACK
6
CONTINUOUS
10
5.2933267716535433
20
-4.6209635826771649
11
5.2933267716535433
21
-4.6152568897637796
0
LINE
8
BLACK
6
CONTINUOUS
10
5.2933267716535433
20
-4.6152568897637796
11
5.2918497637795276
21
-4.6097446850393702
0
LINE
8
BLACK
6
CONTINUOUS
10
5.2918497637795276
20
-4.6097446850393702
11
5.2918496850393701
21
-4.6097445669291339
0
LINE
8
BLACK
6
CONTINUOUS
10
5.2918496850393701
20
-4.6097445669291339
11
5.2918496850393701
21
-4.6097444881889764
0
LINE
8
BLACK
6
CONTINUOUS
10
5.2918496850393701
20
-4.6097444881889764
11
5.2918496456692914
21
-4.6097444094488189
0
LINE
8
BLACK
6
CONTINUOUS
10
5.2918496456692914
20
-4.6097444094488189
11
5.2918369291338578
21
-4.6097163779527559
0
LINE
8
BLACK
6
CONTINUOUS
10
5.2918369291338578
20
-4.6097163779527559
11
5.291787244094488
21
-4.6096363385826766
0
LINE
8
BLACK
6
CONTINUOUS
10
5.291787244094488
20
-4.6096363385826766
11
5.2889966141732279
21
-4.6048028346456693
0
LINE
8
BLACK
6
CONTINUOUS
10
5.2889966141732279
20
-4.6048028346456693
11
5.2889964960629916
21
-4.6048026771653543
0
LINE
8
BLACK
6
CONTINUOUS
10
5.2889964960629916
20
-4.6048026771653543
11
5.2889964566929129
21
-4.6048026377952755
0
LINE
8
BLACK
6
CONTINUOUS
10
5.2889964566929129
20
-4.6048026377952755
11
5.2889963779527553
21
-4.6048025196850393
0
LINE
8
BLACK
6
CONTINUOUS
10
5.2889963779527553
20
-4.6048025196850393
11
5.2870308267716535
21
-4.6028369291338578
0
LINE
8
BLACK
6
CONTINUOUS
10
5.2870308267716535
20
-4.6028369291338578
11
5.2863140944881888
21
-4.6018503937007873
0
LINE
8
BLACK
6
CONTINUOUS
10
5.2863140944881888
20
-4.6018503937007873
11
5.2858774803149604
21
-4.6009935433070863
0
LINE
8
BLACK
6
CONTINUOUS
10
5.2858774803149604
20
-4.6009935433070863
11
5.2854527559055118
21
-4.5992241732283468
0
LINE
8
BLACK
6
CONTINUOUS
10
5.2854527559055118
20
-4.5992241732283468
11
5.2854527559055118
21
-4.5742012204724407
0
LINE
8
BLACK
6
CONTINUOUS
10
5.2854527559055118
20
-4.5742012204724407
11
5.285643503937008
21
-4.5729968503937011
0
LINE
8
BLACK
6
CONTINUOUS
10
5.285643503937008
20
-4.5729968503937011
11
5.2859406299212601
21
-4.5720823228346452
0
LINE
8
BLACK
6
CONTINUOUS
10
5.2859406299212601
20
-4.5720823228346452
11
5.2868914566929135
21
-4.5705306692913386
0
LINE
8
BLACK
6
CONTINUOUS
10
5.2868914566929135
20
-4.5705306692913386
11
5.2889964173228341
21
-4.5684257874015746
0
LINE
8
BLACK
6
CONTINUOUS
10
5.2889964173228341
20
-4.5684257874015746
11
5.2889965354330704
21
-4.5684255905511808
0
LINE
8
BLACK
6
CONTINUOUS
10
5.2889965354330704
20
-4.5684255905511808
11
5.2908112598425197
21
-4.5652824015748035
0
LINE
8
BLACK
6
CONTINUOUS
10
5.2908112598425197
20
-4.5652824015748035
11
5.2915781496062992
21
-4.5643352755905511
0
LINE
8
BLACK
6
CONTINUOUS
10
5.2915781496062992
20
-4.5643352755905511
11
5.292133897637795
21
-4.5638348818897638
0
LINE
8
BLACK
6
CONTINUOUS
10
5.292133897637795
20
-4.5638348818897638
11
5.293932165354331
21
-4.5629188582677163
0
LINE
8
BLACK
6
CONTINUOUS
10
5.293932165354331
20
-4.5629188582677163
11
5.2940955118110233
21
-4.562884133858268
0
LINE
8
BLACK
6
CONTINUOUS
10
5.2940955118110233
20
-4.562884133858268
11
5.2943228346456692
21
-4.562860275590551
0
LINE
8
BLACK
6
CONTINUOUS
10
5.2943228346456692
20
-4.562860275590551
11
5.2943342519685039
21
-4.5628552362204724
0
LINE
8
BLACK
6
CONTINUOUS
10
5.2943342519685039
20
-4.5628552362204724
11
5.2943464566929137
21
-4.5628577952755904
0
LINE
8
BLACK
6
CONTINUOUS
10
5.2943464566929137
20
-4.5628577952755904
11
5.2949049606299212
21
-4.5627992125984251
0
LINE
8
BLACK
6
CONTINUOUS
10
5.2949049606299212
20
-4.5627992125984251
11
5.3914460629921255
21
-4.5627992125984251
0
LINE
8
BLACK
6
CONTINUOUS
10
5.3914460629921255
20
-4.5627992125984251
11
5.392650433070866
21
-4.5629899606299213
0
LINE
8
BLACK
6
CONTINUOUS
10
5.392650433070866
20
-4.5629899606299213
11
5.3929708267716538
21
-4.5630940551181105
0
LINE
8
BLACK
6
CONTINUOUS
10
5.3929708267716538
20
-4.5630940551181105
11
5.3935648425196847
21
-4.5632870472440947
0
LINE
8
BLACK
6
CONTINUOUS
10
5.3935648425196847
20
-4.5632870472440947
11
5.395116535433071
21
-4.5642378740157481
0
LINE
8
BLACK
6
CONTINUOUS
10
5.395116535433071
20
-4.5642378740157481
11
5.4574618110236219
21
-4.626583149606299
0
LINE
8
BLACK
6
CONTINUOUS
10
5.4574618110236219
20
-4.626583149606299
11
5.5427081496062991
21
-4.7118294881889762
0
LINE
8
BLACK
6
CONTINUOUS
10
5.5427081496062991
20
-4.7118294881889762
11
5.5454365354330708
21
-4.7134047244094486
0
LINE
8
BLACK
6
CONTINUOUS
10
5.5454365354330708
20
-4.7134047244094486
11
5.5458548031496058
21
-4.713646220472441
0
LINE
8
BLACK
6
CONTINUOUS
10
5.5458548031496058
20
-4.713646220472441
11
5.5493644094488186
21
-4.7145866141732284
0
LINE
8
BLACK
6
CONTINUOUS
10
5.5493644094488186
20
-4.7145866141732284
11
5.621870078740157
21
-4.7145866141732284
0
LINE
8
BLACK
6
CONTINUOUS
10
5.621870078740157
20
-4.7145866141732284
11
5.6241610629921261
21
-4.7153309842519686
0
LINE
8
BLACK
6
CONTINUOUS
10
5.6241610629921261
20
-4.7153309842519686
11
5.6255769685039372
21
-4.7172798031496059
0
LINE
8
BLACK
6
CONTINUOUS
10
5.6255769685039372
20
-4.7172798031496059
11
5.6257677165354325
21
-4.718484251968504
0
LINE
8
BLACK
6
CONTINUOUS
10
5.6257677165354325
20
-4.718484251968504
11
5.6257677165354325
21
-4.7227949606299209
0
LINE
8
BLACK
6
CONTINUOUS
10
5.6257677165354325
20
-4.7227949606299209
11
5.6257851574803146
21
-4.7232393307086609
0
LINE
8
BLACK
6
CONTINUOUS
10
5.6257851574803146
20
-4.7232393307086609
11
5.6257926771653546
21
-4.7234300393700783
0
LINE
8
BLACK
6
CONTINUOUS
10
5.6257926771653546
20
-4.7234300393700783
11
5.6258406692913381
21
-4.7240394488188979
0
LINE
8
BLACK
6
CONTINUOUS
10
5.6258406692913381
20
-4.7240394488188979
11
5.6258407086614168
21
-4.7240396456692908
0
LINE
8
BLACK
6
CONTINUOUS
10
5.6258407086614168
20
-4.7240396456692908
11
5.6266974409448816
21
-4.7270775196850394
0
LINE
8
BLACK
6
CONTINUOUS
10
5.6266974409448816
20
-4.7270775196850394
11
5.6266975196850391
21
-4.7270777559055119
0
LINE
8
BLACK
6
CONTINUOUS
10
5.6266975196850391
20
-4.7270777559055119
11
5.6277911023622043
21
-4.7292240551181104
0
LINE
8
BLACK
6
CONTINUOUS
10
5.6277911023622043
20
-4.7292240551181104
11
5.6292787795275592
21
-4.731271653543307
0
LINE
8
BLACK
6
CONTINUOUS
10
5.6292787795275592
20
-4.731271653543307
11
5.6292788582677167
21
-4.7312717322834645
0
LINE
8
BLACK
6
CONTINUOUS
10
5.6292788582677167
20
-4.7312717322834645
11
5.6292789763779529
21
-4.7312718897637795
0
LINE
8
BLACK
6
CONTINUOUS
10
5.6292789763779529
20
-4.7312718897637795
11
5.6801977165354334
21
-4.78219062992126
0
LINE
8
BLACK
6
CONTINUOUS
10
5.6801977165354334
20
-4.78219062992126
11
5.6859061811023617
21
-4.7878990944881892
0
LINE
8
BLACK
6
CONTINUOUS
10
5.6859061811023617
20
-4.7878990944881892
11
5.6862879133858266
21
-4.7883430708661416
0
LINE
8
BLACK
6
CONTINUOUS
10
5.6862879133858266
20
-4.7883430708661416
11
5.6864380708661413
21
-4.7885468897637793
0
LINE
8
BLACK
6
CONTINUOUS
10
5.6864380708661413
20
-4.7885468897637793
11
5.6866166141732286
21
-4.7888694881889764
0
LINE
8
BLACK
6
CONTINUOUS
10
5.6866166141732286
20
-4.7888694881889764
11
5.6867892125984252
21
-4.7890234251968504
0
LINE
8
BLACK
6
CONTINUOUS
10
5.6867892125984252
20
-4.7890234251968504
11
5.6870300393700788
21
-4.7893502362204723
0
LINE
8
BLACK
6
CONTINUOUS
10
5.6870300393700788
20
-4.7893502362204723
11
5.68705531496063
21
-4.7894263385826772
0
LINE
8
BLACK
6
CONTINUOUS
10
5.68705531496063
20
-4.7894263385826772
11
5.6871924015748032
21
-4.7895885039370079
0
LINE
8
BLACK
6
CONTINUOUS
10
5.6871924015748032
20
-4.7895885039370079
11
5.6876173228346456
21
-4.7902647244094485
0
LINE
8
BLACK
6
CONTINUOUS
10
5.6876173228346456
20
-4.7902647244094485
11
5.6893206692913383
21
-4.7919680708661412
0
LINE
8
BLACK
6
CONTINUOUS
10
5.6893206692913383
20
-4.7919680708661412
11
5.6904341338582674
21
-4.792897677165354
0
LINE
8
BLACK
6
CONTINUOUS
10
5.6904341338582674
20
-4.792897677165354
11
5.6937759448818897
21
-4.7942381496062989
0
LINE
8
BLACK
6
CONTINUOUS
10
5.6937759448818897
20
-4.7942381496062989
11
5.6937761417322834
21
-4.7942381496062989
0
LINE
8
BLACK
6
CONTINUOUS
10
5.6937761417322834
20
-4.7942381496062989
11
5.6937761811023622
21
-4.7942381889763777
0
LINE
8
BLACK
6
CONTINUOUS
10
5.6937761811023622
20
-4.7942381889763777
11
5.6952097637795278
21
-4.7944652362204723
0
LINE
8
BLACK
6
CONTINUOUS
10
5.6952097637795278
20
-4.7944652362204723
11
5.6961551574803151
21
-4.7946149606299215
0
LINE
8
BLACK
6
CONTINUOUS
10
5.6961551574803151
20
-4.7946149606299215
11
5.6976022440944885
21
-4.7947125196850395
0
LINE
8
BLACK
6
CONTINUOUS
10
5.6976022440944885
20
-4.7947125196850395
11
5.7005504724409448
21
-4.7939696456692911
0
LINE
8
BLACK
6
CONTINUOUS
10
5.7005504724409448
20
-4.7939696456692911
11
5.7010936220472441
21
-4.7938327952755904
0
LINE
8
BLACK
6
CONTINUOUS
10
5.7010936220472441
20
-4.7938327952755904
11
5.7010936220472441
21
-4.7938327559055116
0
LINE
8
BLACK
6
CONTINUOUS
10
5.7010936220472441
20
-4.7938327559055116
11
5.7010937401574804
21
-4.7938327559055116
0
LINE
8
BLACK
6
CONTINUOUS
10
5.7010937401574804
20
-4.7938327559055116
11
5.7032399606299213
21
-4.7927392125984252
0
LINE
8
BLACK
6
CONTINUOUS
10
5.7032399606299213
20
-4.7927392125984252
11
5.7052878346456692
21
-4.7912513779527561
0
LINE
8
BLACK
6
CONTINUOUS
10
5.7052878346456692
20
-4.7912513779527561
11
5.705450787401575
21
-4.7910883858267717
0
LINE
8
BLACK
6
CONTINUOUS
10
5.705450787401575
20
-4.7910883858267717
11
5.7056033858267714
21
-4.7908241338582673
0
LINE
8
BLACK
6
CONTINUOUS
10
5.7056033858267714
20
-4.7908241338582673
11
5.7081469685039368
21
-4.788280551181102
0
LINE
8
BLACK
6
CONTINUOUS
10
5.7081469685039368
20
-4.788280551181102
11
5.7112622440944882
21
-4.7864819685039368
0
LINE
8
BLACK
6
CONTINUOUS
10
5.7112622440944882
20
-4.7864819685039368
11
5.7147368503937006
21
-4.7855509448818898
0
LINE
8
BLACK
6
CONTINUOUS
10
5.7147368503937006
20
-4.7855509448818898
11
5.7183340157480318
21
-4.7855509448818898
0
LINE
8
BLACK
6
CONTINUOUS
10
5.7183340157480318
20
-4.7855509448818898
11
5.7218086220472442
21
-4.7864819685039368
0
LINE
8
BLACK
6
CONTINUOUS
10
5.7218086220472442
20
-4.7864819685039368
11
5.7249238976377947
21
-4.788280551181102
0
LINE
8
BLACK
6
CONTINUOUS
10
5.7249238976377947
20
-4.788280551181102
11
5.7274674803149601
21
-4.7908241338582673
0
LINE
8
BLACK
6
CONTINUOUS
10
5.7274674803149601
20
-4.7908241338582673
11
5.7292660629921262
21
-4.7939394094488188
0
LINE
8
BLACK
6
CONTINUOUS
10
5.7292660629921262
20
-4.7939394094488188
11
5.7301970866141732
21
-4.7974140157480312
0
LINE
8
BLACK
6
CONTINUOUS
10
5.7301970866141732
20
-4.7974140157480312
11
5.7301970866141732
21
-4.8010111811023624
0
LINE
8
BLACK
6
CONTINUOUS
10
5.7301970866141732
20
-4.8010111811023624
11
5.7292660629921262
21
-4.8044857874015747
0
LINE
8
BLACK
6
CONTINUOUS
10
5.7292660629921262
20
-4.8044857874015747
11
5.7274674803149601
21
-4.8076010629921262
0
LINE
8
BLACK
6
CONTINUOUS
10
5.7274674803149601
20
-4.8076010629921262
11
5.7249238976377947
21
-4.8101446456692916
0
LINE
8
BLACK
6
CONTINUOUS
10
5.7249238976377947
20
-4.8101446456692916
11
5.7218086220472442
21
-4.8119432283464567
0
LINE
8
BLACK
6
CONTINUOUS
10
5.7218086220472442
20
-4.8119432283464567
11
5.7183340157480318
21
-4.8128742519685037
0
LINE
8
BLACK
6
CONTINUOUS
10
5.7183340157480318
20
-4.8128742519685037
11
5.7147368503937006
21
-4.8128742519685037
0
LINE
8
BLACK
6
CONTINUOUS
10
5.7147368503937006
20
-4.8128742519685037
11
5.7112622440944882
21
-4.8119432283464567
0
LINE
8
BLACK
6
CONTINUOUS
10
5.7112622440944882
20
-4.8119432283464567
11
5.7081469685039368
21
-4.8101446456692916
0
LINE
8
BLACK
6
CONTINUOUS
10
5.7081469685039368
20
-4.8101446456692916
11
5.7056033858267714
21
-4.8076010629921262
0
LINE
8
BLACK
6
CONTINUOUS
10
5.7056033858267714
20
-4.8076010629921262
11
5.7054507480314962
21
-4.8073366929133856
0
LINE
8
BLACK
6
CONTINUOUS
10
5.7054507480314962
20
-4.8073366929133856
11
5.7052877952755905
21
-4.8071737401574799
0
LINE
8
BLACK
6
CONTINUOUS
10
5.7052877952755905
20
-4.8071737401574799
11
5.704831968503937
21
-4.806814409448819
0
LINE
8
BLACK
6
CONTINUOUS
10
5.704831968503937
20
-4.806814409448819
11
5.7037942519685041
21
-4.8059963385826769
0
LINE
8
BLACK
6
CONTINUOUS
10
5.7037942519685041
20
-4.8059963385826769
11
5.7022427559055116
21
-4.8050455905511811
0
LINE
8
BLACK
6
CONTINUOUS
10
5.7022427559055116
20
-4.8050455905511811
11
5.7022425590551178
21
-4.8050454724409448
0
LINE
8
BLACK
6
CONTINUOUS
10
5.7022425590551178
20
-4.8050454724409448
11
5.7015257480314956
21
-4.8046545669291341
0
LINE
8
BLACK
6
CONTINUOUS
10
5.7015257480314956
20
-4.8046545669291341
11
5.6980154724409449
21
-4.8038533858267716
0
LINE
8
BLACK
6
CONTINUOUS
10
5.6980154724409449
20
-4.8038533858267716
11
5.6956065748031497
21
-4.8038533858267716
0
LINE
8
BLACK
6
CONTINUOUS
10
5.6956065748031497
20
-4.8038533858267716
11
5.6956058661417321
21
-4.8038533858267716
0
LINE
8
BLACK
6
CONTINUOUS
10
5.6956058661417321
20
-4.8038533858267716
11
5.6941620866141731
21
-4.803983385826772
0
LINE
8
BLACK
6
CONTINUOUS
10
5.6941620866141731
20
-4.803983385826772
11
5.6941620078740156
21
-4.803983385826772
0
LINE
8
BLACK
6
CONTINUOUS
10
5.6941620078740156
20
-4.803983385826772
11
5.6941619291338581
21
-4.8039834251968498
0
LINE
8
BLACK
6
CONTINUOUS
10
5.6941619291338581
20
-4.8039834251968498
11
5.692591614173228
21
-4.8046546062992128
0
LINE
8
BLACK
6
CONTINUOUS
10
5.692591614173228
20
-4.8046546062992128
11
5.6908509448818894
21
-4.8053985826771655
0
LINE
8
BLACK
6
CONTINUOUS
10
5.6908509448818894
20
-4.8053985826771655
11
5.6889022834645671
21
-4.806814409448819
0
LINE
8
BLACK
6
CONTINUOUS
10
5.6889022834645671
20
-4.806814409448819
11
5.6878099212598423
21
-4.807768818897638
0
LINE
8
BLACK
6
CONTINUOUS
10
5.6878099212598423
20
-4.807768818897638
11
5.685963149606299
21
-4.8108597637795274
0
LINE
8
BLACK
6
CONTINUOUS
10
5.685963149606299
20
-4.8108597637795274
11
5.6859630708661415
21
-4.8108598818897637
0
LINE
8
BLACK
6
CONTINUOUS
10
5.6859630708661415
20
-4.8108598818897637
11
5.6852187401574801
21
-4.8131507874015744
0
LINE
8
BLACK
6
CONTINUOUS
10
5.6852187401574801
20
-4.8131507874015744
11
5.6848228346456695
21
-4.8156506692913386
0
LINE
8
BLACK
6
CONTINUOUS
10
5.6848228346456695
20
-4.8156506692913386
11
5.6848228346456695
21
-4.8428792913385825
0
LINE
8
BLACK
6
CONTINUOUS
10
5.6848228346456695
20
-4.8428792913385825
11
5.6840784645669293
21
-4.8451702755905508
0
LINE
8
BLACK
6
CONTINUOUS
10
5.6840784645669293
20
-4.8451702755905508
11
5.6821296456692911
21
-4.8465861811023618
0
LINE
8
BLACK
6
CONTINUOUS
10
5.6821296456692911
20
-4.8465861811023618
11
5.679720748031496
21
-4.8465861811023618
0
LINE
8
BLACK
6
CONTINUOUS
10
5.679720748031496
20
-4.8465861811023618
11
5.6777719291338578
21
-4.8451702755905508
0
LINE
8
BLACK
6
CONTINUOUS
10
5.6777719291338578
20
-4.8451702755905508
11
5.6776844488188978
21
-4.8450447637795273
0
LINE
8
BLACK
6
CONTINUOUS
10
5.6776844488188978
20
-4.8450447637795273
11
5.6762374803149607
21
-4.8428792913385825
0
LINE
8
BLACK
6
CONTINUOUS
10
5.6762374803149607
20
-4.8428792913385825
11
5.6758343700787401
21
-4.8422759842519687
0
LINE
8
BLACK
6
CONTINUOUS
10
5.6758343700787401
20
-4.8422759842519687
11
5.6758342125984251
21
-4.8422758267716537
0
LINE
8
BLACK
6
CONTINUOUS
10
5.6758342125984251
20
-4.8422758267716537
11
5.6732297637795277
21
-4.8405355511811026
0
LINE
8
BLACK
6
CONTINUOUS
10
5.6732297637795277
20
-4.8405355511811026
11
5.6732296456692914
21
-4.8405355118110238
0
LINE
8
BLACK
6
CONTINUOUS
10
5.6732296456692914
20
-4.8405355118110238
11
5.6709332283464562
21
-4.8400787401574803
0
LINE
8
BLACK
6
CONTINUOUS
10
5.6709332283464562
20
-4.8400787401574803
11
5.6709330708661412
21
-4.8400787401574803
0
LINE
8
BLACK
6
CONTINUOUS
10
5.6709330708661412
20
-4.8400787401574803
11
5.6450787795275588
21
-4.8400787401574803
0
LINE
8
BLACK
6
CONTINUOUS
10
5.6450787795275588
20
-4.8400787401574803
11
5.64507874015748
21
-4.840078779527559
0
LINE
8
BLACK
6
CONTINUOUS
10
5.64507874015748
20
-4.840078779527559
11
5.64507874015748
21
-4.8400788188976378
0
LINE
8
BLACK
6
CONTINUOUS
10
5.64507874015748
20
-4.8400788188976378
11
5.64507874015748
21
-4.8479527559055118
0
LINE
8
BLACK
6
CONTINUOUS
10
5.64507874015748
20
-4.8479527559055118
11
5.6701574803149608
21
-4.8479527559055118
0
LINE
8
BLACK
6
CONTINUOUS
10
5.6701574803149608
20
-4.8479527559055118
11
5.6701574803149608
21
-4.9079527559055114
0
LINE
8
BLACK
6
CONTINUOUS
10
5.6701574803149608
20
-4.9079527559055114
11
5.64507874015748
21
-4.9079527559055114
0
LINE
8
BLACK
6
CONTINUOUS
10
5.64507874015748
20
-4.9079527559055114
11
5.64507874015748
21
-4.9158267322834641
0
LINE
8
BLACK
6
CONTINUOUS
10
5.64507874015748
20
-4.9158267322834641
11
5.6450787795275588
21
-4.9158267716535429
0
LINE
8
BLACK
6
CONTINUOUS
10
5.6450787795275588
20
-4.9158267716535429
11
5.6450788188976375
21
-4.9158267716535429
0
LINE
8
BLACK
6
CONTINUOUS
10
5.6450788188976375
20
-4.9158267716535429
11
5.6709329527559058
21
-4.9158267716535429
0
LINE
8
BLACK
6
CONTINUOUS
10
5.6709329527559058
20
-4.9158267716535429
11
5.6709330314960624
21
-4.9158267716535429
0
LINE
8
BLACK
6
CONTINUOUS
10
5.6709330314960624
20
-4.9158267716535429
11
5.6710872834645665
21
-4.9158016929133854
0
LINE
8
BLACK
6
CONTINUOUS
10
5.6710872834645665
20
-4.9158016929133854
11
5.6711729133858269
21
-4.915779015748031
0
LINE
8
BLACK
6
CONTINUOUS
10
5.6711729133858269
20
-4.915779015748031
11
5.6724122440944882
21
-4.9155325196850397
0
LINE
8
BLACK
6
CONTINUOUS
10
5.6724122440944882
20
-4.9155325196850397
11
5.6732296062992127
21
-4.9153699606299215
0
LINE
8
BLACK
6
CONTINUOUS
10
5.6732296062992127
20
-4.9153699606299215
11
5.6732296062992127
21
-4.9153699212598427
0
LINE
8
BLACK
6
CONTINUOUS
10
5.6732296062992127
20
-4.9153699212598427
11
5.6732297637795277
21
-4.9153699212598427
0
LINE
8
BLACK
6
CONTINUOUS
10
5.6732297637795277
20
-4.9153699212598427
11
5.6758342125984251
21
-4.9136296456692916
0
LINE
8
BLACK
6
CONTINUOUS
10
5.6758342125984251
20
-4.9136296456692916
11
5.6758343700787401
21
-4.9136294881889766
0
LINE
8
BLACK
6
CONTINUOUS
10
5.6758343700787401
20
-4.9136294881889766
11
5.6775746456692913
21
-4.9110250393700783
0
LINE
8
BLACK
6
CONTINUOUS
10
5.6775746456692913
20
-4.9110250393700783
11
5.6775746456692913
21
-4.9110249999999995
0
LINE
8
BLACK
6
CONTINUOUS
10
5.6775746456692913
20
-4.9110249999999995
11
5.6776844488188978
21
-4.9108607086614171
0
LINE
8
BLACK
6
CONTINUOUS
10
5.6776844488188978
20
-4.9108607086614171
11
5.6795761811023624
21
-4.9093694094488187
0
LINE
8
BLACK
6
CONTINUOUS
10
5.6795761811023624
20
-4.9093694094488187
11
5.6819831889763774
21
-4.909274842519685
0
LINE
8
BLACK
6
CONTINUOUS
10
5.6819831889763774
20
-4.909274842519685
11
5.6839861023622049
21
-4.9106131496062995
0
LINE
8
BLACK
6
CONTINUOUS
10
5.6839861023622049
20
-4.9106131496062995
11
5.6848198425196852
21
-4.9128731496062992
0
LINE
8
BLACK
6
CONTINUOUS
10
5.6848198425196852
20
-4.9128731496062992
11
5.6848228346456695
21
-4.9130261417322831
0
LINE
8
BLACK
6
CONTINUOUS
10
5.6848228346456695
20
-4.9130261417322831
11
5.6848228346456695
21
-4.9428792913385822
0
LINE
8
BLACK
6
CONTINUOUS
10
5.6848228346456695
20
-4.9428792913385822
11
5.6840784645669293
21
-4.9451702755905513
0
LINE
8
BLACK
6
CONTINUOUS
10
5.6840784645669293
20
-4.9451702755905513
11
5.6821296456692911
21
-4.9465861811023624
0
LINE
8
BLACK
6
CONTINUOUS
10
5.6821296456692911
20
-4.9465861811023624
11
5.679720748031496
21
-4.9465861811023624
0
LINE
8
BLACK
6
CONTINUOUS
10
5.679720748031496
20
-4.9465861811023624
11
5.6777719291338578
21
-4.9451702755905513
0
LINE
8
BLACK
6
CONTINUOUS
10
5.6777719291338578
20
-4.9451702755905513
11
5.6776844488188978
21
-4.9450447637795278
0
LINE
8
BLACK
6
CONTINUOUS
10
5.6776844488188978
20
-4.9450447637795278
11
5.6762374803149607
21
-4.9428792913385822
0
LINE
8
BLACK
6
CONTINUOUS
10
5.6762374803149607
20
-4.9428792913385822
11
5.6758343700787401
21
-4.9422759842519683
0
LINE
8
BLACK
6
CONTINUOUS
10
5.6758343700787401
20
-4.9422759842519683
11
5.6758342125984251
21
-4.9422758267716533
0
LINE
8
BLACK
6
CONTINUOUS
10
5.6758342125984251
20
-4.9422758267716533
11
5.6732297637795277
21
-4.9405355511811022
0
LINE
8
BLACK
6
CONTINUOUS
10
5.6732297637795277
20
-4.9405355511811022
11
5.6732296456692914
21
-4.9405355118110235
0
LINE
8
BLACK
6
CONTINUOUS
10
5.6732296456692914
20
-4.9405355118110235
11
5.6709332283464562
21
-4.9400787401574799
0
LINE
8
BLACK
6
CONTINUOUS
10
5.6709332283464562
20
-4.9400787401574799
11
5.6709330708661412
21
-4.9400787401574799
0
LINE
8
BLACK
6
CONTINUOUS
10
5.6709330708661412
20
-4.9400787401574799
11
5.6450787795275588
21
-4.9400787401574799
0
LINE
8
BLACK
6
CONTINUOUS
10
5.6450787795275588
20
-4.9400787401574799
11
5.64507874015748
21
-4.9400787795275587
0
LINE
8
BLACK
6
CONTINUOUS
10
5.64507874015748
20
-4.9400787795275587
11
5.64507874015748
21
-4.9400788188976374
0
LINE
8
BLACK
6
CONTINUOUS
10
5.64507874015748
20
-4.9400788188976374
11
5.64507874015748
21
-4.9479527559055114
0
LINE
8
BLACK
6
CONTINUOUS
10
5.64507874015748
20
-4.9479527559055114
11
5.6701574803149608
21
-4.9479527559055114
0
LINE
8
BLACK
6
CONTINUOUS
10
5.6701574803149608
20
-4.9479527559055114
11
5.6701574803149608
21
-5.0079527559055119
0
LINE
8
BLACK
6
CONTINUOUS
10
5.6701574803149608
20
-5.0079527559055119
11
5.64507874015748
21
-5.0079527559055119
0
LINE
8
BLACK
6
CONTINUOUS
10
5.64507874015748
20
-5.0079527559055119
11
5.64507874015748
21
-5.0158267322834647
0
LINE
8
BLACK
6
CONTINUOUS
10
5.64507874015748
20
-5.0158267322834647
11
5.6450787795275588
21
-5.0158267716535434
0
LINE
8
BLACK
6
CONTINUOUS
10
5.6450787795275588
20
-5.0158267716535434
11
5.6450788188976375
21
-5.0158267716535434
0
LINE
8
BLACK
6
CONTINUOUS
10
5.6450788188976375
20
-5.0158267716535434
11
5.6709329527559058
21
-5.0158267716535434
0
LINE
8
BLACK
6
CONTINUOUS
10
5.6709329527559058
20
-5.0158267716535434
11
5.6709330314960624
21
-5.0158267716535434
0
LINE
8
BLACK
6
CONTINUOUS
10
5.6709330314960624
20
-5.0158267716535434
11
5.6710872834645665
21
-5.015801692913386
0
LINE
8
BLACK
6
CONTINUOUS
10
5.6710872834645665
20
-5.015801692913386
11
5.6711729133858269
21
-5.0157790157480315
0
LINE
8
BLACK
6
CONTINUOUS
10
5.6711729133858269
20
-5.0157790157480315
11
5.6724122440944882
21
-5.0155325196850393
0
LINE
8
BLACK
6
CONTINUOUS
10
5.6724122440944882
20
-5.0155325196850393
11
5.6732296062992127
21
-5.0153699606299211
0
LINE
8
BLACK
6
CONTINUOUS
10
5.6732296062992127
20
-5.0153699606299211
11
5.6732296062992127
21
-5.0153699212598424
0
LINE
8
BLACK
6
CONTINUOUS
10
5.6732296062992127
20
-5.0153699212598424
11
5.6732297637795277
21
-5.0153699212598424
0
LINE
8
BLACK
6
CONTINUOUS
10
5.6732297637795277
20
-5.0153699212598424
11
5.6758342125984251
21
-5.0136296456692913
0
LINE
8
BLACK
6
CONTINUOUS
10
5.6758342125984251
20
-5.0136296456692913
11
5.6758343700787401
21
-5.0136294881889762
0
LINE
8
BLACK
6
CONTINUOUS
10
5.6758343700787401
20
-5.0136294881889762
11
5.6775746456692913
21
-5.0110250393700788
0
LINE
8
BLACK
6
CONTINUOUS
10
5.6775746456692913
20
-5.0110250393700788
11
5.6780314566929135
21
-5.0087283464566932
0
LINE
8
BLACK
6
CONTINUOUS
10
5.6780314566929135
20
-5.0087283464566932
11
5.6780314960629923
21
-5.0087282283464569
0
LINE
8
BLACK
6
CONTINUOUS
10
5.6780314960629923
20
-5.0087282283464569
11
5.6780314960629923
21
-5.0086859448818899
0
LINE
8
BLACK
6
CONTINUOUS
10
5.6780314960629923
20
-5.0086859448818899
11
5.678088897637795
21
-5.0083553149606299
0
LINE
8
BLACK
6
CONTINUOUS
10
5.678088897637795
20
-5.0083553149606299
11
5.6785022834645664
21
-5.0075727165354333
0
LINE
8
BLACK
6
CONTINUOUS
10
5.6785022834645664
20
-5.0075727165354333
11
5.6787758661417325
21
-5.006730826771653
0
LINE
8
BLACK
6
CONTINUOUS
10
5.6787758661417325
20
-5.006730826771653
11
5.6790537007874011
21
-5.0065289370078743
0
LINE
8
BLACK
6
CONTINUOUS
10
5.6790537007874011
20
-5.0065289370078743
11
5.6792140944881888
21
-5.0062253937007872
0
LINE
8
BLACK
6
CONTINUOUS
10
5.6792140944881888
20
-5.0062253937007872
11
5.6800084251968501
21
-5.0058352755905506
0
LINE
8
BLACK
6
CONTINUOUS
10
5.6800084251968501
20
-5.0058352755905506
11
5.6807246850393698
21
-5.005314921259842
0
LINE
8
BLACK
6
CONTINUOUS
10
5.6807246850393698
20
-5.005314921259842
11
5.6810681102362199
21
-5.005314921259842
0
LINE
8
BLACK
6
CONTINUOUS
10
5.6810681102362199
20
-5.005314921259842
11
5.681376299212598
21
-5.0051635826771657
0
LINE
8
BLACK
6
CONTINUOUS
10
5.681376299212598
20
-5.0051635826771657
11
5.6822483464566931
21
-5.005314921259842
0
LINE
8
BLACK
6
CONTINUOUS
10
5.6822483464566931
20
-5.005314921259842
11
5.683133582677165
21
-5.005314921259842
0
LINE
8
BLACK
6
CONTINUOUS
10
5.683133582677165
20
-5.005314921259842
11
5.6834113779527557
21
-5.0055167322834642
0
LINE
8
BLACK
6
CONTINUOUS
10
5.6834113779527557
20
-5.0055167322834642
11
5.6837496850393698
21
-5.0055754724409445
0
LINE
8
BLACK
6
CONTINUOUS
10
5.6837496850393698
20
-5.0055754724409445
11
5.684366220472441
21
-5.0062104724409444
0
LINE
8
BLACK
6
CONTINUOUS
10
5.684366220472441
20
-5.0062104724409444
11
5.6850824015748032
21
-5.006730826771653
0
LINE
8
BLACK
6
CONTINUOUS
10
5.6850824015748032
20
-5.006730826771653
11
5.6853790157480315
21
-5.0072536220472443
0
LINE
8
BLACK
6
CONTINUOUS
10
5.6853790157480315
20
-5.0072536220472443
11
5.6854277165354326
21
-5.0073037795275592
0
LINE
8
BLACK
6
CONTINUOUS
10
5.6854277165354326
20
-5.0073037795275592
11
5.685434527559055
21
-5.0073514960629923
0
LINE
8
BLACK
6
CONTINUOUS
10
5.685434527559055
20
-5.0073514960629923
11
5.6855131102362204
21
-5.007489960629921
0
LINE
8
BLACK
6
CONTINUOUS
10
5.6855131102362204
20
-5.007489960629921
11
5.6865587007874012
21
-5.0099362992125984
0
LINE
8
BLACK
6
CONTINUOUS
10
5.6865587007874012
20
-5.0099362992125984
11
5.68655874015748
21
-5.0099363385826772
0
LINE
8
BLACK
6
CONTINUOUS
10
5.68655874015748
20
-5.0099363385826772
11
5.687974645669291
21
-5.0118851574803145
0
LINE
8
BLACK
6
CONTINUOUS
10
5.687974645669291
20
-5.0118851574803145
11
5.6889290157480312
21
-5.0129774803149605
0
LINE
8
BLACK
6
CONTINUOUS
10
5.6889290157480312
20
-5.0129774803149605
11
5.6920199606299215
21
-5.0148242519685038
0
LINE
8
BLACK
6
CONTINUOUS
10
5.6920199606299215
20
-5.0148242519685038
11
5.6943109448818898
21
-5.015568622047244
0
LINE
8
BLACK
6
CONTINUOUS
10
5.6943109448818898
20
-5.015568622047244
11
5.6947849999999995
21
-5.0156437007874013
0
LINE
8
BLACK
6
CONTINUOUS
10
5.6947849999999995
20
-5.0156437007874013
11
5.6968108661417318
21
-5.0159645669291342
0
LINE
8
BLACK
6
CONTINUOUS
10
5.6968108661417318
20
-5.0159645669291342
11
5.6968110236220468
21
-5.0159645669291342
0
LINE
8
BLACK
6
CONTINUOUS
10
5.6968110236220468
20
-5.0159645669291342
11
5.6983855511811026
21
-5.0159645669291342
0
LINE
8
BLACK
6
CONTINUOUS
10
5.6983855511811026
20
-5.0159645669291342
11
5.6983858267716538
21
-5.0159645669291342
0
LINE
8
BLACK
6
CONTINUOUS
10
5.6983858267716538
20
-5.0159645669291342
11
5.6996513385826768
21
-5.015864960629921
0
LINE
8
BLACK
6
CONTINUOUS
10
5.6996513385826768
20
-5.015864960629921
11
5.7008557874015748
21
-5.0156742125984248
0
LINE
8
BLACK
6
CONTINUOUS
10
5.7008557874015748
20
-5.0156742125984248
11
5.7010352362204726
21
-5.01564374015748
0
LINE
8
BLACK
6
CONTINUOUS
10
5.7010352362204726
20
-5.01564374015748
11
5.7020801574803146
21
-5.0151970472440945
0
LINE
8
BLACK
6
CONTINUOUS
10
5.7020801574803146
20
-5.0151970472440945
11
5.7023794094488185
21
-5.0150834251968499
0
LINE
8
BLACK
6
CONTINUOUS
10
5.7023794094488185
20
-5.0150834251968499
11
5.7025890551181098
21
-5.0150135039370074
0
LINE
8
BLACK
6
CONTINUOUS
10
5.7025890551181098
20
-5.0150135039370074
11
5.7025895669291335
21
-5.0150150393700788
0
LINE
8
BLACK
6
CONTINUOUS
10
5.7025895669291335
20
-5.0150150393700788
11
5.7031766929133854
21
-5.0148242913385825
0
LINE
8
BLACK
6
CONTINUOUS
10
5.7031766929133854
20
-5.0148242913385825
11
5.7032471259842517
21
-5.0147941732283465
0
LINE
8
BLACK
6
CONTINUOUS
10
5.7032471259842517
20
-5.0147941732283465
11
5.7033984645669289
21
-5.0147437401574804
0
LINE
8
BLACK
6
CONTINUOUS
10
5.7033984645669289
20
-5.0147437401574804
11
5.7044308267716533
21
-5.0147359055118113
0
LINE
8
BLACK
6
CONTINUOUS
10
5.7044308267716533
20
-5.0147359055118113
11
5.7054580314960628
21
-5.0146324803149609
0
LINE
8
BLACK
6
CONTINUOUS
10
5.7054580314960628
20
-5.0146324803149609
11
5.70567937007874
21
-5.0147264173228345
0
LINE
8
BLACK
6
CONTINUOUS
10
5.70567937007874
20
-5.0147264173228345
11
5.7058072834645666
21
-5.0147254724409445
0
LINE
8
BLACK
6
CONTINUOUS
10
5.7058072834645666
20
-5.0147254724409445
11
5.705997519685039
21
-5.0148614960629923
0
LINE
8
BLACK
6
CONTINUOUS
10
5.705997519685039
20
-5.0148614960629923
11
5.7067964173228347
21
-5.0152006299212601
0
LINE
8
BLACK
6
CONTINUOUS
10
5.7067964173228347
20
-5.0152006299212601
11
5.707077519685039
21
-5.0153884645669287
0
LINE
8
BLACK
6
CONTINUOUS
10
5.707077519685039
20
-5.0153884645669287
11
5.7079527559055121
21
-5.0155625590551178
0
LINE
8
BLACK
6
CONTINUOUS
10
5.7079527559055121
20
-5.0155625590551178
11
5.7088278740157481
21
-5.015736653543307
0
LINE
8
BLACK
6
CONTINUOUS
10
5.7088278740157481
20
-5.015736653543307
11
5.7088279921259844
21
-5.015736653543307
0
LINE
8
BLACK
6
CONTINUOUS
10
5.7088279921259844
20
-5.015736653543307
11
5.7091401181102359
21
-5.0157987401574804
0
LINE
8
BLACK
6
CONTINUOUS
10
5.7091401181102359
20
-5.0157987401574804
11
5.7092253543307088
21
-5.0158212992125986
0
LINE
8
BLACK
6
CONTINUOUS
10
5.7092253543307088
20
-5.0158212992125986
11
5.7093115748031495
21
-5.0158353149606301
0
LINE
8
BLACK
6
CONTINUOUS
10
5.7093115748031495
20
-5.0158353149606301
11
5.7093732677165354
21
-5.0158464566929135
0
LINE
8
BLACK
6
CONTINUOUS
10
5.7093732677165354
20
-5.0158464566929135
11
5.7093799999999995
21
-5.0158464566929135
0
LINE
8
BLACK
6
CONTINUOUS
10
5.7093799999999995
20
-5.0158464566929135
11
5.7093800393700782
21
-5.0158464566929135
0
LINE
8
BLACK
6
CONTINUOUS
10
5.7093800393700782
20
-5.0158464566929135
11
5.7709349212598422
21
-5.0158464566929135
0
LINE
8
BLACK
6
CONTINUOUS
10
5.7709349212598422
20
-5.0158464566929135
11
5.770934960629921
21
-5.0158464566929135
0
LINE
8
BLACK
6
CONTINUOUS
10
5.770934960629921
20
-5.0158464566929135
11
5.7732374409448814
21
-5.0153884645669287
0
LINE
8
BLACK
6
CONTINUOUS
10
5.7732374409448814
20
-5.0153884645669287
11
5.7735155118110235
21
-5.0152025984251969
0
LINE
8
BLACK
6
CONTINUOUS
10
5.7735155118110235
20
-5.0152025984251969
11
5.7758337795275585
21
-5.0145486614173231
0
LINE
8
BLACK
6
CONTINUOUS
10
5.7758337795275585
20
-5.0145486614173231
11
5.776914173228346
21
-5.0148048425196849
0
LINE
8
BLACK
6
CONTINUOUS
10
5.776914173228346
20
-5.0148048425196849
11
5.7769298818897639
21
-5.014756614173228
0
LINE
8
BLACK
6
CONTINUOUS
10
5.7769298818897639
20
-5.014756614173228
11
5.7773698031496066
21
-5.0148995275590549
0
LINE
8
BLACK
6
CONTINUOUS
10
5.7773698031496066
20
-5.0148995275590549
11
5.7794290551181104
21
-5.015568622047244
0
LINE
8
BLACK
6
CONTINUOUS
10
5.7794290551181104
20
-5.015568622047244
11
5.7799031102362202
21
-5.0156437007874013
0
LINE
8
BLACK
6
CONTINUOUS
10
5.7799031102362202
20
-5.0156437007874013
11
5.7819289763779524
21
-5.0159645669291342
0
LINE
8
BLACK
6
CONTINUOUS
10
5.7819289763779524
20
-5.0159645669291342
11
5.7819291338582675
21
-5.0159645669291342
0
LINE
8
BLACK
6
CONTINUOUS
10
5.7819291338582675
20
-5.0159645669291342
11
5.7835036614173223
21
-5.0159645669291342
0
LINE
8
BLACK
6
CONTINUOUS
10
5.7835036614173223
20
-5.0159645669291342
11
5.7835039370078736
21
-5.0159645669291342
0
LINE
8
BLACK
6
CONTINUOUS
10
5.7835039370078736
20
-5.0159645669291342
11
5.7847694488188974
21
-5.015864960629921
0
LINE
8
BLACK
6
CONTINUOUS
10
5.7847694488188974
20
-5.015864960629921
11
5.7859738976377955
21
-5.0156742125984248
0
LINE
8
BLACK
6
CONTINUOUS
10
5.7859738976377955
20
-5.0156742125984248
11
5.7861533464566932
21
-5.01564374015748
0
LINE
8
BLACK
6
CONTINUOUS
10
5.7861533464566932
20
-5.01564374015748
11
5.7876974803149608
21
-5.0149836614173227
0
LINE
8
BLACK
6
CONTINUOUS
10
5.7876974803149608
20
-5.0149836614173227
11
5.7877076771653542
21
-5.0150150393700788
0
LINE
8
BLACK
6
CONTINUOUS
10
5.7877076771653542
20
-5.0150150393700788
11
5.788294803149606
21
-5.0148242913385825
0
LINE
8
BLACK
6
CONTINUOUS
10
5.788294803149606
20
-5.0148242913385825
11
5.7896291338582673
21
-5.0142539763779528
0
LINE
8
BLACK
6
CONTINUOUS
10
5.7896291338582673
20
-5.0142539763779528
11
5.7908114566929134
21
-5.0132208267716534
0
LINE
8
BLACK
6
CONTINUOUS
10
5.7908114566929134
20
-5.0132208267716534
11
5.7909077559055113
21
-5.013168661417323
0
LINE
8
BLACK
6
CONTINUOUS
10
5.7909077559055113
20
-5.013168661417323
11
5.7909129527559058
21
-5.0131758267716533
0
LINE
8
BLACK
6
CONTINUOUS
10
5.7909129527559058
20
-5.0131758267716533
11
5.791412401574803
21
-5.0128129921259843
0
LINE
8
BLACK
6
CONTINUOUS
10
5.791412401574803
20
-5.0128129921259843
11
5.792505196850394
21
-5.0118582677165353
0
LINE
8
BLACK
6
CONTINUOUS
10
5.792505196850394
20
-5.0118582677165353
11
5.7933664566929135
21
-5.010416614173228
0
LINE
8
BLACK
6
CONTINUOUS
10
5.7933664566929135
20
-5.010416614173228
11
5.7933931496062989
21
-5.0104360236220469
0
LINE
8
BLACK
6
CONTINUOUS
10
5.7933931496062989
20
-5.0104360236220469
11
5.7937560236220467
21
-5.0099366141732284
0
LINE
8
BLACK
6
CONTINUOUS
10
5.7937560236220467
20
-5.0099366141732284
11
5.7945001574803152
21
-5.0086911811023622
0
LINE
8
BLACK
6
CONTINUOUS
10
5.7945001574803152
20
-5.0086911811023622
11
5.7947157086614176
21
-5.0077466929133854
0
LINE
8
BLACK
6
CONTINUOUS
10
5.7947157086614176
20
-5.0077466929133854
11
5.7949478346456695
21
-5.0073015354330703
0
LINE
8
BLACK
6
CONTINUOUS
10
5.7949478346456695
20
-5.0073015354330703
11
5.7954665748031493
21
-5.0067923622047239
0
LINE
8
BLACK
6
CONTINUOUS
10
5.7954665748031493
20
-5.0067923622047239
11
5.7958394094488188
21
-5.0061683858267711
0
LINE
8
BLACK
6
CONTINUOUS
10
5.7958394094488188
20
-5.0061683858267711
11
5.7963053543307081
21
-5.0059691732283467
0
LINE
8
BLACK
6
CONTINUOUS
10
5.7963053543307081
20
-5.0059691732283467
11
5.7966670472440942
21
-5.0056142519685034
0
LINE
8
BLACK
6
CONTINUOUS
10
5.7966670472440942
20
-5.0056142519685034
11
5.7973860236220469
21
-5.0055072440944883
0
LINE
8
BLACK
6
CONTINUOUS
10
5.7973860236220469
20
-5.0055072440944883
11
5.7980544094488184
21
-5.0052215748031497
0
LINE
8
BLACK
6
CONTINUOUS
10
5.7980544094488184
20
-5.0052215748031497
11
5.7985483858267717
21
-5.005334291338583
0
LINE
8
BLACK
6
CONTINUOUS
10
5.7985483858267717
20
-5.005334291338583
11
5.7990496850393702
21
-5.0052597244094486
0
LINE
8
BLACK
6
CONTINUOUS
10
5.7990496850393702
20
-5.0052597244094486
11
5.7996942125984248
21
-5.0055957874015746
0
LINE
8
BLACK
6
CONTINUOUS
10
5.7996942125984248
20
-5.0055957874015746
11
5.8004029133858266
21
-5.005757519685039
0
LINE
8
BLACK
6
CONTINUOUS
10
5.8004029133858266
20
-5.005757519685039
11
5.8007363385826771
21
-5.0061391338582677
0
LINE
8
BLACK
6
CONTINUOUS
10
5.8007363385826771
20
-5.0061391338582677
11
5.8011856692913382
21
-5.0063734251968501
0
LINE
8
BLACK
6
CONTINUOUS
10
5.8011856692913382
20
-5.0063734251968501
11
5.8015095669291341
21
-5.0070241338582679
0
LINE
8
BLACK
6
CONTINUOUS
10
5.8015095669291341
20
-5.0070241338582679
11
5.8019878346456695
21
-5.0075715354330708
0
LINE
8
BLACK
6
CONTINUOUS
10
5.8019878346456695
20
-5.0075715354330708
11
5.8022066141732278
21
-5.0084244881889761
0
LINE
8
BLACK
6
CONTINUOUS
10
5.8022066141732278
20
-5.0084244881889761
11
5.8022590944881891
21
-5.008529921259842
0
LINE
8
BLACK
6
CONTINUOUS
10
5.8022590944881891
20
-5.008529921259842
11
5.8022521653543304
21
-5.0085710629921261
0
LINE
8
BLACK
6
CONTINUOUS
10
5.8022521653543304
20
-5.0085710629921261
11
5.8022796456692909
21
-5.0087092519685035
0
LINE
8
BLACK
6
CONTINUOUS
10
5.8022796456692909
20
-5.0087092519685035
11
5.8022827559055115
21
-5.008721338582677
0
LINE
8
BLACK
6
CONTINUOUS
10
5.8022827559055115
20
-5.008721338582677
11
5.8022834251968503
21
-5.0087282283464569
0
LINE
8
BLACK
6
CONTINUOUS
10
5.8022834251968503
20
-5.0087282283464569
11
5.8027402362204725
21
-5.0110249212598426
0
LINE
8
BLACK
6
CONTINUOUS
10
5.8027402362204725
20
-5.0110249212598426
11
5.8027402755905513
21
-5.0110250393700788
0
LINE
8
BLACK
6
CONTINUOUS
10
5.8027402755905513
20
-5.0110250393700788
11
5.8039349212598426
21
-5.0128129527559055
0
LINE
8
BLACK
6
CONTINUOUS
10
5.8039349212598426
20
-5.0128129527559055
11
5.8044805511811024
21
-5.0136294881889762
0
LINE
8
BLACK
6
CONTINUOUS
10
5.8044805511811024
20
-5.0136294881889762
11
5.8044807086614174
21
-5.0136296456692913
0
LINE
8
BLACK
6
CONTINUOUS
10
5.8044807086614174
20
-5.0136296456692913
11
5.8070851574803148
21
-5.0153699212598424
0
LINE
8
BLACK
6
CONTINUOUS
10
5.8070851574803148
20
-5.0153699212598424
11
5.8092896850393698
21
-5.0158083858267712
0
LINE
8
BLACK
6
CONTINUOUS
10
5.8092896850393698
20
-5.0158083858267712
11
5.809358700787401
21
-5.0158238582677166
0
LINE
8
BLACK
6
CONTINUOUS
10
5.809358700787401
20
-5.0158238582677166
11
5.809381771653543
21
-5.0158266929133859
0
LINE
8
BLACK
6
CONTINUOUS
10
5.809381771653543
20
-5.0158266929133859
11
5.8093818503937005
21
-5.0158267322834647
0
LINE
8
BLACK
6
CONTINUOUS
10
5.8093818503937005
20
-5.0158267322834647
11
5.8093820078740155
21
-5.0158267716535434
0
LINE
8
BLACK
6
CONTINUOUS
10
5.8093820078740155
20
-5.0158267716535434
11
5.8352361417322829
21
-5.0158267716535434
0
LINE
8
BLACK
6
CONTINUOUS
10
5.8352361417322829
20
-5.0158267716535434
11
5.8352361811023616
21
-5.0158267716535434
0
LINE
8
BLACK
6
CONTINUOUS
10
5.8352361811023616
20
-5.0158267716535434
11
5.8352362204724404
21
-5.0158267322834647
0
LINE
8
BLACK
6
CONTINUOUS
10
5.8352362204724404
20
-5.0158267322834647
11
5.8352362204724404
21
-5.0079527559055119
0
LINE
8
BLACK
6
CONTINUOUS
10
5.8352362204724404
20
-5.0079527559055119
11
5.8101574803149605
21
-5.0079527559055119
0
LINE
8
BLACK
6
CONTINUOUS
10
5.8101574803149605
20
-5.0079527559055119
11
5.8101574803149605
21
-4.9479527559055114
0
LINE
8
BLACK
6
CONTINUOUS
10
5.8101574803149605
20
-4.9479527559055114
11
5.8352362204724404
21
-4.9479527559055114
0
LINE
8
BLACK
6
CONTINUOUS
10
5.8352362204724404
20
-4.9479527559055114
11
5.8352362204724404
21
-4.9400788188976374
0
LINE
8
BLACK
6
CONTINUOUS
10
5.8352362204724404
20
-4.9400788188976374
11
5.8352362204724404
21
-4.9400787795275587
0
LINE
8
BLACK
6
CONTINUOUS
10
5.8352362204724404
20
-4.9400787795275587
11
5.8352361811023616
21
-4.9400787401574799
0
LINE
8
BLACK
6
CONTINUOUS
10
5.8352361811023616
20
-4.9400787401574799
11
5.8352361417322829
21
-4.9400787401574799
0
LINE
8
BLACK
6
CONTINUOUS
10
5.8352361417322829
20
-4.9400787401574799
11
5.8093816535433067
21
-4.9400787401574799
0
LINE
8
BLACK
6
CONTINUOUS
10
5.8093816535433067
20
-4.9400787401574799
11
5.8070852362204723
21
-4.9405355118110235
0
LINE
8
BLACK
6
CONTINUOUS
10
5.8070852362204723
20
-4.9405355118110235
11
5.8070851181102361
21
-4.9405355511811022
0
LINE
8
BLACK
6
CONTINUOUS
10
5.8070851181102361
20
-4.9405355511811022
11
5.8044808267716537
21
-4.9422757086614171
0
LINE
8
BLACK
6
CONTINUOUS
10
5.8044808267716537
20
-4.9422757086614171
11
5.8044804330708661
21
-4.9422761023622046
0
LINE
8
BLACK
6
CONTINUOUS
10
5.8044804330708661
20
-4.9422761023622046
11
5.8026305118110235
21
-4.9450446850393703
0
LINE
8
BLACK
6
CONTINUOUS
10
5.8026305118110235
20
-4.9450446850393703
11
5.8007387795275589
21
-4.9465359842519687
0
LINE
8
BLACK
6
CONTINUOUS
10
5.8007387795275589
20
-4.9465359842519687
11
5.7983317322834642
21
-4.9466305511811024
0
LINE
8
BLACK
6
CONTINUOUS
10
5.7983317322834642
20
-4.9466305511811024
11
5.7963288582677164
21
-4.9452922047244092
0
LINE
8
BLACK
6
CONTINUOUS
10
5.7963288582677164
20
-4.9452922047244092
11
5.7954951181102361
21
-4.9430322440944883
0
LINE
8
BLACK
6
CONTINUOUS
10
5.7954951181102361
20
-4.9430322440944883
11
5.7954921259842518
21
-4.9428792519685034
0
LINE
8
BLACK
6
CONTINUOUS
10
5.7954921259842518
20
-4.9428792519685034
11
5.7954921259842518
21
-4.9130261811023619
0
LINE
8
BLACK
6
CONTINUOUS
10
5.7954921259842518
20
-4.9130261811023619
11
5.796236496062992
21
-4.9107351968503936
0
LINE
8
BLACK
6
CONTINUOUS
10
5.796236496062992
20
-4.9107351968503936
11
5.7981853149606302
21
-4.9093192913385826
0
LINE
8
BLACK
6
CONTINUOUS
10
5.7981853149606302
20
-4.9093192913385826
11
5.8005942125984253
21
-4.9093192913385826
0
LINE
8
BLACK
6
CONTINUOUS
10
5.8005942125984253
20
-4.9093192913385826
11
5.8025430314960627
21
-4.9107351968503936
0
LINE
8
BLACK
6
CONTINUOUS
10
5.8025430314960627
20
-4.9107351968503936
11
5.8026305118110235
21
-4.9108607480314959
0
LINE
8
BLACK
6
CONTINUOUS
10
5.8026305118110235
20
-4.9108607480314959
11
5.8040774015748031
21
-4.9130261811023619
0
LINE
8
BLACK
6
CONTINUOUS
10
5.8040774015748031
20
-4.9130261811023619
11
5.8044805511811024
21
-4.9136294881889766
0
LINE
8
BLACK
6
CONTINUOUS
10
5.8044805511811024
20
-4.9136294881889766
11
5.8044807086614174
21
-4.9136296456692916
0
LINE
8
BLACK
6
CONTINUOUS
10
5.8044807086614174
20
-4.9136296456692916
11
5.8070851574803148
21
-4.9153699212598427
0
LINE
8
BLACK
6
CONTINUOUS
10
5.8070851574803148
20
-4.9153699212598427
11
5.8092896850393698
21
-4.9158083858267716
0
LINE
8
BLACK
6
CONTINUOUS
10
5.8092896850393698
20
-4.9158083858267716
11
5.809358700787401
21
-4.9158238582677161
0
LINE
8
BLACK
6
CONTINUOUS
10
5.809358700787401
20
-4.9158238582677161
11
5.809381771653543
21
-4.9158266929133854
0
LINE
8
BLACK
6
CONTINUOUS
10
5.809381771653543
20
-4.9158266929133854
11
5.8093818503937005
21
-4.9158267322834641
0
LINE
8
BLACK
6
CONTINUOUS
10
5.8093818503937005
20
-4.9158267322834641
11
5.8093820078740155
21
-4.9158267716535429
0
LINE
8
BLACK
6
CONTINUOUS
10
5.8093820078740155
20
-4.9158267716535429
11
5.8352361417322829
21
-4.9158267716535429
0
LINE
8
BLACK
6
CONTINUOUS
10
5.8352361417322829
20
-4.9158267716535429
11
5.8352361811023616
21
-4.9158267716535429
0
LINE
8
BLACK
6
CONTINUOUS
10
5.8352361811023616
20
-4.9158267716535429
11
5.8352362204724404
21
-4.9158267322834641
0
LINE
8
BLACK
6
CONTINUOUS
10
5.8352362204724404
20
-4.9158267322834641
11
5.8352362204724404
21
-4.9079527559055114
0
LINE
8
BLACK
6
CONTINUOUS
10
5.8352362204724404
20
-4.9079527559055114
11
5.8101574803149605
21
-4.9079527559055114
0
LINE
8
BLACK
6
CONTINUOUS
10
5.8101574803149605
20
-4.9079527559055114
11
5.8101574803149605
21
-4.8479527559055118
0
LINE
8
BLACK
6
CONTINUOUS
10
5.8101574803149605
20
-4.8479527559055118
11
5.8352362204724404
21
-4.8479527559055118
0
LINE
8
BLACK
6
CONTINUOUS
10
5.8352362204724404
20
-4.8479527559055118
11
5.8352362204724404
21
-4.8400788188976378
0
LINE
8
BLACK
6
CONTINUOUS
10
5.8352362204724404
20
-4.8400788188976378
11
5.8352362204724404
21
-4.840078779527559
0
LINE
8
BLACK
6
CONTINUOUS
10
5.8352362204724404
20
-4.840078779527559
11
5.8352361811023616
21
-4.8400787401574803
0
LINE
8
BLACK
6
CONTINUOUS
10
5.8352361811023616
20
-4.8400787401574803
11
5.8352361417322829
21
-4.8400787401574803
0
LINE
8
BLACK
6
CONTINUOUS
10
5.8352361417322829
20
-4.8400787401574803
11
5.8093816535433067
21
-4.8400787401574803
0
LINE
8
BLACK
6
CONTINUOUS
10
5.8093816535433067
20
-4.8400787401574803
11
5.8070852362204723
21
-4.8405355118110238
0
LINE
8
BLACK
6
CONTINUOUS
10
5.8070852362204723
20
-4.8405355118110238
11
5.8070851181102361
21
-4.8405355511811026
0
LINE
8
BLACK
6
CONTINUOUS
10
5.8070851181102361
20
-4.8405355511811026
11
5.8044808267716537
21
-4.8422757086614174
0
LINE
8
BLACK
6
CONTINUOUS
10
5.8044808267716537
20
-4.8422757086614174
11
5.8044804330708661
21
-4.842276102362205
0
LINE
8
BLACK
6
CONTINUOUS
10
5.8044804330708661
20
-4.842276102362205
11
5.8026305118110235
21
-4.8450446850393698
0
LINE
8
BLACK
6
CONTINUOUS
10
5.8026305118110235
20
-4.8450446850393698
11
5.8007387795275589
21
-4.8465359842519682
0
LINE
8
BLACK
6
CONTINUOUS
10
5.8007387795275589
20
-4.8465359842519682
11
5.7983317322834642
21
-4.8466305511811019
0
LINE
8
BLACK
6
CONTINUOUS
10
5.7983317322834642
20
-4.8466305511811019
11
5.7963288582677164
21
-4.8452922047244096
0
LINE
8
BLACK
6
CONTINUOUS
10
5.7963288582677164
20
-4.8452922047244096
11
5.7954951181102361
21
-4.8430322440944877
0
LINE
8
BLACK
6
CONTINUOUS
10
5.7954951181102361
20
-4.8430322440944877
11
5.7954921259842518
21
-4.8428792519685038
0
LINE
8
BLACK
6
CONTINUOUS
10
5.7954921259842518
20
-4.8428792519685038
11
5.7954921259842518
21
-4.8219430314960627
0
LINE
8
BLACK
6
CONTINUOUS
10
5.7954921259842518
20
-4.8219430314960627
11
5.795492086614173
21
-4.8219426377952752
0
LINE
8
BLACK
6
CONTINUOUS
10
5.795492086614173
20
-4.8219426377952752
11
5.7953153543307083
21
-4.8202608267716531
0
LINE
8
BLACK
6
CONTINUOUS
10
5.7953153543307083
20
-4.8202608267716531
11
5.7953153543307083
21
-4.8202607874015744
0
LINE
8
BLACK
6
CONTINUOUS
10
5.7953153543307083
20
-4.8202607874015744
11
5.7949783858267718
21
-4.8186754330708661
0
LINE
8
BLACK
6
CONTINUOUS
10
5.7949783858267718
20
-4.8186754330708661
11
5.7948304724409452
21
-4.8180885826771656
0
LINE
8
BLACK
6
CONTINUOUS
10
5.7948304724409452
20
-4.8180885826771656
11
5.7930769685039367
21
-4.8149437795275594
0
LINE
8
BLACK
6
CONTINUOUS
10
5.7930769685039367
20
-4.8149437795275594
11
5.7930768897637792
21
-4.8149437007874019
0
LINE
8
BLACK
6
CONTINUOUS
10
5.7930768897637792
20
-4.8149437007874019
11
5.7930768503937005
21
-4.8149436220472444
0
LINE
8
BLACK
6
CONTINUOUS
10
5.7930768503937005
20
-4.8149436220472444
11
5.7914651181102359
21
-4.8131537007874012
0
LINE
8
BLACK
6
CONTINUOUS
10
5.7914651181102359
20
-4.8131537007874012
11
5.7898904724409448
21
-4.8118785826771653
0
LINE
8
BLACK
6
CONTINUOUS
10
5.7898904724409448
20
-4.8118785826771653
11
5.7868871259842516
21
-4.8101446456692916
0
LINE
8
BLACK
6
CONTINUOUS
10
5.7868871259842516
20
-4.8101446456692916
11
5.7843435433070862
21
-4.8076010629921262
0
LINE
8
BLACK
6
CONTINUOUS
10
5.7843435433070862
20
-4.8076010629921262
11
5.7825449606299211
21
-4.8044857874015747
0
LINE
8
BLACK
6
CONTINUOUS
10
5.7825449606299211
20
-4.8044857874015747
11
5.7816139370078741
21
-4.8010111811023624
0
LINE
8
BLACK
6
CONTINUOUS
10
5.7816139370078741
20
-4.8010111811023624
11
5.7816139370078741
21
-4.7974140157480312
0
LINE
8
BLACK
6
CONTINUOUS
10
5.7816139370078741
20
-4.7974140157480312
11
5.7825449606299211
21
-4.7939394094488188
0
LINE
8
BLACK
6
CONTINUOUS
10
5.7825449606299211
20
-4.7939394094488188
11
5.7843435433070862
21
-4.7908241338582673
0
LINE
8
BLACK
6
CONTINUOUS
10
5.7843435433070862
20
-4.7908241338582673
11
5.7868871259842516
21
-4.788280551181102
0
LINE
8
BLACK
6
CONTINUOUS
10
5.7868871259842516
20
-4.788280551181102
11
5.7900024015748031
21
-4.7864819685039368
0
LINE
8
BLACK
6
CONTINUOUS
10
5.7900024015748031
20
-4.7864819685039368
11
5.7934770078740154
21
-4.7855509448818898
0
LINE
8
BLACK
6
CONTINUOUS
10
5.7934770078740154
20
-4.7855509448818898
11
5.7937818110236217
21
-4.7855509448818898
0
LINE
8
BLACK
6
CONTINUOUS
10
5.7937818110236217
20
-4.7855509448818898
11
5.7947430708661418
21
-4.7852933858267717
0
LINE
8
BLACK
6
CONTINUOUS
10
5.7947430708661418
20
-4.7852933858267717
11
5.7966942519685034
21
-4.7844852362204726
0
LINE
8
BLACK
6
CONTINUOUS
10
5.7966942519685034
20
-4.7844852362204726
11
5.798441496062992
21
-4.7834764960629919
0
LINE
8
BLACK
6
CONTINUOUS
10
5.798441496062992
20
-4.7834764960629919
11
5.8001171653543304
21
-4.7821906692913387
0
LINE
8
BLACK
6
CONTINUOUS
10
5.8001171653543304
20
-4.7821906692913387
11
5.8510359842519684
21
-4.7312718897637795
0
LINE
8
BLACK
6
CONTINUOUS
10
5.8510359842519684
20
-4.7312718897637795
11
5.8514672834645669
21
-4.7308053543307089
0
LINE
8
BLACK
6
CONTINUOUS
10
5.8514672834645669
20
-4.7308053543307089
11
5.8518644881889763
21
-4.7303402755905513
0
LINE
8
BLACK
6
CONTINUOUS
10
5.8518644881889763
20
-4.7303402755905513
11
5.8534069291338584
21
-4.7275860236220471
0
LINE
8
BLACK
6
CONTINUOUS
10
5.8534069291338584
20
-4.7275860236220471
11
5.8541512992125986
21
-4.7252950393700788
0
LINE
8
BLACK
6
CONTINUOUS
10
5.8541512992125986
20
-4.7252950393700788
11
5.8543501574803152
21
-4.7240394488188979
0
LINE
8
BLACK
6
CONTINUOUS
10
5.8543501574803152
20
-4.7240394488188979
11
5.8545472440944879
21
-4.7227950787401571
0
LINE
8
BLACK
6
CONTINUOUS
10
5.8545472440944879
20
-4.7227950787401571
11
5.8545472440944879
21
-4.6945283858267715
0
LINE
8
BLACK
6
CONTINUOUS
10
5.8545472440944879
20
-4.6945283858267715
11
5.8545472440944879
21
-4.6945278740157477
0
LINE
8
BLACK
6
CONTINUOUS
10
5.8545472440944879
20
-4.6945278740157477
11
5.8545222834645667
21
-4.6938930314960627
0
LINE
8
BLACK
6
CONTINUOUS
10
5.8545222834645667
20
-4.6938930314960627
11
5.8544742913385823
21
-4.693283307086614
0
LINE
8
BLACK
6
CONTINUOUS
10
5.8544742913385823
20
-4.693283307086614
11
5.8536174803149601
21
-4.6902451968503938
0
LINE
8
BLACK
6
CONTINUOUS
10
5.8536174803149601
20
-4.6902451968503938
11
5.8525238976377949
21
-4.6880988582677166
0
LINE
8
BLACK
6
CONTINUOUS
10
5.8525238976377949
20
-4.6880988582677166
11
5.8525238188976374
21
-4.6880987401574803
0
LINE
8
BLACK
6
CONTINUOUS
10
5.8525238188976374
20
-4.6880987401574803
11
5.8510361417322834
21
-4.6860511417322837
0
LINE
8
BLACK
6
CONTINUOUS
10
5.8510361417322834
20
-4.6860511417322837
11
5.8510360629921259
21
-4.6860510629921261
0
LINE
8
BLACK
6
CONTINUOUS
10
5.8510360629921259
20
-4.6860510629921261
11
5.8510359842519684
21
-4.6860509448818899
0
LINE
8
BLACK
6
CONTINUOUS
10
5.8510359842519684
20
-4.6860509448818899
11
5.8336340944881888
21
-4.6686490551181103
0
LINE
8
BLACK
6
CONTINUOUS
10
5.8336340944881888
20
-4.6686490551181103
11
5.8336335433070863
21
-4.6686485433070866
0
LINE
8
BLACK
6
CONTINUOUS
10
5.8336335433070863
20
-4.6686485433070866
11
5.833633267716535
21
-4.6686482677165353
0
LINE
8
BLACK
6
CONTINUOUS
10
5.833633267716535
20
-4.6686482677165353
11
5.833167913385827
21
-4.6682180708661418
0
LINE
8
BLACK
6
CONTINUOUS
10
5.833167913385827
20
-4.6682180708661418
11
5.8327899212598426
21
-4.6678952362204722
0
LINE
8
BLACK
6
CONTINUOUS
10
5.8327899212598426
20
-4.6678952362204722
11
5.8327024803149605
21
-4.6678205511811024
0
LINE
8
BLACK
6
CONTINUOUS
10
5.8327024803149605
20
-4.6678205511811024
11
5.8299482283464563
21
-4.6662781102362203
0
LINE
8
BLACK
6
CONTINUOUS
10
5.8299482283464563
20
-4.6662781102362203
11
5.827657244094488
21
-4.6655337401574801
0
LINE
8
BLACK
6
CONTINUOUS
10
5.827657244094488
20
-4.6655337401574801
11
5.8276571259842518
21
-4.6655337007874014
0
LINE
8
BLACK
6
CONTINUOUS
10
5.8276571259842518
20
-4.6655337007874014
11
5.8276571653543305
21
-4.6655337007874014
0
LINE
8
BLACK
6
CONTINUOUS
10
5.8276571653543305
20
-4.6655337007874014
11
5.8251572834645664
21
-4.6651377952755908
0
LINE
8
BLACK
6
CONTINUOUS
10
5.8251572834645664
20
-4.6651377952755908
11
5.8251571653543301
21
-4.6651377952755908
0
LINE
8
BLACK
6
CONTINUOUS
10
5.8251571653543301
20
-4.6651377952755908
11
5.6551577952755903
21
-4.6651377952755908
0
LINE
8
BLACK
6
CONTINUOUS
10
5.6551577952755903
20
-4.6651377952755908
11
5.6547345669291333
21
-4.6651544094488191
0
LINE
8
BLACK
6
CONTINUOUS
10
5.6547345669291333
20
-4.6651544094488191
11
5.6545226771653541
21
-4.665162755905512
0
LINE
8
BLACK
6
CONTINUOUS
10
5.6545226771653541
20
-4.665162755905512
11
5.653989409448819
21
-4.665204724409449
0
LINE
8
BLACK
6
CONTINUOUS
10
5.653989409448819
20
-4.665204724409449
11
5.6539132283464566
21
-4.6652107480314964
0
LINE
8
BLACK
6
CONTINUOUS
10
5.6539132283464566
20
-4.6652107480314964
11
5.6539131102362203
21
-4.6652107480314964
0
LINE
8
BLACK
6
CONTINUOUS
10
5.6539131102362203
20
-4.6652107480314964
11
5.6539130708661416
21
-4.6652107874015751
0
LINE
8
BLACK
6
CONTINUOUS
10
5.6539130708661416
20
-4.6652107874015751
11
5.6508751968503939
21
-4.666067519685039
0
LINE
8
BLACK
6
CONTINUOUS
10
5.6508751968503939
20
-4.666067519685039
11
5.6508749606299213
21
-4.6660675984251965
0
LINE
8
BLACK
6
CONTINUOUS
10
5.6508749606299213
20
-4.6660675984251965
11
5.6487286614173229
21
-4.6671611811023617
0
LINE
8
BLACK
6
CONTINUOUS
10
5.6487286614173229
20
-4.6671611811023617
11
5.6466810629921262
21
-4.6686488582677166
0
LINE
8
BLACK
6
CONTINUOUS
10
5.6466810629921262
20
-4.6686488582677166
11
5.6466808661417325
21
-4.6686490157480316
0
LINE
8
BLACK
6
CONTINUOUS
10
5.6466808661417325
20
-4.6686490157480316
11
5.6466808661417325
21
-4.6686490551181103
0
LINE
8
BLACK
6
CONTINUOUS
10
5.6466808661417325
20
-4.6686490551181103
11
5.6294832283464569
21
-4.6858466535433072
0
LINE
8
BLACK
6
CONTINUOUS
10
5.6294832283464569
20
-4.6858466535433072
11
5.6273370078740159
21
-4.6869401968503936
0
LINE
8
BLACK
6
CONTINUOUS
10
5.6273370078740159
20
-4.6869401968503936
11
5.6267272834645672
21
-4.686988188976378
0
LINE
8
BLACK
6
CONTINUOUS
10
5.6267272834645672
20
-4.686988188976378
11
5.5591287401574805
21
-4.686988188976378
0
LINE
8
BLACK
6
CONTINUOUS
10
5.5591287401574805
20
-4.686988188976378
11
5.5579242913385825
21
-4.6867974015748031
0
LINE
8
BLACK
6
CONTINUOUS
10
5.5579242913385825
20
-4.6867974015748031
11
5.557009842519685
21
-4.6865002755905509
0
LINE
8
BLACK
6
CONTINUOUS
10
5.557009842519685
20
-4.6865002755905509
11
5.5554582283464562
21
-4.6855494881889763
0
LINE
8
BLACK
6
CONTINUOUS
10
5.5554582283464562
20
-4.6855494881889763
11
5.4130150393700784
21
-4.5431062992125986
0
LINE
8
BLACK
6
CONTINUOUS
10
5.4130150393700784
20
-4.5431062992125986
11
5.412298267716535
21
-4.5421197244094484
0
LINE
8
BLACK
6
CONTINUOUS
10
5.412298267716535
20
-4.5421197244094484
11
5.4118617322834641
21
-4.541262952755905
0
LINE
8
BLACK
6
CONTINUOUS
10
5.4118617322834641
20
-4.541262952755905
11
5.4114370078740155
21
-4.5394935826771654
0
LINE
8
BLACK
6
CONTINUOUS
10
5.4114370078740155
20
-4.5394935826771654
11
5.4114370078740155
21
-4.5181568897637794
0
LINE
8
BLACK
6
CONTINUOUS
10
5.4114370078740155
20
-4.5181568897637794
11
5.4115655905511808
21
-4.5177611023622042
0
LINE
8
BLACK
6
CONTINUOUS
10
5.4115655905511808
20
-4.5177611023622042
11
5.4115220078740158
21
-4.5173472834645665
0
LINE
8
BLACK
6
CONTINUOUS
10
5.4115220078740158
20
-4.5173472834645665
11
5.411627716535433
21
-4.5169525984251964
0
LINE
8
BLACK
6
CONTINUOUS
10
5.411627716535433
20
-4.5169525984251964
11
5.411727992125984
21
-4.5166439370078741
0
LINE
8
BLACK
6
CONTINUOUS
10
5.411727992125984
20
-4.5166439370078741
11
5.4120908661417317
21
-4.5161444094488186
0
LINE
8
BLACK
6
CONTINUOUS
10
5.4120908661417317
20
-4.5161444094488186
11
5.4121813779527557
21
-4.5158659055118111
0
LINE
8
BLACK
6
CONTINUOUS
10
5.4121813779527557
20
-4.5158659055118111
11
5.4127260629921254
21
-4.5152609055118109
0
LINE
8
BLACK
6
CONTINUOUS
10
5.4127260629921254
20
-4.5152609055118109
11
5.4127453937007877
21
-4.5152434645669288
0
LINE
8
BLACK
6
CONTINUOUS
10
5.4127453937007877
20
-4.5152434645669288
11
5.4131438188976375
21
-4.5146950787401572
0
LINE
8
BLACK
6
CONTINUOUS
10
5.4131438188976375
20
-4.5146950787401572
11
5.415434763779527
21
-4.5139505905511808
0
LINE
8
BLACK
6
CONTINUOUS
10
5.415434763779527
20
-4.5139505905511808
11
5.417008307086614
21
-4.5144617716535436
0
LINE
8
BLACK
6
CONTINUOUS
10
5.417008307086614
20
-4.5144617716535436
11
5.4175172440944879
21
-4.5145698818897637
0
LINE
8
BLACK
6
CONTINUOUS
10
5.4175172440944879
20
-4.5145698818897637
11
5.4175901574803147
21
-4.5146508267716534
0
LINE
8
BLACK
6
CONTINUOUS
10
5.4175901574803147
20
-4.5146508267716534
11
5.4177257480314962
21
-4.5146948818897634
0
LINE
8
BLACK
6
CONTINUOUS
10
5.4177257480314962
20
-4.5146948818897634
11
5.4177258661417325
21
-4.5146949606299209
0
LINE
8
BLACK
6
CONTINUOUS
10
5.4177258661417325
20
-4.5146949606299209
11
5.4178600393700789
21
-4.5147924409448814
0
LINE
8
BLACK
6
CONTINUOUS
10
5.4178600393700789
20
-4.5147924409448814
11
5.4189444881889761
21
-4.5159967716535432
0
LINE
8
BLACK
6
CONTINUOUS
10
5.4189444881889761
20
-4.5159967716535432
11
5.4194963385826771
21
-4.5169525984251964
0
LINE
8
BLACK
6
CONTINUOUS
10
5.4194963385826771
20
-4.5169525984251964
11
5.4196650787401577
21
-4.5172448031496062
0
LINE
8
BLACK
6
CONTINUOUS
10
5.4196650787401577
20
-4.5172448031496062
11
5.4196651181102364
21
-4.5172448425196849
0
LINE
8
BLACK
6
CONTINUOUS
10
5.4196651181102364
20
-4.5172448425196849
11
5.423700196850394
21
-4.5212798818897637
0
LINE
8
BLACK
6
CONTINUOUS
10
5.423700196850394
20
-4.5212798818897637
11
5.4237218897637796
21
-4.5212955511811019
0
LINE
8
BLACK
6
CONTINUOUS
10
5.4237218897637796
20
-4.5212955511811019
11
5.4238007086614175
21
-4.5213379527559052
0
LINE
8
BLACK
6
CONTINUOUS
10
5.4238007086614175
20
-4.5213379527559052
11
5.4286421653543302
21
-4.5241331496062989
0
LINE
8
BLACK
6
CONTINUOUS
10
5.4286421653543302
20
-4.5241331496062989
11
5.4286422047244089
21
-4.5241331496062989
0
LINE
8
BLACK
6
CONTINUOUS
10
5.4286422047244089
20
-4.5241331496062989
11
5.4286423228346452
21
-4.5241332283464564
0
LINE
8
BLACK
6
CONTINUOUS
10
5.4286423228346452
20
-4.5241332283464564
11
5.4341545275590546
21
-4.525610236220472
0
LINE
8
BLACK
6
CONTINUOUS
10
5.4341545275590546
20
-4.525610236220472
11
5.4341545669291333
21
-4.525610236220472
0
LINE
8
BLACK
6
CONTINUOUS
10
5.4341545669291333
20
-4.525610236220472
11
5.4398611811023621
21
-4.525610236220472
0
LINE
8
BLACK
6
CONTINUOUS
10
5.4398611811023621
20
-4.525610236220472
11
5.4398612204724408
21
-4.525610236220472
0
LINE
8
BLACK
6
CONTINUOUS
10
5.4398612204724408
20
-4.525610236220472
11
5.4453734251968502
21
-4.5241332283464564
0
LINE
8
BLACK
6
CONTINUOUS
10
5.4453734251968502
20
-4.5241332283464564
11
5.4453734645669289
21
-4.5241331889763776
0
LINE
8
BLACK
6
CONTINUOUS
10
5.4453734645669289
20
-4.5241331889763776
11
5.4453735433070865
21
-4.5241331496062989
0
LINE
8
BLACK
6
CONTINUOUS
10
5.4453735433070865
20
-4.5241331496062989
11
5.4453735826771652
21
-4.5241331496062989
0
LINE
8
BLACK
6
CONTINUOUS
10
5.4453735826771652
20
-4.5241331496062989
11
5.4500740157480312
21
-4.5214193307086612
0
LINE
8
BLACK
6
CONTINUOUS
10
5.4500740157480312
20
-4.5214193307086612
11
5.4501877165354333
21
-4.521364094488189
0
LINE
8
BLACK
6
CONTINUOUS
10
5.4501877165354333
20
-4.521364094488189
11
5.4502186614173231
21
-4.5213437401574801
0
LINE
8
BLACK
6
CONTINUOUS
10
5.4502186614173231
20
-4.5213437401574801
11
5.4504158661417321
21
-4.5212219291338585
0
LINE
8
BLACK
6
CONTINUOUS
10
5.4504158661417321
20
-4.5212219291338585
11
5.4504670078740158
21
-4.5211923622047241
0
LINE
8
BLACK
6
CONTINUOUS
10
5.4504670078740158
20
-4.5211923622047241
11
5.4506779527559051
21
-4.5209174409448813
0
LINE
8
BLACK
6
CONTINUOUS
10
5.4506779527559051
20
-4.5209174409448813
11
5.4543507480314961
21
-4.5172446850393699
0
LINE
8
BLACK
6
CONTINUOUS
10
5.4543507480314961
20
-4.5172446850393699
11
5.4553056692913389
21
-4.5155907480314958
0
LINE
8
BLACK
6
CONTINUOUS
10
5.4553056692913389
20
-4.5155907480314958
11
5.4572040157480313
21
-4.5123027165354328
0
LINE
8
BLACK
6
CONTINUOUS
10
5.4572040157480313
20
-4.5123027165354328
11
5.4572040157480313
21
-4.5123026377952753
0
LINE
8
BLACK
6
CONTINUOUS
10
5.4572040157480313
20
-4.5123026377952753
11
5.4572040944881888
21
-4.5123025590551178
0
LINE
8
BLACK
6
CONTINUOUS
10
5.4572040944881888
20
-4.5123025590551178
11
5.4586811023622044
21
-4.5067903543307084
0
LINE
8
BLACK
6
CONTINUOUS
10
5.4586811023622044
20
-4.5067903543307084
11
5.4586811023622044
21
-4.5026186220472439
0
LINE
8
BLACK
6
CONTINUOUS
10
5.4586811023622044
20
-4.5026186220472439
11
5.4588718110236218
21
-4.5014143307086609
0
LINE
8
BLACK
6
CONTINUOUS
10
5.4588718110236218
20
-4.5014143307086609
11
5.4589792519685041
21
-4.5010836220472443
0
LINE
8
BLACK
6
CONTINUOUS
10
5.4589792519685041
20
-4.5010836220472443
11
5.459168937007874
21
-4.5004997244094485
0
LINE
8
BLACK
6
CONTINUOUS
10
5.459168937007874
20
-4.5004997244094485
11
5.4601198031496061
21
-4.4989481102362205
0
LINE
8
BLACK
6
CONTINUOUS
10
5.4601198031496061
20
-4.4989481102362205
11
5.465858267716535
21
-4.4932096456692916
0
LINE
8
BLACK
6
CONTINUOUS
10
5.465858267716535
20
-4.4932096456692916
11
5.4688698031496061
21
-4.4901981102362205
0
LINE
8
BLACK
6
CONTINUOUS
10
5.4688698031496061
20
-4.4901981102362205
11
5.5278137401574803
21
-4.4312542125984251
0
LINE
8
BLACK
6
CONTINUOUS
10
5.5278137401574803
20
-4.4312542125984251
11
5.5515188976377949
21
-4.4075490551181105
0
LINE
8
BLACK
6
CONTINUOUS
10
5.5515188976377949
20
-4.4075490551181105
11
5.5903443307086613
21
-4.3687235826771653
0
LINE
8
BLACK
6
CONTINUOUS
10
5.5903443307086613
20
-4.3687235826771653
11
5.5913306299212593
21
-4.3680070078740156
0
LINE
8
BLACK
6
CONTINUOUS
10
5.5913306299212593
20
-4.3680070078740156
11
5.5921875984251965
21
-4.3675703937007873
0
LINE
8
BLACK
6
CONTINUOUS
10
5.5921875984251965
20
-4.3675703937007873
11
5.5939569291338582
21
-4.3671456692913386
0
LINE
8
BLACK
6
CONTINUOUS
10
5.5939569291338582
20
-4.3671456692913386
11
5.7615295669291333
21
-4.3671456692913386
0
LINE
8
BLACK
6
CONTINUOUS
10
5.7615295669291333
20
-4.3671456692913386
11
5.7615296456692908
21
-4.3671456692913386
0
LINE
8
BLACK
6
CONTINUOUS
10
5.7615296456692908
20
-4.3671456692913386
11
5.7647889370078742
21
-4.3662723622047244
0
LINE
8
BLACK
6
CONTINUOUS
10
5.7647889370078742
20
-4.3662723622047244
11
5.7647890157480317
21
-4.3662722834645669
0
LINE
8
BLACK
6
CONTINUOUS
10
5.7647890157480317
20
-4.3662722834645669
11
5.7647890944881892
21
-4.3662722834645669
0
LINE
8
BLACK
6
CONTINUOUS
10
5.7647890944881892
20
-4.3662722834645669
11
5.7674698031496066
21
-4.3647245275590549
0
LINE
8
BLACK
6
CONTINUOUS
10
5.7674698031496066
20
-4.3647245275590549
11
5.7675830708661415
21
-4.364669566929134
0
LINE
8
BLACK
6
CONTINUOUS
10
5.7675830708661415
20
-4.364669566929134
11
5.7676139370078738
21
-4.3646492519685038
0
LINE
8
BLACK
6
CONTINUOUS
10
5.7676139370078738
20
-4.3646492519685038
11
5.7678114566929128
21
-4.3645272440944884
0
LINE
8
BLACK
6
CONTINUOUS
10
5.7678114566929128
20
-4.3645272440944884
11
5.767862519685039
21
-4.3644977165354328
0
LINE
8
BLACK
6
CONTINUOUS
10
5.767862519685039
20
-4.3644977165354328
11
5.7680733464566929
21
-4.3642229527559051
0
LINE
8
BLACK
6
CONTINUOUS
10
5.7680733464566929
20
-4.3642229527559051
11
5.8448017716535432
21
-4.2874945669291336
0
LINE
8
BLACK
6
CONTINUOUS
10
5.8448017716535432
20
-4.2874945669291336
11
5.8448018897637795
21
-4.2874943700787398
0
LINE
8
BLACK
6
CONTINUOUS
10
5.8448018897637795
20
-4.2874943700787398
11
5.8464888188976376
21
-4.2845725590551176
0
LINE
8
BLACK
6
CONTINUOUS
10
5.8464888188976376
20
-4.2845725590551176
11
5.8464888188976376
21
-4.284572480314961
0
LINE
8
BLACK
6
CONTINUOUS
10
5.8464888188976376
20
-4.284572480314961
11
5.8464888976377951
21
-4.2845724015748035
0
LINE
8
BLACK
6
CONTINUOUS
10
5.8464888976377951
20
-4.2845724015748035
11
5.8473622047244094
21
-4.2813131102362201
0
LINE
8
BLACK
6
CONTINUOUS
10
5.8473622047244094
20
-4.2813131102362201
11
5.8473622047244094
21
-4.2779388582677162
0
LINE
8
BLACK
6
CONTINUOUS
10
5.8473622047244094
20
-4.2779388582677162
11
5.8473622047244094
21
-4.2287287795275592
0
LINE
8
BLACK
6
CONTINUOUS
10
5.8473622047244094
20
-4.2287287795275592
11
5.8475529527559056
21
-4.2275244094488187
0
LINE
8
BLACK
6
CONTINUOUS
10
5.8475529527559056
20
-4.2275244094488187
11
5.8478500787401577
21
-4.2266098818897637
0
LINE
8
BLACK
6
CONTINUOUS
10
5.8478500787401577
20
-4.2266098818897637
11
5.8488009055118111
21
-4.2250582283464562
0
LINE
8
BLACK
6
CONTINUOUS
10
5.8488009055118111
20
-4.2250582283464562
11
5.8518901181102363
21
-4.2219690944881885
0
LINE
8
BLACK
6
CONTINUOUS
10
5.8518901181102363
20
-4.2219690944881885
11
5.854743464566929
21
-4.2170269685039372
0
LINE
8
BLACK
6
CONTINUOUS
10
5.854743464566929
20
-4.2170269685039372
11
5.8562204724409446
21
-4.2115147637795278
0
LINE
8
BLACK
6
CONTINUOUS
10
5.8562204724409446
20
-4.2115147637795278
11
5.8562204724409446
21
-4.2058080708661416
0
LINE
8
BLACK
6
CONTINUOUS
10
5.8562204724409446
20
-4.2058080708661416
11
5.854743464566929
21
-4.2002958661417322
0
LINE
8
BLACK
6
CONTINUOUS
10
5.854743464566929
20
-4.2002958661417322
11
5.8547433858267715
21
-4.200295748031496
0
LINE
8
BLACK
6
CONTINUOUS
10
5.8547433858267715
20
-4.200295748031496
11
5.8547433858267715
21
-4.2002956692913385
0
LINE
8
BLACK
6
CONTINUOUS
10
5.8547433858267715
20
-4.2002956692913385
11
5.8547431889763777
21
-4.2002953543307084
0
LINE
8
BLACK
6
CONTINUOUS
10
5.8547431889763777
20
-4.2002953543307084
11
5.8547305511811025
21
-4.2002674015748029
0
LINE
8
BLACK
6
CONTINUOUS
10
5.8547305511811025
20
-4.2002674015748029
11
5.854680984251968
21
-4.2001875590551183
0
LINE
8
BLACK
6
CONTINUOUS
10
5.854680984251968
20
-4.2001875590551183
11
5.8519482283464566
21
-4.1954542913385824
0
LINE
8
BLACK
6
CONTINUOUS
10
5.8519482283464566
20
-4.1954542913385824
11
5.8519482283464566
21
-4.1954543307086611
0
LINE
8
BLACK
6
CONTINUOUS
10
5.8519482283464566
20
-4.1954543307086611
11
5.8518902362204726
21
-4.1953538976377951
0
LINE
8
BLACK
6
CONTINUOUS
10
5.8518902362204726
20
-4.1953538976377951
11
5.851890157480315
21
-4.1953538188976376
0
LINE
8
BLACK
6
CONTINUOUS
10
5.851890157480315
20
-4.1953538188976376
11
5.8518901181102363
21
-4.1953537401574801
0
LINE
8
BLACK
6
CONTINUOUS
10
5.8518901181102363
20
-4.1953537401574801
11
5.8478549212598425
21
-4.1913185433070863
0
LINE
8
BLACK
6
CONTINUOUS
10
5.8478549212598425
20
-4.1913185433070863
11
5.8478548031496063
21
-4.1913184645669288
0
LINE
8
BLACK
6
CONTINUOUS
10
5.8478548031496063
20
-4.1913184645669288
11
5.8478547244094488
21
-4.1913183858267713
0
LINE
8
BLACK
6
CONTINUOUS
10
5.8478547244094488
20
-4.1913183858267713
11
5.8451682677165353
21
-4.1897673622047247
0
LINE
8
BLACK
6
CONTINUOUS
10
5.8451682677165353
20
-4.1897673622047247
11
5.8443401968503936
21
-4.188847677165354
0
LINE
8
BLACK
6
CONTINUOUS
10
5.8443401968503936
20
-4.188847677165354
11
5.8417479133858263
21
-4.1881530314960633
0
LINE
8
BLACK
6
CONTINUOUS
10
5.8417479133858263
20
-4.1881530314960633
11
5.8417478740157476
21
-4.1881530314960633
0
LINE
8
BLACK
6
CONTINUOUS
10
5.8417478740157476
20
-4.1881530314960633
11
5.837400590551181
21
-4.186988188976378
0
LINE
8
BLACK
6
CONTINUOUS
10
5.837400590551181
20
-4.186988188976378
11
5.8374005118110235
21
-4.186988188976378
0
LINE
8
BLACK
6
CONTINUOUS
10
5.8374005118110235
20
-4.186988188976378
11
5.8316938188976373
21
-4.186988188976378
0
LINE
8
BLACK
6
CONTINUOUS
10
5.8316938188976373
20
-4.186988188976378
11
5.829263307086614
21
-4.1876394094488187
0
LINE
8
BLACK
6
CONTINUOUS
10
5.829263307086614
20
-4.1876394094488187
11
5.8292632677165352
21
-4.18763937007874
0
LINE
8
BLACK
6
CONTINUOUS
10
5.8292632677165352
20
-4.18763937007874
11
5.8261815748031491
21
-4.1884651574803149
0
LINE
8
BLACK
6
CONTINUOUS
10
5.8261815748031491
20
-4.1884651574803149
11
5.8261814566929129
21
-4.1884652362204724
0
LINE
8
BLACK
6
CONTINUOUS
10
5.8261814566929129
20
-4.1884652362204724
11
5.8213472834645668
21
-4.1912562204724413
0
LINE
8
BLACK
6
CONTINUOUS
10
5.8213472834645668
20
-4.1912562204724413
11
5.821347086614173
21
-4.1912563779527554
0
LINE
8
BLACK
6
CONTINUOUS
10
5.821347086614173
20
-4.1912563779527554
11
5.8212397244094483
21
-4.1913183858267713
0
LINE
8
BLACK
6
CONTINUOUS
10
5.8212397244094483
20
-4.1913183858267713
11
5.8212396850393695
21
-4.1913184251968501
0
LINE
8
BLACK
6
CONTINUOUS
10
5.8212396850393695
20
-4.1913184251968501
11
5.8212395669291341
21
-4.1913185039370076
0
LINE
8
BLACK
6
CONTINUOUS
10
5.8212395669291341
20
-4.1913185039370076
11
5.8212395669291341
21
-4.1913185433070863
0
LINE
8
BLACK
6
CONTINUOUS
10
5.8212395669291341
20
-4.1913185433070863
11
5.8207754724409444
21
-4.1917825590551177
0
LINE
8
BLACK
6
CONTINUOUS
10
5.8207754724409444
20
-4.1917825590551177
11
5.8207746062992127
21
-4.1917834251968502
0
LINE
8
BLACK
6
CONTINUOUS
10
5.8207746062992127
20
-4.1917834251968502
11
5.8191176771653543
21
-4.1934403543307086
0
LINE
8
BLACK
6
CONTINUOUS
10
5.8191176771653543
20
-4.1934403543307086
11
5.8181313385826767
21
-4.1941570078740158
0
LINE
8
BLACK
6
CONTINUOUS
10
5.8181313385826767
20
-4.1941570078740158
11
5.8177477559055113
21
-4.1943524803149606
0
LINE
8
BLACK
6
CONTINUOUS
10
5.8177477559055113
20
-4.1943524803149606
11
5.8153685826771655
21
-4.1947294488188973
0
LINE
8
BLACK
6
CONTINUOUS
10
5.8153685826771655
20
-4.1947294488188973
11
5.8132221653543308
21
-4.1936359842519684
0
LINE
8
BLACK
6
CONTINUOUS
10
5.8132221653543308
20
-4.1936359842519684
11
5.8121880708661413
21
-4.1917894881889763
0
LINE
8
BLACK
6
CONTINUOUS
10
5.8121880708661413
20
-4.1917894881889763
11
5.8121351968503934
21
-4.1915692125984254
0
LINE
8
BLACK
6
CONTINUOUS
10
5.8121351968503934
20
-4.1915692125984254
11
5.8120275590551183
21
-4.1906594881889765
0
LINE
8
BLACK
6
CONTINUOUS
10
5.8120275590551183
20
-4.1906594881889765
11
5.8120275590551183
21
-4.1728942125984254
0
LINE
8
BLACK
6
CONTINUOUS
10
5.8120275590551183
20
-4.1728942125984254
11
5.8122182677165357
21
-4.1716899212598424
0
LINE
8
BLACK
6
CONTINUOUS
10
5.8122182677165357
20
-4.1716899212598424
11
5.812515393700787
21
-4.1707753149606299
0
LINE
8
BLACK
6
CONTINUOUS
10
5.812515393700787
20
-4.1707753149606299
11
5.8134661417322837
21
-4.1692238188976374
0
LINE
8
BLACK
6
CONTINUOUS
10
5.8134661417322837
20
-4.1692238188976374
11
5.8295174803149603
21
-4.153172440944882
0
LINE
8
BLACK
6
CONTINUOUS
10
5.8295174803149603
20
-4.153172440944882
11
5.8305040157480317
21
-4.1524557086614173
0
LINE
8
BLACK
6
CONTINUOUS
10
5.8305040157480317
20
-4.1524557086614173
11
5.8313609055118105
21
-4.1520191732283465
0
LINE
8
BLACK
6
CONTINUOUS
10
5.8313609055118105
20
-4.1520191732283465
11
5.8331301574803147
21
-4.1515944881889766
0
LINE
8
BLACK
6
CONTINUOUS
10
5.8331301574803147
20
-4.1515944881889766
11
5.8374989763779528
21
-4.1515944881889766
0
LINE
8
BLACK
6
CONTINUOUS
10
5.8374989763779528
20
-4.1515944881889766
11
5.8374990157480315
21
-4.1515944881889766
0
LINE
8
BLACK
6
CONTINUOUS
10
5.8374990157480315
20
-4.1515944881889766
11
5.8430112204724409
21
-4.150117480314961
0
LINE
8
BLACK
6
CONTINUOUS
10
5.8430112204724409
20
-4.150117480314961
11
5.8430112598425197
21
-4.1501174409448822
0
LINE
8
BLACK
6
CONTINUOUS
10
5.8430112598425197
20
-4.1501174409448822
11
5.8430113385826772
21
-4.1501174015748035
0
LINE
8
BLACK
6
CONTINUOUS
10
5.8430113385826772
20
-4.1501174015748035
11
5.8430113779527559
21
-4.1501174015748035
0
LINE
8
BLACK
6
CONTINUOUS
10
5.8430113779527559
20
-4.1501174015748035
11
5.8477118110236219
21
-4.1474035826771649
0
LINE
8
BLACK
6
CONTINUOUS
10
5.8477118110236219
20
-4.1474035826771649
11
5.8478255118110232
21
-4.1473483464566927
0
LINE
8
BLACK
6
CONTINUOUS
10
5.8478255118110232
20
-4.1473483464566927
11
5.847856456692913
21
-4.1473279921259838
0
LINE
8
BLACK
6
CONTINUOUS
10
5.847856456692913
20
-4.1473279921259838
11
5.8480536614173229
21
-4.1472061811023622
0
LINE
8
BLACK
6
CONTINUOUS
10
5.8480536614173229
20
-4.1472061811023622
11
5.8481048031496066
21
-4.1471766141732287
0
LINE
8
BLACK
6
CONTINUOUS
10
5.8481048031496066
20
-4.1471766141732287
11
5.8483157480314958
21
-4.146901692913386
0
LINE
8
BLACK
6
CONTINUOUS
10
5.8483157480314958
20
-4.146901692913386
11
5.8519885433070868
21
-4.1432289370078736
0
LINE
8
BLACK
6
CONTINUOUS
10
5.8519885433070868
20
-4.1432289370078736
11
5.8532288188976374
21
-4.141080748031496
0
LINE
8
BLACK
6
CONTINUOUS
10
5.8532288188976374
20
-4.141080748031496
11
5.854841811023622
21
-4.1382869685039365
0
LINE
8
BLACK
6
CONTINUOUS
10
5.854841811023622
20
-4.1382869685039365
11
5.854841811023622
21
-4.138286889763779
0
LINE
8
BLACK
6
CONTINUOUS
10
5.854841811023622
20
-4.138286889763779
11
5.8548418897637795
21
-4.1382868110236224
0
LINE
8
BLACK
6
CONTINUOUS
10
5.8548418897637795
20
-4.1382868110236224
11
5.8563188976377951
21
-4.1327746062992121
0
LINE
8
BLACK
6
CONTINUOUS
10
5.8563188976377951
20
-4.1327746062992121
11
5.8563188976377951
21
-4.1270679133858268
0
LINE
8
BLACK
6
CONTINUOUS
10
5.8563188976377951
20
-4.1270679133858268
11
5.8548418897637795
21
-4.1215557086614174
0
LINE
8
BLACK
6
CONTINUOUS
10
5.8548418897637795
20
-4.1215557086614174
11
5.854841811023622
21
-4.1215555905511811
0
LINE
8
BLACK
6
CONTINUOUS
10
5.854841811023622
20
-4.1215555905511811
11
5.854841811023622
21
-4.1215555118110236
0
LINE
8
BLACK
6
CONTINUOUS
10
5.854841811023622
20
-4.1215555118110236
11
5.8548416141732282
21
-4.1215551968503936
0
LINE
8
BLACK
6
CONTINUOUS
10
5.8548416141732282
20
-4.1215551968503936
11
5.8548289763779522
21
-4.1215272440944881
0
LINE
8
BLACK
6
CONTINUOUS
10
5.8548289763779522
20
-4.1215272440944881
11
5.8547794094488186
21
-4.1214474015748035
0
LINE
8
BLACK
6
CONTINUOUS
10
5.8547794094488186
20
-4.1214474015748035
11
5.8520466535433071
21
-4.1167141338582676
0
LINE
8
BLACK
6
CONTINUOUS
10
5.8520466535433071
20
-4.1167141338582676
11
5.8520466535433071
21
-4.1167141732283463
0
LINE
8
BLACK
6
CONTINUOUS
10
5.8520466535433071
20
-4.1167141732283463
11
5.8519886614173231
21
-4.1166137401574803
0
LINE
8
BLACK
6
CONTINUOUS
10
5.8519886614173231
20
-4.1166137401574803
11
5.8519885826771656
21
-4.1166136614173228
0
LINE
8
BLACK
6
CONTINUOUS
10
5.8519885826771656
20
-4.1166136614173228
11
5.8519885433070868
21
-4.1166135826771653
0
LINE
8
BLACK
6
CONTINUOUS
10
5.8519885433070868
20
-4.1166135826771653
11
5.8479533464566931
21
-4.1125783858267715
0
LINE
8
BLACK
6
CONTINUOUS
10
5.8479533464566931
20
-4.1125783858267715
11
5.8479532283464568
21
-4.112578307086614
0
LINE
8
BLACK
6
CONTINUOUS
10
5.8479532283464568
20
-4.112578307086614
11
5.8479531496062993
21
-4.1125782283464565
0
LINE
8
BLACK
6
CONTINUOUS
10
5.8479531496062993
20
-4.1125782283464565
11
5.8479531102362206
21
-4.1125781889763777
0
LINE
8
BLACK
6
CONTINUOUS
10
5.8479531102362206
20
-4.1125781889763777
11
5.8452667322834646
21
-4.111027204724409
0
LINE
8
BLACK
6
CONTINUOUS
10
5.8452667322834646
20
-4.111027204724409
11
5.8444386220472442
21
-4.1101074803149604
0
LINE
8
BLACK
6
CONTINUOUS
10
5.8444386220472442
20
-4.1101074803149604
11
5.8397335039370075
21
-4.1088467716535435
0
LINE
8
BLACK
6
CONTINUOUS
10
5.8397335039370075
20
-4.1088467716535435
11
5.8397334645669288
21
-4.1088467322834648
0
LINE
8
BLACK
6
CONTINUOUS
10
5.8397334645669288
20
-4.1088467322834648
11
5.8380977165354331
21
-4.10840842519685
0
LINE
8
BLACK
6
CONTINUOUS
10
5.8380977165354331
20
-4.10840842519685
11
5.8374990157480315
21
-4.1082480314960632
0
LINE
8
BLACK
6
CONTINUOUS
10
5.8374990157480315
20
-4.1082480314960632
11
5.8374989763779528
21
-4.1082480314960632
0
LINE
8
BLACK
6
CONTINUOUS
10
5.8374989763779528
20
-4.1082480314960632
11
5.8317923622047241
21
-4.1082480314960632
0
LINE
8
BLACK
6
CONTINUOUS
10
5.8317923622047241
20
-4.1082480314960632
11
5.8317923228346453
21
-4.1082480314960632
0
LINE
8
BLACK
6
CONTINUOUS
10
5.8317923228346453
20
-4.1082480314960632
11
5.8314723228346459
21
-4.1083337401574802
0
LINE
8
BLACK
6
CONTINUOUS
10
5.8314723228346459
20
-4.1083337401574802
11
5.8299580314960631
21
-4.1087394881889763
0
LINE
8
BLACK
6
CONTINUOUS
10
5.8299580314960631
20
-4.1087394881889763
11
5.8299580708661418
21
-4.108739527559055
0
LINE
8
BLACK
6
CONTINUOUS
10
5.8299580708661418
20
-4.108739527559055
11
5.8262799212598422
21
-4.1097250787401576
0
LINE
8
BLACK
6
CONTINUOUS
10
5.8262799212598422
20
-4.1097250787401576
11
5.8262798425196847
21
-4.1097250787401576
0
LINE
8
BLACK
6
CONTINUOUS
10
5.8262798425196847
20
-4.1097250787401576
11
5.8262796850393697
21
-4.1097251574803151
0
LINE
8
BLACK
6
CONTINUOUS
10
5.8262796850393697
20
-4.1097251574803151
11
5.8213383070866138
21
-4.1125780708661415
0
LINE
8
BLACK
6
CONTINUOUS
10
5.8213383070866138
20
-4.1125780708661415
11
5.8173024803149609
21
-4.1166138976377953
0
LINE
8
BLACK
6
CONTINUOUS
10
5.8173024803149609
20
-4.1166138976377953
11
5.8144495275590549
21
-4.1215553149606299
0
LINE
8
BLACK
6
CONTINUOUS
10
5.8144495275590549
20
-4.1215553149606299
11
5.8141720472440941
21
-4.1225909448818898
0
LINE
8
BLACK
6
CONTINUOUS
10
5.8141720472440941
20
-4.1225909448818898
11
5.8129724803149605
21
-4.127067874015748
0
LINE
8
BLACK
6
CONTINUOUS
10
5.8129724803149605
20
-4.127067874015748
11
5.8129724409448817
21
-4.1270679527559055
0
LINE
8
BLACK
6
CONTINUOUS
10
5.8129724409448817
20
-4.1270679527559055
11
5.8129724409448817
21
-4.1312394881889762
0
LINE
8
BLACK
6
CONTINUOUS
10
5.8129724409448817
20
-4.1312394881889762
11
5.8127816535433068
21
-4.132443976377953
0
LINE
8
BLACK
6
CONTINUOUS
10
5.8127816535433068
20
-4.132443976377953
11
5.8124845275590546
21
-4.1333583858267717
0
LINE
8
BLACK
6
CONTINUOUS
10
5.8124845275590546
20
-4.1333583858267717
11
5.81153374015748
21
-4.1349099212598421
0
LINE
8
BLACK
6
CONTINUOUS
10
5.81153374015748
20
-4.1349099212598421
11
5.7889582283464565
21
-4.1574855118110232
0
LINE
8
BLACK
6
CONTINUOUS
10
5.7889582283464565
20
-4.1574855118110232
11
5.7889578740157477
21
-4.1574859055118107
0
LINE
8
BLACK
6
CONTINUOUS
10
5.7889578740157477
20
-4.1574859055118107
11
5.7885238188976373
21
-4.1582377165354334
0
LINE
8
BLACK
6
CONTINUOUS
10
5.7885238188976373
20
-4.1582377165354334
11
5.7885237007874011
21
-4.158237952755905
0
LINE
8
BLACK
6
CONTINUOUS
10
5.7885237007874011
20
-4.158237952755905
11
5.7872709448818895
21
-4.160407874015748
0
LINE
8
BLACK
6
CONTINUOUS
10
5.7872709448818895
20
-4.160407874015748
11
5.7872709055118108
21
-4.160407874015748
0
LINE
8
BLACK
6
CONTINUOUS
10
5.7872709055118108
20
-4.160407874015748
11
5.7872709448818895
21
-4.1604079133858267
0
LINE
8
BLACK
6
CONTINUOUS
10
5.7872709448818895
20
-4.1604079133858267
11
5.7866224409448819
21
-4.1628281496062991
0
LINE
8
BLACK
6
CONTINUOUS
10
5.7866224409448819
20
-4.1628281496062991
11
5.7866223622047244
21
-4.1628283858267716
0
LINE
8
BLACK
6
CONTINUOUS
10
5.7866223622047244
20
-4.1628283858267716
11
5.7863976377952753
21
-4.1636672047244092
0
LINE
8
BLACK
6
CONTINUOUS
10
5.7863976377952753
20
-4.1636672047244092
11
5.7863976377952753
21
-4.2641135433070865
0
LINE
8
BLACK
6
CONTINUOUS
10
5.7863976377952753
20
-4.2641135433070865
11
5.7862068503937003
21
-4.2653179921259845
0
LINE
8
BLACK
6
CONTINUOUS
10
5.7862068503937003
20
-4.2653179921259845
11
5.7859097244094491
21
-4.266232440944882
0
LINE
8
BLACK
6
CONTINUOUS
10
5.7859097244094491
20
-4.266232440944882
11
5.7849589370078736
21
-4.2677840551181099
0
LINE
8
BLACK
6
CONTINUOUS
10
5.7849589370078736
20
-4.2677840551181099
11
5.7443013779527554
21
-4.308441614173228
0
LINE
8
BLACK
6
CONTINUOUS
10
5.7443013779527554
20
-4.308441614173228
11
5.7433148818897637
21
-4.309158307086614
0
LINE
8
BLACK
6
CONTINUOUS
10
5.7433148818897637
20
-4.309158307086614
11
5.7424582677165352
21
-4.3095948031496061
0
LINE
8
BLACK
6
CONTINUOUS
10
5.7424582677165352
20
-4.3095948031496061
11
5.740688700787401
21
-4.3100196850393697
0
LINE
8
BLACK
6
CONTINUOUS
10
5.740688700787401
20
-4.3100196850393697
11
5.7188468897637792
21
-4.3100196850393697
0
LINE
8
BLACK
6
CONTINUOUS
10
5.7188468897637792
20
-4.3100196850393697
11
5.7176424803149608
21
-4.3098289370078735
0
LINE
8
BLACK
6
CONTINUOUS
10
5.7176424803149608
20
-4.3098289370078735
11
5.7172328740157479
21
-4.3096958267716534
0
LINE
8
BLACK
6
CONTINUOUS
10
5.7172328740157479
20
-4.3096958267716534
11
5.7152840944881884
21
-4.3082799999999999
0
LINE
8
BLACK
6
CONTINUOUS
10
5.7152840944881884
20
-4.3082799999999999
11
5.7145396850393704
21
-4.3059890157480316
0
LINE
8
BLACK
6
CONTINUOUS
10
5.7145396850393704
20
-4.3059890157480316
11
5.7151142125984249
21
-4.3039522047244096
0
LINE
8
BLACK
6
CONTINUOUS
10
5.7151142125984249
20
-4.3039522047244096
11
5.7152327165354331
21
-4.3037588582677166
0
LINE
8
BLACK
6
CONTINUOUS
10
5.7152327165354331
20
-4.3037588582677166
11
5.715799645669291
21
-4.3030398425196852
0
LINE
8
BLACK
6
CONTINUOUS
10
5.715799645669291
20
-4.3030398425196852
11
5.7167774803149607
21
-4.3020620078740155
0
LINE
8
BLACK
6
CONTINUOUS
10
5.7167774803149607
20
-4.3020620078740155
11
5.7181302755905508
21
-4.3007092519685042
0
LINE
8
BLACK
6
CONTINUOUS
10
5.7181302755905508
20
-4.3007092519685042
11
5.7181303149606295
21
-4.3007091338582679
0
LINE
8
BLACK
6
CONTINUOUS
10
5.7181303149606295
20
-4.3007091338582679
11
5.718130393700787
21
-4.3007090944881892
0
LINE
8
BLACK
6
CONTINUOUS
10
5.718130393700787
20
-4.3007090944881892
11
5.7209835433070868
21
-4.295767283464567
0
LINE
8
BLACK
6
CONTINUOUS
10
5.7209835433070868
20
-4.295767283464567
11
5.7209835433070868
21
-4.2957672047244095
0
LINE
8
BLACK
6
CONTINUOUS
10
5.7209835433070868
20
-4.2957672047244095
11
5.7209836220472443
21
-4.295767125984252
0
LINE
8
BLACK
6
CONTINUOUS
10
5.7209836220472443
20
-4.295767125984252
11
5.7224606299212599
21
-4.2902549212598426
0
LINE
8
BLACK
6
CONTINUOUS
10
5.7224606299212599
20
-4.2902549212598426
11
5.7224606299212599
21
-4.2845482283464564
0
LINE
8
BLACK
6
CONTINUOUS
10
5.7224606299212599
20
-4.2845482283464564
11
5.7209836220472443
21
-4.279036023622047
0
LINE
8
BLACK
6
CONTINUOUS
10
5.7209836220472443
20
-4.279036023622047
11
5.7209835433070868
21
-4.2790359055118108
0
LINE
8
BLACK
6
CONTINUOUS
10
5.7209835433070868
20
-4.2790359055118108
11
5.7209835433070868
21
-4.2790358267716533
0
LINE
8
BLACK
6
CONTINUOUS
10
5.7209835433070868
20
-4.2790358267716533
11
5.720983346456693
21
-4.2790355118110233
0
LINE
8
BLACK
6
CONTINUOUS
10
5.720983346456693
20
-4.2790355118110233
11
5.720970708661417
21
-4.2790075590551178
0
LINE
8
BLACK
6
CONTINUOUS
10
5.720970708661417
20
-4.2790075590551178
11
5.7209211417322834
21
-4.2789277165354331
0
LINE
8
BLACK
6
CONTINUOUS
10
5.7209211417322834
20
-4.2789277165354331
11
5.7181883858267719
21
-4.2741944488188972
0
LINE
8
BLACK
6
CONTINUOUS
10
5.7181883858267719
20
-4.2741944488188972
11
5.7181883858267719
21
-4.274194488188976
0
LINE
8
BLACK
6
CONTINUOUS
10
5.7181883858267719
20
-4.274194488188976
11
5.718130393700787
21
-4.2740940551181099
0
LINE
8
BLACK
6
CONTINUOUS
10
5.718130393700787
20
-4.2740940551181099
11
5.7181303149606295
21
-4.2740939763779524
0
LINE
8
BLACK
6
CONTINUOUS
10
5.7181303149606295
20
-4.2740939763779524
11
5.7181302755905508
21
-4.2740938976377949
0
LINE
8
BLACK
6
CONTINUOUS
10
5.7181302755905508
20
-4.2740938976377949
11
5.714095078740157
21
-4.2700587007874011
0
LINE
8
BLACK
6
CONTINUOUS
10
5.714095078740157
20
-4.2700587007874011
11
5.7140949606299207
21
-4.2700586220472436
0
LINE
8
BLACK
6
CONTINUOUS
10
5.7140949606299207
20
-4.2700586220472436
11
5.7140948818897632
21
-4.2700585433070861
0
LINE
8
BLACK
6
CONTINUOUS
10
5.7140948818897632
20
-4.2700585433070861
11
5.7114084251968507
21
-4.2685075196850395
0
LINE
8
BLACK
6
CONTINUOUS
10
5.7114084251968507
20
-4.2685075196850395
11
5.7105803543307081
21
-4.2675878346456688
0
LINE
8
BLACK
6
CONTINUOUS
10
5.7105803543307081
20
-4.2675878346456688
11
5.7079880708661417
21
-4.2668931889763781
0
LINE
8
BLACK
6
CONTINUOUS
10
5.7079880708661417
20
-4.2668931889763781
11
5.7079880314960629
21
-4.2668931889763781
0
LINE
8
BLACK
6
CONTINUOUS
10
5.7079880314960629
20
-4.2668931889763781
11
5.7036407480314963
21
-4.2657283464566929
0
LINE
8
BLACK
6
CONTINUOUS
10
5.7036407480314963
20
-4.2657283464566929
11
5.7036406692913388
21
-4.2657283464566929
0
LINE
8
BLACK
6
CONTINUOUS
10
5.7036406692913388
20
-4.2657283464566929
11
5.6979340944881889
21
-4.2657283464566929
0
LINE
8
BLACK
6
CONTINUOUS
10
5.6979340944881889
20
-4.2657283464566929
11
5.6979340551181101
21
-4.2657283464566929
0
LINE
8
BLACK
6
CONTINUOUS
10
5.6979340551181101
20
-4.2657283464566929
11
5.6974474015748031
21
-4.2658587007874011
0
LINE
8
BLACK
6
CONTINUOUS
10
5.6974474015748031
20
-4.2658587007874011
11
5.6956312204724409
21
-4.2663453543307082
0
LINE
8
BLACK
6
CONTINUOUS
10
5.6956312204724409
20
-4.2663453543307082
11
5.6956312204724409
21
-4.2663453937007869
0
LINE
8
BLACK
6
CONTINUOUS
10
5.6956312204724409
20
-4.2663453937007869
11
5.6931064960629918
21
-4.2670218897637797
0
LINE
8
BLACK
6
CONTINUOUS
10
5.6931064960629918
20
-4.2670218897637797
11
5.692421496062992
21
-4.267205433070866
0
LINE
8
BLACK
6
CONTINUOUS
10
5.692421496062992
20
-4.267205433070866
11
5.6874798031496061
21
-4.2700585826771649
0
LINE
8
BLACK
6
CONTINUOUS
10
5.6874798031496061
20
-4.2700585826771649
11
5.6874794488188973
21
-4.2700588976377949
0
LINE
8
BLACK
6
CONTINUOUS
10
5.6874794488188973
20
-4.2700588976377949
11
5.685513976377953
21
-4.2720243307086614
0
LINE
8
BLACK
6
CONTINUOUS
10
5.685513976377953
20
-4.2720243307086614
11
5.6845275590551179
21
-4.2727409842519686
0
LINE
8
BLACK
6
CONTINUOUS
10
5.6845275590551179
20
-4.2727409842519686
11
5.6836709448818894
21
-4.2731774803149607
0
LINE
8
BLACK
6
CONTINUOUS
10
5.6836709448818894
20
-4.2731774803149607
11
5.6819013779527561
21
-4.2736023622047243
0
LINE
8
BLACK
6
CONTINUOUS
10
5.6819013779527561
20
-4.2736023622047243
11
5.559314173228346
21
-4.2736023622047243
0
LINE
8
BLACK
6
CONTINUOUS
10
5.559314173228346
20
-4.2736023622047243
11
5.5581097244094488
21
-4.2734115748031494
0
LINE
8
BLACK
6
CONTINUOUS
10
5.5581097244094488
20
-4.2734115748031494
11
5.5576102755905508
21
-4.2732492913385824
0
LINE
8
BLACK
6
CONTINUOUS
10
5.5576102755905508
20
-4.2732492913385824
11
5.5556614566929134
21
-4.2718333858267714
0
LINE
8
BLACK
6
CONTINUOUS
10
5.5556614566929134
20
-4.2718333858267714
11
5.5556611811023622
21
-4.2718329921259839
0
LINE
8
BLACK
6
CONTINUOUS
10
5.5556611811023622
20
-4.2718329921259839
11
5.555543307086614
21
-4.271670708661417
0
LINE
8
BLACK
6
CONTINUOUS
10
5.555543307086614
20
-4.271670708661417
11
5.5547992125984251
21
-4.269380157480315
0
LINE
8
BLACK
6
CONTINUOUS
10
5.5547992125984251
20
-4.269380157480315
11
5.5547992125984251
21
-4.176978622047244
0
LINE
8
BLACK
6
CONTINUOUS
10
5.5547992125984251
20
-4.176978622047244
11
5.5547992125984251
21
-4.1769785826771653
0
LINE
8
BLACK
6
CONTINUOUS
10
5.5547992125984251
20
-4.1769785826771653
11
5.5538588188976377
21
-4.1734689763779524
0
LINE
8
BLACK
6
CONTINUOUS
10
5.5538588188976377
20
-4.1734689763779524
11
5.5520420866141729
21
-4.1703223622047245
0
LINE
8
BLACK
6
CONTINUOUS
10
5.5520420866141729
20
-4.1703223622047245
11
5.5517056299212602
21
-4.1699859055118109
0
LINE
8
BLACK
6
CONTINUOUS
10
5.5517056299212602
20
-4.1699859055118109
11
5.5512407480314963
21
-4.1695209842519683
0
LINE
8
BLACK
6
CONTINUOUS
10
5.5512407480314963
20
-4.1695209842519683
11
5.5512405118110237
21
-4.1695207874015745
0
LINE
8
BLACK
6
CONTINUOUS
10
5.5512405118110237
20
-4.1695207874015745
11
5.5504112204724407
21
-4.1686914960629924
0
LINE
8
BLACK
6
CONTINUOUS
10
5.5504112204724407
20
-4.1686914960629924
11
5.5494729133858263
21
-4.1677531496062992
0
LINE
8
BLACK
6
CONTINUOUS
10
5.5494729133858263
20
-4.1677531496062992
11
5.5494729133858263
21
-4.1677531889763779
0
LINE
8
BLACK
6
CONTINUOUS
10
5.5494729133858263
20
-4.1677531889763779
11
5.5476316141732278
21
-4.1659118503937007
0
LINE
8
BLACK
6
CONTINUOUS
10
5.5476316141732278
20
-4.1659118503937007
11
5.5476313779527562
21
-4.1659116535433069
0
LINE
8
BLACK
6
CONTINUOUS
10
5.5476313779527562
20
-4.1659116535433069
11
5.5277139370078743
21
-4.145994212598425
0
LINE
8
BLACK
6
CONTINUOUS
10
5.5277139370078743
20
-4.145994212598425
11
5.5075032283464562
21
-4.1257834645669291
0
LINE
8
BLACK
6
CONTINUOUS
10
5.5075032283464562
20
-4.1257834645669291
11
5.5067864566929137
21
-4.124796889763779
0
LINE
8
BLACK
6
CONTINUOUS
10
5.5067864566929137
20
-4.124796889763779
11
5.5063499212598428
21
-4.1239401181102364
0
LINE
8
BLACK
6
CONTINUOUS
10
5.5063499212598428
20
-4.1239401181102364
11
5.5059251968503933
21
-4.122170748031496
0
LINE
8
BLACK
6
CONTINUOUS
10
5.5059251968503933
20
-4.122170748031496
11
5.5059251968503933
21
-4.1191938582677166
0
LINE
8
BLACK
6
CONTINUOUS
10
5.5059251968503933
20
-4.1191938582677166
11
5.5056886220472441
21
-4.1183109842519681
0
LINE
8
BLACK
6
CONTINUOUS
10
5.5056886220472441
20
-4.1183109842519681
11
5.5052337795275585
21
-4.1166135826771653
0
LINE
8
BLACK
6
CONTINUOUS
10
5.5052337795275585
20
-4.1166135826771653
11
5.5044481889763777
21
-4.1136816929133859
0
LINE
8
BLACK
6
CONTINUOUS
10
5.5044481889763777
20
-4.1136816929133859
11
5.5023999999999997
21
-4.1101341732283467
0
LINE
8
BLACK
6
CONTINUOUS
10
5.5023999999999997
20
-4.1101341732283467
11
5.5019630708661413
21
-4.1089959842519681
0
LINE
8
BLACK
6
CONTINUOUS
10
5.5019630708661413
20
-4.1089959842519681
11
5.5019313385826774
21
-4.1088467322834648
0
LINE
8
BLACK
6
CONTINUOUS
10
5.5019313385826774
20
-4.1088467322834648
11
5.5018538582677161
21
-4.1084822047244094
0
LINE
8
BLACK
6
CONTINUOUS
10
5.5018538582677161
20
-4.1084822047244094
11
5.5021055118110231
21
-4.1060867322834644
0
LINE
8
BLACK
6
CONTINUOUS
10
5.5021055118110231
20
-4.1060867322834644
11
5.5022826377952754
21
-4.1056889370078737
0
LINE
8
BLACK
6
CONTINUOUS
10
5.5022826377952754
20
-4.1056889370078737
11
5.5030870472440947
21
-4.1045184645669295
0
LINE
8
BLACK
6
CONTINUOUS
10
5.5030870472440947
20
-4.1045184645669295
11
5.5356339370078738
21
-4.0719716141732283
0
LINE
8
BLACK
6
CONTINUOUS
10
5.5356339370078738
20
-4.0719716141732283
11
5.5366202362204726
21
-4.0712550393700786
0
LINE
8
BLACK
6
CONTINUOUS
10
5.5366202362204726
20
-4.0712550393700786
11
5.537477204724409
21
-4.0708184251968502
0
LINE
8
BLACK
6
CONTINUOUS
10
5.537477204724409
20
-4.0708184251968502
11
5.5392465354330707
21
-4.0703937007874016
0
LINE
8
BLACK
6
CONTINUOUS
10
5.5392465354330707
20
-4.0703937007874016
11
5.5422233858267713
21
-4.0703937007874016
0
LINE
8
BLACK
6
CONTINUOUS
10
5.5422233858267713
20
-4.0703937007874016
11
5.5422234251968501
21
-4.0703937007874016
0
LINE
8
BLACK
6
CONTINUOUS
10
5.5422234251968501
20
-4.0703937007874016
11
5.5477356299212595
21
-4.068916692913386
0
LINE
8
BLACK
6
CONTINUOUS
10
5.5477356299212595
20
-4.068916692913386
11
5.5477356692913382
21
-4.0689166535433072
0
LINE
8
BLACK
6
CONTINUOUS
10
5.5477356692913382
20
-4.0689166535433072
11
5.5477357480314957
21
-4.0689166141732285
0
LINE
8
BLACK
6
CONTINUOUS
10
5.5477357480314957
20
-4.0689166141732285
11
5.5477357874015745
21
-4.0689166141732285
0
LINE
8
BLACK
6
CONTINUOUS
10
5.5477357874015745
20
-4.0689166141732285
11
5.5524362204724405
21
-4.0662027952755908
0
LINE
8
BLACK
6
CONTINUOUS
10
5.5524362204724405
20
-4.0662027952755908
11
5.5525499212598426
21
-4.0661475590551177
0
LINE
8
BLACK
6
CONTINUOUS
10
5.5525499212598426
20
-4.0661475590551177
11
5.5525808661417324
21
-4.0661272047244097
0
LINE
8
BLACK
6
CONTINUOUS
10
5.5525808661417324
20
-4.0661272047244097
11
5.5527780708661414
21
-4.0660053937007872
0
LINE
8
BLACK
6
CONTINUOUS
10
5.5527780708661414
20
-4.0660053937007872
11
5.5528292125984251
21
-4.0659758267716537
0
LINE
8
BLACK
6
CONTINUOUS
10
5.5528292125984251
20
-4.0659758267716537
11
5.5530401574803152
21
-4.065700905511811
0
LINE
8
BLACK
6
CONTINUOUS
10
5.5530401574803152
20
-4.065700905511811
11
5.5567129527559054
21
-4.0620281496062995
0
LINE
8
BLACK
6
CONTINUOUS
10
5.5567129527559054
20
-4.0620281496062995
11
5.5567130708661416
21
-4.0620279527559058
0
LINE
8
BLACK
6
CONTINUOUS
10
5.5567130708661416
20
-4.0620279527559058
11
5.5595662204724405
21
-4.0570861811023624
0
LINE
8
BLACK
6
CONTINUOUS
10
5.5595662204724405
20
-4.0570861811023624
11
5.5595662204724405
21
-4.0570861023622049
0
LINE
8
BLACK
6
CONTINUOUS
10
5.5595662204724405
20
-4.0570861023622049
11
5.559566299212598
21
-4.0570860236220474
0
LINE
8
BLACK
6
CONTINUOUS
10
5.559566299212598
20
-4.0570860236220474
11
5.5610433070866137
21
-4.051573818897638
0
LINE
8
BLACK
6
CONTINUOUS
10
5.5610433070866137
20
-4.051573818897638
11
5.5610433070866137
21
-4.0487940944881888
0
LINE
8
BLACK
6
CONTINUOUS
10
5.5610433070866137
20
-4.0487940944881888
11
5.5612340157480311
21
-4.0475898031496058
0
LINE
8
BLACK
6
CONTINUOUS
10
5.5612340157480311
20
-4.0475898031496058
11
5.5615311417322832
21
-4.0466751968503933
0
LINE
8
BLACK
6
CONTINUOUS
10
5.5615311417322832
20
-4.0466751968503933
11
5.5624818897637791
21
-4.0451236614173229
0
LINE
8
BLACK
6
CONTINUOUS
10
5.5624818897637791
20
-4.0451236614173229
11
5.6042386614173223
21
-4.0033668897637797
0
LINE
8
BLACK
6
CONTINUOUS
10
5.6042386614173223
20
-4.0033668897637797
11
5.6052248031496061
21
-4.0026503937007876
0
LINE
8
BLACK
6
CONTINUOUS
10
5.6052248031496061
20
-4.0026503937007876
11
5.6056930314960631
21
-4.0024118503937007
0
LINE
8
BLACK
6
CONTINUOUS
10
5.6056930314960631
20
-4.0024118503937007
11
5.6080720472440948
21
-4.002035039370079
0
LINE
8
BLACK
6
CONTINUOUS
10
5.6080720472440948
20
-4.002035039370079
11
5.6082703149606301
21
-4.0020664173228342
0
LINE
8
BLACK
6
CONTINUOUS
10
5.6082703149606301
20
-4.0020664173228342
11
5.6104166141732286
21
-4.0031600000000003
0
LINE
8
BLACK
6
CONTINUOUS
10
5.6104166141732286
20
-4.0031600000000003
11
5.6743864960629917
21
-4.0671298818897634
0
LINE
8
BLACK
6
CONTINUOUS
10
5.6743864960629917
20
-4.0671298818897634
11
5.6751032283464564
21
-4.0681164173228348
0
LINE
8
BLACK
6
CONTINUOUS
10
5.6751032283464564
20
-4.0681164173228348
11
5.6755397244094485
21
-4.068973070866142
0
LINE
8
BLACK
6
CONTINUOUS
10
5.6755397244094485
20
-4.068973070866142
11
5.6759645669291334
21
-4.0707425984251966
0
LINE
8
BLACK
6
CONTINUOUS
10
5.6759645669291334
20
-4.0707425984251966
11
5.6759645669291334
21
-4.073719488188976
0
LINE
8
BLACK
6
CONTINUOUS
10
5.6759645669291334
20
-4.073719488188976
11
5.6771294094488187
21
-4.0780667716535435
0
LINE
8
BLACK
6
CONTINUOUS
10
5.6771294094488187
20
-4.0780667716535435
11
5.6773096456692915
21
-4.0787394488188973
0
LINE
8
BLACK
6
CONTINUOUS
10
5.6773096456692915
20
-4.0787394488188973
11
5.6774416141732278
21
-4.0792319291338579
0
LINE
8
BLACK
6
CONTINUOUS
10
5.6774416141732278
20
-4.0792319291338579
11
5.6774416535433065
21
-4.0792319685039367
0
LINE
8
BLACK
6
CONTINUOUS
10
5.6774416535433065
20
-4.0792319685039367
11
5.6802946850393701
21
-4.0841735433070863
0
LINE
8
BLACK
6
CONTINUOUS
10
5.6802946850393701
20
-4.0841735433070863
11
5.6802947637795276
21
-4.0841736220472438
0
LINE
8
BLACK
6
CONTINUOUS
10
5.6802947637795276
20
-4.0841736220472438
11
5.6802948425196851
21
-4.0841737007874013
0
LINE
8
BLACK
6
CONTINUOUS
10
5.6802948425196851
20
-4.0841737007874013
11
5.6802949212598426
21
-4.0841738188976375
0
LINE
8
BLACK
6
CONTINUOUS
10
5.6802949212598426
20
-4.0841738188976375
11
5.6843301181102364
21
-4.0882090157480313
0
LINE
8
BLACK
6
CONTINUOUS
10
5.6843301181102364
20
-4.0882090157480313
11
5.6843301968503939
21
-4.0882090551181101
0
LINE
8
BLACK
6
CONTINUOUS
10
5.6843301968503939
20
-4.0882090551181101
11
5.6843302755905514
21
-4.0882091338582676
0
LINE
8
BLACK
6
CONTINUOUS
10
5.6843302755905514
20
-4.0882091338582676
11
5.684351811023622
21
-4.0882246850393704
0
LINE
8
BLACK
6
CONTINUOUS
10
5.684351811023622
20
-4.0882246850393704
11
5.6844306299212599
21
-4.0882670866141728
0
LINE
8
BLACK
6
CONTINUOUS
10
5.6844306299212599
20
-4.0882670866141728
11
5.6892720866141735
21
-4.0910622834645665
0
LINE
8
BLACK
6
CONTINUOUS
10
5.6892720866141735
20
-4.0910622834645665
11
5.6892721259842522
21
-4.0910622834645665
0
LINE
8
BLACK
6
CONTINUOUS
10
5.6892721259842522
20
-4.0910622834645665
11
5.6892722440944876
21
-4.091062362204724
0
LINE
8
BLACK
6
CONTINUOUS
10
5.6892722440944876
20
-4.091062362204724
11
5.6947844488188979
21
-4.0925393700787405
0
LINE
8
BLACK
6
CONTINUOUS
10
5.6947844488188979
20
-4.0925393700787405
11
5.6947844881889766
21
-4.0925393700787405
0
LINE
8
BLACK
6
CONTINUOUS
10
5.6947844881889766
20
-4.0925393700787405
11
5.7004911023622045
21
-4.0925393700787405
0
LINE
8
BLACK
6
CONTINUOUS
10
5.7004911023622045
20
-4.0925393700787405
11
5.7004911417322832
21
-4.0925393700787405
0
LINE
8
BLACK
6
CONTINUOUS
10
5.7004911417322832
20
-4.0925393700787405
11
5.7060033464566926
21
-4.091062362204724
0
LINE
8
BLACK
6
CONTINUOUS
10
5.7060033464566926
20
-4.091062362204724
11
5.7060033858267714
21
-4.0910623228346452
0
LINE
8
BLACK
6
CONTINUOUS
10
5.7060033858267714
20
-4.0910623228346452
11
5.7060034645669289
21
-4.0910622834645665
0
LINE
8
BLACK
6
CONTINUOUS
10
5.7060034645669289
20
-4.0910622834645665
11
5.7060035039370076
21
-4.0910622834645665
0
LINE
8
BLACK
6
CONTINUOUS
10
5.7060035039370076
20
-4.0910622834645665
11
5.7107039370078736
21
-4.0883484645669288
0
LINE
8
BLACK
6
CONTINUOUS
10
5.7107039370078736
20
-4.0883484645669288
11
5.7108176377952757
21
-4.0882932283464566
0
LINE
8
BLACK
6
CONTINUOUS
10
5.7108176377952757
20
-4.0882932283464566
11
5.7108485826771656
21
-4.0882728740157477
0
LINE
8
BLACK
6
CONTINUOUS
10
5.7108485826771656
20
-4.0882728740157477
11
5.7110457874015745
21
-4.0881510629921261
0
LINE
8
BLACK
6
CONTINUOUS
10
5.7110457874015745
20
-4.0881510629921261
11
5.7110969291338582
21
-4.0881214960629917
0
LINE
8
BLACK
6
CONTINUOUS
10
5.7110969291338582
20
-4.0881214960629917
11
5.7113078740157475
21
-4.0878465748031498
0
LINE
8
BLACK
6
CONTINUOUS
10
5.7113078740157475
20
-4.0878465748031498
11
5.7149806692913385
21
-4.0841738188976375
0
LINE
8
BLACK
6
CONTINUOUS
10
5.7149806692913385
20
-4.0841738188976375
11
5.7178340157480312
21
-4.0792316929133854
0
LINE
8
BLACK
6
CONTINUOUS
10
5.7178340157480312
20
-4.0792316929133854
11
5.7193110236220468
21
-4.073719488188976
0
LINE
8
BLACK
6
CONTINUOUS
10
5.7193110236220468
20
-4.073719488188976
11
5.7193110236220468
21
-4.0680127952755907
0
LINE
8
BLACK
6
CONTINUOUS
10
5.7193110236220468
20
-4.0680127952755907
11
5.7178340157480312
21
-4.0625005905511813
0
LINE
8
BLACK
6
CONTINUOUS
10
5.7178340157480312
20
-4.0625005905511813
11
5.7178339370078737
21
-4.062500472440945
0
LINE
8
BLACK
6
CONTINUOUS
10
5.7178339370078737
20
-4.062500472440945
11
5.7178339370078737
21
-4.0625003937007875
0
LINE
8
BLACK
6
CONTINUOUS
10
5.7178339370078737
20
-4.0625003937007875
11
5.7178337401574799
21
-4.0625000787401575
0
LINE
8
BLACK
6
CONTINUOUS
10
5.7178337401574799
20
-4.0625000787401575
11
5.7178211023622048
21
-4.062472125984252
0
LINE
8
BLACK
6
CONTINUOUS
10
5.7178211023622048
20
-4.062472125984252
11
5.7177715354330712
21
-4.0623922834645665
0
LINE
8
BLACK
6
CONTINUOUS
10
5.7177715354330712
20
-4.0623922834645665
11
5.7150387795275588
21
-4.0576590157480315
0
LINE
8
BLACK
6
CONTINUOUS
10
5.7150387795275588
20
-4.0576590157480315
11
5.7150387795275588
21
-4.0576590551181102
0
LINE
8
BLACK
6
CONTINUOUS
10
5.7150387795275588
20
-4.0576590551181102
11
5.7149807874015748
21
-4.0575586220472442
0
LINE
8
BLACK
6
CONTINUOUS
10
5.7149807874015748
20
-4.0575586220472442
11
5.7149807086614173
21
-4.0575585433070867
0
LINE
8
BLACK
6
CONTINUOUS
10
5.7149807086614173
20
-4.0575585433070867
11
5.7149806692913385
21
-4.0575584645669291
0
LINE
8
BLACK
6
CONTINUOUS
10
5.7149806692913385
20
-4.0575584645669291
11
5.7109454724409447
21
-4.0535232677165354
0
LINE
8
BLACK
6
CONTINUOUS
10
5.7109454724409447
20
-4.0535232677165354
11
5.7109453543307085
21
-4.0535231889763779
0
LINE
8
BLACK
6
CONTINUOUS
10
5.7109453543307085
20
-4.0535231889763779
11
5.710945275590551
21
-4.0535231102362204
0
LINE
8
BLACK
6
CONTINUOUS
10
5.710945275590551
20
-4.0535231102362204
11
5.7082588188976375
21
-4.0519720866141729
0
LINE
8
BLACK
6
CONTINUOUS
10
5.7082588188976375
20
-4.0519720866141729
11
5.7074307480314959
21
-4.0510524015748031
0
LINE
8
BLACK
6
CONTINUOUS
10
5.7074307480314959
20
-4.0510524015748031
11
5.7048384645669294
21
-4.0503577559055115
0
LINE
8
BLACK
6
CONTINUOUS
10
5.7048384645669294
20
-4.0503577559055115
11
5.7048384251968507
21
-4.0503577559055115
0
LINE
8
BLACK
6
CONTINUOUS
10
5.7048384251968507
20
-4.0503577559055115
11
5.7004911417322832
21
-4.0491929133858271
0
LINE
8
BLACK
6
CONTINUOUS
10
5.7004911417322832
20
-4.0491929133858271
11
5.7004911023622045
21
-4.0491929133858271
0
LINE
8
BLACK
6
CONTINUOUS
10
5.7004911023622045
20
-4.0491929133858271
11
5.7004910629921257
21
-4.0491929133858271
0
LINE
8
BLACK
6
CONTINUOUS
10
5.7004910629921257
20
-4.0491929133858271
11
5.6977114173228349
21
-4.0491929133858271
0
LINE
8
BLACK
6
CONTINUOUS
10
5.6977114173228349
20
-4.0491929133858271
11
5.6965069685039369
21
-4.0490021259842521
0
LINE
8
BLACK
6
CONTINUOUS
10
5.6965069685039369
20
-4.0490021259842521
11
5.6955925196850394
21
-4.048705
0
LINE
8
BLACK
6
CONTINUOUS
10
5.6955925196850394
20
-4.048705
11
5.6940409055118106
21
-4.0477542125984254
0
LINE
8
BLACK
6
CONTINUOUS
10
5.6940409055118106
20
-4.0477542125984254
11
5.6301386614173223
21
-3.9838519685039371
0
LINE
8
BLACK
6
CONTINUOUS
10
5.6301386614173223
20
-3.9838519685039371
11
5.629422007874016
21
-3.9828655511811024
0
LINE
8
BLACK
6
CONTINUOUS
10
5.629422007874016
20
-3.9828655511811024
11
5.6291835039370079
21
-3.9823974803149604
0
LINE
8
BLACK
6
CONTINUOUS
10
5.6291835039370079
20
-3.9823974803149604
11
5.6288066929133853
21
-3.9800184251968505
0
LINE
8
BLACK
6
CONTINUOUS
10
5.6288066929133853
20
-3.9800184251968505
11
5.6288381102362202
21
-3.9798201181102359
0
LINE
8
BLACK
6
CONTINUOUS
10
5.6288381102362202
20
-3.9798201181102359
11
5.6299315748031491
21
-3.9776739763779525
0
LINE
8
BLACK
6
CONTINUOUS
10
5.6299315748031491
20
-3.9776739763779525
11
5.6571890551181099
21
-3.9504164960629922
0
LINE
8
BLACK
6
CONTINUOUS
10
5.6571890551181099
20
-3.9504164960629922
11
5.6581753543307087
21
-3.9496999212598425
0
LINE
8
BLACK
6
CONTINUOUS
10
5.6581753543307087
20
-3.9496999212598425
11
5.659032322834646
21
-3.9492633070866141
0
LINE
8
BLACK
6
CONTINUOUS
10
5.659032322834646
20
-3.9492633070866141
11
5.6608016535433068
21
-3.9488385826771655
0
LINE
8
BLACK
6
CONTINUOUS
10
5.6608016535433068
20
-3.9488385826771655
11
5.7486333858267713
21
-3.9488385826771655
0
LINE
8
BLACK
6
CONTINUOUS
10
5.7486333858267713
20
-3.9488385826771655
11
5.7498377559055118
21
-3.9490293307086612
0
LINE
8
BLACK
6
CONTINUOUS
10
5.7498377559055118
20
-3.9490293307086612
11
5.7503234645669288
21
-3.9491871259842517
0
LINE
8
BLACK
6
CONTINUOUS
10
5.7503234645669288
20
-3.9491871259842517
11
5.7507521653543305
21
-3.9493264173228346
0
LINE
8
BLACK
6
CONTINUOUS
10
5.7507521653543305
20
-3.9493264173228346
11
5.7523038188976381
21
-3.950277244094488
0
LINE
8
BLACK
6
CONTINUOUS
10
5.7523038188976381
20
-3.950277244094488
11
5.7544088188976374
21
-3.9523822047244095
0
LINE
8
BLACK
6
CONTINUOUS
10
5.7544088188976374
20
-3.9523822047244095
11
5.7544090157480312
21
-3.9523823622047245
0
LINE
8
BLACK
6
CONTINUOUS
10
5.7544090157480312
20
-3.9523823622047245
11
5.7593508267716533
21
-3.9552355118110234
0
LINE
8
BLACK
6
CONTINUOUS
10
5.7593508267716533
20
-3.9552355118110234
11
5.7593508661417321
21
-3.9552355118110234
0
LINE
8
BLACK
6
CONTINUOUS
10
5.7593508661417321
20
-3.9552355118110234
11
5.7593509842519683
21
-3.9552355905511809
0
LINE
8
BLACK
6
CONTINUOUS
10
5.7593509842519683
20
-3.9552355905511809
11
5.7648631889763777
21
-3.956712598425197
0
LINE
8
BLACK
6
CONTINUOUS
10
5.7648631889763777
20
-3.956712598425197
11
5.7648632283464565
21
-3.956712598425197
0
LINE
8
BLACK
6
CONTINUOUS
10
5.7648632283464565
20
-3.956712598425197
11
5.7705698425196852
21
-3.956712598425197
0
LINE
8
BLACK
6
CONTINUOUS
10
5.7705698425196852
20
-3.956712598425197
11
5.7705698818897639
21
-3.956712598425197
0
LINE
8
BLACK
6
CONTINUOUS
10
5.7705698818897639
20
-3.956712598425197
11
5.7760820866141733
21
-3.9552355905511809
0
LINE
8
BLACK
6
CONTINUOUS
10
5.7760820866141733
20
-3.9552355905511809
11
5.7760821259842521
21
-3.9552355511811021
0
LINE
8
BLACK
6
CONTINUOUS
10
5.7760821259842521
20
-3.9552355511811021
11
5.7760822047244096
21
-3.9552355118110234
0
LINE
8
BLACK
6
CONTINUOUS
10
5.7760822047244096
20
-3.9552355118110234
11
5.7760822440944883
21
-3.9552355118110234
0
LINE
8
BLACK
6
CONTINUOUS
10
5.7760822440944883
20
-3.9552355118110234
11
5.7807826771653543
21
-3.9525216929133857
0
LINE
8
BLACK
6
CONTINUOUS
10
5.7807826771653543
20
-3.9525216929133857
11
5.7808963779527556
21
-3.9524664566929131
0
LINE
8
BLACK
6
CONTINUOUS
10
5.7808963779527556
20
-3.9524664566929131
11
5.7809273228346454
21
-3.9524461023622046
0
LINE
8
BLACK
6
CONTINUOUS
10
5.7809273228346454
20
-3.9524461023622046
11
5.7811245275590553
21
-3.9523242913385825
0
LINE
8
BLACK
6
CONTINUOUS
10
5.7811245275590553
20
-3.9523242913385825
11
5.7811756692913381
21
-3.9522947244094486
0
LINE
8
BLACK
6
CONTINUOUS
10
5.7811756692913381
20
-3.9522947244094486
11
5.7813866141732282
21
-3.9520198031496063
0
LINE
8
BLACK
6
CONTINUOUS
10
5.7813866141732282
20
-3.9520198031496063
11
5.7850594094488184
21
-3.9483470472440945
0
LINE
8
BLACK
6
CONTINUOUS
10
5.7850594094488184
20
-3.9483470472440945
11
5.7864178346456692
21
-3.9459942125984253
0
LINE
8
BLACK
6
CONTINUOUS
10
5.7864178346456692
20
-3.9459942125984253
11
5.7877472440944882
21
-3.9436916929133856
0
LINE
8
BLACK
6
CONTINUOUS
10
5.7877472440944882
20
-3.9436916929133856
11
5.7879126377952756
21
-3.9434051181102361
0
LINE
8
BLACK
6
CONTINUOUS
10
5.7879126377952756
20
-3.9434051181102361
11
5.7879126771653544
21
-3.9434050787401573
0
LINE
8
BLACK
6
CONTINUOUS
10
5.7879126771653544
20
-3.9434050787401573
11
5.7879126771653544
21
-3.9434049999999998
0
LINE
8
BLACK
6
CONTINUOUS
10
5.7879126771653544
20
-3.9434049999999998
11
5.7879127559055119
21
-3.9434049212598423
0
LINE
8
BLACK
6
CONTINUOUS
10
5.7879127559055119
20
-3.9434049212598423
11
5.7893897637795275
21
-3.9378927165354329
0
LINE
8
BLACK
6
CONTINUOUS
10
5.7893897637795275
20
-3.9378927165354329
11
5.7893897637795275
21
-3.9321860236220472
0
LINE
8
BLACK
6
CONTINUOUS
10
5.7893897637795275
20
-3.9321860236220472
11
5.7879127559055119
21
-3.9266738188976378
0
LINE
8
BLACK
6
CONTINUOUS
10
5.7879127559055119
20
-3.9266738188976378
11
5.7879126771653544
21
-3.9266737007874015
0
LINE
8
BLACK
6
CONTINUOUS
10
5.7879126771653544
20
-3.9266737007874015
11
5.7879126771653544
21
-3.926673622047244
0
LINE
8
BLACK
6
CONTINUOUS
10
5.7879126771653544
20
-3.926673622047244
11
5.7879124803149606
21
-3.926673307086614
0
LINE
8
BLACK
6
CONTINUOUS
10
5.7879124803149606
20
-3.926673307086614
11
5.7878998425196846
21
-3.9266453543307085
0
LINE
8
BLACK
6
CONTINUOUS
10
5.7878998425196846
20
-3.9266453543307085
11
5.787850275590551
21
-3.9265655118110234
0
LINE
8
BLACK
6
CONTINUOUS
10
5.787850275590551
20
-3.9265655118110234
11
5.7851175196850395
21
-3.9218322440944879
0
LINE
8
BLACK
6
CONTINUOUS
10
5.7851175196850395
20
-3.9218322440944879
11
5.7851175196850395
21
-3.9218322834645667
0
LINE
8
BLACK
6
CONTINUOUS
10
5.7851175196850395
20
-3.9218322834645667
11
5.7850595275590546
21
-3.9217318503937006
0
LINE
8
BLACK
6
CONTINUOUS
10
5.7850595275590546
20
-3.9217318503937006
11
5.7850594488188971
21
-3.9217317716535431
0
LINE
8
BLACK
6
CONTINUOUS
10
5.7850594488188971
20
-3.9217317716535431
11
5.7850594094488184
21
-3.9217316929133856
0
LINE
8
BLACK
6
CONTINUOUS
10
5.7850594094488184
20
-3.9217316929133856
11
5.7810242125984255
21
-3.9176964960629919
0
LINE
8
BLACK
6
CONTINUOUS
10
5.7810242125984255
20
-3.9176964960629919
11
5.7810240944881892
21
-3.9176964173228344
0
LINE
8
BLACK
6
CONTINUOUS
10
5.7810240944881892
20
-3.9176964173228344
11
5.7810240157480317
21
-3.9176963385826773
0
LINE
8
BLACK
6
CONTINUOUS
10
5.7810240157480317
20
-3.9176963385826773
11
5.781023976377953
21
-3.9176962992125985
0
LINE
8
BLACK
6
CONTINUOUS
10
5.781023976377953
20
-3.9176962992125985
11
5.778337598425197
21
-3.9161453149606298
0
LINE
8
BLACK
6
CONTINUOUS
10
5.778337598425197
20
-3.9161453149606298
11
5.7775094881889766
21
-3.9152255905511808
0
LINE
8
BLACK
6
CONTINUOUS
10
5.7775094881889766
20
-3.9152255905511808
11
5.7737090157480315
21
-3.9142072834645667
0
LINE
8
BLACK
6
CONTINUOUS
10
5.7737090157480315
20
-3.9142072834645667
11
5.7730000787401572
21
-3.9140173228346455
0
LINE
8
BLACK
6
CONTINUOUS
10
5.7730000787401572
20
-3.9140173228346455
11
5.7705698818897639
21
-3.9133661417322836
0
LINE
8
BLACK
6
CONTINUOUS
10
5.7705698818897639
20
-3.9133661417322836
11
5.7705698425196852
21
-3.9133661417322836
0
LINE
8
BLACK
6
CONTINUOUS
10
5.7705698425196852
20
-3.9133661417322836
11
5.7648631102362202
21
-3.9133661417322836
0
LINE
8
BLACK
6
CONTINUOUS
10
5.7648631102362202
20
-3.9133661417322836
11
5.762432598425197
21
-3.9140173622047243
0
LINE
8
BLACK
6
CONTINUOUS
10
5.762432598425197
20
-3.9140173622047243
11
5.7624325590551182
21
-3.9140173228346455
0
LINE
8
BLACK
6
CONTINUOUS
10
5.7624325590551182
20
-3.9140173228346455
11
5.7593508661417321
21
-3.9148431102362204
0
LINE
8
BLACK
6
CONTINUOUS
10
5.7593508661417321
20
-3.9148431102362204
11
5.7593507480314958
21
-3.9148431496062992
0
LINE
8
BLACK
6
CONTINUOUS
10
5.7593507480314958
20
-3.9148431496062992
11
5.7544089370078737
21
-3.9176963779527556
0
LINE
8
BLACK
6
CONTINUOUS
10
5.7544089370078737
20
-3.9176963779527556
11
5.7544085826771649
21
-3.9176966929133856
0
LINE
8
BLACK
6
CONTINUOUS
10
5.7544085826771649
20
-3.9176966929133856
11
5.7524431102362206
21
-3.9196621259842517
0
LINE
8
BLACK
6
CONTINUOUS
10
5.7524431102362206
20
-3.9196621259842517
11
5.7514566929133855
21
-3.9203787795275589
0
LINE
8
BLACK
6
CONTINUOUS
10
5.7514566929133855
20
-3.9203787795275589
11
5.750600078740157
21
-3.920815275590551
0
LINE
8
BLACK
6
CONTINUOUS
10
5.750600078740157
20
-3.920815275590551
11
5.7488305118110237
21
-3.9212401574803151
0
LINE
8
BLACK
6
CONTINUOUS
10
5.7488305118110237
20
-3.9212401574803151
11
5.651234488188976
21
-3.9212401574803151
0
LINE
8
BLACK
6
CONTINUOUS
10
5.651234488188976
20
-3.9212401574803151
11
5.6477248818897641
21
-3.9221805511811021
0
LINE
8
BLACK
6
CONTINUOUS
10
5.6477248818897641
20
-3.9221805511811021
11
5.6445782677165353
21
-3.9239972440944881
0
LINE
8
BLACK
6
CONTINUOUS
10
5.6445782677165353
20
-3.9239972440944881
11
5.5431062992125986
21
-4.0254691732283465
0
LINE
8
BLACK
6
CONTINUOUS
10
5.5431062992125986
20
-4.0254691732283465
11
5.5421198031496059
21
-4.0261858661417325
0
LINE
8
BLACK
6
CONTINUOUS
10
5.5421198031496059
20
-4.0261858661417325
11
5.5412631889763775
21
-4.0266223622047246
0
LINE
8
BLACK
6
CONTINUOUS
10
5.5412631889763775
20
-4.0266223622047246
11
5.5394936220472442
21
-4.0270472440944882
0
LINE
8
BLACK
6
CONTINUOUS
10
5.5394936220472442
20
-4.0270472440944882
11
5.5365166535433072
21
-4.0270472440944882
0
LINE
8
BLACK
6
CONTINUOUS
10
5.5365166535433072
20
-4.0270472440944882
11
5.5340861417322831
21
-4.0276984645669289
0
LINE
8
BLACK
6
CONTINUOUS
10
5.5340861417322831
20
-4.0276984645669289
11
5.5340861023622043
21
-4.0276984251968502
0
LINE
8
BLACK
6
CONTINUOUS
10
5.5340861023622043
20
-4.0276984251968502
11
5.5310044094488191
21
-4.0285242125984251
0
LINE
8
BLACK
6
CONTINUOUS
10
5.5310044094488191
20
-4.0285242125984251
11
5.5310041732283466
21
-4.0285243307086613
0
LINE
8
BLACK
6
CONTINUOUS
10
5.5310041732283466
20
-4.0285243307086613
11
5.5260627165354332
21
-4.0313772834645665
0
LINE
8
BLACK
6
CONTINUOUS
10
5.5260627165354332
20
-4.0313772834645665
11
5.5220268897637794
21
-4.0354131102362203
0
LINE
8
BLACK
6
CONTINUOUS
10
5.5220268897637794
20
-4.0354131102362203
11
5.5191739370078743
21
-4.0403545275590549
0
LINE
8
BLACK
6
CONTINUOUS
10
5.5191739370078743
20
-4.0403545275590549
11
5.5189305118110239
21
-4.0412629921259837
0
LINE
8
BLACK
6
CONTINUOUS
10
5.5189305118110239
20
-4.0412629921259837
11
5.5177266535433072
21
-4.0457559842519686
0
LINE
8
BLACK
6
CONTINUOUS
10
5.5177266535433072
20
-4.0457559842519686
11
5.5176968503937003
21
-4.0458671653543306
0
LINE
8
BLACK
6
CONTINUOUS
10
5.5176968503937003
20
-4.0458671653543306
11
5.5176968503937003
21
-4.0486468110236222
0
LINE
8
BLACK
6
CONTINUOUS
10
5.5176968503937003
20
-4.0486468110236222
11
5.5175060629921262
21
-4.0498512598425194
0
LINE
8
BLACK
6
CONTINUOUS
10
5.5175060629921262
20
-4.0498512598425194
11
5.5172089370078741
21
-4.0507657086614168
0
LINE
8
BLACK
6
CONTINUOUS
10
5.5172089370078741
20
-4.0507657086614168
11
5.5162581496062995
21
-4.0523173228346456
0
LINE
8
BLACK
6
CONTINUOUS
10
5.5162581496062995
20
-4.0523173228346456
11
5.4732098425196849
21
-4.0953656692913381
0
LINE
8
BLACK
6
CONTINUOUS
10
5.4732098425196849
20
-4.0953656692913381
11
5.4713931496062989
21
-4.0985122834645669
0
LINE
8
BLACK
6
CONTINUOUS
10
5.4713931496062989
20
-4.0985122834645669
11
5.4704527559055114
21
-4.1020219685039372
0
LINE
8
BLACK
6
CONTINUOUS
10
5.4704527559055114
20
-4.1020219685039372
11
5.4704527559055114
21
-4.1029640551181101
0
LINE
8
BLACK
6
CONTINUOUS
10
5.4704527559055114
20
-4.1029640551181101
11
5.4702619685039373
21
-4.1041685433070869
0
LINE
8
BLACK
6
CONTINUOUS
10
5.4702619685039373
20
-4.1041685433070869
11
5.4699648425196852
21
-4.1050829527559056
0
LINE
8
BLACK
6
CONTINUOUS
10
5.4699648425196852
20
-4.1050829527559056
11
5.4690140944881884
21
-4.1066344488188973
0
LINE
8
BLACK
6
CONTINUOUS
10
5.4690140944881884
20
-4.1066344488188973
11
5.4669092913385828
21
-4.1087392913385825
0
LINE
8
BLACK
6
CONTINUOUS
10
5.4669092913385828
20
-4.1087392913385825
11
5.4669090944881891
21
-4.108739527559055
0
LINE
8
BLACK
6
CONTINUOUS
10
5.4669090944881891
20
-4.108739527559055
11
5.4669089763779528
21
-4.1087396456692913
0
LINE
8
BLACK
6
CONTINUOUS
10
5.4669089763779528
20
-4.1087396456692913
11
5.464055826771653
21
-4.1136813779527559
0
LINE
8
BLACK
6
CONTINUOUS
10
5.464055826771653
20
-4.1136813779527559
11
5.4640557874015743
21
-4.1136814566929134
0
LINE
8
BLACK
6
CONTINUOUS
10
5.4640557874015743
20
-4.1136814566929134
11
5.4640557874015743
21
-4.1136814960629922
0
LINE
8
BLACK
6
CONTINUOUS
10
5.4640557874015743
20
-4.1136814960629922
11
5.4626983464566932
21
-4.1187474803149602
0
LINE
8
BLACK
6
CONTINUOUS
10
5.4626983464566932
20
-4.1187474803149602
11
5.4625787795275587
21
-4.1191938582677166
0
LINE
8
BLACK
6
CONTINUOUS
10
5.4625787795275587
20
-4.1191938582677166
11
5.4625787401574799
21
-4.1191939370078741
0
LINE
8
BLACK
6
CONTINUOUS
10
5.4625787401574799
20
-4.1191939370078741
11
5.4625787401574799
21
-4.1249006692913381
0
LINE
8
BLACK
6
CONTINUOUS
10
5.4625787401574799
20
-4.1249006692913381
11
5.4631594488188977
21
-4.1270678346456693
0
LINE
8
BLACK
6
CONTINUOUS
10
5.4631594488188977
20
-4.1270678346456693
11
5.4631594488188977
21
-4.127067874015748
0
LINE
8
BLACK
6
CONTINUOUS
10
5.4631594488188977
20
-4.127067874015748
11
5.4631594881889765
21
-4.127067874015748
0
LINE
8
BLACK
6
CONTINUOUS
10
5.4631594881889765
20
-4.127067874015748
11
5.4631594881889765
21
-4.1270679133858268
0
LINE
8
BLACK
6
CONTINUOUS
10
5.4631594881889765
20
-4.1270679133858268
11
5.4640557874015743
21
-4.130412952755905
0
LINE
8
BLACK
6
CONTINUOUS
10
5.4640557874015743
20
-4.130412952755905
11
5.464055826771653
21
-4.1304130314960625
0
LINE
8
BLACK
6
CONTINUOUS
10
5.464055826771653
20
-4.1304130314960625
11
5.4640558661417318
21
-4.1304131496062988
0
LINE
8
BLACK
6
CONTINUOUS
10
5.4640558661417318
20
-4.1304131496062988
11
5.4669088582677166
21
-4.1353546456692909
0
LINE
8
BLACK
6
CONTINUOUS
10
5.4669088582677166
20
-4.1353546456692909
11
5.4669089370078741
21
-4.1353547244094484
0
LINE
8
BLACK
6
CONTINUOUS
10
5.4669089370078741
20
-4.1353547244094484
11
5.4669090157480316
21
-4.1353548031496059
0
LINE
8
BLACK
6
CONTINUOUS
10
5.4669090157480316
20
-4.1353548031496059
11
5.4669090944881891
21
-4.1353549212598422
0
LINE
8
BLACK
6
CONTINUOUS
10
5.4669090944881891
20
-4.1353549212598422
11
5.4709442913385828
21
-4.1393901181102359
0
LINE
8
BLACK
6
CONTINUOUS
10
5.4709442913385828
20
-4.1393901181102359
11
5.4709443700787403
21
-4.1393901574803147
0
LINE
8
BLACK
6
CONTINUOUS
10
5.4709443700787403
20
-4.1393901574803147
11
5.4709444488188979
21
-4.1393902362204722
0
LINE
8
BLACK
6
CONTINUOUS
10
5.4709444488188979
20
-4.1393902362204722
11
5.4709659842519685
21
-4.1394057874015751
0
LINE
8
BLACK
6
CONTINUOUS
10
5.4709659842519685
20
-4.1394057874015751
11
5.4710448031496064
21
-4.1394481889763775
0
LINE
8
BLACK
6
CONTINUOUS
10
5.4710448031496064
20
-4.1394481889763775
11
5.47588625984252
21
-4.142243385826772
0
LINE
8
BLACK
6
CONTINUOUS
10
5.47588625984252
20
-4.142243385826772
11
5.4758862992125987
21
-4.142243385826772
0
LINE
8
BLACK
6
CONTINUOUS
10
5.4758862992125987
20
-4.142243385826772
11
5.4758864173228341
21
-4.1422434645669286
0
LINE
8
BLACK
6
CONTINUOUS
10
5.4758864173228341
20
-4.1422434645669286
11
5.4813986220472444
21
-4.1437204724409451
0
LINE
8
BLACK
6
CONTINUOUS
10
5.4813986220472444
20
-4.1437204724409451
11
5.4841783464566927
21
-4.1437204724409451
0
LINE
8
BLACK
6
CONTINUOUS
10
5.4841783464566927
20
-4.1437204724409451
11
5.4853827165354332
21
-4.1439112204724404
0
LINE
8
BLACK
6
CONTINUOUS
10
5.4853827165354332
20
-4.1439112204724404
11
5.4858684251968501
21
-4.1440690157480313
0
LINE
8
BLACK
6
CONTINUOUS
10
5.4858684251968501
20
-4.1440690157480313
11
5.4862971259842519
21
-4.1442083070866138
0
LINE
8
BLACK
6
CONTINUOUS
10
5.4862971259842519
20
-4.1442083070866138
11
5.4878488188976373
21
-4.1451591338582681
0
LINE
8
BLACK
6
CONTINUOUS
10
5.4878488188976373
20
-4.1451591338582681
11
5.525622716535433
21
-4.1829329921259841
0
LINE
8
BLACK
6
CONTINUOUS
10
5.525622716535433
20
-4.1829329921259841
11
5.5263394488188977
21
-4.1839195275590546
0
LINE
8
BLACK
6
CONTINUOUS
10
5.5263394488188977
20
-4.1839195275590546
11
5.5267759448818898
21
-4.1847761811023618
0
LINE
8
BLACK
6
CONTINUOUS
10
5.5267759448818898
20
-4.1847761811023618
11
5.5272007874015747
21
-4.1865457086614173
0
LINE
8
BLACK
6
CONTINUOUS
10
5.5272007874015747
20
-4.1865457086614173
11
5.5272007874015747
21
-4.2817609842519682
0
LINE
8
BLACK
6
CONTINUOUS
10
5.5272007874015747
20
-4.2817609842519682
11
5.5270099999999998
21
-4.2829654724409449
0
LINE
8
BLACK
6
CONTINUOUS
10
5.5270099999999998
20
-4.2829654724409449
11
5.5267128740157476
21
-4.2838798818897637
0
LINE
8
BLACK
6
CONTINUOUS
10
5.5267128740157476
20
-4.2838798818897637
11
5.525762086614173
21
-4.2854314566929137
0
LINE
8
BLACK
6
CONTINUOUS
10
5.525762086614173
20
-4.2854314566929137
11
5.5104844881889763
21
-4.3007090944881892
0
LINE
8
BLACK
6
CONTINUOUS
10
5.5104844881889763
20
-4.3007090944881892
11
5.4757790551181103
21
-4.3354145275590552
0
LINE
8
BLACK
6
CONTINUOUS
10
5.4757790551181103
20
-4.3354145275590552
11
5.4757790551181103
21
-4.335414566929134
0
LINE
8
BLACK
6
CONTINUOUS
10
5.4757790551181103
20
-4.335414566929134
11
5.3865956692913386
21
-4.4245979527559056
0
LINE
8
BLACK
6
CONTINUOUS
10
5.3865956692913386
20
-4.4245979527559056
11
5.3847789763779526
21
-4.4277445669291335
0
LINE
8
BLACK
6
CONTINUOUS
10
5.3847789763779526
20
-4.4277445669291335
11
5.3838385826771651
21
-4.4312542125984251
0
LINE
8
BLACK
6
CONTINUOUS
10
5.3838385826771651
20
-4.4312542125984251
11
5.3838385826771651
21
-4.5306857874015751
0
LINE
8
BLACK
6
CONTINUOUS
10
5.3838385826771651
20
-4.5306857874015751
11
5.3836477952755901
21
-4.5318902362204723
0
LINE
8
BLACK
6
CONTINUOUS
10
5.3836477952755901
20
-4.5318902362204723
11
5.3834855118110232
21
-4.5323896850393703
0
LINE
8
BLACK
6
CONTINUOUS
10
5.3834855118110232
20
-4.5323896850393703
11
5.3820700787401572
21
-4.5343381496062989
0
LINE
8
BLACK
6
CONTINUOUS
10
5.3820700787401572
20
-4.5343381496062989
11
5.381907834645669
21
-4.5344560629921258
0
LINE
8
BLACK
6
CONTINUOUS
10
5.381907834645669
20
-4.5344560629921258
11
5.379616968503937
21
-4.5352007874015747
0
LINE
8
BLACK
6
CONTINUOUS
10
5.379616968503937
20
-4.5352007874015747
11
5.2818515748031496
21
-4.5352007874015747
0
LINE
8
BLACK
6
CONTINUOUS
10
5.2818515748031496
20
-4.5352007874015747
11
5.2810911023622049
21
-4.5351258661417324
0
LINE
8
BLACK
6
CONTINUOUS
10
5.2810911023622049
20
-4.5351258661417324
11
5.2803982283464563
21
-4.5349880314960629
0
LINE
8
BLACK
6
CONTINUOUS
10
5.2803982283464563
20
-4.5349880314960629
11
5.2800098031496061
21
-4.5349107480314963
0
LINE
8
BLACK
6
CONTINUOUS
10
5.2800098031496061
20
-4.5349107480314963
11
5.2797615748031497
21
-4.5348528740157477
0
LINE
8
BLACK
6
CONTINUOUS
10
5.2797615748031497
20
-4.5348528740157477
11
5.2768851181102363
21
-4.5340821259842521
0
LINE
8
BLACK
6
CONTINUOUS
10
5.2768851181102363
20
-4.5340821259842521
11
5.2745068897637797
21
-4.5334448818897632
0
LINE
8
BLACK
6
CONTINUOUS
10
5.2745068897637797
20
-4.5334448818897632
11
5.2745068503937009
21
-4.5334448818897632
0
LINE
8
BLACK
6
CONTINUOUS
10
5.2745068503937009
20
-4.5334448818897632
11
5.268800118110236
21
-4.5334448818897632
0
LINE
8
BLACK
6
CONTINUOUS
10
5.268800118110236
20
-4.5334448818897632
11
5.2663696062992127
21
-4.5340961023622048
0
LINE
8
BLACK
6
CONTINUOUS
10
5.2663696062992127
20
-4.5340961023622048
11
5.2663695669291339
21
-4.5340960629921261
0
LINE
8
BLACK
6
CONTINUOUS
10
5.2663695669291339
20
-4.5340960629921261
11
5.2632878740157478
21
-4.534921850393701
0
LINE
8
BLACK
6
CONTINUOUS
10
5.2632878740157478
20
-4.534921850393701
11
5.2632876377952753
21
-4.5349219685039373
0
LINE
8
BLACK
6
CONTINUOUS
10
5.2632876377952753
20
-4.5349219685039373
11
5.258346181102362
21
-4.5377749212598424
0
LINE
8
BLACK
6
CONTINUOUS
10
5.258346181102362
20
-4.5377749212598424
11
5.2543103543307081
21
-4.5418107480314962
0
LINE
8
BLACK
6
CONTINUOUS
10
5.2543103543307081
20
-4.5418107480314962
11
5.251457401574803
21
-4.5467521653543308
0
LINE
8
BLACK
6
CONTINUOUS
10
5.251457401574803
20
-4.5467521653543308
11
5.2514573622047243
21
-4.5467523622047246
0
LINE
8
BLACK
6
CONTINUOUS
10
5.2514573622047243
20
-4.5467523622047246
11
5.2499803149606299
21
-4.5522647637795277
0
LINE
8
BLACK
6
CONTINUOUS
10
5.2499803149606299
20
-4.5522647637795277
11
5.2499803149606299
21
-4.5579714173228343
0
LINE
8
BLACK
6
CONTINUOUS
10
5.8450787401574802
20
-4.9400787795275587
11
5.8450787401574802
21
-4.9400788188976374
0
LINE
8
BLACK
6
CONTINUOUS
10
5.8450787401574802
20
-4.9400788188976374
11
5.8450787401574802
21
-4.9479527559055114
0
LINE
8
BLACK
6
CONTINUOUS
10
5.8450787401574802
20
-4.9479527559055114
11
5.8701574803149601
21
-4.9479527559055114
0
LINE
8
BLACK
6
CONTINUOUS
10
5.8701574803149601
20
-4.9479527559055114
11
5.8701574803149601
21
-4.9730314960629922
0
LINE
8
BLACK
6
CONTINUOUS
10
5.8701574803149601
20
-4.9730314960629922
11
5.8780314173228341
21
-4.9730314960629922
0
LINE
8
BLACK
6
CONTINUOUS
10
5.8780314173228341
20
-4.9730314960629922
11
5.8780314566929128
21
-4.9730314960629922
0
LINE
8
BLACK
6
CONTINUOUS
10
5.8780314566929128
20
-4.9730314960629922
11
5.8780314960629916
21
-4.9730314566929135
0
LINE
8
BLACK
6
CONTINUOUS
10
5.8780314960629916
20
-4.9730314566929135
11
5.8780314960629916
21
-4.9471772440944877
0
LINE
8
BLACK
6
CONTINUOUS
10
5.8780314960629916
20
-4.9471772440944877
11
5.8780314960629916
21
-4.9471771653543302
0
LINE
8
BLACK
6
CONTINUOUS
10
5.8780314960629916
20
-4.9471771653543302
11
5.8780064566929129
21
-4.9470229527559058
0
LINE
8
BLACK
6
CONTINUOUS
10
5.8780064566929129
20
-4.9470229527559058
11
5.8779837007874018
21
-4.9469370866141729
0
LINE
8
BLACK
6
CONTINUOUS
10
5.8779837007874018
20
-4.9469370866141729
11
5.8775746456692914
21
-4.9448804330708658
0
LINE
8
BLACK
6
CONTINUOUS
10
5.8775746456692914
20
-4.9448804330708658
11
5.8758343700787403
21
-4.9422759842519683
0
LINE
8
BLACK
6
CONTINUOUS
10
5.8758343700787403
20
-4.9422759842519683
11
5.8758342125984253
21
-4.9422758267716533
0
LINE
8
BLACK
6
CONTINUOUS
10
5.8758342125984253
20
-4.9422758267716533
11
5.873229763779527
21
-4.9405355511811022
0
LINE
8
BLACK
6
CONTINUOUS
10
5.873229763779527
20
-4.9405355511811022
11
5.8732296456692916
21
-4.9405355118110235
0
LINE
8
BLACK
6
CONTINUOUS
10
5.8732296456692916
20
-4.9405355118110235
11
5.8709332283464564
21
-4.9400787401574799
0
LINE
8
BLACK
6
CONTINUOUS
10
5.8709332283464564
20
-4.9400787401574799
11
5.8709330708661414
21
-4.9400787401574799
0
LINE
8
BLACK
6
CONTINUOUS
10
5.8709330708661414
20
-4.9400787401574799
11
5.8450787795275589
21
-4.9400787401574799
0
LINE
8
BLACK
6
CONTINUOUS
10
5.8450787795275589
20
-4.9400787401574799
11
5.8450787401574802
21
-4.9400787795275587
0
LINE
8
BLACK
6
CONTINUOUS
10
5.6070852362204722
20
-4.9405355118110235
11
5.6070851181102359
21
-4.9405355511811022
0
LINE
8
BLACK
6
CONTINUOUS
10
5.6070851181102359
20
-4.9405355511811022
11
5.6044808267716535
21
-4.9422757086614171
0
LINE
8
BLACK
6
CONTINUOUS
10
5.6044808267716535
20
-4.9422757086614171
11
5.604480433070866
21
-4.9422761023622046
0
LINE
8
BLACK
6
CONTINUOUS
10
5.604480433070866
20
-4.9422761023622046
11
5.6027402755905511
21
-4.944880393700787
0
LINE
8
BLACK
6
CONTINUOUS
10
5.6027402755905511
20
-4.944880393700787
11
5.6027402362204723
21
-4.9448805118110233
0
LINE
8
BLACK
6
CONTINUOUS
10
5.6027402362204723
20
-4.9448805118110233
11
5.6022834645669288
21
-4.9471769291338585
0
LINE
8
BLACK
6
CONTINUOUS
10
5.6022834645669288
20
-4.9471769291338585
11
5.6022834645669288
21
-4.9471771259842523
0
LINE
8
BLACK
6
CONTINUOUS
10
5.6022834645669288
20
-4.9471771259842523
11
5.6022834645669288
21
-4.9730314566929135
0
LINE
8
BLACK
6
CONTINUOUS
10
5.6022834645669288
20
-4.9730314566929135
11
5.6022835039370076
21
-4.9730314960629922
0
LINE
8
BLACK
6
CONTINUOUS
10
5.6022835039370076
20
-4.9730314960629922
11
5.6101574803149603
21
-4.9730314960629922
0
LINE
8
BLACK
6
CONTINUOUS
10
5.6101574803149603
20
-4.9730314960629922
11
5.6101574803149603
21
-4.9479527559055114
0
LINE
8
BLACK
6
CONTINUOUS
10
5.6101574803149603
20
-4.9479527559055114
11
5.6352362204724411
21
-4.9479527559055114
0
LINE
8
BLACK
6
CONTINUOUS
10
5.6352362204724411
20
-4.9479527559055114
11
5.6352362204724411
21
-4.9400788188976374
0
LINE
8
BLACK
6
CONTINUOUS
10
5.6352362204724411
20
-4.9400788188976374
11
5.6352362204724411
21
-4.9400787795275587
0
LINE
8
BLACK
6
CONTINUOUS
10
5.6352362204724411
20
-4.9400787795275587
11
5.6352361811023624
21
-4.9400787401574799
0
LINE
8
BLACK
6
CONTINUOUS
10
5.6352361811023624
20
-4.9400787401574799
11
5.6352361417322836
21
-4.9400787401574799
0
LINE
8
BLACK
6
CONTINUOUS
10
5.6352361417322836
20
-4.9400787401574799
11
5.6093816535433065
21
-4.9400787401574799
0
LINE
8
BLACK
6
CONTINUOUS
10
5.6093816535433065
20
-4.9400787401574799
11
5.6070852362204722
21
-4.9405355118110235
0
LINE
8
BLACK
6
CONTINUOUS
10
5.6022835039370076
20
-4.8828740157480315
11
5.6022834645669288
21
-4.8828740551181102
0
LINE
8
BLACK
6
CONTINUOUS
10
5.6022834645669288
20
-4.8828740551181102
11
5.6022834645669288
21
-4.882874094488189
0
LINE
8
BLACK
6
CONTINUOUS
10
5.6022834645669288
20
-4.882874094488189
11
5.6022834645669288
21
-4.9087285039370077
0
LINE
8
BLACK
6
CONTINUOUS
10
5.6022834645669288
20
-4.9087285039370077
11
5.6027402362204723
21
-4.911024921259842
0
LINE
8
BLACK
6
CONTINUOUS
10
5.6027402362204723
20
-4.911024921259842
11
5.6027402755905511
21
-4.9110250393700783
0
LINE
8
BLACK
6
CONTINUOUS
10
5.6027402755905511
20
-4.9110250393700783
11
5.6040774015748029
21
-4.9130261811023619
0
LINE
8
BLACK
6
CONTINUOUS
10
5.6040774015748029
20
-4.9130261811023619
11
5.6044805511811022
21
-4.9136294881889766
0
LINE
8
BLACK
6
CONTINUOUS
10
5.6044805511811022
20
-4.9136294881889766
11
5.6044807086614172
21
-4.9136296456692916
0
LINE
8
BLACK
6
CONTINUOUS
10
5.6044807086614172
20
-4.9136296456692916
11
5.6070851574803147
21
-4.9153699212598427
0
LINE
8
BLACK
6
CONTINUOUS
10
5.6070851574803147
20
-4.9153699212598427
11
5.6092896850393696
21
-4.9158083858267716
0
LINE
8
BLACK
6
CONTINUOUS
10
5.6092896850393696
20
-4.9158083858267716
11
5.6093587007874017
21
-4.9158238582677161
0
LINE
8
BLACK
6
CONTINUOUS
10
5.6093587007874017
20
-4.9158238582677161
11
5.6093817716535428
21
-4.9158266929133854
0
LINE
8
BLACK
6
CONTINUOUS
10
5.6093817716535428
20
-4.9158266929133854
11
5.6093818503937003
21
-4.9158267322834641
0
LINE
8
BLACK
6
CONTINUOUS
10
5.6093818503937003
20
-4.9158267322834641
11
5.6093820078740153
21
-4.9158267716535429
0
LINE
8
BLACK
6
CONTINUOUS
10
5.6093820078740153
20
-4.9158267716535429
11
5.6352361417322836
21
-4.9158267716535429
0
LINE
8
BLACK
6
CONTINUOUS
10
5.6352361417322836
20
-4.9158267716535429
11
5.6352361811023624
21
-4.9158267716535429
0
LINE
8
BLACK
6
CONTINUOUS
10
5.6352361811023624
20
-4.9158267716535429
11
5.6352362204724411
21
-4.9158267322834641
0
LINE
8
BLACK
6
CONTINUOUS
10
5.6352362204724411
20
-4.9158267322834641
11
5.6352362204724411
21
-4.9079527559055114
0
LINE
8
BLACK
6
CONTINUOUS
10
5.6352362204724411
20
-4.9079527559055114
11
5.6101574803149603
21
-4.9079527559055114
0
LINE
8
BLACK
6
CONTINUOUS
10
5.6101574803149603
20
-4.9079527559055114
11
5.6101574803149603
21
-4.8828740157480315
0
LINE
8
BLACK
6
CONTINUOUS
10
5.6101574803149603
20
-4.8828740157480315
11
5.6022835039370076
21
-4.8828740157480315
0
LINE
8
BLACK
6
CONTINUOUS
10
5.8701574803149601
20
-4.9079527559055114
11
5.8450787401574802
21
-4.9079527559055114
0
LINE
8
BLACK
6
CONTINUOUS
10
5.8450787401574802
20
-4.9079527559055114
11
5.8450787401574802
21
-4.9158267322834641
0
LINE
8
BLACK
6
CONTINUOUS
10
5.8450787401574802
20
-4.9158267322834641
11
5.8450787795275589
21
-4.9158267716535429
0
LINE
8
BLACK
6
CONTINUOUS
10
5.8450787795275589
20
-4.9158267716535429
11
5.8450788188976377
21
-4.9158267716535429
0
LINE
8
BLACK
6
CONTINUOUS
10
5.8450788188976377
20
-4.9158267716535429
11
5.8709329527559051
21
-4.9158267716535429
0
LINE
8
BLACK
6
CONTINUOUS
10
5.8709329527559051
20
-4.9158267716535429
11
5.8709330314960626
21
-4.9158267716535429
0
LINE
8
BLACK
6
CONTINUOUS
10
5.8709330314960626
20
-4.9158267716535429
11
5.8710872834645667
21
-4.9158016929133854
0
LINE
8
BLACK
6
CONTINUOUS
10
5.8710872834645667
20
-4.9158016929133854
11
5.871172913385827
21
-4.915779015748031
0
LINE
8
BLACK
6
CONTINUOUS
10
5.871172913385827
20
-4.915779015748031
11
5.8724122440944884
21
-4.9155325196850397
0
LINE
8
BLACK
6
CONTINUOUS
10
5.8724122440944884
20
-4.9155325196850397
11
5.8732296062992129
21
-4.9153699606299215
0
LINE
8
BLACK
6
CONTINUOUS
10
5.8732296062992129
20
-4.9153699606299215
11
5.8732296062992129
21
-4.9153699212598427
0
LINE
8
BLACK
6
CONTINUOUS
10
5.8732296062992129
20
-4.9153699212598427
11
5.873229763779527
21
-4.9153699212598427
0
LINE
8
BLACK
6
CONTINUOUS
10
5.873229763779527
20
-4.9153699212598427
11
5.8758342125984253
21
-4.9136296456692916
0
LINE
8
BLACK
6
CONTINUOUS
10
5.8758342125984253
20
-4.9136296456692916
11
5.8758343700787403
21
-4.9136294881889766
0
LINE
8
BLACK
6
CONTINUOUS
10
5.8758343700787403
20
-4.9136294881889766
11
5.8775746456692914
21
-4.9110250393700783
0
LINE
8
BLACK
6
CONTINUOUS
10
5.8775746456692914
20
-4.9110250393700783
11
5.8779837401574806
21
-4.9089681889763774
0
LINE
8
BLACK
6
CONTINUOUS
10
5.8779837401574806
20
-4.9089681889763774
11
5.8780064173228341
21
-4.9088825590551179
0
LINE
8
BLACK
6
CONTINUOUS
10
5.8780064173228341
20
-4.9088825590551179
11
5.8780314960629916
21
-4.9087282677165351
0
LINE
8
BLACK
6
CONTINUOUS
10
5.8780314960629916
20
-4.9087282677165351
11
5.8780314960629916
21
-4.882874094488189
0
LINE
8
BLACK
6
CONTINUOUS
10
5.8780314960629916
20
-4.882874094488189
11
5.8780314960629916
21
-4.8828740551181102
0
LINE
8
BLACK
6
CONTINUOUS
10
5.8780314960629916
20
-4.8828740551181102
11
5.8780314566929128
21
-4.8828740157480315
0
LINE
8
BLACK
6
CONTINUOUS
10
5.8780314566929128
20
-4.8828740157480315
11
5.8780314173228341
21
-4.8828740157480315
0
LINE
8
BLACK
6
CONTINUOUS
10
5.8780314173228341
20
-4.8828740157480315
11
5.8701574803149601
21
-4.8828740157480315
0
LINE
8
BLACK
6
CONTINUOUS
10
5.8701574803149601
20
-4.8828740157480315
11
5.8701574803149601
21
-4.9079527559055114
0
LINE
8
BLACK
6
CONTINUOUS
10
5.8450787401574802
20
-4.840078779527559
11
5.8450787401574802
21
-4.8400788188976378
0
LINE
8
BLACK
6
CONTINUOUS
10
5.8450787401574802
20
-4.8400788188976378
11
5.8450787401574802
21
-4.8479527559055118
0
LINE
8
BLACK
6
CONTINUOUS
10
5.8450787401574802
20
-4.8479527559055118
11
5.8701574803149601
21
-4.8479527559055118
0
LINE
8
BLACK
6
CONTINUOUS
10
5.8701574803149601
20
-4.8479527559055118
11
5.8701574803149601
21
-4.8730314960629917
0
LINE
8
BLACK
6
CONTINUOUS
10
5.8701574803149601
20
-4.8730314960629917
11
5.8780314173228341
21
-4.8730314960629917
0
LINE
8
BLACK
6
CONTINUOUS
10
5.8780314173228341
20
-4.8730314960629917
11
5.8780314566929128
21
-4.8730314960629917
0
LINE
8
BLACK
6
CONTINUOUS
10
5.8780314566929128
20
-4.8730314960629917
11
5.8780314960629916
21
-4.8730314566929129
0
LINE
8
BLACK
6
CONTINUOUS
10
5.8780314960629916
20
-4.8730314566929129
11
5.8780314960629916
21
-4.847177244094488
0
LINE
8
BLACK
6
CONTINUOUS
10
5.8780314960629916
20
-4.847177244094488
11
5.8780314960629916
21
-4.8471771653543305
0
LINE
8
BLACK
6
CONTINUOUS
10
5.8780314960629916
20
-4.8471771653543305
11
5.8780064566929129
21
-4.8470229527559052
0
LINE
8
BLACK
6
CONTINUOUS
10
5.8780064566929129
20
-4.8470229527559052
11
5.8779837007874018
21
-4.8469370866141732
0
LINE
8
BLACK
6
CONTINUOUS
10
5.8779837007874018
20
-4.8469370866141732
11
5.8775746456692914
21
-4.8448804330708661
0
LINE
8
BLACK
6
CONTINUOUS
10
5.8775746456692914
20
-4.8448804330708661
11
5.8758343700787403
21
-4.8422759842519687
0
LINE
8
BLACK
6
CONTINUOUS
10
5.8758343700787403
20
-4.8422759842519687
11
5.8758342125984253
21
-4.8422758267716537
0
LINE
8
BLACK
6
CONTINUOUS
10
5.8758342125984253
20
-4.8422758267716537
11
5.873229763779527
21
-4.8405355511811026
0
LINE
8
BLACK
6
CONTINUOUS
10
5.873229763779527
20
-4.8405355511811026
11
5.8732296456692916
21
-4.8405355118110238
0
LINE
8
BLACK
6
CONTINUOUS
10
5.8732296456692916
20
-4.8405355118110238
11
5.8709332283464564
21
-4.8400787401574803
0
LINE
8
BLACK
6
CONTINUOUS
10
5.8709332283464564
20
-4.8400787401574803
11
5.8709330708661414
21
-4.8400787401574803
0
LINE
8
BLACK
6
CONTINUOUS
10
5.8709330708661414
20
-4.8400787401574803
11
5.8450787795275589
21
-4.8400787401574803
0
LINE
8
BLACK
6
CONTINUOUS
10
5.8450787795275589
20
-4.8400787401574803
11
5.8450787401574802
21
-4.840078779527559
0
LINE
8
BLACK
6
CONTINUOUS
10
5.6070852362204722
20
-4.8405355118110238
11
5.6070851181102359
21
-4.8405355511811026
0
LINE
8
BLACK
6
CONTINUOUS
10
5.6070851181102359
20
-4.8405355511811026
11
5.6044808267716535
21
-4.8422757086614174
0
LINE
8
BLACK
6
CONTINUOUS
10
5.6044808267716535
20
-4.8422757086614174
11
5.604480433070866
21
-4.842276102362205
0
LINE
8
BLACK
6
CONTINUOUS
10
5.604480433070866
20
-4.842276102362205
11
5.6027402755905511
21
-4.8448803937007874
0
LINE
8
BLACK
6
CONTINUOUS
10
5.6027402755905511
20
-4.8448803937007874
11
5.6027402362204723
21
-4.8448805118110236
0
LINE
8
BLACK
6
CONTINUOUS
10
5.6027402362204723
20
-4.8448805118110236
11
5.6022834645669288
21
-4.847176929133858
0
LINE
8
BLACK
6
CONTINUOUS
10
5.6022834645669288
20
-4.847176929133858
11
5.6022834645669288
21
-4.8471771259842518
0
LINE
8
BLACK
6
CONTINUOUS
10
5.6022834645669288
20
-4.8471771259842518
11
5.6022834645669288
21
-4.8730314566929129
0
LINE
8
BLACK
6
CONTINUOUS
10
5.6022834645669288
20
-4.8730314566929129
11
5.6022835039370076
21
-4.8730314960629917
0
LINE
8
BLACK
6
CONTINUOUS
10
5.6022835039370076
20
-4.8730314960629917
11
5.6101574803149603
21
-4.8730314960629917
0
LINE
8
BLACK
6
CONTINUOUS
10
5.6101574803149603
20
-4.8730314960629917
11
5.6101574803149603
21
-4.8479527559055118
0
LINE
8
BLACK
6
CONTINUOUS
10
5.6101574803149603
20
-4.8479527559055118
11
5.6352362204724411
21
-4.8479527559055118
0
LINE
8
BLACK
6
CONTINUOUS
10
5.6352362204724411
20
-4.8479527559055118
11
5.6352362204724411
21
-4.8400788188976378
0
LINE
8
BLACK
6
CONTINUOUS
10
5.6352362204724411
20
-4.8400788188976378
11
5.6352362204724411
21
-4.840078779527559
0
LINE
8
BLACK
6
CONTINUOUS
10
5.6352362204724411
20
-4.840078779527559
11
5.6352361811023624
21
-4.8400787401574803
0
LINE
8
BLACK
6
CONTINUOUS
10
5.6352361811023624
20
-4.8400787401574803
11
5.6352361417322836
21
-4.8400787401574803
0
LINE
8
BLACK
6
CONTINUOUS
10
5.6352361417322836
20
-4.8400787401574803
11
5.6093816535433065
21
-4.8400787401574803
0
LINE
8
BLACK
6
CONTINUOUS
10
5.6093816535433065
20
-4.8400787401574803
11
5.6070852362204722
21
-4.8405355118110238
0
LINE
8
BLACK
6
CONTINUOUS
10
4.9514763779527557
20
-4.7075493307086616
11
4.9519342519685035
21
-4.709851181102362
0
LINE
8
BLACK
6
CONTINUOUS
10
4.9519342519685035
20
-4.709851181102362
11
4.9519342913385822
21
-4.709851338582677
0
LINE
8
BLACK
6
CONTINUOUS
10
4.9519342913385822
20
-4.709851338582677
11
4.951934330708661
21
-4.7098514566929133
0
LINE
8
BLACK
6
CONTINUOUS
10
4.951934330708661
20
-4.7098514566929133
11
4.9519344094488185
21
-4.7098516929133858
0
LINE
8
BLACK
6
CONTINUOUS
10
4.9519344094488185
20
-4.7098516929133858
11
4.9532559842519683
21
-4.7118295275590549
0
LINE
8
BLACK
6
CONTINUOUS
10
4.9532559842519683
20
-4.7118295275590549
11
4.9536790551181102
21
-4.7124626771653544
0
LINE
8
BLACK
6
CONTINUOUS
10
4.9536790551181102
20
-4.7124626771653544
11
4.9562901181102363
21
-4.714207362204724
0
LINE
8
BLACK
6
CONTINUOUS
10
4.9562901181102363
20
-4.714207362204724
11
4.9571653543307086
21
-4.7143814566929132
0
LINE
8
BLACK
6
CONTINUOUS
10
4.9571653543307086
20
-4.7143814566929132
11
4.9580404724409446
21
-4.7145555511811024
0
LINE
8
BLACK
6
CONTINUOUS
10
4.9580404724409446
20
-4.7145555511811024
11
4.9580405905511808
21
-4.7145555511811024
0
LINE
8
BLACK
6
CONTINUOUS
10
4.9580405905511808
20
-4.7145555511811024
11
4.9583527165354333
21
-4.7146176377952758
0
LINE
8
BLACK
6
CONTINUOUS
10
4.9583527165354333
20
-4.7146176377952758
11
4.9584379527559053
21
-4.7146401968503939
0
LINE
8
BLACK
6
CONTINUOUS
10
4.9584379527559053
20
-4.7146401968503939
11
4.958524173228346
21
-4.7146542125984254
0
LINE
8
BLACK
6
CONTINUOUS
10
4.958524173228346
20
-4.7146542125984254
11
4.9585858661417319
21
-4.7146653543307089
0
LINE
8
BLACK
6
CONTINUOUS
10
4.9585858661417319
20
-4.7146653543307089
11
4.9585925984251968
21
-4.7146653543307089
0
LINE
8
BLACK
6
CONTINUOUS
10
4.9585925984251968
20
-4.7146653543307089
11
4.9585926377952756
21
-4.7146653543307089
0
LINE
8
BLACK
6
CONTINUOUS
10
4.9585926377952756
20
-4.7146653543307089
11
5.0201475196850396
21
-4.7146653543307089
0
LINE
8
BLACK
6
CONTINUOUS
10
5.0201475196850396
20
-4.7146653543307089
11
5.0201475590551183
21
-4.7146653543307089
0
LINE
8
BLACK
6
CONTINUOUS
10
5.0201475590551183
20
-4.7146653543307089
11
5.0224500393700788
21
-4.714207362204724
0
LINE
8
BLACK
6
CONTINUOUS
10
5.0224500393700788
20
-4.714207362204724
11
5.0250611023622049
21
-4.7124626771653544
0
LINE
8
BLACK
6
CONTINUOUS
10
5.0250611023622049
20
-4.7124626771653544
11
5.0268057874015746
21
-4.7098516141732283
0
LINE
8
BLACK
6
CONTINUOUS
10
5.0268057874015746
20
-4.7098516141732283
11
5.0272637795275585
21
-4.7075491338582678
0
LINE
8
BLACK
6
CONTINUOUS
10
5.0272637795275585
20
-4.7075491338582678
11
5.0272637795275585
21
-4.6941015748031498
0
LINE
8
BLACK
6
CONTINUOUS
10
5.0272637795275585
20
-4.6941015748031498
11
5.0274544488188972
21
-4.6928974015748031
0
LINE
8
BLACK
6
CONTINUOUS
10
5.0274544488188972
20
-4.6928974015748031
11
5.0276167322834642
21
-4.6923978346456696
0
LINE
8
BLACK
6
CONTINUOUS
10
5.0276167322834642
20
-4.6923978346456696
11
5.0290324015748027
21
-4.6904490551181102
0
LINE
8
BLACK
6
CONTINUOUS
10
5.0290324015748027
20
-4.6904490551181102
11
5.0290559842519684
21
-4.6904319291338581
0
LINE
8
BLACK
6
CONTINUOUS
10
5.0290559842519684
20
-4.6904319291338581
11
5.0291953937007872
21
-4.690330708661417
0
LINE
8
BLACK
6
CONTINUOUS
10
5.0291953937007872
20
-4.690330708661417
11
5.03148594488189
21
-4.6895866141732281
0
LINE
8
BLACK
6
CONTINUOUS
10
5.03148594488189
20
-4.6895866141732281
11
5.0469614173228345
21
-4.6895866141732281
0
LINE
8
BLACK
6
CONTINUOUS
10
5.0469614173228345
20
-4.6895866141732281
11
5.0481656692913388
21
-4.6897772834645668
0
LINE
8
BLACK
6
CONTINUOUS
10
5.0481656692913388
20
-4.6897772834645668
11
5.0486652362204723
21
-4.6899396062992125
0
LINE
8
BLACK
6
CONTINUOUS
10
5.0486652362204723
20
-4.6899396062992125
11
5.0493657874015749
21
-4.6904485826771651
0
LINE
8
BLACK
6
CONTINUOUS
10
5.0493657874015749
20
-4.6904485826771651
11
5.0502717322834645
21
-4.6911067716535433
0
LINE
8
BLACK
6
CONTINUOUS
10
5.0502717322834645
20
-4.6911067716535433
11
5.0506140157480317
21
-4.691355433070866
0
LINE
8
BLACK
6
CONTINUOUS
10
5.0506140157480317
20
-4.691355433070866
11
5.0507319291338577
21
-4.6915177165354329
0
LINE
8
BLACK
6
CONTINUOUS
10
5.0507319291338577
20
-4.6915177165354329
11
5.0514763779527554
21
-4.6938086614173224
0
LINE
8
BLACK
6
CONTINUOUS
10
5.0514763779527554
20
-4.6938086614173224
11
5.0514763779527554
21
-4.7075493307086616
0
LINE
8
BLACK
6
CONTINUOUS
10
5.0514763779527554
20
-4.7075493307086616
11
5.051934251968504
21
-4.709851181102362
0
LINE
8
BLACK
6
CONTINUOUS
10
5.051934251968504
20
-4.709851181102362
11
5.0519342913385827
21
-4.709851338582677
0
LINE
8
BLACK
6
CONTINUOUS
10
5.0519342913385827
20
-4.709851338582677
11
5.0519343307086615
21
-4.7098514566929133
0
LINE
8
BLACK
6
CONTINUOUS
10
5.0519343307086615
20
-4.7098514566929133
11
5.051934409448819
21
-4.7098516929133858
0
LINE
8
BLACK
6
CONTINUOUS
10
5.051934409448819
20
-4.7098516929133858
11
5.053255984251968
21
-4.7118295275590549
0
LINE
8
BLACK
6
CONTINUOUS
10
5.053255984251968
20
-4.7118295275590549
11
5.0536790551181099
21
-4.7124626771653544
0
LINE
8
BLACK
6
CONTINUOUS
10
5.0536790551181099
20
-4.7124626771653544
11
5.056290118110236
21
-4.714207362204724
0
LINE
8
BLACK
6
CONTINUOUS
10
5.056290118110236
20
-4.714207362204724
11
5.0571653543307082
21
-4.7143814566929132
0
LINE
8
BLACK
6
CONTINUOUS
10
5.0571653543307082
20
-4.7143814566929132
11
5.0580404724409451
21
-4.7145555511811024
0
LINE
8
BLACK
6
CONTINUOUS
10
5.0580404724409451
20
-4.7145555511811024
11
5.0580405905511814
21
-4.7145555511811024
0
LINE
8
BLACK
6
CONTINUOUS
10
5.0580405905511814
20
-4.7145555511811024
11
5.0583527165354329
21
-4.7146176377952758
0
LINE
8
BLACK
6
CONTINUOUS
10
5.0583527165354329
20
-4.7146176377952758
11
5.0584379527559058
21
-4.7146401968503939
0
LINE
8
BLACK
6
CONTINUOUS
10
5.0584379527559058
20
-4.7146401968503939
11
5.0585241732283466
21
-4.7146542125984254
0
LINE
8
BLACK
6
CONTINUOUS
10
5.0585241732283466
20
-4.7146542125984254
11
5.0585858661417324
21
-4.7146653543307089
0
LINE
8
BLACK
6
CONTINUOUS
10
5.0585858661417324
20
-4.7146653543307089
11
5.0585925984251965
21
-4.7146653543307089
0
LINE
8
BLACK
6
CONTINUOUS
10
5.0585925984251965
20
-4.7146653543307089
11
5.0585926377952752
21
-4.7146653543307089
0
LINE
8
BLACK
6
CONTINUOUS
10
5.0585926377952752
20
-4.7146653543307089
11
5.1201475196850392
21
-4.7146653543307089
0
LINE
8
BLACK
6
CONTINUOUS
10
5.1201475196850392
20
-4.7146653543307089
11
5.120147559055118
21
-4.7146653543307089
0
LINE
8
BLACK
6
CONTINUOUS
10
5.120147559055118
20
-4.7146653543307089
11
5.1224500393700785
21
-4.714207362204724
0
LINE
8
BLACK
6
CONTINUOUS
10
5.1224500393700785
20
-4.714207362204724
11
5.1250611023622046
21
-4.7124626771653544
0
LINE
8
BLACK
6
CONTINUOUS
10
5.1250611023622046
20
-4.7124626771653544
11
5.1268057874015751
21
-4.7098516141732283
0
LINE
8
BLACK
6
CONTINUOUS
10
5.1268057874015751
20
-4.7098516141732283
11
5.1272637795275591
21
-4.7075491338582678
0
LINE
8
BLACK
6
CONTINUOUS
10
5.1272637795275591
20
-4.7075491338582678
11
5.1272637795275591
21
-4.6941015748031498
0
LINE
8
BLACK
6
CONTINUOUS
10
5.1272637795275591
20
-4.6941015748031498
11
5.1274544488188978
21
-4.6928974015748031
0
LINE
8
BLACK
6
CONTINUOUS
10
5.1274544488188978
20
-4.6928974015748031
11
5.1276167322834647
21
-4.6923978346456696
0
LINE
8
BLACK
6
CONTINUOUS
10
5.1276167322834647
20
-4.6923978346456696
11
5.1290324015748032
21
-4.6904490551181102
0
LINE
8
BLACK
6
CONTINUOUS
10
5.1290324015748032
20
-4.6904490551181102
11
5.1290559842519681
21
-4.6904319291338581
0
LINE
8
BLACK
6
CONTINUOUS
10
5.1290559842519681
20
-4.6904319291338581
11
5.1291953937007877
21
-4.690330708661417
0
LINE
8
BLACK
6
CONTINUOUS
10
5.1291953937007877
20
-4.690330708661417
11
5.1314859448818897
21
-4.6895866141732281
0
LINE
8
BLACK
6
CONTINUOUS
10
5.1314859448818897
20
-4.6895866141732281
11
5.2486582283464562
21
-4.6895866141732281
0
LINE
8
BLACK
6
CONTINUOUS
10
5.2486582283464562
20
-4.6895866141732281
11
5.2498626377952755
21
-4.6897773622047243
0
LINE
8
BLACK
6
CONTINUOUS
10
5.2498626377952755
20
-4.6897773622047243
11
5.2505731889763778
21
-4.6900082283464561
0
LINE
8
BLACK
6
CONTINUOUS
10
5.2505731889763778
20
-4.6900082283464561
11
5.2522649999999995
21
-4.6911067716535433
0
LINE
8
BLACK
6
CONTINUOUS
10
5.2522649999999995
20
-4.6911067716535433
11
5.2523766535433074
21
-4.6912307480314963
0
LINE
8
BLACK
6
CONTINUOUS
10
5.2523766535433074
20
-4.6912307480314963
11
5.2528557480314957
21
-4.6918900787401574
0
LINE
8
BLACK
6
CONTINUOUS
10
5.2528557480314957
20
-4.6918900787401574
11
5.2543106692913382
21
-4.6944100393700783
0
LINE
8
BLACK
6
CONTINUOUS
10
5.2543106692913382
20
-4.6944100393700783
11
5.2583458661417319
21
-4.6984452362204721
0
LINE
8
BLACK
6
CONTINUOUS
10
5.2583458661417319
20
-4.6984452362204721
11
5.2583459448818894
21
-4.6984452755905508
0
LINE
8
BLACK
6
CONTINUOUS
10
5.2583459448818894
20
-4.6984452755905508
11
5.2583460236220469
21
-4.6984453543307083
0
LINE
8
BLACK
6
CONTINUOUS
10
5.2583460236220469
20
-4.6984453543307083
11
5.2583675590551184
21
-4.6984609055118112
0
LINE
8
BLACK
6
CONTINUOUS
10
5.2583675590551184
20
-4.6984609055118112
11
5.2584463779527555
21
-4.6985033070866145
0
LINE
8
BLACK
6
CONTINUOUS
10
5.2584463779527555
20
-4.6985033070866145
11
5.2632878346456691
21
-4.7012985039370081
0
LINE
8
BLACK
6
CONTINUOUS
10
5.2632878346456691
20
-4.7012985039370081
11
5.2632878740157478
21
-4.7012985039370081
0
LINE
8
BLACK
6
CONTINUOUS
10
5.2632878740157478
20
-4.7012985039370081
11
5.2632879921259841
21
-4.7012985826771656
0
LINE
8
BLACK
6
CONTINUOUS
10
5.2632879921259841
20
-4.7012985826771656
11
5.2688001968503935
21
-4.7027755905511812
0
LINE
8
BLACK
6
CONTINUOUS
10
5.2688001968503935
20
-4.7027755905511812
11
5.2688002362204722
21
-4.7027755905511812
0
LINE
8
BLACK
6
CONTINUOUS
10
5.2688002362204722
20
-4.7027755905511812
11
5.2745068503937009
21
-4.7027755905511812
0
LINE
8
BLACK
6
CONTINUOUS
10
5.2745068503937009
20
-4.7027755905511812
11
5.2745068897637797
21
-4.7027755905511812
0
LINE
8
BLACK
6
CONTINUOUS
10
5.2745068897637797
20
-4.7027755905511812
11
5.2800190944881891
21
-4.7012985826771656
0
LINE
8
BLACK
6
CONTINUOUS
10
5.2800190944881891
20
-4.7012985826771656
11
5.2800191338582678
21
-4.7012985433070869
0
LINE
8
BLACK
6
CONTINUOUS
10
5.2800191338582678
20
-4.7012985433070869
11
5.2800192125984253
21
-4.7012985039370081
0
LINE
8
BLACK
6
CONTINUOUS
10
5.2800192125984253
20
-4.7012985039370081
11
5.2800192519685041
21
-4.7012985039370081
0
LINE
8
BLACK
6
CONTINUOUS
10
5.2800192519685041
20
-4.7012985039370081
11
5.2847196850393701
21
-4.6985846850393695
0
LINE
8
BLACK
6
CONTINUOUS
10
5.2847196850393701
20
-4.6985846850393695
11
5.2848333858267713
21
-4.6985294488188973
0
LINE
8
BLACK
6
CONTINUOUS
10
5.2848333858267713
20
-4.6985294488188973
11
5.2848643307086611
21
-4.6985090944881884
0
LINE
8
BLACK
6
CONTINUOUS
10
5.2848643307086611
20
-4.6985090944881884
11
5.285061535433071
21
-4.6983872834645668
0
LINE
8
BLACK
6
CONTINUOUS
10
5.285061535433071
20
-4.6983872834645668
11
5.2851126771653538
21
-4.6983577165354333
0
LINE
8
BLACK
6
CONTINUOUS
10
5.2851126771653538
20
-4.6983577165354333
11
5.2853236220472439
21
-4.6980827952755906
0
LINE
8
BLACK
6
CONTINUOUS
10
5.2853236220472439
20
-4.6980827952755906
11
5.2889964173228341
21
-4.6944100393700783
0
LINE
8
BLACK
6
CONTINUOUS
10
5.2889964173228341
20
-4.6944100393700783
11
5.2889965354330704
21
-4.6944098425196845
0
LINE
8
BLACK
6
CONTINUOUS
10
5.2889965354330704
20
-4.6944098425196845
11
5.2918496850393701
21
-4.689468070866142
0
LINE
8
BLACK
6
CONTINUOUS
10
5.2918496850393701
20
-4.689468070866142
11
5.2918496850393701
21
-4.6894679921259845
0
LINE
8
BLACK
6
CONTINUOUS
10
5.2918496850393701
20
-4.6894679921259845
11
5.2918497637795276
21
-4.689467913385827
0
LINE
8
BLACK
6
CONTINUOUS
10
5.2918497637795276
20
-4.689467913385827
11
5.2933267716535433
21
-4.6839557086614176
0
LINE
8
BLACK
6
CONTINUOUS
10
5.2933267716535433
20
-4.6839557086614176
11
5.2933267716535433
21
-4.6782490157480314
0
LINE
8
BLACK
6
CONTINUOUS
10
5.2933267716535433
20
-4.6782490157480314
11
5.2918497637795276
21
-4.672736811023622
0
LINE
8
BLACK
6
CONTINUOUS
10
5.2918497637795276
20
-4.672736811023622
11
5.2918496850393701
21
-4.6727366929133858
0
LINE
8
BLACK
6
CONTINUOUS
10
5.2918496850393701
20
-4.6727366929133858
11
5.2918496850393701
21
-4.6727366141732283
0
LINE
8
BLACK
6
CONTINUOUS
10
5.2918496850393701
20
-4.6727366141732283
11
5.2918494881889764
21
-4.6727362992125983
0
LINE
8
BLACK
6
CONTINUOUS
10
5.2918494881889764
20
-4.6727362992125983
11
5.2918368503937003
21
-4.6727083464566928
0
LINE
8
BLACK
6
CONTINUOUS
10
5.2918368503937003
20
-4.6727083464566928
11
5.2917872834645667
21
-4.6726285039370081
0
LINE
8
BLACK
6
CONTINUOUS
10
5.2917872834645667
20
-4.6726285039370081
11
5.2890545275590553
21
-4.6678952362204722
0
LINE
8
BLACK
6
CONTINUOUS
10
5.2890545275590553
20
-4.6678952362204722
11
5.2890545275590553
21
-4.667895275590551
0
LINE
8
BLACK
6
CONTINUOUS
10
5.2890545275590553
20
-4.667895275590551
11
5.2889965354330704
21
-4.6677948425196849
0
LINE
8
BLACK
6
CONTINUOUS
10
5.2889965354330704
20
-4.6677948425196849
11
5.2889964566929129
21
-4.6677947637795274
0
LINE
8
BLACK
6
CONTINUOUS
10
5.2889964566929129
20
-4.6677947637795274
11
5.2889964173228341
21
-4.6677946850393699
0
LINE
8
BLACK
6
CONTINUOUS
10
5.2889964173228341
20
-4.6677946850393699
11
5.2849612204724412
21
-4.6637594881889761
0
LINE
8
BLACK
6
CONTINUOUS
10
5.2849612204724412
20
-4.6637594881889761
11
5.284961102362205
21
-4.6637594094488186
0
LINE
8
BLACK
6
CONTINUOUS
10
5.284961102362205
20
-4.6637594094488186
11
5.2849610236220474
21
-4.6637593307086611
0
LINE
8
BLACK
6
CONTINUOUS
10
5.2849610236220474
20
-4.6637593307086611
11
5.2849609842519687
21
-4.6637592913385824
0
LINE
8
BLACK
6
CONTINUOUS
10
5.2849609842519687
20
-4.6637592913385824
11
5.2822746062992127
21
-4.6622083070866145
0
LINE
8
BLACK
6
CONTINUOUS
10
5.2822746062992127
20
-4.6622083070866145
11
5.2814464960629923
21
-4.6612885826771651
0
LINE
8
BLACK
6
CONTINUOUS
10
5.2814464960629923
20
-4.6612885826771651
11
5.2768577559055121
21
-4.6600590551181105
0
LINE
8
BLACK
6
CONTINUOUS
10
5.2768577559055121
20
-4.6600590551181105
11
5.2756464566929129
21
-4.6597344881889766
0
LINE
8
BLACK
6
CONTINUOUS
10
5.2756464566929129
20
-4.6597344881889766
11
5.2745068897637797
21
-4.6594291338582678
0
LINE
8
BLACK
6
CONTINUOUS
10
5.2745068897637797
20
-4.6594291338582678
11
5.2745068503937009
21
-4.6594291338582678
0
LINE
8
BLACK
6
CONTINUOUS
10
5.2745068503937009
20
-4.6594291338582678
11
5.2688002362204722
21
-4.6594291338582678
0
LINE
8
BLACK
6
CONTINUOUS
10
5.2688002362204722
20
-4.6594291338582678
11
5.2688001968503935
21
-4.6594291338582678
0
LINE
8
BLACK
6
CONTINUOUS
10
5.2688001968503935
20
-4.6594291338582678
11
5.2676606299212594
21
-4.6597344881889766
0
LINE
8
BLACK
6
CONTINUOUS
10
5.2676606299212594
20
-4.6597344881889766
11
5.2664493307086611
21
-4.6600590551181105
0
LINE
8
BLACK
6
CONTINUOUS
10
5.2664493307086611
20
-4.6600590551181105
11
5.2632875984251966
21
-4.660906220472441
0
LINE
8
BLACK
6
CONTINUOUS
10
5.2632875984251966
20
-4.660906220472441
11
5.2593529921259838
21
-4.6631779133858267
0
LINE
8
BLACK
6
CONTINUOUS
10
5.2593529921259838
20
-4.6631779133858267
11
5.2584131496062989
21
-4.6635672440944882
0
LINE
8
BLACK
6
CONTINUOUS
10
5.2584131496062989
20
-4.6635672440944882
11
5.2574557874015744
21
-4.6638238188976375
0
LINE
8
BLACK
6
CONTINUOUS
10
5.2574557874015744
20
-4.6638238188976375
11
5.256446811023622
21
-4.663956692913386
0
LINE
8
BLACK
6
CONTINUOUS
10
5.256446811023622
20
-4.663956692913386
11
5.1317787401574799
21
-4.663956692913386
0
LINE
8
BLACK
6
CONTINUOUS
10
5.1317787401574799
20
-4.663956692913386
11
5.1305742913385828
21
-4.663765905511811
0
LINE
8
BLACK
6
CONTINUOUS
10
5.1305742913385828
20
-4.663765905511811
11
5.1300748425196847
21
-4.6636036220472441
0
LINE
8
BLACK
6
CONTINUOUS
10
5.1300748425196847
20
-4.6636036220472441
11
5.1281260236220474
21
-4.6621877165354331
0
LINE
8
BLACK
6
CONTINUOUS
10
5.1281260236220474
20
-4.6621877165354331
11
5.1281257480314961
21
-4.6621873228346455
0
LINE
8
BLACK
6
CONTINUOUS
10
5.1281257480314961
20
-4.6621873228346455
11
5.128007874015748
21
-4.6620250393700786
0
LINE
8
BLACK
6
CONTINUOUS
10
5.128007874015748
20
-4.6620250393700786
11
5.1272637795275591
21
-4.6597344881889766
0
LINE
8
BLACK
6
CONTINUOUS
10
5.1272637795275591
20
-4.6597344881889766
11
5.1272637795275591
21
-4.6459941338582675
0
LINE
8
BLACK
6
CONTINUOUS
10
5.1272637795275591
20
-4.6459941338582675
11
5.1272637401574803
21
-4.6459940944881888
0
LINE
8
BLACK
6
CONTINUOUS
10
5.1272637401574803
20
-4.6459940944881888
11
5.1272637007874016
21
-4.64599374015748
0
LINE
8
BLACK
6
CONTINUOUS
10
5.1272637007874016
20
-4.64599374015748
11
5.1271540157480313
21
-4.6454423622047241
0
LINE
8
BLACK
6
CONTINUOUS
10
5.1271540157480313
20
-4.6454423622047241
11
5.1271540157480313
21
-4.6454422047244091
0
LINE
8
BLACK
6
CONTINUOUS
10
5.1271540157480313
20
-4.6454422047244091
11
5.1269544094488184
21
-4.6444390551181103
0
LINE
8
BLACK
6
CONTINUOUS
10
5.1269544094488184
20
-4.6444390551181103
11
5.1268057874015751
21
-4.6436916929133858
0
LINE
8
BLACK
6
CONTINUOUS
10
5.1268057874015751
20
-4.6436916929133858
11
5.1250611023622046
21
-4.6410806299212597
0
LINE
8
BLACK
6
CONTINUOUS
10
5.1250611023622046
20
-4.6410806299212597
11
5.1250607480314958
21
-4.6410803937007872
0
LINE
8
BLACK
6
CONTINUOUS
10
5.1250607480314958
20
-4.6410803937007872
11
5.1233405905511811
21
-4.6399309842519685
0
LINE
8
BLACK
6
CONTINUOUS
10
5.1233405905511811
20
-4.6399309842519685
11
5.1233405118110236
21
-4.6399309448818897
0
LINE
8
BLACK
6
CONTINUOUS
10
5.1233405118110236
20
-4.6399309448818897
11
5.1231198031496064
21
-4.6397834645669294
0
LINE
8
BLACK
6
CONTINUOUS
10
5.1231198031496064
20
-4.6397834645669294
11
5.122450118110236
21
-4.6393359842519688
0
LINE
8
BLACK
6
CONTINUOUS
10
5.122450118110236
20
-4.6393359842519688
11
5.1224500393700785
21
-4.6393359448818901
0
LINE
8
BLACK
6
CONTINUOUS
10
5.1224500393700785
20
-4.6393359448818901
11
5.1224499212598422
21
-4.6393359055118113
0
LINE
8
BLACK
6
CONTINUOUS
10
5.1224499212598422
20
-4.6393359055118113
11
5.1224498818897635
21
-4.6393359055118113
0
LINE
8
BLACK
6
CONTINUOUS
10
5.1224498818897635
20
-4.6393359055118113
11
5.1218883070866141
21
-4.6392241732283468
0
LINE
8
BLACK
6
CONTINUOUS
10
5.1218883070866141
20
-4.6392241732283468
11
5.1218882677165354
21
-4.6392241732283468
0
LINE
8
BLACK
6
CONTINUOUS
10
5.1218882677165354
20
-4.6392241732283468
11
5.120148346456693
21
-4.6388780708661415
0
LINE
8
BLACK
6
CONTINUOUS
10
5.120148346456693
20
-4.6388780708661415
11
5.1201479527559055
21
-4.638877992125984
0
LINE
8
BLACK
6
CONTINUOUS
10
5.1201479527559055
20
-4.638877992125984
11
5.1201477559055117
21
-4.6388779527559052
0
LINE
8
BLACK
6
CONTINUOUS
10
5.1201477559055117
20
-4.6388779527559052
11
5.1201476377952755
21
-4.6388779527559052
0
LINE
8
BLACK
6
CONTINUOUS
10
5.1201476377952755
20
-4.6388779527559052
11
5.120147559055118
21
-4.6388779527559052
0
LINE
8
BLACK
6
CONTINUOUS
10
5.120147559055118
20
-4.6388779527559052
11
5.0585925984251965
21
-4.6388779527559052
0
LINE
8
BLACK
6
CONTINUOUS
10
5.0585925984251965
20
-4.6388779527559052
11
5.0585925590551177
21
-4.6388779527559052
0
LINE
8
BLACK
6
CONTINUOUS
10
5.0585925590551177
20
-4.6388779527559052
11
5.0585923228346452
21
-4.6388779527559052
0
LINE
8
BLACK
6
CONTINUOUS
10
5.0585923228346452
20
-4.6388779527559052
11
5.0562904724409448
21
-4.6393358267716538
0
LINE
8
BLACK
6
CONTINUOUS
10
5.0562904724409448
20
-4.6393358267716538
11
5.0562898818897635
21
-4.6393360236220476
0
LINE
8
BLACK
6
CONTINUOUS
10
5.0562898818897635
20
-4.6393360236220476
11
5.0536792913385824
21
-4.6410803937007872
0
LINE
8
BLACK
6
CONTINUOUS
10
5.0536792913385824
20
-4.6410803937007872
11
5.0536788188976374
21
-4.6410808661417322
0
LINE
8
BLACK
6
CONTINUOUS
10
5.0536788188976374
20
-4.6410808661417322
11
5.0519344488188977
21
-4.6436914566929133
0
LINE
8
BLACK
6
CONTINUOUS
10
5.0519344488188977
20
-4.6436914566929133
11
5.051934251968504
21
-4.6436920472440946
0
LINE
8
BLACK
6
CONTINUOUS
10
5.051934251968504
20
-4.6436920472440946
11
5.0514763779527554
21
-4.645993897637795
0
LINE
8
BLACK
6
CONTINUOUS
10
5.0514763779527554
20
-4.645993897637795
11
5.0514763779527554
21
-4.6594416929133855
0
LINE
8
BLACK
6
CONTINUOUS
10
5.0514763779527554
20
-4.6594416929133855
11
5.0512855905511813
21
-4.6606461417322835
0
LINE
8
BLACK
6
CONTINUOUS
10
5.0512855905511813
20
-4.6606461417322835
11
5.0511233070866144
21
-4.6611455905511807
0
LINE
8
BLACK
6
CONTINUOUS
10
5.0511233070866144
20
-4.6611455905511807
11
5.0497078740157475
21
-4.6630940551181101
0
LINE
8
BLACK
6
CONTINUOUS
10
5.0497078740157475
20
-4.6630940551181101
11
5.0495456299212593
21
-4.663211968503937
0
LINE
8
BLACK
6
CONTINUOUS
10
5.0495456299212593
20
-4.663211968503937
11
5.0472547637795273
21
-4.663956692913386
0
LINE
8
BLACK
6
CONTINUOUS
10
5.0472547637795273
20
-4.663956692913386
11
5.0317787401574803
21
-4.663956692913386
0
LINE
8
BLACK
6
CONTINUOUS
10
5.0317787401574803
20
-4.663956692913386
11
5.0305742913385822
21
-4.663765905511811
0
LINE
8
BLACK
6
CONTINUOUS
10
5.0305742913385822
20
-4.663765905511811
11
5.0300748425196851
21
-4.6636036220472441
0
LINE
8
BLACK
6
CONTINUOUS
10
5.0300748425196851
20
-4.6636036220472441
11
5.0300746456692913
21
-4.6636035039370078
0
LINE
8
BLACK
6
CONTINUOUS
10
5.0300746456692913
20
-4.6636035039370078
11
5.0300744094488188
21
-4.6636035039370078
0
LINE
8
BLACK
6
CONTINUOUS
10
5.0300744094488188
20
-4.6636035039370078
11
5.0300743307086613
21
-4.6636034645669291
0
LINE
8
BLACK
6
CONTINUOUS
10
5.0300743307086613
20
-4.6636034645669291
11
5.0290263385826774
21
-4.6628418110236218
0
LINE
8
BLACK
6
CONTINUOUS
10
5.0290263385826774
20
-4.6628418110236218
11
5.0281260236220469
21
-4.6621877165354331
0
LINE
8
BLACK
6
CONTINUOUS
10
5.0281260236220469
20
-4.6621877165354331
11
5.0281257480314956
21
-4.6621873228346455
0
LINE
8
BLACK
6
CONTINUOUS
10
5.0281257480314956
20
-4.6621873228346455
11
5.0280078740157483
21
-4.6620250393700786
0
LINE
8
BLACK
6
CONTINUOUS
10
5.0280078740157483
20
-4.6620250393700786
11
5.0279318110236222
21
-4.6617908661417324
0
LINE
8
BLACK
6
CONTINUOUS
10
5.0279318110236222
20
-4.6617908661417324
11
5.0272637795275585
21
-4.6597344881889766
0
LINE
8
BLACK
6
CONTINUOUS
10
5.0272637795275585
20
-4.6597344881889766
11
5.0272637795275585
21
-4.6459941338582675
0
LINE
8
BLACK
6
CONTINUOUS
10
5.0272637795275585
20
-4.6459941338582675
11
5.0272637401574798
21
-4.6459940944881888
0
LINE
8
BLACK
6
CONTINUOUS
10
5.0272637401574798
20
-4.6459940944881888
11
5.027263700787401
21
-4.64599374015748
0
LINE
8
BLACK
6
CONTINUOUS
10
5.027263700787401
20
-4.64599374015748
11
5.0271540157480317
21
-4.6454423622047241
0
LINE
8
BLACK
6
CONTINUOUS
10
5.0271540157480317
20
-4.6454423622047241
11
5.0271540157480317
21
-4.6454422047244091
0
LINE
8
BLACK
6
CONTINUOUS
10
5.0271540157480317
20
-4.6454422047244091
11
5.0269544094488188
21
-4.6444390551181103
0
LINE
8
BLACK
6
CONTINUOUS
10
5.0269544094488188
20
-4.6444390551181103
11
5.0268057874015746
21
-4.6436916929133858
0
LINE
8
BLACK
6
CONTINUOUS
10
5.0268057874015746
20
-4.6436916929133858
11
5.0250611023622049
21
-4.6410806299212597
0
LINE
8
BLACK
6
CONTINUOUS
10
5.0250611023622049
20
-4.6410806299212597
11
5.0250607480314962
21
-4.6410803937007872
0
LINE
8
BLACK
6
CONTINUOUS
10
5.0250607480314962
20
-4.6410803937007872
11
5.0233405905511814
21
-4.6399309842519685
0
LINE
8
BLACK
6
CONTINUOUS
10
5.0233405905511814
20
-4.6399309842519685
11
5.0233405118110239
21
-4.6399309448818897
0
LINE
8
BLACK
6
CONTINUOUS
10
5.0233405118110239
20
-4.6399309448818897
11
5.0231198031496058
21
-4.6397834645669294
0
LINE
8
BLACK
6
CONTINUOUS
10
5.0231198031496058
20
-4.6397834645669294
11
5.0224501181102363
21
-4.6393359842519688
0
LINE
8
BLACK
6
CONTINUOUS
10
5.0224501181102363
20
-4.6393359842519688
11
5.0224500393700788
21
-4.6393359448818901
0
LINE
8
BLACK
6
CONTINUOUS
10
5.0224500393700788
20
-4.6393359448818901
11
5.0224499212598426
21
-4.6393359055118113
0
LINE
8
BLACK
6
CONTINUOUS
10
5.0224499212598426
20
-4.6393359055118113
11
5.0224498818897638
21
-4.6393359055118113
0
LINE
8
BLACK
6
CONTINUOUS
10
5.0224498818897638
20
-4.6393359055118113
11
5.0218883070866145
21
-4.6392241732283468
0
LINE
8
BLACK
6
CONTINUOUS
10
5.0218883070866145
20
-4.6392241732283468
11
5.0218882677165357
21
-4.6392241732283468
0
LINE
8
BLACK
6
CONTINUOUS
10
5.0218882677165357
20
-4.6392241732283468
11
5.0201483464566925
21
-4.6388780708661415
0
LINE
8
BLACK
6
CONTINUOUS
10
5.0201483464566925
20
-4.6388780708661415
11
5.020147952755905
21
-4.638877992125984
0
LINE
8
BLACK
6
CONTINUOUS
10
5.020147952755905
20
-4.638877992125984
11
5.0201477559055121
21
-4.6388779527559052
0
LINE
8
BLACK
6
CONTINUOUS
10
5.0201477559055121
20
-4.6388779527559052
11
5.0201476377952758
21
-4.6388779527559052
0
LINE
8
BLACK
6
CONTINUOUS
10
5.0201476377952758
20
-4.6388779527559052
11
5.0201475590551183
21
-4.6388779527559052
0
LINE
8
BLACK
6
CONTINUOUS
10
5.0201475590551183
20
-4.6388779527559052
11
4.9585925984251968
21
-4.6388779527559052
0
LINE
8
BLACK
6
CONTINUOUS
10
4.9585925984251968
20
-4.6388779527559052
11
4.9585925590551181
21
-4.6388779527559052
0
LINE
8
BLACK
6
CONTINUOUS
10
4.9585925590551181
20
-4.6388779527559052
11
4.9585923228346456
21
-4.6388779527559052
0
LINE
8
BLACK
6
CONTINUOUS
10
4.9585923228346456
20
-4.6388779527559052
11
4.9562904724409451
21
-4.6393358267716538
0
LINE
8
BLACK
6
CONTINUOUS
10
4.9562904724409451
20
-4.6393358267716538
11
4.9562898818897638
21
-4.6393360236220476
0
LINE
8
BLACK
6
CONTINUOUS
10
4.9562898818897638
20
-4.6393360236220476
11
4.9536792913385828
21
-4.6410803937007872
0
LINE
8
BLACK
6
CONTINUOUS
10
4.9536792913385828
20
-4.6410803937007872
11
4.9536788188976377
21
-4.6410808661417322
0
LINE
8
BLACK
6
CONTINUOUS
10
4.9536788188976377
20
-4.6410808661417322
11
4.9519344488188972
21
-4.6436914566929133
0
LINE
8
BLACK
6
CONTINUOUS
10
4.9519344488188972
20
-4.6436914566929133
11
4.9519342519685035
21
-4.6436920472440946
0
LINE
8
BLACK
6
CONTINUOUS
10
4.9519342519685035
20
-4.6436920472440946
11
4.9514763779527557
21
-4.645993897637795
0
LINE
8
BLACK
6
CONTINUOUS
10
4.9514763779527557
20
-4.645993897637795
11
4.9514763779527557
21
-4.7075493307086616
0
LINE
8
BLACK
6
CONTINUOUS
10
4.9514763779527557
20
-4.6075492519685035
11
4.9514764566929133
21
-4.607549803149606
0
LINE
8
BLACK
6
CONTINUOUS
10
4.9514764566929133
20
-4.607549803149606
11
4.9519129921259841
21
-4.6097440157480314
0
LINE
8
BLACK
6
CONTINUOUS
10
4.9519129921259841
20
-4.6097440157480314
11
4.9519130314960629
21
-4.6097444094488189
0
LINE
8
BLACK
6
CONTINUOUS
10
4.9519130314960629
20
-4.6097444094488189
11
4.9519130708661416
21
-4.6097444094488189
0
LINE
8
BLACK
6
CONTINUOUS
10
4.9519130708661416
20
-4.6097444094488189
11
4.9519130708661416
21
-4.6097444881889764
0
LINE
8
BLACK
6
CONTINUOUS
10
4.9519130708661416
20
-4.6097444881889764
11
4.9519131102362204
21
-4.6097446850393702
0
LINE
8
BLACK
6
CONTINUOUS
10
4.9519131102362204
20
-4.6097446850393702
11
4.9519343700787397
21
-4.6098516141732286
0
LINE
8
BLACK
6
CONTINUOUS
10
4.9519343700787397
20
-4.6098516141732286
11
4.9519343700787397
21
-4.6098516535433074
0
LINE
8
BLACK
6
CONTINUOUS
10
4.9519343700787397
20
-4.6098516535433074
11
4.9519344094488185
21
-4.6098516929133861
0
LINE
8
BLACK
6
CONTINUOUS
10
4.9519344094488185
20
-4.6098516929133861
11
4.9536790551181102
21
-4.6124626771653539
0
LINE
8
BLACK
6
CONTINUOUS
10
4.9536790551181102
20
-4.6124626771653539
11
4.9562901181102363
21
-4.6142073622047244
0
LINE
8
BLACK
6
CONTINUOUS
10
4.9562901181102363
20
-4.6142073622047244
11
4.9571653543307086
21
-4.6143814566929136
0
LINE
8
BLACK
6
CONTINUOUS
10
4.9571653543307086
20
-4.6143814566929136
11
4.9580404724409446
21
-4.6145555511811018
0
LINE
8
BLACK
6
CONTINUOUS
10
4.9580404724409446
20
-4.6145555511811018
11
4.9580405905511808
21
-4.6145555511811018
0
LINE
8
BLACK
6
CONTINUOUS
10
4.9580405905511808
20
-4.6145555511811018
11
4.9583527165354333
21
-4.6146176377952752
0
LINE
8
BLACK
6
CONTINUOUS
10
4.9583527165354333
20
-4.6146176377952752
11
4.9584379527559053
21
-4.6146401968503934
0
LINE
8
BLACK
6
CONTINUOUS
10
4.9584379527559053
20
-4.6146401968503934
11
4.958524173228346
21
-4.6146542125984249
0
LINE
8
BLACK
6
CONTINUOUS
10
4.958524173228346
20
-4.6146542125984249
11
4.9585858661417319
21
-4.6146653543307083
0
LINE
8
BLACK
6
CONTINUOUS
10
4.9585858661417319
20
-4.6146653543307083
11
4.9585925984251968
21
-4.6146653543307083
0
LINE
8
BLACK
6
CONTINUOUS
10
4.9585925984251968
20
-4.6146653543307083
11
4.9585926377952756
21
-4.6146653543307083
0
LINE
8
BLACK
6
CONTINUOUS
10
4.9585926377952756
20
-4.6146653543307083
11
5.0201475196850396
21
-4.6146653543307083
0
LINE
8
BLACK
6
CONTINUOUS
10
5.0201475196850396
20
-4.6146653543307083
11
5.0201475590551183
21
-4.6146653543307083
0
LINE
8
BLACK
6
CONTINUOUS
10
5.0201475590551183
20
-4.6146653543307083
11
5.0224500393700788
21
-4.6142073622047244
0
LINE
8
BLACK
6
CONTINUOUS
10
5.0224500393700788
20
-4.6142073622047244
11
5.0250611023622049
21
-4.6124626771653539
0
LINE
8
BLACK
6
CONTINUOUS
10
5.0250611023622049
20
-4.6124626771653539
11
5.0268057874015746
21
-4.6098516141732286
0
LINE
8
BLACK
6
CONTINUOUS
10
5.0268057874015746
20
-4.6098516141732286
11
5.0272637795275585
21
-4.6075491338582673
0
LINE
8
BLACK
6
CONTINUOUS
10
5.0272637795275585
20
-4.6075491338582673
11
5.0272637795275585
21
-4.5941015748031493
0
LINE
8
BLACK
6
CONTINUOUS
10
5.0272637795275585
20
-4.5941015748031493
11
5.0274544488188972
21
-4.5928974015748034
0
LINE
8
BLACK
6
CONTINUOUS
10
5.0274544488188972
20
-4.5928974015748034
11
5.0276167322834642
21
-4.5923978346456691
0
LINE
8
BLACK
6
CONTINUOUS
10
5.0276167322834642
20
-4.5923978346456691
11
5.0290324015748027
21
-4.5904490551181105
0
LINE
8
BLACK
6
CONTINUOUS
10
5.0290324015748027
20
-4.5904490551181105
11
5.0290559842519684
21
-4.5904319291338584
0
LINE
8
BLACK
6
CONTINUOUS
10
5.0290559842519684
20
-4.5904319291338584
11
5.0291953937007872
21
-4.5903307086614173
0
LINE
8
BLACK
6
CONTINUOUS
10
5.0291953937007872
20
-4.5903307086614173
11
5.03148594488189
21
-4.5895866141732284
0
LINE
8
BLACK
6
CONTINUOUS
10
5.03148594488189
20
-4.5895866141732284
11
5.0469614173228345
21
-4.5895866141732284
0
LINE
8
BLACK
6
CONTINUOUS
10
5.0469614173228345
20
-4.5895866141732284
11
5.0481656692913388
21
-4.5897772834645671
0
LINE
8
BLACK
6
CONTINUOUS
10
5.0481656692913388
20
-4.5897772834645671
11
5.0486652362204723
21
-4.5899396062992128
0
LINE
8
BLACK
6
CONTINUOUS
10
5.0486652362204723
20
-4.5899396062992128
11
5.0506140157480317
21
-4.5913554330708664
0
LINE
8
BLACK
6
CONTINUOUS
10
5.0506140157480317
20
-4.5913554330708664
11
5.0507319291338577
21
-4.5915177165354333
0
LINE
8
BLACK
6
CONTINUOUS
10
5.0507319291338577
20
-4.5915177165354333
11
5.0514763779527554
21
-4.5938086614173228
0
LINE
8
BLACK
6
CONTINUOUS
10
5.0514763779527554
20
-4.5938086614173228
11
5.0514763779527554
21
-4.6075492519685035
0
LINE
8
BLACK
6
CONTINUOUS
10
5.0514763779527554
20
-4.6075492519685035
11
5.0514764566929129
21
-4.607549803149606
0
LINE
8
BLACK
6
CONTINUOUS
10
5.0514764566929129
20
-4.607549803149606
11
5.0519129921259838
21
-4.6097440157480314
0
LINE
8
BLACK
6
CONTINUOUS
10
5.0519129921259838
20
-4.6097440157480314
11
5.0519130314960625
21
-4.6097444094488189
0
LINE
8
BLACK
6
CONTINUOUS
10
5.0519130314960625
20
-4.6097444094488189
11
5.0519130708661413
21
-4.6097444094488189
0
LINE
8
BLACK
6
CONTINUOUS
10
5.0519130708661413
20
-4.6097444094488189
11
5.0519130708661413
21
-4.6097444881889764
0
LINE
8
BLACK
6
CONTINUOUS
10
5.0519130708661413
20
-4.6097444881889764
11
5.05191311023622
21
-4.6097446850393702
0
LINE
8
BLACK
6
CONTINUOUS
10
5.05191311023622
20
-4.6097446850393702
11
5.0519343700787402
21
-4.6098516141732286
0
LINE
8
BLACK
6
CONTINUOUS
10
5.0519343700787402
20
-4.6098516141732286
11
5.0519343700787402
21
-4.6098516535433074
0
LINE
8
BLACK
6
CONTINUOUS
10
5.0519343700787402
20
-4.6098516535433074
11
5.051934409448819
21
-4.6098516929133861
0
LINE
8
BLACK
6
CONTINUOUS
10
5.051934409448819
20
-4.6098516929133861
11
5.0536790551181099
21
-4.6124626771653539
0
LINE
8
BLACK
6
CONTINUOUS
10
5.0536790551181099
20
-4.6124626771653539
11
5.056290118110236
21
-4.6142073622047244
0
LINE
8
BLACK
6
CONTINUOUS
10
5.056290118110236
20
-4.6142073622047244
11
5.0571653543307082
21
-4.6143814566929136
0
LINE
8
BLACK
6
CONTINUOUS
10
5.0571653543307082
20
-4.6143814566929136
11
5.0580404724409451
21
-4.6145555511811018
0
LINE
8
BLACK
6
CONTINUOUS
10
5.0580404724409451
20
-4.6145555511811018
11
5.0580405905511814
21
-4.6145555511811018
0
LINE
8
BLACK
6
CONTINUOUS
10
5.0580405905511814
20
-4.6145555511811018
11
5.0583527165354329
21
-4.6146176377952752
0
LINE
8
BLACK
6
CONTINUOUS
10
5.0583527165354329
20
-4.6146176377952752
11
5.0584379527559058
21
-4.6146401968503934
0
LINE
8
BLACK
6
CONTINUOUS
10
5.0584379527559058
20
-4.6146401968503934
11
5.0585241732283466
21
-4.6146542125984249
0
LINE
8
BLACK
6
CONTINUOUS
10
5.0585241732283466
20
-4.6146542125984249
11
5.0585858661417324
21
-4.6146653543307083
0
LINE
8
BLACK
6
CONTINUOUS
10
5.0585858661417324
20
-4.6146653543307083
11
5.0585925984251965
21
-4.6146653543307083
0
LINE
8
BLACK
6
CONTINUOUS
10
5.0585925984251965
20
-4.6146653543307083
11
5.0585926377952752
21
-4.6146653543307083
0
LINE
8
BLACK
6
CONTINUOUS
10
5.0585926377952752
20
-4.6146653543307083
11
5.1201475196850392
21
-4.6146653543307083
0
LINE
8
BLACK
6
CONTINUOUS
10
5.1201475196850392
20
-4.6146653543307083
11
5.120147559055118
21
-4.6146653543307083
0
LINE
8
BLACK
6
CONTINUOUS
10
5.120147559055118
20
-4.6146653543307083
11
5.1224500393700785
21
-4.6142073622047244
0
LINE
8
BLACK
6
CONTINUOUS
10
5.1224500393700785
20
-4.6142073622047244
11
5.1250611023622046
21
-4.6124626771653539
0
LINE
8
BLACK
6
CONTINUOUS
10
5.1250611023622046
20
-4.6124626771653539
11
5.1268057874015751
21
-4.6098516141732286
0
LINE
8
BLACK
6
CONTINUOUS
10
5.1268057874015751
20
-4.6098516141732286
11
5.1272637795275591
21
-4.6075491338582673
0
LINE
8
BLACK
6
CONTINUOUS
10
5.1272637795275591
20
-4.6075491338582673
11
5.1272637795275591
21
-4.5941015748031493
0
LINE
8
BLACK
6
CONTINUOUS
10
5.1272637795275591
20
-4.5941015748031493
11
5.1274544488188978
21
-4.5928974015748034
0
LINE
8
BLACK
6
CONTINUOUS
10
5.1274544488188978
20
-4.5928974015748034
11
5.1276167322834647
21
-4.5923978346456691
0
LINE
8
BLACK
6
CONTINUOUS
10
5.1276167322834647
20
-4.5923978346456691
11
5.1290324015748032
21
-4.5904490551181105
0
LINE
8
BLACK
6
CONTINUOUS
10
5.1290324015748032
20
-4.5904490551181105
11
5.1290559842519681
21
-4.5904319291338584
0
LINE
8
BLACK
6
CONTINUOUS
10
5.1290559842519681
20
-4.5904319291338584
11
5.1291953937007877
21
-4.5903307086614173
0
LINE
8
BLACK
6
CONTINUOUS
10
5.1291953937007877
20
-4.5903307086614173
11
5.1314859448818897
21
-4.5895866141732284
0
LINE
8
BLACK
6
CONTINUOUS
10
5.1314859448818897
20
-4.5895866141732284
11
5.1886949212598426
21
-4.5895866141732284
0
LINE
8
BLACK
6
CONTINUOUS
10
5.1886949212598426
20
-4.5895866141732284
11
5.1886950000000001
21
-4.5895866141732284
0
LINE
8
BLACK
6
CONTINUOUS
10
5.1886950000000001
20
-4.5895866141732284
11
5.1919542913385825
21
-4.5887133070866142
0
LINE
8
BLACK
6
CONTINUOUS
10
5.1919542913385825
20
-4.5887133070866142
11
5.1919543700787401
21
-4.5887132283464567
0
LINE
8
BLACK
6
CONTINUOUS
10
5.1919543700787401
20
-4.5887132283464567
11
5.1919544488188976
21
-4.5887132283464567
0
LINE
8
BLACK
6
CONTINUOUS
10
5.1919544488188976
20
-4.5887132283464567
11
5.1946351574803149
21
-4.5871654724409447
0
LINE
8
BLACK
6
CONTINUOUS
10
5.1946351574803149
20
-4.5871654724409447
11
5.1947484251968499
21
-4.5871105118110238
0
LINE
8
BLACK
6
CONTINUOUS
10
5.1947484251968499
20
-4.5871105118110238
11
5.1947792913385822
21
-4.5870901968503937
0
LINE
8
BLACK
6
CONTINUOUS
10
5.1947792913385822
20
-4.5870901968503937
11
5.1949768110236221
21
-4.5869681889763783
0
LINE
8
BLACK
6
CONTINUOUS
10
5.1949768110236221
20
-4.5869681889763783
11
5.1950278740157483
21
-4.5869386614173226
0
LINE
8
BLACK
6
CONTINUOUS
10
5.1950278740157483
20
-4.5869386614173226
11
5.1952387007874012
21
-4.5866638976377949
0
LINE
8
BLACK
6
CONTINUOUS
10
5.1952387007874012
20
-4.5866638976377949
11
5.2296377952755906
21
-4.5522647637795277
0
LINE
8
BLACK
6
CONTINUOUS
10
5.2296377952755906
20
-4.5522647637795277
11
5.2665253937007872
21
-4.5153771259842514
0
LINE
8
BLACK
6
CONTINUOUS
10
5.2665253937007872
20
-4.5153771259842514
11
5.2675119291338586
21
-4.5146604330708664
0
LINE
8
BLACK
6
CONTINUOUS
10
5.2675119291338586
20
-4.5146604330708664
11
5.2683688188976374
21
-4.5142238976377955
0
LINE
8
BLACK
6
CONTINUOUS
10
5.2683688188976374
20
-4.5142238976377955
11
5.2701380708661416
21
-4.5137992125984248
0
LINE
8
BLACK
6
CONTINUOUS
10
5.2701380708661416
20
-4.5137992125984248
11
5.2745068503937009
21
-4.5137992125984248
0
LINE
8
BLACK
6
CONTINUOUS
10
5.2745068503937009
20
-4.5137992125984248
11
5.2745068897637797
21
-4.5137992125984248
0
LINE
8
BLACK
6
CONTINUOUS
10
5.2745068897637797
20
-4.5137992125984248
11
5.2800190944881891
21
-4.5123222047244091
0
LINE
8
BLACK
6
CONTINUOUS
10
5.2800190944881891
20
-4.5123222047244091
11
5.2800191338582678
21
-4.5123221653543304
0
LINE
8
BLACK
6
CONTINUOUS
10
5.2800191338582678
20
-4.5123221653543304
11
5.2800192125984253
21
-4.5123221259842516
0
LINE
8
BLACK
6
CONTINUOUS
10
5.2800192125984253
20
-4.5123221259842516
11
5.2800192519685041
21
-4.5123221259842516
0
LINE
8
BLACK
6
CONTINUOUS
10
5.2800192519685041
20
-4.5123221259842516
11
5.2847196850393701
21
-4.509608307086614
0
LINE
8
BLACK
6
CONTINUOUS
10
5.2847196850393701
20
-4.509608307086614
11
5.2848333858267713
21
-4.5095530708661418
0
LINE
8
BLACK
6
CONTINUOUS
10
5.2848333858267713
20
-4.5095530708661418
11
5.2848643307086611
21
-4.5095327165354329
0
LINE
8
BLACK
6
CONTINUOUS
10
5.2848643307086611
20
-4.5095327165354329
11
5.285061535433071
21
-4.5094109055118112
0
LINE
8
BLACK
6
CONTINUOUS
10
5.285061535433071
20
-4.5094109055118112
11
5.2851126771653538
21
-4.5093813385826769
0
LINE
8
BLACK
6
CONTINUOUS
10
5.2851126771653538
20
-4.5093813385826769
11
5.2853236220472439
21
-4.5091064173228341
0
LINE
8
BLACK
6
CONTINUOUS
10
5.2853236220472439
20
-4.5091064173228341
11
5.2889964173228341
21
-4.5054336614173227
0
LINE
8
BLACK
6
CONTINUOUS
10
5.2889964173228341
20
-4.5054336614173227
11
5.2889965354330704
21
-4.5054334645669289
0
LINE
8
BLACK
6
CONTINUOUS
10
5.2889965354330704
20
-4.5054334645669289
11
5.2918496850393701
21
-4.5004916929133856
0
LINE
8
BLACK
6
CONTINUOUS
10
5.2918496850393701
20
-4.5004916929133856
11
5.2918496850393701
21
-4.5004916141732281
0
LINE
8
BLACK
6
CONTINUOUS
10
5.2918496850393701
20
-4.5004916141732281
11
5.2918497637795276
21
-4.5004915354330706
0
LINE
8
BLACK
6
CONTINUOUS
10
5.2918497637795276
20
-4.5004915354330706
11
5.2933267716535433
21
-4.4949793307086612
0
LINE
8
BLACK
6
CONTINUOUS
10
5.2933267716535433
20
-4.4949793307086612
11
5.2933267716535433
21
-4.4892726377952759
0
LINE
8
BLACK
6
CONTINUOUS
10
5.2933267716535433
20
-4.4892726377952759
11
5.2918497637795276
21
-4.4837604330708665
0
LINE
8
BLACK
6
CONTINUOUS
10
5.2918497637795276
20
-4.4837604330708665
11
5.2918496850393701
21
-4.4837603149606302
0
LINE
8
BLACK
6
CONTINUOUS
10
5.2918496850393701
20
-4.4837603149606302
11
5.2918496850393701
21
-4.4837602362204727
0
LINE
8
BLACK
6
CONTINUOUS
10
5.2918496850393701
20
-4.4837602362204727
11
5.2918494881889764
21
-4.4837599212598427
0
LINE
8
BLACK
6
CONTINUOUS
10
5.2918494881889764
20
-4.4837599212598427
11
5.2918368503937003
21
-4.4837319685039372
0
LINE
8
BLACK
6
CONTINUOUS
10
5.2918368503937003
20
-4.4837319685039372
11
5.2917872834645667
21
-4.4836521259842517
0
LINE
8
BLACK
6
CONTINUOUS
10
5.2917872834645667
20
-4.4836521259842517
11
5.2890545275590553
21
-4.4789188582677166
0
LINE
8
BLACK
6
CONTINUOUS
10
5.2890545275590553
20
-4.4789188582677166
11
5.2890545275590553
21
-4.4789188976377954
0
LINE
8
BLACK
6
CONTINUOUS
10
5.2890545275590553
20
-4.4789188976377954
11
5.2889965354330704
21
-4.4788184645669293
0
LINE
8
BLACK
6
CONTINUOUS
10
5.2889965354330704
20
-4.4788184645669293
11
5.2889964566929129
21
-4.4788183858267718
0
LINE
8
BLACK
6
CONTINUOUS
10
5.2889964566929129
20
-4.4788183858267718
11
5.2889964173228341
21
-4.4788183070866143
0
LINE
8
BLACK
6
CONTINUOUS
10
5.2889964173228341
20
-4.4788183070866143
11
5.2849612204724412
21
-4.4747831102362206
0
LINE
8
BLACK
6
CONTINUOUS
10
5.2849612204724412
20
-4.4747831102362206
11
5.284961102362205
21
-4.474783031496063
0
LINE
8
BLACK
6
CONTINUOUS
10
5.284961102362205
20
-4.474783031496063
11
5.2849610236220474
21
-4.4747829527559055
0
LINE
8
BLACK
6
CONTINUOUS
10
5.2849610236220474
20
-4.4747829527559055
11
5.282274566929134
21
-4.473231929133858
0
LINE
8
BLACK
6
CONTINUOUS
10
5.282274566929134
20
-4.473231929133858
11
5.2814464960629923
21
-4.4723122440944882
0
LINE
8
BLACK
6
CONTINUOUS
10
5.2814464960629923
20
-4.4723122440944882
11
5.278854212598425
21
-4.4716175984251967
0
LINE
8
BLACK
6
CONTINUOUS
10
5.278854212598425
20
-4.4716175984251967
11
5.2788541732283463
21
-4.4716175984251967
0
LINE
8
BLACK
6
CONTINUOUS
10
5.2788541732283463
20
-4.4716175984251967
11
5.2745068897637797
21
-4.4704527559055114
0
LINE
8
BLACK
6
CONTINUOUS
10
5.2745068897637797
20
-4.4704527559055114
11
5.2745068110236222
21
-4.4704527559055114
0
LINE
8
BLACK
6
CONTINUOUS
10
5.2745068110236222
20
-4.4704527559055114
11
5.268800118110236
21
-4.4704527559055114
0
LINE
8
BLACK
6
CONTINUOUS
10
5.268800118110236
20
-4.4704527559055114
11
5.2663696062992127
21
-4.471103976377953
0
LINE
8
BLACK
6
CONTINUOUS
10
5.2663696062992127
20
-4.471103976377953
11
5.2663695669291339
21
-4.4711039370078742
0
LINE
8
BLACK
6
CONTINUOUS
10
5.2663695669291339
20
-4.4711039370078742
11
5.2632878740157478
21
-4.4719297244094491
0
LINE
8
BLACK
6
CONTINUOUS
10
5.2632878740157478
20
-4.4719297244094491
11
5.2632876377952753
21
-4.4719298425196845
0
LINE
8
BLACK
6
CONTINUOUS
10
5.2632876377952753
20
-4.4719298425196845
11
5.258346181102362
21
-4.4747827952755905
0
LINE
8
BLACK
6
CONTINUOUS
10
5.258346181102362
20
-4.4747827952755905
11
5.2543103543307081
21
-4.4788186220472443
0
LINE
8
BLACK
6
CONTINUOUS
10
5.2543103543307081
20
-4.4788186220472443
11
5.251457401574803
21
-4.4837600393700789
0
LINE
8
BLACK
6
CONTINUOUS
10
5.251457401574803
20
-4.4837600393700789
11
5.2499803149606299
21
-4.4892726771653546
0
LINE
8
BLACK
6
CONTINUOUS
10
5.2499803149606299
20
-4.4892726771653546
11
5.2499803149606299
21
-4.4934442125984253
0
LINE
8
BLACK
6
CONTINUOUS
10
5.2499803149606299
20
-4.4934442125984253
11
5.2497895275590549
21
-4.4946486614173224
0
LINE
8
BLACK
6
CONTINUOUS
10
5.2497895275590549
20
-4.4946486614173224
11
5.2494924015748028
21
-4.4955631102362208
0
LINE
8
BLACK
6
CONTINUOUS
10
5.2494924015748028
20
-4.4955631102362208
11
5.2485416141732282
21
-4.4971147244094487
0
LINE
8
BLACK
6
CONTINUOUS
10
5.2485416141732282
20
-4.4971147244094487
11
5.1832777559055119
21
-4.5623786220472438
0
LINE
8
BLACK
6
CONTINUOUS
10
5.1832777559055119
20
-4.5623786220472438
11
5.1822912598425193
21
-4.5630953149606297
0
LINE
8
BLACK
6
CONTINUOUS
10
5.1822912598425193
20
-4.5630953149606297
11
5.1814346456692908
21
-4.5635318110236218
0
LINE
8
BLACK
6
CONTINUOUS
10
5.1814346456692908
20
-4.5635318110236218
11
5.1796650787401575
21
-4.5639566929133855
0
LINE
8
BLACK
6
CONTINUOUS
10
5.1796650787401575
20
-4.5639566929133855
11
5.1317787401574799
21
-4.5639566929133855
0
LINE
8
BLACK
6
CONTINUOUS
10
5.1317787401574799
20
-4.5639566929133855
11
5.1305742913385828
21
-4.5637659055118105
0
LINE
8
BLACK
6
CONTINUOUS
10
5.1305742913385828
20
-4.5637659055118105
11
5.1300748425196847
21
-4.5636036220472436
0
LINE
8
BLACK
6
CONTINUOUS
10
5.1300748425196847
20
-4.5636036220472436
11
5.1281260236220474
21
-4.5621877165354325
0
LINE
8
BLACK
6
CONTINUOUS
10
5.1281260236220474
20
-4.5621877165354325
11
5.1281257480314961
21
-4.5621873228346459
0
LINE
8
BLACK
6
CONTINUOUS
10
5.1281257480314961
20
-4.5621873228346459
11
5.128007874015748
21
-4.562025039370079
0
LINE
8
BLACK
6
CONTINUOUS
10
5.128007874015748
20
-4.562025039370079
11
5.1272637795275591
21
-4.5597344881889761
0
LINE
8
BLACK
6
CONTINUOUS
10
5.1272637795275591
20
-4.5597344881889761
11
5.1272637795275591
21
-4.5459941338582679
0
LINE
8
BLACK
6
CONTINUOUS
10
5.1272637795275591
20
-4.5459941338582679
11
5.1272637401574803
21
-4.5459940944881891
0
LINE
8
BLACK
6
CONTINUOUS
10
5.1272637401574803
20
-4.5459940944881891
11
5.1272637007874016
21
-4.5459937401574804
0
LINE
8
BLACK
6
CONTINUOUS
10
5.1272637007874016
20
-4.5459937401574804
11
5.1271540157480313
21
-4.5454423622047244
0
LINE
8
BLACK
6
CONTINUOUS
10
5.1271540157480313
20
-4.5454423622047244
11
5.1271540157480313
21
-4.5454422047244094
0
LINE
8
BLACK
6
CONTINUOUS
10
5.1271540157480313
20
-4.5454422047244094
11
5.1269544094488184
21
-4.5444390551181097
0
LINE
8
BLACK
6
CONTINUOUS
10
5.1269544094488184
20
-4.5444390551181097
11
5.1268057874015751
21
-4.5436916929133861
0
LINE
8
BLACK
6
CONTINUOUS
10
5.1268057874015751
20
-4.5436916929133861
11
5.1250611023622046
21
-4.54108062992126
0
LINE
8
BLACK
6
CONTINUOUS
10
5.1250611023622046
20
-4.54108062992126
11
5.1250609448818896
21
-4.5410805118110238
0
LINE
8
BLACK
6
CONTINUOUS
10
5.1250609448818896
20
-4.5410805118110238
11
5.1243690551181098
21
-4.5406181889763779
0
LINE
8
BLACK
6
CONTINUOUS
10
5.1243690551181098
20
-4.5406181889763779
11
5.124368858267716
21
-4.5406180708661417
0
LINE
8
BLACK
6
CONTINUOUS
10
5.124368858267716
20
-4.5406180708661417
11
5.1242273228346455
21
-4.540523503937008
0
LINE
8
BLACK
6
CONTINUOUS
10
5.1242273228346455
20
-4.540523503937008
11
5.122450118110236
21
-4.5393359842519683
0
LINE
8
BLACK
6
CONTINUOUS
10
5.122450118110236
20
-4.5393359842519683
11
5.1224500393700785
21
-4.5393359448818895
0
LINE
8
BLACK
6
CONTINUOUS
10
5.1224500393700785
20
-4.5393359448818895
11
5.1224499212598422
21
-4.5393359055118108
0
LINE
8
BLACK
6
CONTINUOUS
10
5.1224499212598422
20
-4.5393359055118108
11
5.1224498818897635
21
-4.5393359055118108
0
LINE
8
BLACK
6
CONTINUOUS
10
5.1224498818897635
20
-4.5393359055118108
11
5.1217931496062992
21
-4.5392052362204725
0
LINE
8
BLACK
6
CONTINUOUS
10
5.1217931496062992
20
-4.5392052362204725
11
5.1217931102362204
21
-4.5392052362204725
0
LINE
8
BLACK
6
CONTINUOUS
10
5.1217931102362204
20
-4.5392052362204725
11
5.120148346456693
21
-4.5388780708661418
0
LINE
8
BLACK
6
CONTINUOUS
10
5.120148346456693
20
-4.5388780708661418
11
5.1201479527559055
21
-4.5388779921259843
0
LINE
8
BLACK
6
CONTINUOUS
10
5.1201479527559055
20
-4.5388779921259843
11
5.1201477559055117
21
-4.5388779527559056
0
LINE
8
BLACK
6
CONTINUOUS
10
5.1201477559055117
20
-4.5388779527559056
11
5.1201476377952755
21
-4.5388779527559056
0
LINE
8
BLACK
6
CONTINUOUS
10
5.1201476377952755
20
-4.5388779527559056
11
5.120147559055118
21
-4.5388779527559056
0
LINE
8
BLACK
6
CONTINUOUS
10
5.120147559055118
20
-4.5388779527559056
11
5.0585925984251965
21
-4.5388779527559056
0
LINE
8
BLACK
6
CONTINUOUS
10
5.0585925984251965
20
-4.5388779527559056
11
5.0585925590551177
21
-4.5388779527559056
0
LINE
8
BLACK
6
CONTINUOUS
10
5.0585925590551177
20
-4.5388779527559056
11
5.0585923228346452
21
-4.5388779527559056
0
LINE
8
BLACK
6
CONTINUOUS
10
5.0585923228346452
20
-4.5388779527559056
11
5.0562904724409448
21
-4.5393358267716533
0
LINE
8
BLACK
6
CONTINUOUS
10
5.0562904724409448
20
-4.5393358267716533
11
5.0562898818897635
21
-4.539336023622047
0
LINE
8
BLACK
6
CONTINUOUS
10
5.0562898818897635
20
-4.539336023622047
11
5.0536792913385824
21
-4.5410803937007875
0
LINE
8
BLACK
6
CONTINUOUS
10
5.0536792913385824
20
-4.5410803937007875
11
5.0536788188976374
21
-4.5410808661417326
0
LINE
8
BLACK
6
CONTINUOUS
10
5.0536788188976374
20
-4.5410808661417326
11
5.0519344488188977
21
-4.5436914566929136
0
LINE
8
BLACK
6
CONTINUOUS
10
5.0519344488188977
20
-4.5436914566929136
11
5.051934251968504
21
-4.543692047244094
0
LINE
8
BLACK
6
CONTINUOUS
10
5.051934251968504
20
-4.543692047244094
11
5.0514763779527554
21
-4.5459938976377954
0
LINE
8
BLACK
6
CONTINUOUS
10
5.0514763779527554
20
-4.5459938976377954
11
5.0514763779527554
21
-4.5594416929133859
0
LINE
8
BLACK
6
CONTINUOUS
10
5.0514763779527554
20
-4.5594416929133859
11
5.0512855905511813
21
-4.560646141732283
0
LINE
8
BLACK
6
CONTINUOUS
10
5.0512855905511813
20
-4.560646141732283
11
5.0511233070866144
21
-4.5611455905511811
0
LINE
8
BLACK
6
CONTINUOUS
10
5.0511233070866144
20
-4.5611455905511811
11
5.0497078740157475
21
-4.5630940551181105
0
LINE
8
BLACK
6
CONTINUOUS
10
5.0497078740157475
20
-4.5630940551181105
11
5.0495456299212593
21
-4.5632119685039365
0
LINE
8
BLACK
6
CONTINUOUS
10
5.0495456299212593
20
-4.5632119685039365
11
5.0472547637795273
21
-4.5639566929133855
0
LINE
8
BLACK
6
CONTINUOUS
10
5.0472547637795273
20
-4.5639566929133855
11
5.0317787401574803
21
-4.5639566929133855
0
LINE
8
BLACK
6
CONTINUOUS
10
5.0317787401574803
20
-4.5639566929133855
11
5.0305742913385822
21
-4.5637659055118105
0
LINE
8
BLACK
6
CONTINUOUS
10
5.0305742913385822
20
-4.5637659055118105
11
5.0300748425196851
21
-4.5636036220472436
0
LINE
8
BLACK
6
CONTINUOUS
10
5.0300748425196851
20
-4.5636036220472436
11
5.0300746456692913
21
-4.5636035039370082
0
LINE
8
BLACK
6
CONTINUOUS
10
5.0300746456692913
20
-4.5636035039370082
11
5.0300744094488188
21
-4.5636035039370082
0
LINE
8
BLACK
6
CONTINUOUS
10
5.0300744094488188
20
-4.5636035039370082
11
5.0300743307086613
21
-4.5636034645669294
0
LINE
8
BLACK
6
CONTINUOUS
10
5.0300743307086613
20
-4.5636034645669294
11
5.0289676771653546
21
-4.5627992125984251
0
LINE
8
BLACK
6
CONTINUOUS
10
5.0289676771653546
20
-4.5627992125984251
11
5.0281260236220469
21
-4.5621877165354325
0
LINE
8
BLACK
6
CONTINUOUS
10
5.0281260236220469
20
-4.5621877165354325
11
5.0281257480314956
21
-4.5621873228346459
0
LINE
8
BLACK
6
CONTINUOUS
10
5.0281257480314956
20
-4.5621873228346459
11
5.0280078740157483
21
-4.562025039370079
0
LINE
8
BLACK
6
CONTINUOUS
10
5.0280078740157483
20
-4.562025039370079
11
5.0272637795275585
21
-4.5597344881889761
0
LINE
8
BLACK
6
CONTINUOUS
10
5.0272637795275585
20
-4.5597344881889761
11
5.0272637795275585
21
-4.5459941338582679
0
LINE
8
BLACK
6
CONTINUOUS
10
5.0272637795275585
20
-4.5459941338582679
11
5.0272637401574798
21
-4.5459940944881891
0
LINE
8
BLACK
6
CONTINUOUS
10
5.0272637401574798
20
-4.5459940944881891
11
5.027263700787401
21
-4.5459937401574804
0
LINE
8
BLACK
6
CONTINUOUS
10
5.027263700787401
20
-4.5459937401574804
11
5.0271540157480317
21
-4.5454423622047244
0
LINE
8
BLACK
6
CONTINUOUS
10
5.0271540157480317
20
-4.5454423622047244
11
5.0271540157480317
21
-4.5454422047244094
0
LINE
8
BLACK
6
CONTINUOUS
10
5.0271540157480317
20
-4.5454422047244094
11
5.0269544094488188
21
-4.5444390551181097
0
LINE
8
BLACK
6
CONTINUOUS
10
5.0269544094488188
20
-4.5444390551181097
11
5.0268057874015746
21
-4.5436916929133861
0
LINE
8
BLACK
6
CONTINUOUS
10
5.0268057874015746
20
-4.5436916929133861
11
5.0250611023622049
21
-4.54108062992126
0
LINE
8
BLACK
6
CONTINUOUS
10
5.0250611023622049
20
-4.54108062992126
11
5.0250609448818899
21
-4.5410805118110238
0
LINE
8
BLACK
6
CONTINUOUS
10
5.0250609448818899
20
-4.5410805118110238
11
5.0243690551181102
21
-4.5406181889763779
0
LINE
8
BLACK
6
CONTINUOUS
10
5.0243690551181102
20
-4.5406181889763779
11
5.0243688582677164
21
-4.5406180708661417
0
LINE
8
BLACK
6
CONTINUOUS
10
5.0243688582677164
20
-4.5406180708661417
11
5.0242273228346459
21
-4.540523503937008
0
LINE
8
BLACK
6
CONTINUOUS
10
5.0242273228346459
20
-4.540523503937008
11
5.0224501181102363
21
-4.5393359842519683
0
LINE
8
BLACK
6
CONTINUOUS
10
5.0224501181102363
20
-4.5393359842519683
11
5.0224500393700788
21
-4.5393359448818895
0
LINE
8
BLACK
6
CONTINUOUS
10
5.0224500393700788
20
-4.5393359448818895
11
5.0224499212598426
21
-4.5393359055118108
0
LINE
8
BLACK
6
CONTINUOUS
10
5.0224499212598426
20
-4.5393359055118108
11
5.0224498818897638
21
-4.5393359055118108
0
LINE
8
BLACK
6
CONTINUOUS
10
5.0224498818897638
20
-4.5393359055118108
11
5.0217931496062995
21
-4.5392052362204725
0
LINE
8
BLACK
6
CONTINUOUS
10
5.0217931496062995
20
-4.5392052362204725
11
5.0217931102362208
21
-4.5392052362204725
0
LINE
8
BLACK
6
CONTINUOUS
10
5.0217931102362208
20
-4.5392052362204725
11
5.0201483464566925
21
-4.5388780708661418
0
LINE
8
BLACK
6
CONTINUOUS
10
5.0201483464566925
20
-4.5388780708661418
11
5.020147952755905
21
-4.5388779921259843
0
LINE
8
BLACK
6
CONTINUOUS
10
5.020147952755905
20
-4.5388779921259843
11
5.0201477559055121
21
-4.5388779527559056
0
LINE
8
BLACK
6
CONTINUOUS
10
5.0201477559055121
20
-4.5388779527559056
11
5.0201476377952758
21
-4.5388779527559056
0
LINE
8
BLACK
6
CONTINUOUS
10
5.0201476377952758
20
-4.5388779527559056
11
5.0201475590551183
21
-4.5388779527559056
0
LINE
8
BLACK
6
CONTINUOUS
10
5.0201475590551183
20
-4.5388779527559056
11
4.9585925984251968
21
-4.5388779527559056
0
LINE
8
BLACK
6
CONTINUOUS
10
4.9585925984251968
20
-4.5388779527559056
11
4.9585925590551181
21
-4.5388779527559056
0
LINE
8
BLACK
6
CONTINUOUS
10
4.9585925590551181
20
-4.5388779527559056
11
4.9585923228346456
21
-4.5388779527559056
0
LINE
8
BLACK
6
CONTINUOUS
10
4.9585923228346456
20
-4.5388779527559056
11
4.9562904724409451
21
-4.5393358267716533
0
LINE
8
BLACK
6
CONTINUOUS
10
4.9562904724409451
20
-4.5393358267716533
11
4.9562898818897638
21
-4.539336023622047
0
LINE
8
BLACK
6
CONTINUOUS
10
4.9562898818897638
20
-4.539336023622047
11
4.9536792913385828
21
-4.5410803937007875
0
LINE
8
BLACK
6
CONTINUOUS
10
4.9536792913385828
20
-4.5410803937007875
11
4.9536788188976377
21
-4.5410808661417326
0
LINE
8
BLACK
6
CONTINUOUS
10
4.9536788188976377
20
-4.5410808661417326
11
4.9519344488188972
21
-4.5436914566929136
0
LINE
8
BLACK
6
CONTINUOUS
10
4.9519344488188972
20
-4.5436914566929136
11
4.9519342519685035
21
-4.543692047244094
0
LINE
8
BLACK
6
CONTINUOUS
10
4.9519342519685035
20
-4.543692047244094
11
4.9514763779527557
21
-4.5459938976377954
0
LINE
8
BLACK
6
CONTINUOUS
10
4.9514763779527557
20
-4.5459938976377954
11
4.9514763779527557
21
-4.6075492519685035
0
LINE
8
BLACK
6
CONTINUOUS
10
6.352983779527559
20
-4.0183480708661419
11
6.3529837401574802
21
-4.0183480314960631
0
LINE
8
BLACK
6
CONTINUOUS
10
6.3529837401574802
20
-4.0183480314960631
11
6.3499020472440941
21
-4.019173818897638
0
LINE
8
BLACK
6
CONTINUOUS
10
6.3499020472440941
20
-4.019173818897638
11
6.3499018110236216
21
-4.0191739370078743
0
LINE
8
BLACK
6
CONTINUOUS
10
6.3499018110236216
20
-4.0191739370078743
11
6.3449603543307083
21
-4.0220268897637794
0
LINE
8
BLACK
6
CONTINUOUS
10
6.3449603543307083
20
-4.0220268897637794
11
6.3409245275590553
21
-4.0260627165354332
0
LINE
8
BLACK
6
CONTINUOUS
10
6.3409245275590553
20
-4.0260627165354332
11
6.3380714960629918
21
-4.0310043307086616
0
LINE
8
BLACK
6
CONTINUOUS
10
6.3380714960629918
20
-4.0310043307086616
11
6.3380605905511809
21
-4.0310332283464563
0
LINE
8
BLACK
6
CONTINUOUS
10
6.3380605905511809
20
-4.0310332283464563
11
6.3380390551181103
21
-4.0311254724409444
0
LINE
8
BLACK
6
CONTINUOUS
10
6.3380390551181103
20
-4.0311254724409444
11
6.3365944881889762
21
-4.0365167322834647
0
LINE
8
BLACK
6
CONTINUOUS
10
6.3365944881889762
20
-4.0365167322834647
11
6.3365944881889762
21
-4.0422233858267713
0
LINE
8
BLACK
6
CONTINUOUS
10
6.3365944881889762
20
-4.0422233858267713
11
6.3369899606299214
21
-4.0436993307086615
0
LINE
8
BLACK
6
CONTINUOUS
10
6.3369899606299214
20
-4.0436993307086615
11
6.3369899212598426
21
-4.0436993307086615
0
LINE
8
BLACK
6
CONTINUOUS
10
6.3369899212598426
20
-4.0436993307086615
11
6.3380714960629918
21
-4.0477357480314957
0
LINE
8
BLACK
6
CONTINUOUS
10
6.3380714960629918
20
-4.0477357480314957
11
6.3380715748031493
21
-4.0477359055118107
0
LINE
8
BLACK
6
CONTINUOUS
10
6.3380715748031493
20
-4.0477359055118107
11
6.3409246062992128
21
-4.0526774803149603
0
LINE
8
BLACK
6
CONTINUOUS
10
6.3409246062992128
20
-4.0526774803149603
11
6.3409246850393703
21
-4.0526775590551178
0
LINE
8
BLACK
6
CONTINUOUS
10
6.3409246850393703
20
-4.0526775590551178
11
6.3409247637795279
21
-4.0526776377952753
0
LINE
8
BLACK
6
CONTINUOUS
10
6.3409247637795279
20
-4.0526776377952753
11
6.3409248425196845
21
-4.0526777559055116
0
LINE
8
BLACK
6
CONTINUOUS
10
6.3409248425196845
20
-4.0526777559055116
11
6.3449600393700782
21
-4.0567129527559054
0
LINE
8
BLACK
6
CONTINUOUS
10
6.3449600393700782
20
-4.0567129527559054
11
6.3449601181102357
21
-4.0567129921259841
0
LINE
8
BLACK
6
CONTINUOUS
10
6.3449601181102357
20
-4.0567129921259841
11
6.3449601968503933
21
-4.0567130708661416
0
LINE
8
BLACK
6
CONTINUOUS
10
6.3449601968503933
20
-4.0567130708661416
11
6.3449817322834647
21
-4.0567286220472436
0
LINE
8
BLACK
6
CONTINUOUS
10
6.3449817322834647
20
-4.0567286220472436
11
6.3450605511811018
21
-4.0567710236220469
0
LINE
8
BLACK
6
CONTINUOUS
10
6.3450605511811018
20
-4.0567710236220469
11
6.3499020078740154
21
-4.0595662204724405
0
LINE
8
BLACK
6
CONTINUOUS
10
6.3499020078740154
20
-4.0595662204724405
11
6.3499020472440941
21
-4.0595662204724405
0
LINE
8
BLACK
6
CONTINUOUS
10
6.3499020472440941
20
-4.0595662204724405
11
6.3499021653543304
21
-4.059566299212598
0
LINE
8
BLACK
6
CONTINUOUS
10
6.3499021653543304
20
-4.059566299212598
11
6.3554143700787398
21
-4.0610433070866137
0
LINE
8
BLACK
6
CONTINUOUS
10
6.3554143700787398
20
-4.0610433070866137
11
6.358194094488189
21
-4.0610433070866137
0
LINE
8
BLACK
6
CONTINUOUS
10
6.358194094488189
20
-4.0610433070866137
11
6.3593984645669286
21
-4.0612340551181099
0
LINE
8
BLACK
6
CONTINUOUS
10
6.3593984645669286
20
-4.0612340551181099
11
6.3598841732283464
21
-4.0613918503937008
0
LINE
8
BLACK
6
CONTINUOUS
10
6.3598841732283464
20
-4.0613918503937008
11
6.3603128740157482
21
-4.0615311417322832
0
LINE
8
BLACK
6
CONTINUOUS
10
6.3603128740157482
20
-4.0615311417322832
11
6.3618645669291336
21
-4.0624819685039366
0
LINE
8
BLACK
6
CONTINUOUS
10
6.3618645669291336
20
-4.0624819685039366
11
6.4176935826771651
21
-4.1183109842519681
0
LINE
8
BLACK
6
CONTINUOUS
10
6.4176935826771651
20
-4.1183109842519681
11
6.4184103149606297
21
-4.1192975196850394
0
LINE
8
BLACK
6
CONTINUOUS
10
6.4184103149606297
20
-4.1192975196850394
11
6.4188468110236219
21
-4.1201541732283467
0
LINE
8
BLACK
6
CONTINUOUS
10
6.4188468110236219
20
-4.1201541732283467
11
6.4192716535433068
21
-4.1219237007874012
0
LINE
8
BLACK
6
CONTINUOUS
10
6.4192716535433068
20
-4.1219237007874012
11
6.4192716535433068
21
-4.4408712204724408
0
LINE
8
BLACK
6
CONTINUOUS
10
6.4192716535433068
20
-4.4408712204724408
11
6.4190808661417318
21
-4.4420756692913388
0
LINE
8
BLACK
6
CONTINUOUS
10
6.4190808661417318
20
-4.4420756692913388
11
6.4187837401574805
21
-4.4429901181102363
0
LINE
8
BLACK
6
CONTINUOUS
10
6.4187837401574805
20
-4.4429901181102363
11
6.417832952755905
21
-4.4445417322834642
0
LINE
8
BLACK
6
CONTINUOUS
10
6.417832952755905
20
-4.4445417322834642
11
6.3895629921259838
21
-4.4728116929133854
0
LINE
8
BLACK
6
CONTINUOUS
10
6.3895629921259838
20
-4.4728116929133854
11
6.388576496062992
21
-4.4735283858267714
0
LINE
8
BLACK
6
CONTINUOUS
10
6.388576496062992
20
-4.4735283858267714
11
6.3877198818897636
21
-4.4739648818897635
0
LINE
8
BLACK
6
CONTINUOUS
10
6.3877198818897636
20
-4.4739648818897635
11
6.3859503149606294
21
-4.4743897637795271
0
LINE
8
BLACK
6
CONTINUOUS
10
6.3859503149606294
20
-4.4743897637795271
11
6.38297342519685
21
-4.4743897637795271
0
LINE
8
BLACK
6
CONTINUOUS
10
6.38297342519685
20
-4.4743897637795271
11
6.3815054724409448
21
-4.4747831102362206
0
LINE
8
BLACK
6
CONTINUOUS
10
6.3815054724409448
20
-4.4747831102362206
11
6.3774610236220468
21
-4.4758668110236224
0
LINE
8
BLACK
6
CONTINUOUS
10
6.3774610236220468
20
-4.4758668110236224
11
6.3774609842519681
21
-4.4758668110236224
0
LINE
8
BLACK
6
CONTINUOUS
10
6.3774609842519681
20
-4.4758668110236224
11
6.3774609055118106
21
-4.4758668503937002
0
LINE
8
BLACK
6
CONTINUOUS
10
6.3774609055118106
20
-4.4758668503937002
11
6.3725191732283459
21
-4.47872
0
LINE
8
BLACK
6
CONTINUOUS
10
6.3725191732283459
20
-4.47872
11
6.372518818897638
21
-4.4787203149606301
0
LINE
8
BLACK
6
CONTINUOUS
10
6.372518818897638
20
-4.4787203149606301
11
6.3705533464566928
21
-4.4806857480314957
0
LINE
8
BLACK
6
CONTINUOUS
10
6.3705533464566928
20
-4.4806857480314957
11
6.3695669291338577
21
-4.4814024015748029
0
LINE
8
BLACK
6
CONTINUOUS
10
6.3695669291338577
20
-4.4814024015748029
11
6.3687103149606301
21
-4.481838897637795
0
LINE
8
BLACK
6
CONTINUOUS
10
6.3687103149606301
20
-4.481838897637795
11
6.3669407480314959
21
-4.4822637795275586
0
LINE
8
BLACK
6
CONTINUOUS
10
6.3669407480314959
20
-4.4822637795275586
11
6.1923114960629917
21
-4.4822637795275586
0
LINE
8
BLACK
6
CONTINUOUS
10
6.1923114960629917
20
-4.4822637795275586
11
6.1911070472440946
21
-4.4820729921259845
0
LINE
8
BLACK
6
CONTINUOUS
10
6.1911070472440946
20
-4.4820729921259845
11
6.1901925984251971
21
-4.4817758661417324
0
LINE
8
BLACK
6
CONTINUOUS
10
6.1901925984251971
20
-4.4817758661417324
11
6.188641023622047
21
-4.4808250787401578
0
LINE
8
BLACK
6
CONTINUOUS
10
6.188641023622047
20
-4.4808250787401578
11
6.1865361811023618
21
-4.4787202755905513
0
LINE
8
BLACK
6
CONTINUOUS
10
6.1865361811023618
20
-4.4787202755905513
11
6.186535826771653
21
-4.4787199606299213
0
LINE
8
BLACK
6
CONTINUOUS
10
6.186535826771653
20
-4.4787199606299213
11
6.186535669291338
21
-4.478719842519685
0
LINE
8
BLACK
6
CONTINUOUS
10
6.186535669291338
20
-4.478719842519685
11
6.1838494094488183
21
-4.4771689370078738
0
LINE
8
BLACK
6
CONTINUOUS
10
6.1838494094488183
20
-4.4771689370078738
11
6.1830212992125979
21
-4.4762492125984252
0
LINE
8
BLACK
6
CONTINUOUS
10
6.1830212992125979
20
-4.4762492125984252
11
6.1775496850393701
21
-4.4747831102362206
0
LINE
8
BLACK
6
CONTINUOUS
10
6.1775496850393701
20
-4.4747831102362206
11
6.1775496456692913
21
-4.4747831102362206
0
LINE
8
BLACK
6
CONTINUOUS
10
6.1775496456692913
20
-4.4747831102362206
11
6.1760816929133853
21
-4.4743897637795271
0
LINE
8
BLACK
6
CONTINUOUS
10
6.1760816929133853
20
-4.4743897637795271
11
6.1760816141732278
21
-4.4743897637795271
0
LINE
8
BLACK
6
CONTINUOUS
10
6.1760816141732278
20
-4.4743897637795271
11
6.1703750393700787
21
-4.4743897637795271
0
LINE
8
BLACK
6
CONTINUOUS
10
6.1703750393700787
20
-4.4743897637795271
11
6.1703749999999999
21
-4.4743897637795271
0
LINE
8
BLACK
6
CONTINUOUS
10
6.1703749999999999
20
-4.4743897637795271
11
6.1689082283464565
21
-4.4747827952755905
0
LINE
8
BLACK
6
CONTINUOUS
10
6.1689082283464565
20
-4.4747827952755905
11
6.1689070472440948
21
-4.4747831102362206
0
LINE
8
BLACK
6
CONTINUOUS
10
6.1689070472440948
20
-4.4747831102362206
11
6.164862401574803
21
-4.4758668503937002
0
LINE
8
BLACK
6
CONTINUOUS
10
6.164862401574803
20
-4.4758668503937002
11
6.1599209842519684
21
-4.4787198031496063
0
LINE
8
BLACK
6
CONTINUOUS
10
6.1599209842519684
20
-4.4787198031496063
11
6.1558851574803146
21
-4.4827556299212601
0
LINE
8
BLACK
6
CONTINUOUS
10
6.1558851574803146
20
-4.4827556299212601
11
6.1530322440944882
21
-4.4876970078740159
0
LINE
8
BLACK
6
CONTINUOUS
10
6.1530322440944882
20
-4.4876970078740159
11
6.1530321653543307
21
-4.4876971653543309
0
LINE
8
BLACK
6
CONTINUOUS
10
6.1530321653543307
20
-4.4876971653543309
11
6.1530321653543307
21
-4.4876972440944884
0
LINE
8
BLACK
6
CONTINUOUS
10
6.1530321653543307
20
-4.4876972440944884
11
6.1522464960629923
21
-4.4906294094488191
0
LINE
8
BLACK
6
CONTINUOUS
10
6.1522464960629923
20
-4.4906294094488191
11
6.1522163779527554
21
-4.4907418110236224
0
LINE
8
BLACK
6
CONTINUOUS
10
6.1522163779527554
20
-4.4907418110236224
11
6.1515551181102364
21
-4.4932096456692916
0
LINE
8
BLACK
6
CONTINUOUS
10
6.1515551181102364
20
-4.4932096456692916
11
6.1515551181102364
21
-4.4989164173228344
0
LINE
8
BLACK
6
CONTINUOUS
10
6.1515551181102364
20
-4.4989164173228344
11
6.1521358267716533
21
-4.5010835826771656
0
LINE
8
BLACK
6
CONTINUOUS
10
6.1521358267716533
20
-4.5010835826771656
11
6.1521358267716533
21
-4.5010836220472443
0
LINE
8
BLACK
6
CONTINUOUS
10
6.1521358267716533
20
-4.5010836220472443
11
6.152135866141732
21
-4.5010836220472443
0
LINE
8
BLACK
6
CONTINUOUS
10
6.152135866141732
20
-4.5010836220472443
11
6.152135866141732
21
-4.5010836614173231
0
LINE
8
BLACK
6
CONTINUOUS
10
6.152135866141732
20
-4.5010836614173231
11
6.1530321653543307
21
-4.5044287007874013
0
LINE
8
BLACK
6
CONTINUOUS
10
6.1530321653543307
20
-4.5044287007874013
11
6.1530322047244095
21
-4.5044287795275588
0
LINE
8
BLACK
6
CONTINUOUS
10
6.1530322047244095
20
-4.5044287795275588
11
6.1530322440944882
21
-4.5044288976377951
0
LINE
8
BLACK
6
CONTINUOUS
10
6.1530322440944882
20
-4.5044288976377951
11
6.1558852362204721
21
-4.5093703937007872
0
LINE
8
BLACK
6
CONTINUOUS
10
6.1558852362204721
20
-4.5093703937007872
11
6.1558853149606296
21
-4.5093704724409447
0
LINE
8
BLACK
6
CONTINUOUS
10
6.1558853149606296
20
-4.5093704724409447
11
6.1558853937007871
21
-4.5093705511811022
0
LINE
8
BLACK
6
CONTINUOUS
10
6.1558853937007871
20
-4.5093705511811022
11
6.1558854724409446
21
-4.5093706692913385
0
LINE
8
BLACK
6
CONTINUOUS
10
6.1558854724409446
20
-4.5093706692913385
11
6.1599206692913384
21
-4.5134058661417322
0
LINE
8
BLACK
6
CONTINUOUS
10
6.1599206692913384
20
-4.5134058661417322
11
6.1599207480314959
21
-4.513405905511811
0
LINE
8
BLACK
6
CONTINUOUS
10
6.1599207480314959
20
-4.513405905511811
11
6.1599208267716534
21
-4.5134059842519685
0
LINE
8
BLACK
6
CONTINUOUS
10
6.1599208267716534
20
-4.5134059842519685
11
6.159942362204724
21
-4.5134215354330705
0
LINE
8
BLACK
6
CONTINUOUS
10
6.159942362204724
20
-4.5134215354330705
11
6.160021181102362
21
-4.5134639370078737
0
LINE
8
BLACK
6
CONTINUOUS
10
6.160021181102362
20
-4.5134639370078737
11
6.1648626377952755
21
-4.5162591338582674
0
LINE
8
BLACK
6
CONTINUOUS
10
6.1648626377952755
20
-4.5162591338582674
11
6.1648626771653543
21
-4.5162591338582674
0
LINE
8
BLACK
6
CONTINUOUS
10
6.1648626771653543
20
-4.5162591338582674
11
6.1648627952755906
21
-4.5162592125984249
0
LINE
8
BLACK
6
CONTINUOUS
10
6.1648627952755906
20
-4.5162592125984249
11
6.1703749999999999
21
-4.5177362204724405
0
LINE
8
BLACK
6
CONTINUOUS
10
6.1703749999999999
20
-4.5177362204724405
11
6.1703750393700787
21
-4.5177362204724405
0
LINE
8
BLACK
6
CONTINUOUS
10
6.1703750393700787
20
-4.5177362204724405
11
6.1760816535433065
21
-4.5177362204724405
0
LINE
8
BLACK
6
CONTINUOUS
10
6.1760816535433065
20
-4.5177362204724405
11
6.1760816929133853
21
-4.5177362204724405
0
LINE
8
BLACK
6
CONTINUOUS
10
6.1760816929133853
20
-4.5177362204724405
11
6.1815938976377955
21
-4.5162592125984249
0
LINE
8
BLACK
6
CONTINUOUS
10
6.1815938976377955
20
-4.5162592125984249
11
6.1815939370078743
21
-4.5162591732283461
0
LINE
8
BLACK
6
CONTINUOUS
10
6.1815939370078743
20
-4.5162591732283461
11
6.1815940157480309
21
-4.5162591338582674
0
LINE
8
BLACK
6
CONTINUOUS
10
6.1815940157480309
20
-4.5162591338582674
11
6.1815940551181097
21
-4.5162591338582674
0
LINE
8
BLACK
6
CONTINUOUS
10
6.1815940551181097
20
-4.5162591338582674
11
6.1862944881889765
21
-4.5135453149606297
0
LINE
8
BLACK
6
CONTINUOUS
10
6.1862944881889765
20
-4.5135453149606297
11
6.1864081889763778
21
-4.5134900787401575
0
LINE
8
BLACK
6
CONTINUOUS
10
6.1864081889763778
20
-4.5134900787401575
11
6.1864391338582676
21
-4.5134697244094486
0
LINE
8
BLACK
6
CONTINUOUS
10
6.1864391338582676
20
-4.5134697244094486
11
6.1866363385826766
21
-4.513347913385827
0
LINE
8
BLACK
6
CONTINUOUS
10
6.1866363385826766
20
-4.513347913385827
11
6.1866874015748028
21
-4.5133183858267714
0
LINE
8
BLACK
6
CONTINUOUS
10
6.1866874015748028
20
-4.5133183858267714
11
6.1868982283464566
21
-4.5130436220472436
0
LINE
8
BLACK
6
CONTINUOUS
10
6.1868982283464566
20
-4.5130436220472436
11
6.187737086614173
21
-4.512204803149606
0
LINE
8
BLACK
6
CONTINUOUS
10
6.187737086614173
20
-4.512204803149606
11
6.1885017322834646
21
-4.5114401574803145
0
LINE
8
BLACK
6
CONTINUOUS
10
6.1885017322834646
20
-4.5114401574803145
11
6.1894879921259838
21
-4.5107235826771657
0
LINE
8
BLACK
6
CONTINUOUS
10
6.1894879921259838
20
-4.5107235826771657
11
6.1903450393700785
21
-4.5102869291338585
0
LINE
8
BLACK
6
CONTINUOUS
10
6.1903450393700785
20
-4.5102869291338585
11
6.1921143700787402
21
-4.509862204724409
0
LINE
8
BLACK
6
CONTINUOUS
10
6.1921143700787402
20
-4.509862204724409
11
6.3667436220472435
21
-4.509862204724409
0
LINE
8
BLACK
6
CONTINUOUS
10
6.3667436220472435
20
-4.509862204724409
11
6.3679479921259841
21
-4.5100529527559052
0
LINE
8
BLACK
6
CONTINUOUS
10
6.3679479921259841
20
-4.5100529527559052
11
6.368433700787401
21
-4.5102107480314961
0
LINE
8
BLACK
6
CONTINUOUS
10
6.368433700787401
20
-4.5102107480314961
11
6.3688624015748028
21
-4.5103500393700786
0
LINE
8
BLACK
6
CONTINUOUS
10
6.3688624015748028
20
-4.5103500393700786
11
6.3704140551181103
21
-4.511300866141732
0
LINE
8
BLACK
6
CONTINUOUS
10
6.3704140551181103
20
-4.511300866141732
11
6.3715614566929135
21
-4.5124482283464564
0
LINE
8
BLACK
6
CONTINUOUS
10
6.3715614566929135
20
-4.5124482283464564
11
6.3725190551181097
21
-4.5134058267716535
0
LINE
8
BLACK
6
CONTINUOUS
10
6.3725190551181097
20
-4.5134058267716535
11
6.3725192519685034
21
-4.5134059842519685
0
LINE
8
BLACK
6
CONTINUOUS
10
6.3725192519685034
20
-4.5134059842519685
11
6.3774610629921256
21
-4.5162591338582674
0
LINE
8
BLACK
6
CONTINUOUS
10
6.3774610629921256
20
-4.5162591338582674
11
6.3774611023622043
21
-4.5162591338582674
0
LINE
8
BLACK
6
CONTINUOUS
10
6.3774611023622043
20
-4.5162591338582674
11
6.3774612204724406
21
-4.5162592125984249
0
LINE
8
BLACK
6
CONTINUOUS
10
6.3774612204724406
20
-4.5162592125984249
11
6.38297342519685
21
-4.5177362204724405
0
LINE
8
BLACK
6
CONTINUOUS
10
6.38297342519685
20
-4.5177362204724405
11
6.3829734645669287
21
-4.5177362204724405
0
LINE
8
BLACK
6
CONTINUOUS
10
6.3829734645669287
20
-4.5177362204724405
11
6.3886800787401574
21
-4.5177362204724405
0
LINE
8
BLACK
6
CONTINUOUS
10
6.3886800787401574
20
-4.5177362204724405
11
6.3886801181102362
21
-4.5177362204724405
0
LINE
8
BLACK
6
CONTINUOUS
10
6.3886801181102362
20
-4.5177362204724405
11
6.3941923228346456
21
-4.5162592125984249
0
LINE
8
BLACK
6
CONTINUOUS
10
6.3941923228346456
20
-4.5162592125984249
11
6.3941923622047243
21
-4.5162591732283461
0
LINE
8
BLACK
6
CONTINUOUS
10
6.3941923622047243
20
-4.5162591732283461
11
6.3941924409448818
21
-4.5162591338582674
0
LINE
8
BLACK
6
CONTINUOUS
10
6.3941924409448818
20
-4.5162591338582674
11
6.3941924803149606
21
-4.5162591338582674
0
LINE
8
BLACK
6
CONTINUOUS
10
6.3941924803149606
20
-4.5162591338582674
11
6.3988929133858266
21
-4.5135453149606297
0
LINE
8
BLACK
6
CONTINUOUS
10
6.3988929133858266
20
-4.5135453149606297
11
6.3990066141732278
21
-4.5134900787401575
0
LINE
8
BLACK
6
CONTINUOUS
10
6.3990066141732278
20
-4.5134900787401575
11
6.3990375590551176
21
-4.5134697244094486
0
LINE
8
BLACK
6
CONTINUOUS
10
6.3990375590551176
20
-4.5134697244094486
11
6.3992347637795275
21
-4.513347913385827
0
LINE
8
BLACK
6
CONTINUOUS
10
6.3992347637795275
20
-4.513347913385827
11
6.3992859055118112
21
-4.5133183464566926
0
LINE
8
BLACK
6
CONTINUOUS
10
6.3992859055118112
20
-4.5133183464566926
11
6.3994968503937004
21
-4.5130434251968499
0
LINE
8
BLACK
6
CONTINUOUS
10
6.3994968503937004
20
-4.5130434251968499
11
6.4031696456692915
21
-4.5093706692913385
0
LINE
8
BLACK
6
CONTINUOUS
10
6.4031696456692915
20
-4.5093706692913385
11
6.4031698031496065
21
-4.5093703937007872
0
LINE
8
BLACK
6
CONTINUOUS
10
6.4031698031496065
20
-4.5093703937007872
11
6.4060229133858266
21
-4.5044287007874013
0
LINE
8
BLACK
6
CONTINUOUS
10
6.4060229133858266
20
-4.5044287007874013
11
6.4060229133858266
21
-4.5044286220472438
0
LINE
8
BLACK
6
CONTINUOUS
10
6.4060229133858266
20
-4.5044286220472438
11
6.4060229921259841
21
-4.5044285433070863
0
LINE
8
BLACK
6
CONTINUOUS
10
6.4060229921259841
20
-4.5044285433070863
11
6.4074999999999998
21
-4.4989163385826769
0
LINE
8
BLACK
6
CONTINUOUS
10
6.4074999999999998
20
-4.4989163385826769
11
6.4074999999999998
21
-4.4961365354330711
0
LINE
8
BLACK
6
CONTINUOUS
10
6.4074999999999998
20
-4.4961365354330711
11
6.4076907086614172
21
-4.4949322440944881
0
LINE
8
BLACK
6
CONTINUOUS
10
6.4076907086614172
20
-4.4949322440944881
11
6.4077828346456691
21
-4.4946486614173224
0
LINE
8
BLACK
6
CONTINUOUS
10
6.4077828346456691
20
-4.4946486614173224
11
6.4079878346456693
21
-4.4940176377952756
0
LINE
8
BLACK
6
CONTINUOUS
10
6.4079878346456693
20
-4.4940176377952756
11
6.4089385826771652
21
-4.4924661023622043
0
LINE
8
BLACK
6
CONTINUOUS
10
6.4089385826771652
20
-4.4924661023622043
11
6.4441129527559058
21
-4.4572918110236222
0
LINE
8
BLACK
6
CONTINUOUS
10
6.4441129527559058
20
-4.4572918110236222
11
6.4459296850393697
21
-4.4541451968503933
0
LINE
8
BLACK
6
CONTINUOUS
10
6.4459296850393697
20
-4.4541451968503933
11
6.4465724015748034
21
-4.4517464960629924
0
LINE
8
BLACK
6
CONTINUOUS
10
6.4465724015748034
20
-4.4517464960629924
11
6.4468700787401572
21
-4.4506355905511814
0
LINE
8
BLACK
6
CONTINUOUS
10
6.4468700787401572
20
-4.4506355905511814
11
6.4468700787401572
21
-4.1123565354330704
0
LINE
8
BLACK
6
CONTINUOUS
10
6.4468700787401572
20
-4.1123565354330704
11
6.4459296850393697
21
-4.1088469291338585
0
LINE
8
BLACK
6
CONTINUOUS
10
6.4459296850393697
20
-4.1088469291338585
11
6.4458676377952751
21
-4.1087394881889763
0
LINE
8
BLACK
6
CONTINUOUS
10
6.4458676377952751
20
-4.1087394881889763
11
6.4455838976377953
21
-4.1082480314960632
0
LINE
8
BLACK
6
CONTINUOUS
10
6.4455838976377953
20
-4.1082480314960632
11
6.4455838582677165
21
-4.1082479921259845
0
LINE
8
BLACK
6
CONTINUOUS
10
6.4455838582677165
20
-4.1082479921259845
11
6.445317874015748
21
-4.1077872834645666
0
LINE
8
BLACK
6
CONTINUOUS
10
6.445317874015748
20
-4.1077872834645666
11
6.4441129921259845
21
-4.1057003149606297
0
LINE
8
BLACK
6
CONTINUOUS
10
6.4441129921259845
20
-4.1057003149606297
11
6.3815189763779525
21
-4.0431062992125986
0
LINE
8
BLACK
6
CONTINUOUS
10
6.3815189763779525
20
-4.0431062992125986
11
6.3808022047244091
21
-4.0421197244094484
0
LINE
8
BLACK
6
CONTINUOUS
10
6.3808022047244091
20
-4.0421197244094484
11
6.3803656692913382
21
-4.0412629527559059
0
LINE
8
BLACK
6
CONTINUOUS
10
6.3803656692913382
20
-4.0412629527559059
11
6.3799409448818896
21
-4.0394935826771654
0
LINE
8
BLACK
6
CONTINUOUS
10
6.3799409448818896
20
-4.0394935826771654
11
6.3799409448818896
21
-4.0365167716535435
0
LINE
8
BLACK
6
CONTINUOUS
10
6.3799409448818896
20
-4.0365167716535435
11
6.3799409055118108
21
-4.0365166141732285
0
LINE
8
BLACK
6
CONTINUOUS
10
6.3799409055118108
20
-4.0365166141732285
11
6.3796451968503938
21
-4.0354128740157478
0
LINE
8
BLACK
6
CONTINUOUS
10
6.3796451968503938
20
-4.0354128740157478
11
6.3796451968503938
21
-4.035412834645669
0
LINE
8
BLACK
6
CONTINUOUS
10
6.3796451968503938
20
-4.035412834645669
11
6.3784716141732281
21
-4.0310332283464563
0
LINE
8
BLACK
6
CONTINUOUS
10
6.3784716141732281
20
-4.0310332283464563
11
6.378463937007874
21
-4.0310045275590554
0
LINE
8
BLACK
6
CONTINUOUS
10
6.378463937007874
20
-4.0310045275590554
11
6.3784638582677164
21
-4.0310044094488191
0
LINE
8
BLACK
6
CONTINUOUS
10
6.3784638582677164
20
-4.0310044094488191
11
6.3784638582677164
21
-4.0310043307086616
0
LINE
8
BLACK
6
CONTINUOUS
10
6.3784638582677164
20
-4.0310043307086616
11
6.3784636220472439
21
-4.0310039370078741
0
LINE
8
BLACK
6
CONTINUOUS
10
6.3784636220472439
20
-4.0310039370078741
11
6.3784510236220475
21
-4.0309760629921261
0
LINE
8
BLACK
6
CONTINUOUS
10
6.3784510236220475
20
-4.0309760629921261
11
6.378401456692913
21
-4.0308962204724406
0
LINE
8
BLACK
6
CONTINUOUS
10
6.378401456692913
20
-4.0308962204724406
11
6.3756687007874016
21
-4.0261629527559055
0
LINE
8
BLACK
6
CONTINUOUS
10
6.3756687007874016
20
-4.0261629527559055
11
6.3756687007874016
21
-4.0261629921259843
0
LINE
8
BLACK
6
CONTINUOUS
10
6.3756687007874016
20
-4.0261629921259843
11
6.3756107086614175
21
-4.0260625590551182
0
LINE
8
BLACK
6
CONTINUOUS
10
6.3756107086614175
20
-4.0260625590551182
11
6.37561062992126
21
-4.0260624803149607
0
LINE
8
BLACK
6
CONTINUOUS
10
6.37561062992126
20
-4.0260624803149607
11
6.3756105905511813
21
-4.0260624015748032
0
LINE
8
BLACK
6
CONTINUOUS
10
6.3756105905511813
20
-4.0260624015748032
11
6.3715753937007875
21
-4.0220272047244094
0
LINE
8
BLACK
6
CONTINUOUS
10
6.3715753937007875
20
-4.0220272047244094
11
6.3715752755905513
21
-4.0220271259842519
0
LINE
8
BLACK
6
CONTINUOUS
10
6.3715752755905513
20
-4.0220271259842519
11
6.3715751968503938
21
-4.0220270472440944
0
LINE
8
BLACK
6
CONTINUOUS
10
6.3715751968503938
20
-4.0220270472440944
11
6.3688887401574803
21
-4.0204760236220469
0
LINE
8
BLACK
6
CONTINUOUS
10
6.3688887401574803
20
-4.0204760236220469
11
6.3680606692913386
21
-4.0195563385826771
0
LINE
8
BLACK
6
CONTINUOUS
10
6.3680606692913386
20
-4.0195563385826771
11
6.3654683858267713
21
-4.0188616929133856
0
LINE
8
BLACK
6
CONTINUOUS
10
6.3654683858267713
20
-4.0188616929133856
11
6.3654683464566926
21
-4.0188616929133856
0
LINE
8
BLACK
6
CONTINUOUS
10
6.3654683464566926
20
-4.0188616929133856
11
6.361121062992126
21
-4.0176968503937003
0
LINE
8
BLACK
6
CONTINUOUS
10
6.361121062992126
20
-4.0176968503937003
11
6.3611209842519685
21
-4.0176968503937003
0
LINE
8
BLACK
6
CONTINUOUS
10
6.3611209842519685
20
-4.0176968503937003
11
6.3554142913385823
21
-4.0176968503937003
0
LINE
8
BLACK
6
CONTINUOUS
10
6.3554142913385823
20
-4.0176968503937003
11
6.352983779527559
21
-4.0183480708661419
0
LINE
8
BLACK
6
CONTINUOUS
10
4.9514961023622046
20
-4.4816929133858263
11
4.9514960629921259
21
-4.4816929527559051
0
LINE
8
BLACK
6
CONTINUOUS
10
4.9514960629921259
20
-4.4816929527559051
11
4.9514960629921259
21
-4.4816929921259838
0
LINE
8
BLACK
6
CONTINUOUS
10
4.9514960629921259
20
-4.4816929921259838
11
4.9514960629921259
21
-4.5075474015748034
0
LINE
8
BLACK
6
CONTINUOUS
10
4.9514960629921259
20
-4.5075474015748034
11
4.9519528346456694
21
-4.5098438188976377
0
LINE
8
BLACK
6
CONTINUOUS
10
4.9519528346456694
20
-4.5098438188976377
11
4.9519528740157481
21
-4.509843937007874
0
LINE
8
BLACK
6
CONTINUOUS
10
4.9519528740157481
20
-4.509843937007874
11
4.953608779527559
21
-4.5123221653543304
0
LINE
8
BLACK
6
CONTINUOUS
10
4.953608779527559
20
-4.5123221653543304
11
4.9536931496062993
21
-4.5124483858267714
0
LINE
8
BLACK
6
CONTINUOUS
10
4.9536931496062993
20
-4.5124483858267714
11
4.9536933070866143
21
-4.5124485433070864
0
LINE
8
BLACK
6
CONTINUOUS
10
4.9536933070866143
20
-4.5124485433070864
11
4.9562977559055117
21
-4.5141888188976376
0
LINE
8
BLACK
6
CONTINUOUS
10
4.9562977559055117
20
-4.5141888188976376
11
4.9585022834645667
21
-4.5146272834645664
0
LINE
8
BLACK
6
CONTINUOUS
10
4.9585022834645667
20
-4.5146272834645664
11
4.9585712992125979
21
-4.5146427559055118
0
LINE
8
BLACK
6
CONTINUOUS
10
4.9585712992125979
20
-4.5146427559055118
11
4.9585943700787398
21
-4.5146455905511811
0
LINE
8
BLACK
6
CONTINUOUS
10
4.9585943700787398
20
-4.5146455905511811
11
4.9585944488188973
21
-4.5146456299212598
0
LINE
8
BLACK
6
CONTINUOUS
10
4.9585944488188973
20
-4.5146456299212598
11
4.9585946062992123
21
-4.5146456692913386
0
LINE
8
BLACK
6
CONTINUOUS
10
4.9585946062992123
20
-4.5146456692913386
11
4.9844487401574806
21
-4.5146456692913386
0
LINE
8
BLACK
6
CONTINUOUS
10
4.9844487401574806
20
-4.5146456692913386
11
4.9844487795275594
21
-4.5146456692913386
0
LINE
8
BLACK
6
CONTINUOUS
10
4.9844487795275594
20
-4.5146456692913386
11
4.9844488188976372
21
-4.5146456299212598
0
LINE
8
BLACK
6
CONTINUOUS
10
4.9844488188976372
20
-4.5146456299212598
11
4.9844488188976372
21
-4.5067716535433071
0
LINE
8
BLACK
6
CONTINUOUS
10
4.9844488188976372
20
-4.5067716535433071
11
4.9593700787401573
21
-4.5067716535433071
0
LINE
8
BLACK
6
CONTINUOUS
10
4.9593700787401573
20
-4.5067716535433071
11
4.9593700787401573
21
-4.4816929133858263
0
LINE
8
BLACK
6
CONTINUOUS
10
4.9593700787401573
20
-4.4816929133858263
11
4.9514961023622046
21
-4.4816929133858263
0
LINE
8
BLACK
6
CONTINUOUS
10
5.0193700787401569
20
-4.5067716535433071
11
4.994291338582677
21
-4.5067716535433071
0
LINE
8
BLACK
6
CONTINUOUS
10
4.994291338582677
20
-4.5067716535433071
11
4.994291338582677
21
-4.5146456299212598
0
LINE
8
BLACK
6
CONTINUOUS
10
4.994291338582677
20
-4.5146456299212598
11
4.9942913779527558
21
-4.5146456692913386
0
LINE
8
BLACK
6
CONTINUOUS
10
4.9942913779527558
20
-4.5146456692913386
11
4.9942914173228345
21
-4.5146456692913386
0
LINE
8
BLACK
6
CONTINUOUS
10
4.9942914173228345
20
-4.5146456692913386
11
5.020145551181102
21
-4.5146456692913386
0
LINE
8
BLACK
6
CONTINUOUS
10
5.020145551181102
20
-4.5146456692913386
11
5.0201456299212595
21
-4.5146456692913386
0
LINE
8
BLACK
6
CONTINUOUS
10
5.0201456299212595
20
-4.5146456692913386
11
5.0202998818897635
21
-4.5146205905511811
0
LINE
8
BLACK
6
CONTINUOUS
10
5.0202998818897635
20
-4.5146205905511811
11
5.0203855118110239
21
-4.5145979133858267
0
LINE
8
BLACK
6
CONTINUOUS
10
5.0203855118110239
20
-4.5145979133858267
11
5.0216248425196852
21
-4.5143514173228345
0
LINE
8
BLACK
6
CONTINUOUS
10
5.0216248425196852
20
-4.5143514173228345
11
5.0224422047244097
21
-4.5141888582677163
0
LINE
8
BLACK
6
CONTINUOUS
10
5.0224422047244097
20
-4.5141888582677163
11
5.0224422047244097
21
-4.5141888188976376
0
LINE
8
BLACK
6
CONTINUOUS
10
5.0224422047244097
20
-4.5141888188976376
11
5.0224423622047247
21
-4.5141888188976376
0
LINE
8
BLACK
6
CONTINUOUS
10
5.0224423622047247
20
-4.5141888188976376
11
5.0250468110236222
21
-4.5124485433070864
0
LINE
8
BLACK
6
CONTINUOUS
10
5.0250468110236222
20
-4.5124485433070864
11
5.0250469685039372
21
-4.5124483858267714
0
LINE
8
BLACK
6
CONTINUOUS
10
5.0250469685039372
20
-4.5124483858267714
11
5.0267872440944883
21
-4.509843937007874
0
LINE
8
BLACK
6
CONTINUOUS
10
5.0267872440944883
20
-4.509843937007874
11
5.026845118110236
21
-4.5095530708661418
0
LINE
8
BLACK
6
CONTINUOUS
10
5.026845118110236
20
-4.5095530708661418
11
5.0271962992125987
21
-4.5077872834645669
0
LINE
8
BLACK
6
CONTINUOUS
10
5.0271962992125987
20
-4.5077872834645669
11
5.027219015748031
21
-4.5077014566929137
0
LINE
8
BLACK
6
CONTINUOUS
10
5.027219015748031
20
-4.5077014566929137
11
5.0272440944881884
21
-4.5075471653543309
0
LINE
8
BLACK
6
CONTINUOUS
10
5.0272440944881884
20
-4.5075471653543309
11
5.0272440944881884
21
-4.4816929921259838
0
LINE
8
BLACK
6
CONTINUOUS
10
5.0272440944881884
20
-4.4816929921259838
11
5.0272440944881884
21
-4.4816929527559051
0
LINE
8
BLACK
6
CONTINUOUS
10
5.0272440944881884
20
-4.4816929527559051
11
5.0272440551181097
21
-4.4816929133858263
0
LINE
8
BLACK
6
CONTINUOUS
10
5.0272440551181097
20
-4.4816929133858263
11
5.0272440157480318
21
-4.4816929133858263
0
LINE
8
BLACK
6
CONTINUOUS
10
5.0272440157480318
20
-4.4816929133858263
11
5.0193700787401569
21
-4.4816929133858263
0
LINE
8
BLACK
6
CONTINUOUS
10
5.0193700787401569
20
-4.4816929133858263
11
5.0193700787401569
21
-4.5067716535433071
0
LINE
8
BLACK
6
CONTINUOUS
10
5.0514961023622043
20
-4.4816929133858263
11
5.0514960629921255
21
-4.4816929527559051
0
LINE
8
BLACK
6
CONTINUOUS
10
5.0514960629921255
20
-4.4816929527559051
11
5.0514960629921255
21
-4.4816929921259838
0
LINE
8
BLACK
6
CONTINUOUS
10
5.0514960629921255
20
-4.4816929921259838
11
5.0514960629921255
21
-4.5075474015748034
0
LINE
8
BLACK
6
CONTINUOUS
10
5.0514960629921255
20
-4.5075474015748034
11
5.051952834645669
21
-4.5098438188976377
0
LINE
8
BLACK
6
CONTINUOUS
10
5.051952834645669
20
-4.5098438188976377
11
5.0519528740157478
21
-4.509843937007874
0
LINE
8
BLACK
6
CONTINUOUS
10
5.0519528740157478
20
-4.509843937007874
11
5.0536087795275586
21
-4.5123221653543304
0
LINE
8
BLACK
6
CONTINUOUS
10
5.0536087795275586
20
-4.5123221653543304
11
5.0536931496062989
21
-4.5124483858267714
0
LINE
8
BLACK
6
CONTINUOUS
10
5.0536931496062989
20
-4.5124483858267714
11
5.0536933070866139
21
-4.5124485433070864
0
LINE
8
BLACK
6
CONTINUOUS
10
5.0536933070866139
20
-4.5124485433070864
11
5.0562977559055113
21
-4.5141888188976376
0
LINE
8
BLACK
6
CONTINUOUS
10
5.0562977559055113
20
-4.5141888188976376
11
5.0585022834645672
21
-4.5146272834645664
0
LINE
8
BLACK
6
CONTINUOUS
10
5.0585022834645672
20
-4.5146272834645664
11
5.0585712992125984
21
-4.5146427559055118
0
LINE
8
BLACK
6
CONTINUOUS
10
5.0585712992125984
20
-4.5146427559055118
11
5.0585943700787404
21
-4.5146455905511811
0
LINE
8
BLACK
6
CONTINUOUS
10
5.0585943700787404
20
-4.5146455905511811
11
5.0585944488188979
21
-4.5146456299212598
0
LINE
8
BLACK
6
CONTINUOUS
10
5.0585944488188979
20
-4.5146456299212598
11
5.0585946062992129
21
-4.5146456692913386
0
LINE
8
BLACK
6
CONTINUOUS
10
5.0585946062992129
20
-4.5146456692913386
11
5.0844487401574803
21
-4.5146456692913386
0
LINE
8
BLACK
6
CONTINUOUS
10
5.0844487401574803
20
-4.5146456692913386
11
5.084448779527559
21
-4.5146456692913386
0
LINE
8
BLACK
6
CONTINUOUS
10
5.084448779527559
20
-4.5146456692913386
11
5.0844488188976378
21
-4.5146456299212598
0
LINE
8
BLACK
6
CONTINUOUS
10
5.0844488188976378
20
-4.5146456299212598
11
5.0844488188976378
21
-4.5067716535433071
0
LINE
8
BLACK
6
CONTINUOUS
10
5.0844488188976378
20
-4.5067716535433071
11
5.059370078740157
21
-4.5067716535433071
0
LINE
8
BLACK
6
CONTINUOUS
10
5.059370078740157
20
-4.5067716535433071
11
5.059370078740157
21
-4.4816929133858263
0
LINE
8
BLACK
6
CONTINUOUS
10
5.059370078740157
20
-4.4816929133858263
11
5.0514961023622043
21
-4.4816929133858263
0
LINE
8
BLACK
6
CONTINUOUS
10
5.1193700787401575
20
-4.5067716535433071
11
5.0942913385826767
21
-4.5067716535433071
0
LINE
8
BLACK
6
CONTINUOUS
10
5.0942913385826767
20
-4.5067716535433071
11
5.0942913385826767
21
-4.5146456299212598
0
LINE
8
BLACK
6
CONTINUOUS
10
5.0942913385826767
20
-4.5146456299212598
11
5.0942913779527554
21
-4.5146456692913386
0
LINE
8
BLACK
6
CONTINUOUS
10
5.0942913779527554
20
-4.5146456692913386
11
5.0942914173228342
21
-4.5146456692913386
0
LINE
8
BLACK
6
CONTINUOUS
10
5.0942914173228342
20
-4.5146456692913386
11
5.1201455511811025
21
-4.5146456692913386
0
LINE
8
BLACK
6
CONTINUOUS
10
5.1201455511811025
20
-4.5146456692913386
11
5.12014562992126
21
-4.5146456692913386
0
LINE
8
BLACK
6
CONTINUOUS
10
5.12014562992126
20
-4.5146456692913386
11
5.120299881889764
21
-4.5146205905511811
0
LINE
8
BLACK
6
CONTINUOUS
10
5.120299881889764
20
-4.5146205905511811
11
5.1203855118110235
21
-4.5145979133858267
0
LINE
8
BLACK
6
CONTINUOUS
10
5.1203855118110235
20
-4.5145979133858267
11
5.1216248425196849
21
-4.5143514173228345
0
LINE
8
BLACK
6
CONTINUOUS
10
5.1216248425196849
20
-4.5143514173228345
11
5.1224422047244094
21
-4.5141888582677163
0
LINE
8
BLACK
6
CONTINUOUS
10
5.1224422047244094
20
-4.5141888582677163
11
5.1224422047244094
21
-4.5141888188976376
0
LINE
8
BLACK
6
CONTINUOUS
10
5.1224422047244094
20
-4.5141888188976376
11
5.1224423622047244
21
-4.5141888188976376
0
LINE
8
BLACK
6
CONTINUOUS
10
5.1224423622047244
20
-4.5141888188976376
11
5.1250468110236218
21
-4.5124485433070864
0
LINE
8
BLACK
6
CONTINUOUS
10
5.1250468110236218
20
-4.5124485433070864
11
5.1250469685039368
21
-4.5124483858267714
0
LINE
8
BLACK
6
CONTINUOUS
10
5.1250469685039368
20
-4.5124483858267714
11
5.1267872440944879
21
-4.509843937007874
0
LINE
8
BLACK
6
CONTINUOUS
10
5.1267872440944879
20
-4.509843937007874
11
5.1268451181102357
21
-4.5095530708661418
0
LINE
8
BLACK
6
CONTINUOUS
10
5.1268451181102357
20
-4.5095530708661418
11
5.1271962992125983
21
-4.5077872834645669
0
LINE
8
BLACK
6
CONTINUOUS
10
5.1271962992125983
20
-4.5077872834645669
11
5.1272190157480315
21
-4.5077014566929137
0
LINE
8
BLACK
6
CONTINUOUS
10
5.1272190157480315
20
-4.5077014566929137
11
5.127244094488189
21
-4.5075471653543309
0
LINE
8
BLACK
6
CONTINUOUS
10
5.127244094488189
20
-4.5075471653543309
11
5.127244094488189
21
-4.4816929921259838
0
LINE
8
BLACK
6
CONTINUOUS
10
5.127244094488189
20
-4.4816929921259838
11
5.127244094488189
21
-4.4816929527559051
0
LINE
8
BLACK
6
CONTINUOUS
10
5.127244094488189
20
-4.4816929527559051
11
5.1272440551181102
21
-4.4816929133858263
0
LINE
8
BLACK
6
CONTINUOUS
10
5.1272440551181102
20
-4.4816929133858263
11
5.1272440157480315
21
-4.4816929133858263
0
LINE
8
BLACK
6
CONTINUOUS
10
5.1272440157480315
20
-4.4816929133858263
11
5.1193700787401575
21
-4.4816929133858263
0
LINE
8
BLACK
6
CONTINUOUS
10
5.1193700787401575
20
-4.4816929133858263
11
5.1193700787401575
21
-4.5067716535433071
0
LINE
8
BLACK
6
CONTINUOUS
10
5.0942913385826767
20
-4.4388976771653539
11
5.0942913385826767
21
-4.4388977165354326
0
LINE
8
BLACK
6
CONTINUOUS
10
5.0942913385826767
20
-4.4388977165354326
11
5.0942913385826767
21
-4.4467716535433066
0
LINE
8
BLACK
6
CONTINUOUS
10
5.0942913385826767
20
-4.4467716535433066
11
5.1193700787401575
21
-4.4467716535433066
0
LINE
8
BLACK
6
CONTINUOUS
10
5.1193700787401575
20
-4.4467716535433066
11
5.1193700787401575
21
-4.4718503937007874
0
LINE
8
BLACK
6
CONTINUOUS
10
5.1193700787401575
20
-4.4718503937007874
11
5.1272440157480315
21
-4.4718503937007874
0
LINE
8
BLACK
6
CONTINUOUS
10
5.1272440157480315
20
-4.4718503937007874
11
5.1272440551181102
21
-4.4718503937007874
0
LINE
8
BLACK
6
CONTINUOUS
10
5.1272440551181102
20
-4.4718503937007874
11
5.127244094488189
21
-4.4718503543307087
0
LINE
8
BLACK
6
CONTINUOUS
10
5.127244094488189
20
-4.4718503543307087
11
5.127244094488189
21
-4.4459961417322837
0
LINE
8
BLACK
6
CONTINUOUS
10
5.127244094488189
20
-4.4459961417322837
11
5.127244094488189
21
-4.4459960629921262
0
LINE
8
BLACK
6
CONTINUOUS
10
5.127244094488189
20
-4.4459960629921262
11
5.1272190551181103
21
-4.4458418503937009
0
LINE
8
BLACK
6
CONTINUOUS
10
5.1272190551181103
20
-4.4458418503937009
11
5.1271962992125983
21
-4.4457559842519681
0
LINE
8
BLACK
6
CONTINUOUS
10
5.1271962992125983
20
-4.4457559842519681
11
5.1271848425196849
21
-4.4456983070866141
0
LINE
8
BLACK
6
CONTINUOUS
10
5.1271848425196849
20
-4.4456983070866141
11
5.1267872440944879
21
-4.443699330708661
0
LINE
8
BLACK
6
CONTINUOUS
10
5.1267872440944879
20
-4.443699330708661
11
5.1250469685039368
21
-4.4410948818897635
0
LINE
8
BLACK
6
CONTINUOUS
10
5.1250469685039368
20
-4.4410948818897635
11
5.1250468110236218
21
-4.4410947244094485
0
LINE
8
BLACK
6
CONTINUOUS
10
5.1250468110236218
20
-4.4410947244094485
11
5.1249326771653543
21
-4.4410184645669286
0
LINE
8
BLACK
6
CONTINUOUS
10
5.1249326771653543
20
-4.4410184645669286
11
5.1224423622047244
21
-4.4393544488188974
0
LINE
8
BLACK
6
CONTINUOUS
10
5.1224423622047244
20
-4.4393544488188974
11
5.1224422440944881
21
-4.4393544094488187
0
LINE
8
BLACK
6
CONTINUOUS
10
5.1224422440944881
20
-4.4393544094488187
11
5.1201458267716538
21
-4.4388976377952751
0
LINE
8
BLACK
6
CONTINUOUS
10
5.1201458267716538
20
-4.4388976377952751
11
5.1201456692913387
21
-4.4388976377952751
0
LINE
8
BLACK
6
CONTINUOUS
10
5.1201456692913387
20
-4.4388976377952751
11
5.0942913779527554
21
-4.4388976377952751
0
LINE
8
BLACK
6
CONTINUOUS
10
5.0942913779527554
20
-4.4388976377952751
11
5.0942913385826767
21
-4.4388976771653539
0
LINE
8
BLACK
6
CONTINUOUS
10
4.994291338582677
20
-4.4388976771653539
11
4.994291338582677
21
-4.4388977165354326
0
LINE
8
BLACK
6
CONTINUOUS
10
4.994291338582677
20
-4.4388977165354326
11
4.994291338582677
21
-4.4467716535433066
0
LINE
8
BLACK
6
CONTINUOUS
10
4.994291338582677
20
-4.4467716535433066
11
5.0193700787401569
21
-4.4467716535433066
0
LINE
8
BLACK
6
CONTINUOUS
10
5.0193700787401569
20
-4.4467716535433066
11
5.0193700787401569
21
-4.4718503937007874
0
LINE
8
BLACK
6
CONTINUOUS
10
5.0193700787401569
20
-4.4718503937007874
11
5.0272440157480318
21
-4.4718503937007874
0
LINE
8
BLACK
6
CONTINUOUS
10
5.0272440157480318
20
-4.4718503937007874
11
5.0272440551181097
21
-4.4718503937007874
0
LINE
8
BLACK
6
CONTINUOUS
10
5.0272440551181097
20
-4.4718503937007874
11
5.0272440944881884
21
-4.4718503543307087
0
LINE
8
BLACK
6
CONTINUOUS
10
5.0272440944881884
20
-4.4718503543307087
11
5.0272440944881884
21
-4.4459961417322837
0
LINE
8
BLACK
6
CONTINUOUS
10
5.0272440944881884
20
-4.4459961417322837
11
5.0272440551181097
21
-4.4459960236220475
0
LINE
8
BLACK
6
CONTINUOUS
10
5.0272440551181097
20
-4.4459960236220475
11
5.0272440157480318
21
-4.4459958267716537
0
LINE
8
BLACK
6
CONTINUOUS
10
5.0272440157480318
20
-4.4459958267716537
11
5.0267872440944883
21
-4.443699330708661
0
LINE
8
BLACK
6
CONTINUOUS
10
5.0267872440944883
20
-4.443699330708661
11
5.0250469685039372
21
-4.4410948818897635
0
LINE
8
BLACK
6
CONTINUOUS
10
5.0250469685039372
20
-4.4410948818897635
11
5.0250468110236222
21
-4.4410947244094485
0
LINE
8
BLACK
6
CONTINUOUS
10
5.0250468110236222
20
-4.4410947244094485
11
5.0249326771653546
21
-4.4410184645669286
0
LINE
8
BLACK
6
CONTINUOUS
10
5.0249326771653546
20
-4.4410184645669286
11
5.0224423622047247
21
-4.4393544488188974
0
LINE
8
BLACK
6
CONTINUOUS
10
5.0224423622047247
20
-4.4393544488188974
11
5.0224422440944885
21
-4.4393544094488187
0
LINE
8
BLACK
6
CONTINUOUS
10
5.0224422440944885
20
-4.4393544094488187
11
5.0201458267716532
21
-4.4388976377952751
0
LINE
8
BLACK
6
CONTINUOUS
10
5.0201458267716532
20
-4.4388976377952751
11
5.0201456692913382
21
-4.4388976377952751
0
LINE
8
BLACK
6
CONTINUOUS
10
5.0201456692913382
20
-4.4388976377952751
11
4.9942913779527558
21
-4.4388976377952751
0
LINE
8
BLACK
6
CONTINUOUS
10
4.9942913779527558
20
-4.4388976377952751
11
4.994291338582677
21
-4.4388976771653539
0
LINE
8
BLACK
6
CONTINUOUS
10
4.9514763779527557
20
-4.4075493307086617
11
4.9514764173228345
21
-4.4075495275590546
0
LINE
8
BLACK
6
CONTINUOUS
10
4.9514764173228345
20
-4.4075495275590546
11
4.951934330708661
21
-4.4098514566929135
0
LINE
8
BLACK
6
CONTINUOUS
10
4.951934330708661
20
-4.4098514566929135
11
4.9519343700787397
21
-4.4098516141732285
0
LINE
8
BLACK
6
CONTINUOUS
10
4.9519343700787397
20
-4.4098516141732285
11
4.9536790551181102
21
-4.4124626771653546
0
LINE
8
BLACK
6
CONTINUOUS
10
4.9536790551181102
20
-4.4124626771653546
11
4.9562901181102363
21
-4.4142073622047242
0
LINE
8
BLACK
6
CONTINUOUS
10
4.9562901181102363
20
-4.4142073622047242
11
4.9571653543307086
21
-4.4143814566929134
0
LINE
8
BLACK
6
CONTINUOUS
10
4.9571653543307086
20
-4.4143814566929134
11
4.9580404724409446
21
-4.4145555511811025
0
LINE
8
BLACK
6
CONTINUOUS
10
4.9580404724409446
20
-4.4145555511811025
11
4.9580405905511808
21
-4.4145555511811025
0
LINE
8
BLACK
6
CONTINUOUS
10
4.9580405905511808
20
-4.4145555511811025
11
4.9583527165354333
21
-4.4146176377952751
0
LINE
8
BLACK
6
CONTINUOUS
10
4.9583527165354333
20
-4.4146176377952751
11
4.9584379527559053
21
-4.4146401968503932
0
LINE
8
BLACK
6
CONTINUOUS
10
4.9584379527559053
20
-4.4146401968503932
11
4.958524173228346
21
-4.4146542125984247
0
LINE
8
BLACK
6
CONTINUOUS
10
4.958524173228346
20
-4.4146542125984247
11
4.9585858661417319
21
-4.4146653543307082
0
LINE
8
BLACK
6
CONTINUOUS
10
4.9585858661417319
20
-4.4146653543307082
11
4.9585925984251968
21
-4.4146653543307082
0
LINE
8
BLACK
6
CONTINUOUS
10
4.9585925984251968
20
-4.4146653543307082
11
4.9585926377952756
21
-4.4146653543307082
0
LINE
8
BLACK
6
CONTINUOUS
10
4.9585926377952756
20
-4.4146653543307082
11
5.0201475196850396
21
-4.4146653543307082
0
LINE
8
BLACK
6
CONTINUOUS
10
5.0201475196850396
20
-4.4146653543307082
11
5.0201475590551183
21
-4.4146653543307082
0
LINE
8
BLACK
6
CONTINUOUS
10
5.0201475590551183
20
-4.4146653543307082
11
5.0224500393700788
21
-4.4142073622047242
0
LINE
8
BLACK
6
CONTINUOUS
10
5.0224500393700788
20
-4.4142073622047242
11
5.0250611023622049
21
-4.4124626771653546
0
LINE
8
BLACK
6
CONTINUOUS
10
5.0250611023622049
20
-4.4124626771653546
11
5.0268057874015746
21
-4.4098516141732285
0
LINE
8
BLACK
6
CONTINUOUS
10
5.0268057874015746
20
-4.4098516141732285
11
5.0272637795275585
21
-4.407549133858268
0
LINE
8
BLACK
6
CONTINUOUS
10
5.0272637795275585
20
-4.407549133858268
11
5.0272637795275585
21
-4.3941015748031491
0
LINE
8
BLACK
6
CONTINUOUS
10
5.0272637795275585
20
-4.3941015748031491
11
5.0274544488188972
21
-4.3928974015748032
0
LINE
8
BLACK
6
CONTINUOUS
10
5.0274544488188972
20
-4.3928974015748032
11
5.0276167322834642
21
-4.3923978346456689
0
LINE
8
BLACK
6
CONTINUOUS
10
5.0276167322834642
20
-4.3923978346456689
11
5.0290324015748027
21
-4.3904490551181103
0
LINE
8
BLACK
6
CONTINUOUS
10
5.0290324015748027
20
-4.3904490551181103
11
5.0290559842519684
21
-4.3904319291338583
0
LINE
8
BLACK
6
CONTINUOUS
10
5.0290559842519684
20
-4.3904319291338583
11
5.0291953937007872
21
-4.3903307086614172
0
LINE
8
BLACK
6
CONTINUOUS
10
5.0291953937007872
20
-4.3903307086614172
11
5.03148594488189
21
-4.3895866141732283
0
LINE
8
BLACK
6
CONTINUOUS
10
5.03148594488189
20
-4.3895866141732283
11
5.0469614173228345
21
-4.3895866141732283
0
LINE
8
BLACK
6
CONTINUOUS
10
5.0469614173228345
20
-4.3895866141732283
11
5.0481656692913388
21
-4.389777283464567
0
LINE
8
BLACK
6
CONTINUOUS
10
5.0481656692913388
20
-4.389777283464567
11
5.0486652362204723
21
-4.3899396062992126
0
LINE
8
BLACK
6
CONTINUOUS
10
5.0486652362204723
20
-4.3899396062992126
11
5.0506140157480317
21
-4.3913554330708662
0
LINE
8
BLACK
6
CONTINUOUS
10
5.0506140157480317
20
-4.3913554330708662
11
5.0507319291338577
21
-4.3915177165354331
0
LINE
8
BLACK
6
CONTINUOUS
10
5.0507319291338577
20
-4.3915177165354331
11
5.0514763779527554
21
-4.3938086614173226
0
LINE
8
BLACK
6
CONTINUOUS
10
5.0514763779527554
20
-4.3938086614173226
11
5.0514763779527554
21
-4.4075493307086617
0
LINE
8
BLACK
6
CONTINUOUS
10
5.0514763779527554
20
-4.4075493307086617
11
5.0514764173228341
21
-4.4075495275590546
0
LINE
8
BLACK
6
CONTINUOUS
10
5.0514764173228341
20
-4.4075495275590546
11
5.0519343307086615
21
-4.4098514566929135
0
LINE
8
BLACK
6
CONTINUOUS
10
5.0519343307086615
20
-4.4098514566929135
11
5.0519343700787402
21
-4.4098516141732285
0
LINE
8
BLACK
6
CONTINUOUS
10
5.0519343700787402
20
-4.4098516141732285
11
5.0536790551181099
21
-4.4124626771653546
0
LINE
8
BLACK
6
CONTINUOUS
10
5.0536790551181099
20
-4.4124626771653546
11
5.056290118110236
21
-4.4142073622047242
0
LINE
8
BLACK
6
CONTINUOUS
10
5.056290118110236
20
-4.4142073622047242
11
5.0571653543307082
21
-4.4143814566929134
0
LINE
8
BLACK
6
CONTINUOUS
10
5.0571653543307082
20
-4.4143814566929134
11
5.0580404724409451
21
-4.4145555511811025
0
LINE
8
BLACK
6
CONTINUOUS
10
5.0580404724409451
20
-4.4145555511811025
11
5.0580405905511814
21
-4.4145555511811025
0
LINE
8
BLACK
6
CONTINUOUS
10
5.0580405905511814
20
-4.4145555511811025
11
5.0583527165354329
21
-4.4146176377952751
0
LINE
8
BLACK
6
CONTINUOUS
10
5.0583527165354329
20
-4.4146176377952751
11
5.0584379527559058
21
-4.4146401968503932
0
LINE
8
BLACK
6
CONTINUOUS
10
5.0584379527559058
20
-4.4146401968503932
11
5.0585241732283466
21
-4.4146542125984247
0
LINE
8
BLACK
6
CONTINUOUS
10
5.0585241732283466
20
-4.4146542125984247
11
5.0585858661417324
21
-4.4146653543307082
0
LINE
8
BLACK
6
CONTINUOUS
10
5.0585858661417324
20
-4.4146653543307082
11
5.0585925984251965
21
-4.4146653543307082
0
LINE
8
BLACK
6
CONTINUOUS
10
5.0585925984251965
20
-4.4146653543307082
11
5.0585926377952752
21
-4.4146653543307082
0
LINE
8
BLACK
6
CONTINUOUS
10
5.0585926377952752
20
-4.4146653543307082
11
5.1201475196850392
21
-4.4146653543307082
0
LINE
8
BLACK
6
CONTINUOUS
10
5.1201475196850392
20
-4.4146653543307082
11
5.120147559055118
21
-4.4146653543307082
0
LINE
8
BLACK
6
CONTINUOUS
10
5.120147559055118
20
-4.4146653543307082
11
5.1224500393700785
21
-4.4142073622047242
0
LINE
8
BLACK
6
CONTINUOUS
10
5.1224500393700785
20
-4.4142073622047242
11
5.1250611023622046
21
-4.4124626771653546
0
LINE
8
BLACK
6
CONTINUOUS
10
5.1250611023622046
20
-4.4124626771653546
11
5.1268057874015751
21
-4.4098516141732285
0
LINE
8
BLACK
6
CONTINUOUS
10
5.1268057874015751
20
-4.4098516141732285
11
5.1272637795275591
21
-4.407549133858268
0
LINE
8
BLACK
6
CONTINUOUS
10
5.1272637795275591
20
-4.407549133858268
11
5.1272637795275591
21
-4.3941015748031491
0
LINE
8
BLACK
6
CONTINUOUS
10
5.1272637795275591
20
-4.3941015748031491
11
5.1274544488188978
21
-4.3928974015748032
0
LINE
8
BLACK
6
CONTINUOUS
10
5.1274544488188978
20
-4.3928974015748032
11
5.1276167322834647
21
-4.3923978346456689
0
LINE
8
BLACK
6
CONTINUOUS
10
5.1276167322834647
20
-4.3923978346456689
11
5.1290324015748032
21
-4.3904490551181103
0
LINE
8
BLACK
6
CONTINUOUS
10
5.1290324015748032
20
-4.3904490551181103
11
5.1290559842519681
21
-4.3904319291338583
0
LINE
8
BLACK
6
CONTINUOUS
10
5.1290559842519681
20
-4.3904319291338583
11
5.1291953937007877
21
-4.3903307086614172
0
LINE
8
BLACK
6
CONTINUOUS
10
5.1291953937007877
20
-4.3903307086614172
11
5.1314859448818897
21
-4.3895866141732283
0
LINE
8
BLACK
6
CONTINUOUS
10
5.1314859448818897
20
-4.3895866141732283
11
5.2504868897637795
21
-4.3895866141732283
0
LINE
8
BLACK
6
CONTINUOUS
10
5.2504868897637795
20
-4.3895866141732283
11
5.2516912204724404
21
-4.3897773228346457
0
LINE
8
BLACK
6
CONTINUOUS
10
5.2516912204724404
20
-4.3897773228346457
11
5.2525162598425199
21
-4.3900453937007873
0
LINE
8
BLACK
6
CONTINUOUS
10
5.2525162598425199
20
-4.3900453937007873
11
5.2541664566929134
21
-4.3911323622047247
0
LINE
8
BLACK
6
CONTINUOUS
10
5.2541664566929134
20
-4.3911323622047247
11
5.2541745669291338
21
-4.3911242913385822
0
LINE
8
BLACK
6
CONTINUOUS
10
5.2541745669291338
20
-4.3911242913385822
11
5.2542138582677165
21
-4.3911635826771649
0
LINE
8
BLACK
6
CONTINUOUS
10
5.2542138582677165
20
-4.3911635826771649
11
5.2542418897637795
21
-4.3911820472440946
0
LINE
8
BLACK
6
CONTINUOUS
10
5.2542418897637795
20
-4.3911820472440946
11
5.2542674803149607
21
-4.3912112204724405
0
LINE
8
BLACK
6
CONTINUOUS
10
5.2542674803149607
20
-4.3912112204724405
11
5.2543009448818898
21
-4.3912506692913382
0
LINE
8
BLACK
6
CONTINUOUS
10
5.2543009448818898
20
-4.3912506692913382
11
5.2543105118110232
21
-4.3912602362204725
0
LINE
8
BLACK
6
CONTINUOUS
10
5.2543105118110232
20
-4.3912602362204725
11
5.2543105511811019
21
-4.3912602755905512
0
LINE
8
BLACK
6
CONTINUOUS
10
5.2543105511811019
20
-4.3912602755905512
11
5.2543105905511807
21
-4.39126031496063
0
LINE
8
BLACK
6
CONTINUOUS
10
5.2543105905511807
20
-4.39126031496063
11
5.2543106692913382
21
-4.3912604330708662
0
LINE
8
BLACK
6
CONTINUOUS
10
5.2543106692913382
20
-4.3912604330708662
11
5.2583458661417319
21
-4.39529562992126
0
LINE
8
BLACK
6
CONTINUOUS
10
5.2583458661417319
20
-4.39529562992126
11
5.2583459448818894
21
-4.3952956692913387
0
LINE
8
BLACK
6
CONTINUOUS
10
5.2583459448818894
20
-4.3952956692913387
11
5.2583460236220469
21
-4.3952957480314963
0
LINE
8
BLACK
6
CONTINUOUS
10
5.2583460236220469
20
-4.3952957480314963
11
5.2583675590551184
21
-4.3953112992125982
0
LINE
8
BLACK
6
CONTINUOUS
10
5.2583675590551184
20
-4.3953112992125982
11
5.2584463779527555
21
-4.3953537007874015
0
LINE
8
BLACK
6
CONTINUOUS
10
5.2584463779527555
20
-4.3953537007874015
11
5.2632878346456691
21
-4.3981488976377952
0
LINE
8
BLACK
6
CONTINUOUS
10
5.2632878346456691
20
-4.3981488976377952
11
5.2632878740157478
21
-4.3981488976377952
0
LINE
8
BLACK
6
CONTINUOUS
10
5.2632878740157478
20
-4.3981488976377952
11
5.2632879921259841
21
-4.3981489763779527
0
LINE
8
BLACK
6
CONTINUOUS
10
5.2632879921259841
20
-4.3981489763779527
11
5.2688001968503935
21
-4.3996259842519683
0
LINE
8
BLACK
6
CONTINUOUS
10
5.2688001968503935
20
-4.3996259842519683
11
5.2688002362204722
21
-4.3996259842519683
0
LINE
8
BLACK
6
CONTINUOUS
10
5.2688002362204722
20
-4.3996259842519683
11
5.2745068503937009
21
-4.3996259842519683
0
LINE
8
BLACK
6
CONTINUOUS
10
5.2745068503937009
20
-4.3996259842519683
11
5.2745068897637797
21
-4.3996259842519683
0
LINE
8
BLACK
6
CONTINUOUS
10
5.2745068897637797
20
-4.3996259842519683
11
5.2800190944881891
21
-4.3981489763779527
0
LINE
8
BLACK
6
CONTINUOUS
10
5.2800190944881891
20
-4.3981489763779527
11
5.2800191338582678
21
-4.3981489370078739
0
LINE
8
BLACK
6
CONTINUOUS
10
5.2800191338582678
20
-4.3981489370078739
11
5.2800192125984253
21
-4.3981488976377952
0
LINE
8
BLACK
6
CONTINUOUS
10
5.2800192125984253
20
-4.3981488976377952
11
5.2800192519685041
21
-4.3981488976377952
0
LINE
8
BLACK
6
CONTINUOUS
10
5.2800192519685041
20
-4.3981488976377952
11
5.2847196850393701
21
-4.3954350787401575
0
LINE
8
BLACK
6
CONTINUOUS
10
5.2847196850393701
20
-4.3954350787401575
11
5.2848333858267713
21
-4.3953798425196853
0
LINE
8
BLACK
6
CONTINUOUS
10
5.2848333858267713
20
-4.3953798425196853
11
5.2848643307086611
21
-4.3953594881889764
0
LINE
8
BLACK
6
CONTINUOUS
10
5.2848643307086611
20
-4.3953594881889764
11
5.285061535433071
21
-4.3952376771653539
0
LINE
8
BLACK
6
CONTINUOUS
10
5.285061535433071
20
-4.3952376771653539
11
5.2851126771653538
21
-4.3952081102362204
0
LINE
8
BLACK
6
CONTINUOUS
10
5.2851126771653538
20
-4.3952081102362204
11
5.2853236220472439
21
-4.3949331889763776
0
LINE
8
BLACK
6
CONTINUOUS
10
5.2853236220472439
20
-4.3949331889763776
11
5.2889964173228341
21
-4.3912604330708662
0
LINE
8
BLACK
6
CONTINUOUS
10
5.2889964173228341
20
-4.3912604330708662
11
5.2890703543307085
21
-4.3911323622047247
0
LINE
8
BLACK
6
CONTINUOUS
10
5.2890703543307085
20
-4.3911323622047247
11
5.2918496850393701
21
-4.3863184645669291
0
LINE
8
BLACK
6
CONTINUOUS
10
5.2918496850393701
20
-4.3863184645669291
11
5.2918496850393701
21
-4.3863183858267716
0
LINE
8
BLACK
6
CONTINUOUS
10
5.2918496850393701
20
-4.3863183858267716
11
5.2918497637795276
21
-4.3863183070866141
0
LINE
8
BLACK
6
CONTINUOUS
10
5.2918497637795276
20
-4.3863183070866141
11
5.2933267716535433
21
-4.3808061023622047
0
LINE
8
BLACK
6
CONTINUOUS
10
5.2933267716535433
20
-4.3808061023622047
11
5.2933267716535433
21
-4.3750994094488185
0
LINE
8
BLACK
6
CONTINUOUS
10
5.2933267716535433
20
-4.3750994094488185
11
5.2918497637795276
21
-4.3695872047244091
0
LINE
8
BLACK
6
CONTINUOUS
10
5.2918497637795276
20
-4.3695872047244091
11
5.2918496850393701
21
-4.3695870866141728
0
LINE
8
BLACK
6
CONTINUOUS
10
5.2918496850393701
20
-4.3695870866141728
11
5.2918496850393701
21
-4.3695870078740153
0
LINE
8
BLACK
6
CONTINUOUS
10
5.2918496850393701
20
-4.3695870078740153
11
5.2918494881889764
21
-4.3695866929133853
0
LINE
8
BLACK
6
CONTINUOUS
10
5.2918494881889764
20
-4.3695866929133853
11
5.2918368503937003
21
-4.3695587401574798
0
LINE
8
BLACK
6
CONTINUOUS
10
5.2918368503937003
20
-4.3695587401574798
11
5.2917872834645667
21
-4.3694788976377952
0
LINE
8
BLACK
6
CONTINUOUS
10
5.2917872834645667
20
-4.3694788976377952
11
5.2890545275590553
21
-4.3647456299212601
0
LINE
8
BLACK
6
CONTINUOUS
10
5.2890545275590553
20
-4.3647456299212601
11
5.2890545275590553
21
-4.3647456692913389
0
LINE
8
BLACK
6
CONTINUOUS
10
5.2890545275590553
20
-4.3647456692913389
11
5.2889965354330704
21
-4.364645236220472
0
LINE
8
BLACK
6
CONTINUOUS
10
5.2889965354330704
20
-4.364645236220472
11
5.2889964566929129
21
-4.3646451574803145
0
LINE
8
BLACK
6
CONTINUOUS
10
5.2889964566929129
20
-4.3646451574803145
11
5.2889964173228341
21
-4.3646450787401569
0
LINE
8
BLACK
6
CONTINUOUS
10
5.2889964173228341
20
-4.3646450787401569
11
5.2849612204724412
21
-4.3606098818897641
0
LINE
8
BLACK
6
CONTINUOUS
10
5.2849612204724412
20
-4.3606098818897641
11
5.284961102362205
21
-4.3606098031496066
0
LINE
8
BLACK
6
CONTINUOUS
10
5.284961102362205
20
-4.3606098031496066
11
5.2849610236220474
21
-4.3606097244094491
0
LINE
8
BLACK
6
CONTINUOUS
10
5.2849610236220474
20
-4.3606097244094491
11
5.282274566929134
21
-4.3590587007874015
0
LINE
8
BLACK
6
CONTINUOUS
10
5.282274566929134
20
-4.3590587007874015
11
5.2814464960629923
21
-4.3581390157480318
0
LINE
8
BLACK
6
CONTINUOUS
10
5.2814464960629923
20
-4.3581390157480318
11
5.278854212598425
21
-4.3574443700787402
0
LINE
8
BLACK
6
CONTINUOUS
10
5.278854212598425
20
-4.3574443700787402
11
5.2788541732283463
21
-4.3574443700787402
0
LINE
8
BLACK
6
CONTINUOUS
10
5.2788541732283463
20
-4.3574443700787402
11
5.2745068897637797
21
-4.3562795275590549
0
LINE
8
BLACK
6
CONTINUOUS
10
5.2745068897637797
20
-4.3562795275590549
11
5.2745068110236222
21
-4.3562795275590549
0
LINE
8
BLACK
6
CONTINUOUS
10
5.2745068110236222
20
-4.3562795275590549
11
5.268800118110236
21
-4.3562795275590549
0
LINE
8
BLACK
6
CONTINUOUS
10
5.268800118110236
20
-4.3562795275590549
11
5.2663696062992127
21
-4.3569307480314956
0
LINE
8
BLACK
6
CONTINUOUS
10
5.2663696062992127
20
-4.3569307480314956
11
5.2663695669291339
21
-4.3569307086614169
0
LINE
8
BLACK
6
CONTINUOUS
10
5.2663695669291339
20
-4.3569307086614169
11
5.2632878740157478
21
-4.3577564960629918
0
LINE
8
BLACK
6
CONTINUOUS
10
5.2632878740157478
20
-4.3577564960629918
11
5.2632877559055116
21
-4.3577565354330705
0
LINE
8
BLACK
6
CONTINUOUS
10
5.2632877559055116
20
-4.3577565354330705
11
5.2583459448818894
21
-4.3606097637795278
0
LINE
8
BLACK
6
CONTINUOUS
10
5.2583459448818894
20
-4.3606097637795278
11
5.2583455905511807
21
-4.3606100787401578
0
LINE
8
BLACK
6
CONTINUOUS
10
5.2583455905511807
20
-4.3606100787401578
11
5.2565769685039365
21
-4.3623786614173223
0
LINE
8
BLACK
6
CONTINUOUS
10
5.2565769685039365
20
-4.3623786614173223
11
5.2555905511811023
21
-4.3630953149606295
0
LINE
8
BLACK
6
CONTINUOUS
10
5.2555905511811023
20
-4.3630953149606295
11
5.2547339370078738
21
-4.3635318110236216
0
LINE
8
BLACK
6
CONTINUOUS
10
5.2547339370078738
20
-4.3635318110236216
11
5.2529643700787396
21
-4.3639566929133862
0
LINE
8
BLACK
6
CONTINUOUS
10
5.2529643700787396
20
-4.3639566929133862
11
5.1317787401574799
21
-4.3639566929133862
0
LINE
8
BLACK
6
CONTINUOUS
10
5.1317787401574799
20
-4.3639566929133862
11
5.1305742913385828
21
-4.3637659055118112
0
LINE
8
BLACK
6
CONTINUOUS
10
5.1305742913385828
20
-4.3637659055118112
11
5.1300748425196847
21
-4.3636036220472443
0
LINE
8
BLACK
6
CONTINUOUS
10
5.1300748425196847
20
-4.3636036220472443
11
5.1281260236220474
21
-4.3621877165354332
0
LINE
8
BLACK
6
CONTINUOUS
10
5.1281260236220474
20
-4.3621877165354332
11
5.1281257480314961
21
-4.3621873228346457
0
LINE
8
BLACK
6
CONTINUOUS
10
5.1281257480314961
20
-4.3621873228346457
11
5.128007874015748
21
-4.3620250393700788
0
LINE
8
BLACK
6
CONTINUOUS
10
5.128007874015748
20
-4.3620250393700788
11
5.1272637795275591
21
-4.3597344881889759
0
LINE
8
BLACK
6
CONTINUOUS
10
5.1272637795275591
20
-4.3597344881889759
11
5.1272637795275591
21
-4.3459941338582677
0
LINE
8
BLACK
6
CONTINUOUS
10
5.1272637795275591
20
-4.3459941338582677
11
5.1272637401574803
21
-4.345994094488189
0
LINE
8
BLACK
6
CONTINUOUS
10
5.1272637401574803
20
-4.345994094488189
11
5.1272637007874016
21
-4.3459937401574802
0
LINE
8
BLACK
6
CONTINUOUS
10
5.1272637007874016
20
-4.3459937401574802
11
5.1271540157480313
21
-4.3454423622047242
0
LINE
8
BLACK
6
CONTINUOUS
10
5.1271540157480313
20
-4.3454423622047242
11
5.1271540157480313
21
-4.3454422047244092
0
LINE
8
BLACK
6
CONTINUOUS
10
5.1271540157480313
20
-4.3454422047244092
11
5.1269544094488184
21
-4.3444390551181105
0
LINE
8
BLACK
6
CONTINUOUS
10
5.1269544094488184
20
-4.3444390551181105
11
5.1268057874015751
21
-4.343691692913386
0
LINE
8
BLACK
6
CONTINUOUS
10
5.1268057874015751
20
-4.343691692913386
11
5.1250611023622046
21
-4.3410806299212599
0
LINE
8
BLACK
6
CONTINUOUS
10
5.1250611023622046
20
-4.3410806299212599
11
5.1250609448818896
21
-4.3410805118110236
0
LINE
8
BLACK
6
CONTINUOUS
10
5.1250609448818896
20
-4.3410805118110236
11
5.1250607874015746
21
-4.3410803937007874
0
LINE
8
BLACK
6
CONTINUOUS
10
5.1250607874015746
20
-4.3410803937007874
11
5.1224500787401572
21
-4.3393359448818893
0
LINE
8
BLACK
6
CONTINUOUS
10
5.1224500787401572
20
-4.3393359448818893
11
5.1224498818897635
21
-4.3393358661417318
0
LINE
8
BLACK
6
CONTINUOUS
10
5.1224498818897635
20
-4.3393358661417318
11
5.1224419291338581
21
-4.3393331889763775
0
LINE
8
BLACK
6
CONTINUOUS
10
5.1224419291338581
20
-4.3393331889763775
11
5.1223814173228348
21
-4.3393222834645666
0
LINE
8
BLACK
6
CONTINUOUS
10
5.1223814173228348
20
-4.3393222834645666
11
5.120148346456693
21
-4.3388780708661416
0
LINE
8
BLACK
6
CONTINUOUS
10
5.120148346456693
20
-4.3388780708661416
11
5.1201479527559055
21
-4.3388779921259841
0
LINE
8
BLACK
6
CONTINUOUS
10
5.1201479527559055
20
-4.3388779921259841
11
5.1201477559055117
21
-4.3388779527559054
0
LINE
8
BLACK
6
CONTINUOUS
10
5.1201477559055117
20
-4.3388779527559054
11
5.1201476377952755
21
-4.3388779527559054
0
LINE
8
BLACK
6
CONTINUOUS
10
5.1201476377952755
20
-4.3388779527559054
11
5.120147559055118
21
-4.3388779527559054
0
LINE
8
BLACK
6
CONTINUOUS
10
5.120147559055118
20
-4.3388779527559054
11
5.0585925984251965
21
-4.3388779527559054
0
LINE
8
BLACK
6
CONTINUOUS
10
5.0585925984251965
20
-4.3388779527559054
11
5.0585925590551177
21
-4.3388779527559054
0
LINE
8
BLACK
6
CONTINUOUS
10
5.0585925590551177
20
-4.3388779527559054
11
5.0585923228346452
21
-4.3388779527559054
0
LINE
8
BLACK
6
CONTINUOUS
10
5.0585923228346452
20
-4.3388779527559054
11
5.0562904724409448
21
-4.3393358267716531
0
LINE
8
BLACK
6
CONTINUOUS
10
5.0562904724409448
20
-4.3393358267716531
11
5.0562898818897635
21
-4.3393360236220468
0
LINE
8
BLACK
6
CONTINUOUS
10
5.0562898818897635
20
-4.3393360236220468
11
5.0536792913385824
21
-4.3410803937007874
0
LINE
8
BLACK
6
CONTINUOUS
10
5.0536792913385824
20
-4.3410803937007874
11
5.0536788188976374
21
-4.3410808661417324
0
LINE
8
BLACK
6
CONTINUOUS
10
5.0536788188976374
20
-4.3410808661417324
11
5.0519344488188977
21
-4.3436914566929135
0
LINE
8
BLACK
6
CONTINUOUS
10
5.0519344488188977
20
-4.3436914566929135
11
5.051934251968504
21
-4.3436920472440947
0
LINE
8
BLACK
6
CONTINUOUS
10
5.051934251968504
20
-4.3436920472440947
11
5.0514763779527554
21
-4.3459938976377952
0
LINE
8
BLACK
6
CONTINUOUS
10
5.0514763779527554
20
-4.3459938976377952
11
5.0514763779527554
21
-4.3594416929133857
0
LINE
8
BLACK
6
CONTINUOUS
10
5.0514763779527554
20
-4.3594416929133857
11
5.0512855905511813
21
-4.3606461417322837
0
LINE
8
BLACK
6
CONTINUOUS
10
5.0512855905511813
20
-4.3606461417322837
11
5.0511233070866144
21
-4.3611455905511809
0
LINE
8
BLACK
6
CONTINUOUS
10
5.0511233070866144
20
-4.3611455905511809
11
5.0497078740157475
21
-4.3630940551181103
0
LINE
8
BLACK
6
CONTINUOUS
10
5.0497078740157475
20
-4.3630940551181103
11
5.0495456299212593
21
-4.3632119685039372
0
LINE
8
BLACK
6
CONTINUOUS
10
5.0495456299212593
20
-4.3632119685039372
11
5.0472547637795273
21
-4.3639566929133862
0
LINE
8
BLACK
6
CONTINUOUS
10
5.0472547637795273
20
-4.3639566929133862
11
5.0317787401574803
21
-4.3639566929133862
0
LINE
8
BLACK
6
CONTINUOUS
10
5.0317787401574803
20
-4.3639566929133862
11
5.0305742913385822
21
-4.3637659055118112
0
LINE
8
BLACK
6
CONTINUOUS
10
5.0305742913385822
20
-4.3637659055118112
11
5.0300748425196851
21
-4.3636036220472443
0
LINE
8
BLACK
6
CONTINUOUS
10
5.0300748425196851
20
-4.3636036220472443
11
5.0300746456692913
21
-4.363603503937008
0
LINE
8
BLACK
6
CONTINUOUS
10
5.0300746456692913
20
-4.363603503937008
11
5.0300744094488188
21
-4.363603503937008
0
LINE
8
BLACK
6
CONTINUOUS
10
5.0300744094488188
20
-4.363603503937008
11
5.0300743307086613
21
-4.3636034645669293
0
LINE
8
BLACK
6
CONTINUOUS
10
5.0300743307086613
20
-4.3636034645669293
11
5.0290263385826774
21
-4.362841811023622
0
LINE
8
BLACK
6
CONTINUOUS
10
5.0290263385826774
20
-4.362841811023622
11
5.0281260236220469
21
-4.3621877165354332
0
LINE
8
BLACK
6
CONTINUOUS
10
5.0281260236220469
20
-4.3621877165354332
11
5.0281257480314956
21
-4.3621873228346457
0
LINE
8
BLACK
6
CONTINUOUS
10
5.0281257480314956
20
-4.3621873228346457
11
5.0280078740157483
21
-4.3620250393700788
0
LINE
8
BLACK
6
CONTINUOUS
10
5.0280078740157483
20
-4.3620250393700788
11
5.0272637795275585
21
-4.3597344881889759
0
LINE
8
BLACK
6
CONTINUOUS
10
5.0272637795275585
20
-4.3597344881889759
11
5.0272637795275585
21
-4.3459941338582677
0
LINE
8
BLACK
6
CONTINUOUS
10
5.0272637795275585
20
-4.3459941338582677
11
5.0272637401574798
21
-4.345994094488189
0
LINE
8
BLACK
6
CONTINUOUS
10
5.0272637401574798
20
-4.345994094488189
11
5.027263700787401
21
-4.3459937401574802
0
LINE
8
BLACK
6
CONTINUOUS
10
5.027263700787401
20
-4.3459937401574802
11
5.0271540157480317
21
-4.3454423622047242
0
LINE
8
BLACK
6
CONTINUOUS
10
5.0271540157480317
20
-4.3454423622047242
11
5.0271540157480317
21
-4.3454422047244092
0
LINE
8
BLACK
6
CONTINUOUS
10
5.0271540157480317
20
-4.3454422047244092
11
5.0269544094488188
21
-4.3444390551181105
0
LINE
8
BLACK
6
CONTINUOUS
10
5.0269544094488188
20
-4.3444390551181105
11
5.0268057874015746
21
-4.343691692913386
0
LINE
8
BLACK
6
CONTINUOUS
10
5.0268057874015746
20
-4.343691692913386
11
5.0250611023622049
21
-4.3410806299212599
0
LINE
8
BLACK
6
CONTINUOUS
10
5.0250611023622049
20
-4.3410806299212599
11
5.0250609448818899
21
-4.3410805118110236
0
LINE
8
BLACK
6
CONTINUOUS
10
5.0250609448818899
20
-4.3410805118110236
11
5.0250607874015749
21
-4.3410803937007874
0
LINE
8
BLACK
6
CONTINUOUS
10
5.0250607874015749
20
-4.3410803937007874
11
5.0224500787401576
21
-4.3393359448818893
0
LINE
8
BLACK
6
CONTINUOUS
10
5.0224500787401576
20
-4.3393359448818893
11
5.0224498818897638
21
-4.3393358661417318
0
LINE
8
BLACK
6
CONTINUOUS
10
5.0224498818897638
20
-4.3393358661417318
11
5.0224419291338585
21
-4.3393331889763775
0
LINE
8
BLACK
6
CONTINUOUS
10
5.0224419291338585
20
-4.3393331889763775
11
5.0223814173228343
21
-4.3393222834645666
0
LINE
8
BLACK
6
CONTINUOUS
10
5.0223814173228343
20
-4.3393222834645666
11
5.0201483464566925
21
-4.3388780708661416
0
LINE
8
BLACK
6
CONTINUOUS
10
5.0201483464566925
20
-4.3388780708661416
11
5.020147952755905
21
-4.3388779921259841
0
LINE
8
BLACK
6
CONTINUOUS
10
5.020147952755905
20
-4.3388779921259841
11
5.0201477559055121
21
-4.3388779527559054
0
LINE
8
BLACK
6
CONTINUOUS
10
5.0201477559055121
20
-4.3388779527559054
11
5.0201476377952758
21
-4.3388779527559054
0
LINE
8
BLACK
6
CONTINUOUS
10
5.0201476377952758
20
-4.3388779527559054
11
5.0201475590551183
21
-4.3388779527559054
0
LINE
8
BLACK
6
CONTINUOUS
10
5.0201475590551183
20
-4.3388779527559054
11
4.9585925984251968
21
-4.3388779527559054
0
LINE
8
BLACK
6
CONTINUOUS
10
4.9585925984251968
20
-4.3388779527559054
11
4.9585925590551181
21
-4.3388779527559054
0
LINE
8
BLACK
6
CONTINUOUS
10
4.9585925590551181
20
-4.3388779527559054
11
4.9585923228346456
21
-4.3388779527559054
0
LINE
8
BLACK
6
CONTINUOUS
10
4.9585923228346456
20
-4.3388779527559054
11
4.9562904724409451
21
-4.3393358267716531
0
LINE
8
BLACK
6
CONTINUOUS
10
4.9562904724409451
20
-4.3393358267716531
11
4.9562898818897638
21
-4.3393360236220468
0
LINE
8
BLACK
6
CONTINUOUS
10
4.9562898818897638
20
-4.3393360236220468
11
4.9536792913385828
21
-4.3410803937007874
0
LINE
8
BLACK
6
CONTINUOUS
10
4.9536792913385828
20
-4.3410803937007874
11
4.9536788188976377
21
-4.3410808661417324
0
LINE
8
BLACK
6
CONTINUOUS
10
4.9536788188976377
20
-4.3410808661417324
11
4.9519344488188972
21
-4.3436914566929135
0
LINE
8
BLACK
6
CONTINUOUS
10
4.9519344488188972
20
-4.3436914566929135
11
4.9519342519685035
21
-4.3436920472440947
0
LINE
8
BLACK
6
CONTINUOUS
10
4.9519342519685035
20
-4.3436920472440947
11
4.9514763779527557
21
-4.3459938976377952
0
LINE
8
BLACK
6
CONTINUOUS
10
4.9514763779527557
20
-4.3459938976377952
11
4.9514763779527557
21
-4.4075493307086617
0
LINE
8
BLACK
6
CONTINUOUS
10
4.9514763779527557
20
-4.3075493307086612
11
4.9519342519685035
21
-4.3098511811023625
0
LINE
8
BLACK
6
CONTINUOUS
10
4.9519342519685035
20
-4.3098511811023625
11
4.9519342913385822
21
-4.3098513385826767
0
LINE
8
BLACK
6
CONTINUOUS
10
4.9519342913385822
20
-4.3098513385826767
11
4.951934330708661
21
-4.3098514566929129
0
LINE
8
BLACK
6
CONTINUOUS
10
4.951934330708661
20
-4.3098514566929129
11
4.9519344094488185
21
-4.3098516141732279
0
LINE
8
BLACK
6
CONTINUOUS
10
4.9519344094488185
20
-4.3098516141732279
11
4.9519344488188972
21
-4.3098517716535429
0
LINE
8
BLACK
6
CONTINUOUS
10
4.9519344488188972
20
-4.3098517716535429
11
4.9526301968503939
21
-4.310892992125984
0
LINE
8
BLACK
6
CONTINUOUS
10
4.9526301968503939
20
-4.310892992125984
11
4.9536790551181102
21
-4.312462677165354
0
LINE
8
BLACK
6
CONTINUOUS
10
4.9536790551181102
20
-4.312462677165354
11
4.9562901181102363
21
-4.3142073622047246
0
LINE
8
BLACK
6
CONTINUOUS
10
4.9562901181102363
20
-4.3142073622047246
11
4.9571653543307086
21
-4.3143814566929137
0
LINE
8
BLACK
6
CONTINUOUS
10
4.9571653543307086
20
-4.3143814566929137
11
4.9580404724409446
21
-4.314555551181102
0
LINE
8
BLACK
6
CONTINUOUS
10
4.9580404724409446
20
-4.314555551181102
11
4.9580405905511808
21
-4.314555551181102
0
LINE
8
BLACK
6
CONTINUOUS
10
4.9580405905511808
20
-4.314555551181102
11
4.9583527165354333
21
-4.3146176377952754
0
LINE
8
BLACK
6
CONTINUOUS
10
4.9583527165354333
20
-4.3146176377952754
11
4.9584379527559053
21
-4.3146401968503936
0
LINE
8
BLACK
6
CONTINUOUS
10
4.9584379527559053
20
-4.3146401968503936
11
4.958524173228346
21
-4.3146542125984251
0
LINE
8
BLACK
6
CONTINUOUS
10
4.958524173228346
20
-4.3146542125984251
11
4.9585858661417319
21
-4.3146653543307085
0
LINE
8
BLACK
6
CONTINUOUS
10
4.9585858661417319
20
-4.3146653543307085
11
4.9585925984251968
21
-4.3146653543307085
0
LINE
8
BLACK
6
CONTINUOUS
10
4.9585925984251968
20
-4.3146653543307085
11
4.9585926377952756
21
-4.3146653543307085
0
LINE
8
BLACK
6
CONTINUOUS
10
4.9585926377952756
20
-4.3146653543307085
11
5.0201475196850396
21
-4.3146653543307085
0
LINE
8
BLACK
6
CONTINUOUS
10
5.0201475196850396
20
-4.3146653543307085
11
5.0201475590551183
21
-4.3146653543307085
0
LINE
8
BLACK
6
CONTINUOUS
10
5.0201475590551183
20
-4.3146653543307085
11
5.0224500393700788
21
-4.3142073622047246
0
LINE
8
BLACK
6
CONTINUOUS
10
5.0224500393700788
20
-4.3142073622047246
11
5.0250611023622049
21
-4.312462677165354
0
LINE
8
BLACK
6
CONTINUOUS
10
5.0250611023622049
20
-4.312462677165354
11
5.0268057874015746
21
-4.3098516141732279
0
LINE
8
BLACK
6
CONTINUOUS
10
5.0268057874015746
20
-4.3098516141732279
11
5.0272637795275585
21
-4.3075491338582674
0
LINE
8
BLACK
6
CONTINUOUS
10
5.0272637795275585
20
-4.3075491338582674
11
5.0272637795275585
21
-4.2941015748031495
0
LINE
8
BLACK
6
CONTINUOUS
10
5.0272637795275585
20
-4.2941015748031495
11
5.0274544488188972
21
-4.2928974015748027
0
LINE
8
BLACK
6
CONTINUOUS
10
5.0274544488188972
20
-4.2928974015748027
11
5.0275605511811019
21
-4.2925708267716534
0
LINE
8
BLACK
6
CONTINUOUS
10
5.0275605511811019
20
-4.2925708267716534
11
5.0276167322834642
21
-4.2923978346456693
0
LINE
8
BLACK
6
CONTINUOUS
10
5.0276167322834642
20
-4.2923978346456693
11
5.0290324015748027
21
-4.2904490551181098
0
LINE
8
BLACK
6
CONTINUOUS
10
5.0290324015748027
20
-4.2904490551181098
11
5.0290559842519684
21
-4.2904319291338577
0
LINE
8
BLACK
6
CONTINUOUS
10
5.0290559842519684
20
-4.2904319291338577
11
5.0291953937007872
21
-4.2903307086614175
0
LINE
8
BLACK
6
CONTINUOUS
10
5.0291953937007872
20
-4.2903307086614175
11
5.03148594488189
21
-4.2895866141732286
0
LINE
8
BLACK
6
CONTINUOUS
10
5.03148594488189
20
-4.2895866141732286
11
5.0469614173228345
21
-4.2895866141732286
0
LINE
8
BLACK
6
CONTINUOUS
10
5.0469614173228345
20
-4.2895866141732286
11
5.0481656692913388
21
-4.2897772834645664
0
LINE
8
BLACK
6
CONTINUOUS
10
5.0481656692913388
20
-4.2897772834645664
11
5.0486652362204723
21
-4.2899396062992121
0
LINE
8
BLACK
6
CONTINUOUS
10
5.0486652362204723
20
-4.2899396062992121
11
5.0506140157480317
21
-4.2913554330708656
0
LINE
8
BLACK
6
CONTINUOUS
10
5.0506140157480317
20
-4.2913554330708656
11
5.0507319291338577
21
-4.2915177165354326
0
LINE
8
BLACK
6
CONTINUOUS
10
5.0507319291338577
20
-4.2915177165354326
11
5.0514763779527554
21
-4.293808661417323
0
LINE
8
BLACK
6
CONTINUOUS
10
5.0514763779527554
20
-4.293808661417323
11
5.0514763779527554
21
-4.3075493307086612
0
LINE
8
BLACK
6
CONTINUOUS
10
5.0514763779527554
20
-4.3075493307086612
11
5.051934251968504
21
-4.3098511811023625
0
LINE
8
BLACK
6
CONTINUOUS
10
5.051934251968504
20
-4.3098511811023625
11
5.0519342913385827
21
-4.3098513385826767
0
LINE
8
BLACK
6
CONTINUOUS
10
5.0519342913385827
20
-4.3098513385826767
11
5.0519343307086615
21
-4.3098514566929129
0
LINE
8
BLACK
6
CONTINUOUS
10
5.0519343307086615
20
-4.3098514566929129
11
5.051934409448819
21
-4.3098516141732279
0
LINE
8
BLACK
6
CONTINUOUS
10
5.051934409448819
20
-4.3098516141732279
11
5.0519344488188977
21
-4.3098517716535429
0
LINE
8
BLACK
6
CONTINUOUS
10
5.0519344488188977
20
-4.3098517716535429
11
5.0526301968503935
21
-4.310892992125984
0
LINE
8
BLACK
6
CONTINUOUS
10
5.0526301968503935
20
-4.310892992125984
11
5.0536790551181099
21
-4.312462677165354
0
LINE
8
BLACK
6
CONTINUOUS
10
5.0536790551181099
20
-4.312462677165354
11
5.056290118110236
21
-4.3142073622047246
0
LINE
8
BLACK
6
CONTINUOUS
10
5.056290118110236
20
-4.3142073622047246
11
5.0571653543307082
21
-4.3143814566929137
0
LINE
8
BLACK
6
CONTINUOUS
10
5.0571653543307082
20
-4.3143814566929137
11
5.0580404724409451
21
-4.314555551181102
0
LINE
8
BLACK
6
CONTINUOUS
10
5.0580404724409451
20
-4.314555551181102
11
5.0580405905511814
21
-4.314555551181102
0
LINE
8
BLACK
6
CONTINUOUS
10
5.0580405905511814
20
-4.314555551181102
11
5.0583527165354329
21
-4.3146176377952754
0
LINE
8
BLACK
6
CONTINUOUS
10
5.0583527165354329
20
-4.3146176377952754
11
5.0584379527559058
21
-4.3146401968503936
0
LINE
8
BLACK
6
CONTINUOUS
10
5.0584379527559058
20
-4.3146401968503936
11
5.0585241732283466
21
-4.3146542125984251
0
LINE
8
BLACK
6
CONTINUOUS
10
5.0585241732283466
20
-4.3146542125984251
11
5.0585858661417324
21
-4.3146653543307085
0
LINE
8
BLACK
6
CONTINUOUS
10
5.0585858661417324
20
-4.3146653543307085
11
5.0585925984251965
21
-4.3146653543307085
0
LINE
8
BLACK
6
CONTINUOUS
10
5.0585925984251965
20
-4.3146653543307085
11
5.0585926377952752
21
-4.3146653543307085
0
LINE
8
BLACK
6
CONTINUOUS
10
5.0585926377952752
20
-4.3146653543307085
11
5.1201475196850392
21
-4.3146653543307085
0
LINE
8
BLACK
6
CONTINUOUS
10
5.1201475196850392
20
-4.3146653543307085
11
5.120147559055118
21
-4.3146653543307085
0
LINE
8
BLACK
6
CONTINUOUS
10
5.120147559055118
20
-4.3146653543307085
11
5.1224500393700785
21
-4.3142073622047246
0
LINE
8
BLACK
6
CONTINUOUS
10
5.1224500393700785
20
-4.3142073622047246
11
5.1250611023622046
21
-4.312462677165354
0
LINE
8
BLACK
6
CONTINUOUS
10
5.1250611023622046
20
-4.312462677165354
11
5.1268057874015751
21
-4.3098516141732279
0
LINE
8
BLACK
6
CONTINUOUS
10
5.1268057874015751
20
-4.3098516141732279
11
5.1272637795275591
21
-4.3075491338582674
0
LINE
8
BLACK
6
CONTINUOUS
10
5.1272637795275591
20
-4.3075491338582674
11
5.1272637795275591
21
-4.2929204724409447
0
LINE
8
BLACK
6
CONTINUOUS
10
5.1272637795275591
20
-4.2929204724409447
11
5.1274544488188978
21
-4.2917162992125979
0
LINE
8
BLACK
6
CONTINUOUS
10
5.1274544488188978
20
-4.2917162992125979
11
5.1275716929133859
21
-4.2913554330708656
0
LINE
8
BLACK
6
CONTINUOUS
10
5.1275716929133859
20
-4.2913554330708656
11
5.1276167322834647
21
-4.2912167322834645
0
LINE
8
BLACK
6
CONTINUOUS
10
5.1276167322834647
20
-4.2912167322834645
11
5.1290324015748032
21
-4.289267952755905
0
LINE
8
BLACK
6
CONTINUOUS
10
5.1290324015748032
20
-4.289267952755905
11
5.1290559842519681
21
-4.2892508267716538
0
LINE
8
BLACK
6
CONTINUOUS
10
5.1290559842519681
20
-4.2892508267716538
11
5.1291953937007877
21
-4.2891496062992127
0
LINE
8
BLACK
6
CONTINUOUS
10
5.1291953937007877
20
-4.2891496062992127
11
5.1314859448818897
21
-4.2884055118110238
0
LINE
8
BLACK
6
CONTINUOUS
10
5.1314859448818897
20
-4.2884055118110238
11
5.2515861811023621
21
-4.2884055118110238
0
LINE
8
BLACK
6
CONTINUOUS
10
5.2515861811023621
20
-4.2884055118110238
11
5.2527905511811026
21
-4.2885962204724413
0
LINE
8
BLACK
6
CONTINUOUS
10
5.2527905511811026
20
-4.2885962204724413
11
5.2537049606299213
21
-4.2888933464566925
0
LINE
8
BLACK
6
CONTINUOUS
10
5.2537049606299213
20
-4.2888933464566925
11
5.2552565748031492
21
-4.2898441732283468
0
LINE
8
BLACK
6
CONTINUOUS
10
5.2552565748031492
20
-4.2898441732283468
11
5.2583458661417319
21
-4.2929334251968507
0
LINE
8
BLACK
6
CONTINUOUS
10
5.2583458661417319
20
-4.2929334251968507
11
5.2583675590551184
21
-4.292949094488189
0
LINE
8
BLACK
6
CONTINUOUS
10
5.2583675590551184
20
-4.292949094488189
11
5.2584463779527555
21
-4.2929914960629922
0
LINE
8
BLACK
6
CONTINUOUS
10
5.2584463779527555
20
-4.2929914960629922
11
5.2632878346456691
21
-4.2957866929133859
0
LINE
8
BLACK
6
CONTINUOUS
10
5.2632878346456691
20
-4.2957866929133859
11
5.2632878740157478
21
-4.2957866929133859
0
LINE
8
BLACK
6
CONTINUOUS
10
5.2632878740157478
20
-4.2957866929133859
11
5.2632879921259841
21
-4.2957867716535434
0
LINE
8
BLACK
6
CONTINUOUS
10
5.2632879921259841
20
-4.2957867716535434
11
5.2688001968503935
21
-4.297263779527559
0
LINE
8
BLACK
6
CONTINUOUS
10
5.2688001968503935
20
-4.297263779527559
11
5.2688002362204722
21
-4.297263779527559
0
LINE
8
BLACK
6
CONTINUOUS
10
5.2688002362204722
20
-4.297263779527559
11
5.2745068503937009
21
-4.297263779527559
0
LINE
8
BLACK
6
CONTINUOUS
10
5.2745068503937009
20
-4.297263779527559
11
5.2745068897637797
21
-4.297263779527559
0
LINE
8
BLACK
6
CONTINUOUS
10
5.2745068897637797
20
-4.297263779527559
11
5.2800190944881891
21
-4.2957867716535434
0
LINE
8
BLACK
6
CONTINUOUS
10
5.2800190944881891
20
-4.2957867716535434
11
5.2800191338582678
21
-4.2957867322834646
0
LINE
8
BLACK
6
CONTINUOUS
10
5.2800191338582678
20
-4.2957867322834646
11
5.2800192125984253
21
-4.2957866929133859
0
LINE
8
BLACK
6
CONTINUOUS
10
5.2800192125984253
20
-4.2957866929133859
11
5.2800192519685041
21
-4.2957866929133859
0
LINE
8
BLACK
6
CONTINUOUS
10
5.2800192519685041
20
-4.2957866929133859
11
5.2847196850393701
21
-4.2930728740157482
0
LINE
8
BLACK
6
CONTINUOUS
10
5.2847196850393701
20
-4.2930728740157482
11
5.2848333858267713
21
-4.2930176377952751
0
LINE
8
BLACK
6
CONTINUOUS
10
5.2848333858267713
20
-4.2930176377952751
11
5.2848643307086611
21
-4.2929972834645671
0
LINE
8
BLACK
6
CONTINUOUS
10
5.2848643307086611
20
-4.2929972834645671
11
5.285061535433071
21
-4.2928754724409446
0
LINE
8
BLACK
6
CONTINUOUS
10
5.285061535433071
20
-4.2928754724409446
11
5.2851126771653538
21
-4.2928459055118111
0
LINE
8
BLACK
6
CONTINUOUS
10
5.2851126771653538
20
-4.2928459055118111
11
5.2853236220472439
21
-4.2925709842519684
0
LINE
8
BLACK
6
CONTINUOUS
10
5.2853236220472439
20
-4.2925709842519684
11
5.2889964173228341
21
-4.288898228346457
0
LINE
8
BLACK
6
CONTINUOUS
10
5.2889964173228341
20
-4.288898228346457
11
5.2892809055118111
21
-4.2884055118110238
0
LINE
8
BLACK
6
CONTINUOUS
10
5.2892809055118111
20
-4.2884055118110238
11
5.2918496850393701
21
-4.2839562598425198
0
LINE
8
BLACK
6
CONTINUOUS
10
5.2918496850393701
20
-4.2839562598425198
11
5.2918496850393701
21
-4.2839561811023623
0
LINE
8
BLACK
6
CONTINUOUS
10
5.2918496850393701
20
-4.2839561811023623
11
5.2918497637795276
21
-4.2839561023622048
0
LINE
8
BLACK
6
CONTINUOUS
10
5.2918497637795276
20
-4.2839561023622048
11
5.2933267716535433
21
-4.2784438976377954
0
LINE
8
BLACK
6
CONTINUOUS
10
5.2933267716535433
20
-4.2784438976377954
11
5.2933267716535433
21
-4.2727372047244092
0
LINE
8
BLACK
6
CONTINUOUS
10
5.2933267716535433
20
-4.2727372047244092
11
5.2918497637795276
21
-4.2672249999999998
0
LINE
8
BLACK
6
CONTINUOUS
10
5.2918497637795276
20
-4.2672249999999998
11
5.2918496850393701
21
-4.2672248818897636
0
LINE
8
BLACK
6
CONTINUOUS
10
5.2918496850393701
20
-4.2672248818897636
11
5.2918496850393701
21
-4.2672248031496061
0
LINE
8
BLACK
6
CONTINUOUS
10
5.2918496850393701
20
-4.2672248031496061
11
5.2918494881889764
21
-4.267224488188976
0
LINE
8
BLACK
6
CONTINUOUS
10
5.2918494881889764
20
-4.267224488188976
11
5.2918368503937003
21
-4.2671965354330705
0
LINE
8
BLACK
6
CONTINUOUS
10
5.2918368503937003
20
-4.2671965354330705
11
5.2917872834645667
21
-4.2671166929133859
0
LINE
8
BLACK
6
CONTINUOUS
10
5.2917872834645667
20
-4.2671166929133859
11
5.2890545275590553
21
-4.26238342519685
0
LINE
8
BLACK
6
CONTINUOUS
10
5.2890545275590553
20
-4.26238342519685
11
5.2890545275590553
21
-4.2623834645669287
0
LINE
8
BLACK
6
CONTINUOUS
10
5.2890545275590553
20
-4.2623834645669287
11
5.2889965354330704
21
-4.2622830314960627
0
LINE
8
BLACK
6
CONTINUOUS
10
5.2889965354330704
20
-4.2622830314960627
11
5.2889964566929129
21
-4.2622829527559052
0
LINE
8
BLACK
6
CONTINUOUS
10
5.2889964566929129
20
-4.2622829527559052
11
5.2889964173228341
21
-4.2622828740157477
0
LINE
8
BLACK
6
CONTINUOUS
10
5.2889964173228341
20
-4.2622828740157477
11
5.2849612204724412
21
-4.2582476771653539
0
LINE
8
BLACK
6
CONTINUOUS
10
5.2849612204724412
20
-4.2582476771653539
11
5.284961102362205
21
-4.2582475984251964
0
LINE
8
BLACK
6
CONTINUOUS
10
5.284961102362205
20
-4.2582475984251964
11
5.2849610236220474
21
-4.2582475196850389
0
LINE
8
BLACK
6
CONTINUOUS
10
5.2849610236220474
20
-4.2582475196850389
11
5.282274566929134
21
-4.2566964960629923
0
LINE
8
BLACK
6
CONTINUOUS
10
5.282274566929134
20
-4.2566964960629923
11
5.2814464960629923
21
-4.2557768110236216
0
LINE
8
BLACK
6
CONTINUOUS
10
5.2814464960629923
20
-4.2557768110236216
11
5.278854212598425
21
-4.2550821653543309
0
LINE
8
BLACK
6
CONTINUOUS
10
5.278854212598425
20
-4.2550821653543309
11
5.2788541732283463
21
-4.2550821653543309
0
LINE
8
BLACK
6
CONTINUOUS
10
5.2788541732283463
20
-4.2550821653543309
11
5.2745068897637797
21
-4.2539173228346456
0
LINE
8
BLACK
6
CONTINUOUS
10
5.2745068897637797
20
-4.2539173228346456
11
5.2745068110236222
21
-4.2539173228346456
0
LINE
8
BLACK
6
CONTINUOUS
10
5.2745068110236222
20
-4.2539173228346456
11
5.268800118110236
21
-4.2539173228346456
0
LINE
8
BLACK
6
CONTINUOUS
10
5.268800118110236
20
-4.2539173228346456
11
5.2663696062992127
21
-4.2545685433070863
0
LINE
8
BLACK
6
CONTINUOUS
10
5.2663696062992127
20
-4.2545685433070863
11
5.2663695669291339
21
-4.2545685039370076
0
LINE
8
BLACK
6
CONTINUOUS
10
5.2663695669291339
20
-4.2545685039370076
11
5.2632878740157478
21
-4.2553942913385825
0
LINE
8
BLACK
6
CONTINUOUS
10
5.2632878740157478
20
-4.2553942913385825
11
5.2632876377952753
21
-4.2553944094488187
0
LINE
8
BLACK
6
CONTINUOUS
10
5.2632876377952753
20
-4.2553944094488187
11
5.2584535826771654
21
-4.2581853543307089
0
LINE
8
BLACK
6
CONTINUOUS
10
5.2584535826771654
20
-4.2581853543307089
11
5.2584533858267717
21
-4.2581855118110239
0
LINE
8
BLACK
6
CONTINUOUS
10
5.2584533858267717
20
-4.2581855118110239
11
5.2583460236220469
21
-4.2582475196850389
0
LINE
8
BLACK
6
CONTINUOUS
10
5.2583460236220469
20
-4.2582475196850389
11
5.2583459842519682
21
-4.2582475590551176
0
LINE
8
BLACK
6
CONTINUOUS
10
5.2583459842519682
20
-4.2582475590551176
11
5.2583458661417319
21
-4.2582476377952752
0
LINE
8
BLACK
6
CONTINUOUS
10
5.2583458661417319
20
-4.2582476377952752
11
5.2583458661417319
21
-4.2582476771653539
0
LINE
8
BLACK
6
CONTINUOUS
10
5.2583458661417319
20
-4.2582476771653539
11
5.2578818110236218
21
-4.2587116929133861
0
LINE
8
BLACK
6
CONTINUOUS
10
5.2578818110236218
20
-4.2587116929133861
11
5.2578809055118105
21
-4.2587125590551178
0
LINE
8
BLACK
6
CONTINUOUS
10
5.2578809055118105
20
-4.2587125590551178
11
5.255395984251968
21
-4.2611974803149604
0
LINE
8
BLACK
6
CONTINUOUS
10
5.255395984251968
20
-4.2611974803149604
11
5.254409527559055
21
-4.2619141732283463
0
LINE
8
BLACK
6
CONTINUOUS
10
5.254409527559055
20
-4.2619141732283463
11
5.253552834645669
21
-4.2623507086614172
0
LINE
8
BLACK
6
CONTINUOUS
10
5.253552834645669
20
-4.2623507086614172
11
5.2517832677165357
21
-4.2627755905511808
0
LINE
8
BLACK
6
CONTINUOUS
10
5.2517832677165357
20
-4.2627755905511808
11
5.1317787401574799
21
-4.2627755905511808
0
LINE
8
BLACK
6
CONTINUOUS
10
5.1317787401574799
20
-4.2627755905511808
11
5.1305742913385828
21
-4.2625848031496059
0
LINE
8
BLACK
6
CONTINUOUS
10
5.1305742913385828
20
-4.2625848031496059
11
5.1300748425196847
21
-4.2624225196850389
0
LINE
8
BLACK
6
CONTINUOUS
10
5.1300748425196847
20
-4.2624225196850389
11
5.1281260236220474
21
-4.2610066141732279
0
LINE
8
BLACK
6
CONTINUOUS
10
5.1281260236220474
20
-4.2610066141732279
11
5.1281257480314961
21
-4.2610062204724413
0
LINE
8
BLACK
6
CONTINUOUS
10
5.1281257480314961
20
-4.2610062204724413
11
5.128007874015748
21
-4.2608439370078743
0
LINE
8
BLACK
6
CONTINUOUS
10
5.128007874015748
20
-4.2608439370078743
11
5.1272637795275591
21
-4.2585533858267715
0
LINE
8
BLACK
6
CONTINUOUS
10
5.1272637795275591
20
-4.2585533858267715
11
5.1272637795275591
21
-4.2459941338582672
0
LINE
8
BLACK
6
CONTINUOUS
10
5.1272637795275591
20
-4.2459941338582672
11
5.1272637401574803
21
-4.2459940944881893
0
LINE
8
BLACK
6
CONTINUOUS
10
5.1272637401574803
20
-4.2459940944881893
11
5.1272637007874016
21
-4.2459937401574805
0
LINE
8
BLACK
6
CONTINUOUS
10
5.1272637007874016
20
-4.2459937401574805
11
5.1271540157480313
21
-4.2454423622047246
0
LINE
8
BLACK
6
CONTINUOUS
10
5.1271540157480313
20
-4.2454423622047246
11
5.1271540157480313
21
-4.2454422047244096
0
LINE
8
BLACK
6
CONTINUOUS
10
5.1271540157480313
20
-4.2454422047244096
11
5.1269544094488184
21
-4.2444390551181099
0
LINE
8
BLACK
6
CONTINUOUS
10
5.1269544094488184
20
-4.2444390551181099
11
5.1268057874015751
21
-4.2436916929133854
0
LINE
8
BLACK
6
CONTINUOUS
10
5.1268057874015751
20
-4.2436916929133854
11
5.1250611023622046
21
-4.2410806299212593
0
LINE
8
BLACK
6
CONTINUOUS
10
5.1250611023622046
20
-4.2410806299212593
11
5.1250609448818896
21
-4.241080511811024
0
LINE
8
BLACK
6
CONTINUOUS
10
5.1250609448818896
20
-4.241080511811024
11
5.1250607874015746
21
-4.2410803937007877
0
LINE
8
BLACK
6
CONTINUOUS
10
5.1250607874015746
20
-4.2410803937007877
11
5.1224500787401572
21
-4.2393359448818897
0
LINE
8
BLACK
6
CONTINUOUS
10
5.1224500787401572
20
-4.2393359448818897
11
5.1224498818897635
21
-4.2393358661417322
0
LINE
8
BLACK
6
CONTINUOUS
10
5.1224498818897635
20
-4.2393358661417322
11
5.1224419291338581
21
-4.2393331889763779
0
LINE
8
BLACK
6
CONTINUOUS
10
5.1224419291338581
20
-4.2393331889763779
11
5.1223814173228348
21
-4.239322283464567
0
LINE
8
BLACK
6
CONTINUOUS
10
5.1223814173228348
20
-4.239322283464567
11
5.120148346456693
21
-4.238878070866142
0
LINE
8
BLACK
6
CONTINUOUS
10
5.120148346456693
20
-4.238878070866142
11
5.1201479527559055
21
-4.2388779921259845
0
LINE
8
BLACK
6
CONTINUOUS
10
5.1201479527559055
20
-4.2388779921259845
11
5.1201477559055117
21
-4.2388779527559057
0
LINE
8
BLACK
6
CONTINUOUS
10
5.1201477559055117
20
-4.2388779527559057
11
5.1201476377952755
21
-4.2388779527559057
0
LINE
8
BLACK
6
CONTINUOUS
10
5.1201476377952755
20
-4.2388779527559057
11
5.120147559055118
21
-4.2388779527559057
0
LINE
8
BLACK
6
CONTINUOUS
10
5.120147559055118
20
-4.2388779527559057
11
5.0585925984251965
21
-4.2388779527559057
0
LINE
8
BLACK
6
CONTINUOUS
10
5.0585925984251965
20
-4.2388779527559057
11
5.0585925590551177
21
-4.2388779527559057
0
LINE
8
BLACK
6
CONTINUOUS
10
5.0585925590551177
20
-4.2388779527559057
11
5.0585923228346452
21
-4.2388779527559057
0
LINE
8
BLACK
6
CONTINUOUS
10
5.0585923228346452
20
-4.2388779527559057
11
5.0562904724409448
21
-4.2393358267716534
0
LINE
8
BLACK
6
CONTINUOUS
10
5.0562904724409448
20
-4.2393358267716534
11
5.0562898818897635
21
-4.2393360236220472
0
LINE
8
BLACK
6
CONTINUOUS
10
5.0562898818897635
20
-4.2393360236220472
11
5.0536792913385824
21
-4.2410803937007877
0
LINE
8
BLACK
6
CONTINUOUS
10
5.0536792913385824
20
-4.2410803937007877
11
5.0536788188976374
21
-4.2410808661417319
0
LINE
8
BLACK
6
CONTINUOUS
10
5.0536788188976374
20
-4.2410808661417319
11
5.0519344488188977
21
-4.2436914566929129
0
LINE
8
BLACK
6
CONTINUOUS
10
5.0519344488188977
20
-4.2436914566929129
11
5.051934251968504
21
-4.2436920472440942
0
LINE
8
BLACK
6
CONTINUOUS
10
5.051934251968504
20
-4.2436920472440942
11
5.0514763779527554
21
-4.2459938976377956
0
LINE
8
BLACK
6
CONTINUOUS
10
5.0514763779527554
20
-4.2459938976377956
11
5.0514763779527554
21
-4.259441692913386
0
LINE
8
BLACK
6
CONTINUOUS
10
5.0514763779527554
20
-4.259441692913386
11
5.0512855905511813
21
-4.2606461417322832
0
LINE
8
BLACK
6
CONTINUOUS
10
5.0512855905511813
20
-4.2606461417322832
11
5.0511233070866144
21
-4.2611455905511813
0
LINE
8
BLACK
6
CONTINUOUS
10
5.0511233070866144
20
-4.2611455905511813
11
5.0497078740157475
21
-4.2630940551181098
0
LINE
8
BLACK
6
CONTINUOUS
10
5.0497078740157475
20
-4.2630940551181098
11
5.0495456299212593
21
-4.2632119685039367
0
LINE
8
BLACK
6
CONTINUOUS
10
5.0495456299212593
20
-4.2632119685039367
11
5.0472547637795273
21
-4.2639566929133856
0
LINE
8
BLACK
6
CONTINUOUS
10
5.0472547637795273
20
-4.2639566929133856
11
5.0317787401574803
21
-4.2639566929133856
0
LINE
8
BLACK
6
CONTINUOUS
10
5.0317787401574803
20
-4.2639566929133856
11
5.0305742913385822
21
-4.2637659055118107
0
LINE
8
BLACK
6
CONTINUOUS
10
5.0305742913385822
20
-4.2637659055118107
11
5.0300748425196851
21
-4.2636036220472437
0
LINE
8
BLACK
6
CONTINUOUS
10
5.0300748425196851
20
-4.2636036220472437
11
5.0300746456692913
21
-4.2636035039370075
0
LINE
8
BLACK
6
CONTINUOUS
10
5.0300746456692913
20
-4.2636035039370075
11
5.0300744094488188
21
-4.2636035039370075
0
LINE
8
BLACK
6
CONTINUOUS
10
5.0300744094488188
20
-4.2636035039370075
11
5.0300743307086613
21
-4.2636034645669287
0
LINE
8
BLACK
6
CONTINUOUS
10
5.0300743307086613
20
-4.2636034645669287
11
5.0290263385826774
21
-4.2628418110236224
0
LINE
8
BLACK
6
CONTINUOUS
10
5.0290263385826774
20
-4.2628418110236224
11
5.0281260236220469
21
-4.2621877165354327
0
LINE
8
BLACK
6
CONTINUOUS
10
5.0281260236220469
20
-4.2621877165354327
11
5.0281257480314956
21
-4.2621873228346452
0
LINE
8
BLACK
6
CONTINUOUS
10
5.0281257480314956
20
-4.2621873228346452
11
5.0280078740157483
21
-4.2620250393700783
0
LINE
8
BLACK
6
CONTINUOUS
10
5.0280078740157483
20
-4.2620250393700783
11
5.0279447637795274
21
-4.2618307086614173
0
LINE
8
BLACK
6
CONTINUOUS
10
5.0279447637795274
20
-4.2618307086614173
11
5.0272637795275585
21
-4.2597344881889763
0
LINE
8
BLACK
6
CONTINUOUS
10
5.0272637795275585
20
-4.2597344881889763
11
5.0272637795275585
21
-4.2459941338582672
0
LINE
8
BLACK
6
CONTINUOUS
10
5.0272637795275585
20
-4.2459941338582672
11
5.0272637401574798
21
-4.2459940944881893
0
LINE
8
BLACK
6
CONTINUOUS
10
5.0272637401574798
20
-4.2459940944881893
11
5.027263700787401
21
-4.2459937401574805
0
LINE
8
BLACK
6
CONTINUOUS
10
5.027263700787401
20
-4.2459937401574805
11
5.0271540157480317
21
-4.2454423622047246
0
LINE
8
BLACK
6
CONTINUOUS
10
5.0271540157480317
20
-4.2454423622047246
11
5.0271540157480317
21
-4.2454422047244096
0
LINE
8
BLACK
6
CONTINUOUS
10
5.0271540157480317
20
-4.2454422047244096
11
5.0269544094488188
21
-4.2444390551181099
0
LINE
8
BLACK
6
CONTINUOUS
10
5.0269544094488188
20
-4.2444390551181099
11
5.0268057874015746
21
-4.2436916929133854
0
LINE
8
BLACK
6
CONTINUOUS
10
5.0268057874015746
20
-4.2436916929133854
11
5.0250611023622049
21
-4.2410806299212593
0
LINE
8
BLACK
6
CONTINUOUS
10
5.0250611023622049
20
-4.2410806299212593
11
5.0250609448818899
21
-4.241080511811024
0
LINE
8
BLACK
6
CONTINUOUS
10
5.0250609448818899
20
-4.241080511811024
11
5.0250607874015749
21
-4.2410803937007877
0
LINE
8
BLACK
6
CONTINUOUS
10
5.0250607874015749
20
-4.2410803937007877
11
5.0224500787401576
21
-4.2393359448818897
0
LINE
8
BLACK
6
CONTINUOUS
10
5.0224500787401576
20
-4.2393359448818897
11
5.0224498818897638
21
-4.2393358661417322
0
LINE
8
BLACK
6
CONTINUOUS
10
5.0224498818897638
20
-4.2393358661417322
11
5.0224419291338585
21
-4.2393331889763779
0
LINE
8
BLACK
6
CONTINUOUS
10
5.0224419291338585
20
-4.2393331889763779
11
5.0223814173228343
21
-4.239322283464567
0
LINE
8
BLACK
6
CONTINUOUS
10
5.0223814173228343
20
-4.239322283464567
11
5.0201483464566925
21
-4.238878070866142
0
LINE
8
BLACK
6
CONTINUOUS
10
5.0201483464566925
20
-4.238878070866142
11
5.020147952755905
21
-4.2388779921259845
0
LINE
8
BLACK
6
CONTINUOUS
10
5.020147952755905
20
-4.2388779921259845
11
5.0201477559055121
21
-4.2388779527559057
0
LINE
8
BLACK
6
CONTINUOUS
10
5.0201477559055121
20
-4.2388779527559057
11
5.0201476377952758
21
-4.2388779527559057
0
LINE
8
BLACK
6
CONTINUOUS
10
5.0201476377952758
20
-4.2388779527559057
11
5.0201475590551183
21
-4.2388779527559057
0
LINE
8
BLACK
6
CONTINUOUS
10
5.0201475590551183
20
-4.2388779527559057
11
4.9585925984251968
21
-4.2388779527559057
0
LINE
8
BLACK
6
CONTINUOUS
10
4.9585925984251968
20
-4.2388779527559057
11
4.9585925590551181
21
-4.2388779527559057
0
LINE
8
BLACK
6
CONTINUOUS
10
4.9585925590551181
20
-4.2388779527559057
11
4.9585923228346456
21
-4.2388779527559057
0
LINE
8
BLACK
6
CONTINUOUS
10
4.9585923228346456
20
-4.2388779527559057
11
4.9562904724409451
21
-4.2393358267716534
0
LINE
8
BLACK
6
CONTINUOUS
10
4.9562904724409451
20
-4.2393358267716534
11
4.9562898818897638
21
-4.2393360236220472
0
LINE
8
BLACK
6
CONTINUOUS
10
4.9562898818897638
20
-4.2393360236220472
11
4.9536792913385828
21
-4.2410803937007877
0
LINE
8
BLACK
6
CONTINUOUS
10
4.9536792913385828
20
-4.2410803937007877
11
4.9536788188976377
21
-4.2410808661417319
0
LINE
8
BLACK
6
CONTINUOUS
10
4.9536788188976377
20
-4.2410808661417319
11
4.9519344488188972
21
-4.2436914566929129
0
LINE
8
BLACK
6
CONTINUOUS
10
4.9519344488188972
20
-4.2436914566929129
11
4.9519342519685035
21
-4.2436920472440942
0
LINE
8
BLACK
6
CONTINUOUS
10
4.9519342519685035
20
-4.2436920472440942
11
4.9514763779527557
21
-4.2459938976377956
0
LINE
8
BLACK
6
CONTINUOUS
10
4.9514763779527557
20
-4.2459938976377956
11
4.9514763779527557
21
-4.3075493307086612
0
LINE
8
BLACK
6
CONTINUOUS
10
4.9514763779527557
20
-4.2075493307086616
11
4.9514764173228345
21
-4.2075495275590553
0
LINE
8
BLACK
6
CONTINUOUS
10
4.9514764173228345
20
-4.2075495275590553
11
4.951934330708661
21
-4.2098514566929133
0
LINE
8
BLACK
6
CONTINUOUS
10
4.951934330708661
20
-4.2098514566929133
11
4.9519343700787397
21
-4.2098516141732283
0
LINE
8
BLACK
6
CONTINUOUS
10
4.9519343700787397
20
-4.2098516141732283
11
4.9536790551181102
21
-4.2124626771653544
0
LINE
8
BLACK
6
CONTINUOUS
10
4.9536790551181102
20
-4.2124626771653544
11
4.9562901181102363
21
-4.214207362204724
0
LINE
8
BLACK
6
CONTINUOUS
10
4.9562901181102363
20
-4.214207362204724
11
4.9571653543307086
21
-4.2143814566929132
0
LINE
8
BLACK
6
CONTINUOUS
10
4.9571653543307086
20
-4.2143814566929132
11
4.9580404724409446
21
-4.2145555511811024
0
LINE
8
BLACK
6
CONTINUOUS
10
4.9580404724409446
20
-4.2145555511811024
11
4.9580405905511808
21
-4.2145555511811024
0
LINE
8
BLACK
6
CONTINUOUS
10
4.9580405905511808
20
-4.2145555511811024
11
4.9583527165354333
21
-4.2146176377952758
0
LINE
8
BLACK
6
CONTINUOUS
10
4.9583527165354333
20
-4.2146176377952758
11
4.9584379527559053
21
-4.2146401968503939
0
LINE
8
BLACK
6
CONTINUOUS
10
4.9584379527559053
20
-4.2146401968503939
11
4.958524173228346
21
-4.2146542125984254
0
LINE
8
BLACK
6
CONTINUOUS
10
4.958524173228346
20
-4.2146542125984254
11
4.9585858661417319
21
-4.2146653543307089
0
LINE
8
BLACK
6
CONTINUOUS
10
4.9585858661417319
20
-4.2146653543307089
11
4.9585925984251968
21
-4.2146653543307089
0
LINE
8
BLACK
6
CONTINUOUS
10
4.9585925984251968
20
-4.2146653543307089
11
4.9585926377952756
21
-4.2146653543307089
0
LINE
8
BLACK
6
CONTINUOUS
10
4.9585926377952756
20
-4.2146653543307089
11
5.0201475196850396
21
-4.2146653543307089
0
LINE
8
BLACK
6
CONTINUOUS
10
5.0201475196850396
20
-4.2146653543307089
11
5.0201475590551183
21
-4.2146653543307089
0
LINE
8
BLACK
6
CONTINUOUS
10
5.0201475590551183
20
-4.2146653543307089
11
5.0224500393700788
21
-4.214207362204724
0
LINE
8
BLACK
6
CONTINUOUS
10
5.0224500393700788
20
-4.214207362204724
11
5.0250611023622049
21
-4.2124626771653544
0
LINE
8
BLACK
6
CONTINUOUS
10
5.0250611023622049
20
-4.2124626771653544
11
5.0268057874015746
21
-4.2098516141732283
0
LINE
8
BLACK
6
CONTINUOUS
10
5.0268057874015746
20
-4.2098516141732283
11
5.0272637795275585
21
-4.2075491338582678
0
LINE
8
BLACK
6
CONTINUOUS
10
5.0272637795275585
20
-4.2075491338582678
11
5.0272637795275585
21
-4.1941015748031498
0
LINE
8
BLACK
6
CONTINUOUS
10
5.0272637795275585
20
-4.1941015748031498
11
5.0274544488188972
21
-4.1928974015748031
0
LINE
8
BLACK
6
CONTINUOUS
10
5.0274544488188972
20
-4.1928974015748031
11
5.0276167322834642
21
-4.1923978346456696
0
LINE
8
BLACK
6
CONTINUOUS
10
5.0276167322834642
20
-4.1923978346456696
11
5.0290324015748027
21
-4.1904490551181102
0
LINE
8
BLACK
6
CONTINUOUS
10
5.0290324015748027
20
-4.1904490551181102
11
5.0290559842519684
21
-4.1904319291338581
0
LINE
8
BLACK
6
CONTINUOUS
10
5.0290559842519684
20
-4.1904319291338581
11
5.0291953937007872
21
-4.190330708661417
0
LINE
8
BLACK
6
CONTINUOUS
10
5.0291953937007872
20
-4.190330708661417
11
5.03148594488189
21
-4.1895866141732281
0
LINE
8
BLACK
6
CONTINUOUS
10
5.03148594488189
20
-4.1895866141732281
11
5.0469614173228345
21
-4.1895866141732281
0
LINE
8
BLACK
6
CONTINUOUS
10
5.0469614173228345
20
-4.1895866141732281
11
5.0481656692913388
21
-4.1897772834645668
0
LINE
8
BLACK
6
CONTINUOUS
10
5.0481656692913388
20
-4.1897772834645668
11
5.0486652362204723
21
-4.1899396062992125
0
LINE
8
BLACK
6
CONTINUOUS
10
5.0486652362204723
20
-4.1899396062992125
11
5.0500809842519683
21
-4.1909681496062987
0
LINE
8
BLACK
6
CONTINUOUS
10
5.0500809842519683
20
-4.1909681496062987
11
5.0505183070866142
21
-4.191285905511811
0
LINE
8
BLACK
6
CONTINUOUS
10
5.0505183070866142
20
-4.191285905511811
11
5.0506140157480317
21
-4.191355433070866
0
LINE
8
BLACK
6
CONTINUOUS
10
5.0506140157480317
20
-4.191355433070866
11
5.0507319291338577
21
-4.1915177165354329
0
LINE
8
BLACK
6
CONTINUOUS
10
5.0507319291338577
20
-4.1915177165354329
11
5.0514763779527554
21
-4.1938086614173224
0
LINE
8
BLACK
6
CONTINUOUS
10
5.0514763779527554
20
-4.1938086614173224
11
5.0514763779527554
21
-4.2075493307086616
0
LINE
8
BLACK
6
CONTINUOUS
10
5.0514763779527554
20
-4.2075493307086616
11
5.0514764173228341
21
-4.2075495275590553
0
LINE
8
BLACK
6
CONTINUOUS
10
5.0514764173228341
20
-4.2075495275590553
11
5.0519343307086615
21
-4.2098514566929133
0
LINE
8
BLACK
6
CONTINUOUS
10
5.0519343307086615
20
-4.2098514566929133
11
5.0519343700787402
21
-4.2098516141732283
0
LINE
8
BLACK
6
CONTINUOUS
10
5.0519343700787402
20
-4.2098516141732283
11
5.0536790551181099
21
-4.2124626771653544
0
LINE
8
BLACK
6
CONTINUOUS
10
5.0536790551181099
20
-4.2124626771653544
11
5.056290118110236
21
-4.214207362204724
0
LINE
8
BLACK
6
CONTINUOUS
10
5.056290118110236
20
-4.214207362204724
11
5.0571653543307082
21
-4.2143814566929132
0
LINE
8
BLACK
6
CONTINUOUS
10
5.0571653543307082
20
-4.2143814566929132
11
5.0580404724409451
21
-4.2145555511811024
0
LINE
8
BLACK
6
CONTINUOUS
10
5.0580404724409451
20
-4.2145555511811024
11
5.0580405905511814
21
-4.2145555511811024
0
LINE
8
BLACK
6
CONTINUOUS
10
5.0580405905511814
20
-4.2145555511811024
11
5.0583527165354329
21
-4.2146176377952758
0
LINE
8
BLACK
6
CONTINUOUS
10
5.0583527165354329
20
-4.2146176377952758
11
5.0584379527559058
21
-4.2146401968503939
0
LINE
8
BLACK
6
CONTINUOUS
10
5.0584379527559058
20
-4.2146401968503939
11
5.0585241732283466
21
-4.2146542125984254
0
LINE
8
BLACK
6
CONTINUOUS
10
5.0585241732283466
20
-4.2146542125984254
11
5.0585858661417324
21
-4.2146653543307089
0
LINE
8
BLACK
6
CONTINUOUS
10
5.0585858661417324
20
-4.2146653543307089
11
5.0585925984251965
21
-4.2146653543307089
0
LINE
8
BLACK
6
CONTINUOUS
10
5.0585925984251965
20
-4.2146653543307089
11
5.0585926377952752
21
-4.2146653543307089
0
LINE
8
BLACK
6
CONTINUOUS
10
5.0585926377952752
20
-4.2146653543307089
11
5.1201475196850392
21
-4.2146653543307089
0
LINE
8
BLACK
6
CONTINUOUS
10
5.1201475196850392
20
-4.2146653543307089
11
5.120147559055118
21
-4.2146653543307089
0
LINE
8
BLACK
6
CONTINUOUS
10
5.120147559055118
20
-4.2146653543307089
11
5.1224500393700785
21
-4.214207362204724
0
LINE
8
BLACK
6
CONTINUOUS
10
5.1224500393700785
20
-4.214207362204724
11
5.1250611023622046
21
-4.2124626771653544
0
LINE
8
BLACK
6
CONTINUOUS
10
5.1250611023622046
20
-4.2124626771653544
11
5.1268057874015751
21
-4.2098516141732283
0
LINE
8
BLACK
6
CONTINUOUS
10
5.1268057874015751
20
-4.2098516141732283
11
5.1272637795275591
21
-4.2075491338582678
0
LINE
8
BLACK
6
CONTINUOUS
10
5.1272637795275591
20
-4.2075491338582678
11
5.1272637795275591
21
-4.1944952755905511
0
LINE
8
BLACK
6
CONTINUOUS
10
5.1272637795275591
20
-4.1944952755905511
11
5.1274544488188978
21
-4.1932911023622044
0
LINE
8
BLACK
6
CONTINUOUS
10
5.1274544488188978
20
-4.1932911023622044
11
5.1276167322834647
21
-4.1927915354330709
0
LINE
8
BLACK
6
CONTINUOUS
10
5.1276167322834647
20
-4.1927915354330709
11
5.1290324015748032
21
-4.1908427559055115
0
LINE
8
BLACK
6
CONTINUOUS
10
5.1290324015748032
20
-4.1908427559055115
11
5.1290559842519681
21
-4.1908256299212594
0
LINE
8
BLACK
6
CONTINUOUS
10
5.1290559842519681
20
-4.1908256299212594
11
5.1291953937007877
21
-4.1907244094488192
0
LINE
8
BLACK
6
CONTINUOUS
10
5.1291953937007877
20
-4.1907244094488192
11
5.1314859448818897
21
-4.1899803149606294
0
LINE
8
BLACK
6
CONTINUOUS
10
5.1314859448818897
20
-4.1899803149606294
11
5.2515861811023621
21
-4.1899803149606294
0
LINE
8
BLACK
6
CONTINUOUS
10
5.2515861811023621
20
-4.1899803149606294
11
5.2527905511811026
21
-4.1901710236220469
0
LINE
8
BLACK
6
CONTINUOUS
10
5.2527905511811026
20
-4.1901710236220469
11
5.2537049606299213
21
-4.190468149606299
0
LINE
8
BLACK
6
CONTINUOUS
10
5.2537049606299213
20
-4.190468149606299
11
5.2552565748031492
21
-4.1914189763779524
0
LINE
8
BLACK
6
CONTINUOUS
10
5.2552565748031492
20
-4.1914189763779524
11
5.2583458661417319
21
-4.1945082283464563
0
LINE
8
BLACK
6
CONTINUOUS
10
5.2583458661417319
20
-4.1945082283464563
11
5.2583675590551184
21
-4.1945238976377954
0
LINE
8
BLACK
6
CONTINUOUS
10
5.2583675590551184
20
-4.1945238976377954
11
5.2584463779527555
21
-4.1945662992125987
0
LINE
8
BLACK
6
CONTINUOUS
10
5.2584463779527555
20
-4.1945662992125987
11
5.2632878346456691
21
-4.1973614960629924
0
LINE
8
BLACK
6
CONTINUOUS
10
5.2632878346456691
20
-4.1973614960629924
11
5.2632878740157478
21
-4.1973614960629924
0
LINE
8
BLACK
6
CONTINUOUS
10
5.2632878740157478
20
-4.1973614960629924
11
5.2632879921259841
21
-4.1973615748031499
0
LINE
8
BLACK
6
CONTINUOUS
10
5.2632879921259841
20
-4.1973615748031499
11
5.2688001968503935
21
-4.1988385826771655
0
LINE
8
BLACK
6
CONTINUOUS
10
5.2688001968503935
20
-4.1988385826771655
11
5.2688002362204722
21
-4.1988385826771655
0
LINE
8
BLACK
6
CONTINUOUS
10
5.2688002362204722
20
-4.1988385826771655
11
5.2745068503937009
21
-4.1988385826771655
0
LINE
8
BLACK
6
CONTINUOUS
10
5.2745068503937009
20
-4.1988385826771655
11
5.2745068897637797
21
-4.1988385826771655
0
LINE
8
BLACK
6
CONTINUOUS
10
5.2745068897637797
20
-4.1988385826771655
11
5.2800190944881891
21
-4.1973615748031499
0
LINE
8
BLACK
6
CONTINUOUS
10
5.2800190944881891
20
-4.1973615748031499
11
5.2800191338582678
21
-4.1973615354330711
0
LINE
8
BLACK
6
CONTINUOUS
10
5.2800191338582678
20
-4.1973615354330711
11
5.2800192125984253
21
-4.1973614960629924
0
LINE
8
BLACK
6
CONTINUOUS
10
5.2800192125984253
20
-4.1973614960629924
11
5.2800192519685041
21
-4.1973614960629924
0
LINE
8
BLACK
6
CONTINUOUS
10
5.2800192519685041
20
-4.1973614960629924
11
5.2847196850393701
21
-4.1946476771653538
0
LINE
8
BLACK
6
CONTINUOUS
10
5.2847196850393701
20
-4.1946476771653538
11
5.2848333858267713
21
-4.1945924409448816
0
LINE
8
BLACK
6
CONTINUOUS
10
5.2848333858267713
20
-4.1945924409448816
11
5.2848643307086611
21
-4.1945720866141727
0
LINE
8
BLACK
6
CONTINUOUS
10
5.2848643307086611
20
-4.1945720866141727
11
5.285061535433071
21
-4.1944502755905511
0
LINE
8
BLACK
6
CONTINUOUS
10
5.285061535433071
20
-4.1944502755905511
11
5.2851126771653538
21
-4.1944207086614176
0
LINE
8
BLACK
6
CONTINUOUS
10
5.2851126771653538
20
-4.1944207086614176
11
5.2853236220472439
21
-4.1941457874015748
0
LINE
8
BLACK
6
CONTINUOUS
10
5.2853236220472439
20
-4.1941457874015748
11
5.2889964173228341
21
-4.1904730314960625
0
LINE
8
BLACK
6
CONTINUOUS
10
5.2889964173228341
20
-4.1904730314960625
11
5.2901556299212595
21
-4.1884652362204724
0
LINE
8
BLACK
6
CONTINUOUS
10
5.2901556299212595
20
-4.1884652362204724
11
5.2918496850393701
21
-4.1855310629921263
0
LINE
8
BLACK
6
CONTINUOUS
10
5.2918496850393701
20
-4.1855310629921263
11
5.2918496850393701
21
-4.1855309842519688
0
LINE
8
BLACK
6
CONTINUOUS
10
5.2918496850393701
20
-4.1855309842519688
11
5.2918497637795276
21
-4.1855309055118113
0
LINE
8
BLACK
6
CONTINUOUS
10
5.2918497637795276
20
-4.1855309055118113
11
5.2933267716535433
21
-4.1800187007874019
0
LINE
8
BLACK
6
CONTINUOUS
10
5.2933267716535433
20
-4.1800187007874019
11
5.2933267716535433
21
-4.1743120078740157
0
LINE
8
BLACK
6
CONTINUOUS
10
5.2933267716535433
20
-4.1743120078740157
11
5.2918497637795276
21
-4.1687998031496063
0
LINE
8
BLACK
6
CONTINUOUS
10
5.2918497637795276
20
-4.1687998031496063
11
5.2918496850393701
21
-4.16879968503937
0
LINE
8
BLACK
6
CONTINUOUS
10
5.2918496850393701
20
-4.16879968503937
11
5.2918496850393701
21
-4.1687996062992125
0
LINE
8
BLACK
6
CONTINUOUS
10
5.2918496850393701
20
-4.1687996062992125
11
5.2918494881889764
21
-4.1687992913385825
0
LINE
8
BLACK
6
CONTINUOUS
10
5.2918494881889764
20
-4.1687992913385825
11
5.2918368503937003
21
-4.168771338582677
0
LINE
8
BLACK
6
CONTINUOUS
10
5.2918368503937003
20
-4.168771338582677
11
5.2917872834645667
21
-4.1686914960629924
0
LINE
8
BLACK
6
CONTINUOUS
10
5.2917872834645667
20
-4.1686914960629924
11
5.2890545275590553
21
-4.1639582283464565
0
LINE
8
BLACK
6
CONTINUOUS
10
5.2890545275590553
20
-4.1639582283464565
11
5.2890545275590553
21
-4.1639582677165352
0
LINE
8
BLACK
6
CONTINUOUS
10
5.2890545275590553
20
-4.1639582677165352
11
5.2889965354330704
21
-4.1638578346456692
0
LINE
8
BLACK
6
CONTINUOUS
10
5.2889965354330704
20
-4.1638578346456692
11
5.2889964566929129
21
-4.1638577559055117
0
LINE
8
BLACK
6
CONTINUOUS
10
5.2889964566929129
20
-4.1638577559055117
11
5.2889964173228341
21
-4.1638576771653542
0
LINE
8
BLACK
6
CONTINUOUS
10
5.2889964173228341
20
-4.1638576771653542
11
5.2849612204724412
21
-4.1598224803149604
0
LINE
8
BLACK
6
CONTINUOUS
10
5.2849612204724412
20
-4.1598224803149604
11
5.284961102362205
21
-4.1598224015748029
0
LINE
8
BLACK
6
CONTINUOUS
10
5.284961102362205
20
-4.1598224015748029
11
5.2849610236220474
21
-4.1598223228346454
0
LINE
8
BLACK
6
CONTINUOUS
10
5.2849610236220474
20
-4.1598223228346454
11
5.282274566929134
21
-4.1582712992125987
0
LINE
8
BLACK
6
CONTINUOUS
10
5.282274566929134
20
-4.1582712992125987
11
5.2814464960629923
21
-4.1573516141732281
0
LINE
8
BLACK
6
CONTINUOUS
10
5.2814464960629923
20
-4.1573516141732281
11
5.278854212598425
21
-4.1566569685039365
0
LINE
8
BLACK
6
CONTINUOUS
10
5.278854212598425
20
-4.1566569685039365
11
5.2788541732283463
21
-4.1566569685039365
0
LINE
8
BLACK
6
CONTINUOUS
10
5.2788541732283463
20
-4.1566569685039365
11
5.2745068897637797
21
-4.1554921259842521
0
LINE
8
BLACK
6
CONTINUOUS
10
5.2745068897637797
20
-4.1554921259842521
11
5.2745068110236222
21
-4.1554921259842521
0
LINE
8
BLACK
6
CONTINUOUS
10
5.2745068110236222
20
-4.1554921259842521
11
5.268800118110236
21
-4.1554921259842521
0
LINE
8
BLACK
6
CONTINUOUS
10
5.268800118110236
20
-4.1554921259842521
11
5.2663696062992127
21
-4.1561433464566928
0
LINE
8
BLACK
6
CONTINUOUS
10
5.2663696062992127
20
-4.1561433464566928
11
5.2663695669291339
21
-4.1561433070866141
0
LINE
8
BLACK
6
CONTINUOUS
10
5.2663695669291339
20
-4.1561433070866141
11
5.2632878740157478
21
-4.156969094488189
0
LINE
8
BLACK
6
CONTINUOUS
10
5.2632878740157478
20
-4.156969094488189
11
5.2632876377952753
21
-4.1569692125984252
0
LINE
8
BLACK
6
CONTINUOUS
10
5.2632876377952753
20
-4.1569692125984252
11
5.2584535826771654
21
-4.1597601574803145
0
LINE
8
BLACK
6
CONTINUOUS
10
5.2584535826771654
20
-4.1597601574803145
11
5.2584533858267717
21
-4.1597603149606295
0
LINE
8
BLACK
6
CONTINUOUS
10
5.2584533858267717
20
-4.1597603149606295
11
5.2583460236220469
21
-4.1598223228346454
0
LINE
8
BLACK
6
CONTINUOUS
10
5.2583460236220469
20
-4.1598223228346454
11
5.2583459842519682
21
-4.1598223622047241
0
LINE
8
BLACK
6
CONTINUOUS
10
5.2583459842519682
20
-4.1598223622047241
11
5.2583458661417319
21
-4.1598224409448816
0
LINE
8
BLACK
6
CONTINUOUS
10
5.2583458661417319
20
-4.1598224409448816
11
5.2583458661417319
21
-4.1598224803149604
0
LINE
8
BLACK
6
CONTINUOUS
10
5.2583458661417319
20
-4.1598224803149604
11
5.2578818110236218
21
-4.1602864960629917
0
LINE
8
BLACK
6
CONTINUOUS
10
5.2578818110236218
20
-4.1602864960629917
11
5.2578809055118105
21
-4.1602873622047243
0
LINE
8
BLACK
6
CONTINUOUS
10
5.2578809055118105
20
-4.1602873622047243
11
5.255395984251968
21
-4.1627722834645668
0
LINE
8
BLACK
6
CONTINUOUS
10
5.255395984251968
20
-4.1627722834645668
11
5.254409527559055
21
-4.1634889763779528
0
LINE
8
BLACK
6
CONTINUOUS
10
5.254409527559055
20
-4.1634889763779528
11
5.253552834645669
21
-4.1639255118110237
0
LINE
8
BLACK
6
CONTINUOUS
10
5.253552834645669
20
-4.1639255118110237
11
5.2517832677165357
21
-4.1643503937007873
0
LINE
8
BLACK
6
CONTINUOUS
10
5.2517832677165357
20
-4.1643503937007873
11
5.1317787401574799
21
-4.1643503937007873
0
LINE
8
BLACK
6
CONTINUOUS
10
5.1317787401574799
20
-4.1643503937007873
11
5.1305742913385828
21
-4.1641596062992123
0
LINE
8
BLACK
6
CONTINUOUS
10
5.1305742913385828
20
-4.1641596062992123
11
5.1300748425196847
21
-4.1639973228346454
0
LINE
8
BLACK
6
CONTINUOUS
10
5.1300748425196847
20
-4.1639973228346454
11
5.1281260236220474
21
-4.1625814173228344
0
LINE
8
BLACK
6
CONTINUOUS
10
5.1281260236220474
20
-4.1625814173228344
11
5.1281257480314961
21
-4.1625810236220468
0
LINE
8
BLACK
6
CONTINUOUS
10
5.1281257480314961
20
-4.1625810236220468
11
5.128007874015748
21
-4.1624187401574799
0
LINE
8
BLACK
6
CONTINUOUS
10
5.128007874015748
20
-4.1624187401574799
11
5.1272637795275591
21
-4.1601281889763779
0
LINE
8
BLACK
6
CONTINUOUS
10
5.1272637795275591
20
-4.1601281889763779
11
5.1272637795275591
21
-4.1459941338582675
0
LINE
8
BLACK
6
CONTINUOUS
10
5.1272637795275591
20
-4.1459941338582675
11
5.1268114960629916
21
-4.1437204330708663
0
LINE
8
BLACK
6
CONTINUOUS
10
5.1268114960629916
20
-4.1437204330708663
11
5.1268115748031491
21
-4.1437203937007876
0
LINE
8
BLACK
6
CONTINUOUS
10
5.1268115748031491
20
-4.1437203937007876
11
5.1268111417322837
21
-4.1437188188976375
0
LINE
8
BLACK
6
CONTINUOUS
10
5.1268111417322837
20
-4.1437188188976375
11
5.1268057874015751
21
-4.1436916929133858
0
LINE
8
BLACK
6
CONTINUOUS
10
5.1268057874015751
20
-4.1436916929133858
11
5.1250611023622046
21
-4.1410806299212597
0
LINE
8
BLACK
6
CONTINUOUS
10
5.1250611023622046
20
-4.1410806299212597
11
5.1225312992125982
21
-4.1393902362204722
0
LINE
8
BLACK
6
CONTINUOUS
10
5.1225312992125982
20
-4.1393902362204722
11
5.122450118110236
21
-4.1393359842519688
0
LINE
8
BLACK
6
CONTINUOUS
10
5.122450118110236
20
-4.1393359842519688
11
5.1224500393700785
21
-4.1393359448818901
0
LINE
8
BLACK
6
CONTINUOUS
10
5.1224500393700785
20
-4.1393359448818901
11
5.1224499212598422
21
-4.1393359055118113
0
LINE
8
BLACK
6
CONTINUOUS
10
5.1224499212598422
20
-4.1393359055118113
11
5.1224498818897635
21
-4.1393359055118113
0
LINE
8
BLACK
6
CONTINUOUS
10
5.1224498818897635
20
-4.1393359055118113
11
5.1219985433070869
21
-4.1392461023622049
0
LINE
8
BLACK
6
CONTINUOUS
10
5.1219985433070869
20
-4.1392461023622049
11
5.1219985039370082
21
-4.1392461023622049
0
LINE
8
BLACK
6
CONTINUOUS
10
5.1219985039370082
20
-4.1392461023622049
11
5.120148346456693
21
-4.1388780708661415
0
LINE
8
BLACK
6
CONTINUOUS
10
5.120148346456693
20
-4.1388780708661415
11
5.1201479527559055
21
-4.138877992125984
0
LINE
8
BLACK
6
CONTINUOUS
10
5.1201479527559055
20
-4.138877992125984
11
5.1201477559055117
21
-4.1388779527559052
0
LINE
8
BLACK
6
CONTINUOUS
10
5.1201477559055117
20
-4.1388779527559052
11
5.1201476377952755
21
-4.1388779527559052
0
LINE
8
BLACK
6
CONTINUOUS
10
5.1201476377952755
20
-4.1388779527559052
11
5.120147559055118
21
-4.1388779527559052
0
LINE
8
BLACK
6
CONTINUOUS
10
5.120147559055118
20
-4.1388779527559052
11
5.0585925984251965
21
-4.1388779527559052
0
LINE
8
BLACK
6
CONTINUOUS
10
5.0585925984251965
20
-4.1388779527559052
11
5.0585925590551177
21
-4.1388779527559052
0
LINE
8
BLACK
6
CONTINUOUS
10
5.0585925590551177
20
-4.1388779527559052
11
5.0585923228346452
21
-4.1388779527559052
0
LINE
8
BLACK
6
CONTINUOUS
10
5.0585923228346452
20
-4.1388779527559052
11
5.0562904724409448
21
-4.1393358267716538
0
LINE
8
BLACK
6
CONTINUOUS
10
5.0562904724409448
20
-4.1393358267716538
11
5.0562898818897635
21
-4.1393360236220476
0
LINE
8
BLACK
6
CONTINUOUS
10
5.0562898818897635
20
-4.1393360236220476
11
5.0536792913385824
21
-4.1410803937007872
0
LINE
8
BLACK
6
CONTINUOUS
10
5.0536792913385824
20
-4.1410803937007872
11
5.0536788188976374
21
-4.1410808661417322
0
LINE
8
BLACK
6
CONTINUOUS
10
5.0536788188976374
20
-4.1410808661417322
11
5.0519344488188977
21
-4.1436914566929133
0
LINE
8
BLACK
6
CONTINUOUS
10
5.0519344488188977
20
-4.1436914566929133
11
5.051934251968504
21
-4.1436920472440946
0
LINE
8
BLACK
6
CONTINUOUS
10
5.051934251968504
20
-4.1436920472440946
11
5.0514763779527554
21
-4.145993897637795
0
LINE
8
BLACK
6
CONTINUOUS
10
5.0514763779527554
20
-4.145993897637795
11
5.0514763779527554
21
-4.1594416929133855
0
LINE
8
BLACK
6
CONTINUOUS
10
5.0514763779527554
20
-4.1594416929133855
11
5.0512855905511813
21
-4.1606461417322835
0
LINE
8
BLACK
6
CONTINUOUS
10
5.0512855905511813
20
-4.1606461417322835
11
5.0511233070866144
21
-4.1611455905511807
0
LINE
8
BLACK
6
CONTINUOUS
10
5.0511233070866144
20
-4.1611455905511807
11
5.0497078740157475
21
-4.1630940551181101
0
LINE
8
BLACK
6
CONTINUOUS
10
5.0497078740157475
20
-4.1630940551181101
11
5.0495456299212593
21
-4.163211968503937
0
LINE
8
BLACK
6
CONTINUOUS
10
5.0495456299212593
20
-4.163211968503937
11
5.0472547637795273
21
-4.163956692913386
0
LINE
8
BLACK
6
CONTINUOUS
10
5.0472547637795273
20
-4.163956692913386
11
5.0317787401574803
21
-4.163956692913386
0
LINE
8
BLACK
6
CONTINUOUS
10
5.0317787401574803
20
-4.163956692913386
11
5.0305742913385822
21
-4.163765905511811
0
LINE
8
BLACK
6
CONTINUOUS
10
5.0305742913385822
20
-4.163765905511811
11
5.0300748425196851
21
-4.1636036220472441
0
LINE
8
BLACK
6
CONTINUOUS
10
5.0300748425196851
20
-4.1636036220472441
11
5.0300746456692913
21
-4.1636035039370078
0
LINE
8
BLACK
6
CONTINUOUS
10
5.0300746456692913
20
-4.1636035039370078
11
5.0300744094488188
21
-4.1636035039370078
0
LINE
8
BLACK
6
CONTINUOUS
10
5.0300744094488188
20
-4.1636035039370078
11
5.0300743307086613
21
-4.1636034645669291
0
LINE
8
BLACK
6
CONTINUOUS
10
5.0300743307086613
20
-4.1636034645669291
11
5.0289879527559052
21
-4.1628139370078738
0
LINE
8
BLACK
6
CONTINUOUS
10
5.0289879527559052
20
-4.1628139370078738
11
5.0281260236220469
21
-4.1621877165354331
0
LINE
8
BLACK
6
CONTINUOUS
10
5.0281260236220469
20
-4.1621877165354331
11
5.0281257480314956
21
-4.1621873228346455
0
LINE
8
BLACK
6
CONTINUOUS
10
5.0281257480314956
20
-4.1621873228346455
11
5.0280078740157483
21
-4.1620250393700786
0
LINE
8
BLACK
6
CONTINUOUS
10
5.0280078740157483
20
-4.1620250393700786
11
5.0280027952755901
21
-4.1620094094488191
0
LINE
8
BLACK
6
CONTINUOUS
10
5.0280027952755901
20
-4.1620094094488191
11
5.0272637795275585
21
-4.1597344881889766
0
LINE
8
BLACK
6
CONTINUOUS
10
5.0272637795275585
20
-4.1597344881889766
11
5.0272637795275585
21
-4.1459941338582675
0
LINE
8
BLACK
6
CONTINUOUS
10
5.0272637795275585
20
-4.1459941338582675
11
5.0268114960629919
21
-4.1437204330708663
0
LINE
8
BLACK
6
CONTINUOUS
10
5.0268114960629919
20
-4.1437204330708663
11
5.0268115748031494
21
-4.1437203937007876
0
LINE
8
BLACK
6
CONTINUOUS
10
5.0268115748031494
20
-4.1437203937007876
11
5.0268111417322832
21
-4.1437188188976375
0
LINE
8
BLACK
6
CONTINUOUS
10
5.0268111417322832
20
-4.1437188188976375
11
5.0268057874015746
21
-4.1436916929133858
0
LINE
8
BLACK
6
CONTINUOUS
10
5.0268057874015746
20
-4.1436916929133858
11
5.0250611023622049
21
-4.1410806299212597
0
LINE
8
BLACK
6
CONTINUOUS
10
5.0250611023622049
20
-4.1410806299212597
11
5.0225312992125986
21
-4.1393902362204722
0
LINE
8
BLACK
6
CONTINUOUS
10
5.0225312992125986
20
-4.1393902362204722
11
5.0224501181102363
21
-4.1393359842519688
0
LINE
8
BLACK
6
CONTINUOUS
10
5.0224501181102363
20
-4.1393359842519688
11
5.0224500393700788
21
-4.1393359448818901
0
LINE
8
BLACK
6
CONTINUOUS
10
5.0224500393700788
20
-4.1393359448818901
11
5.0224499212598426
21
-4.1393359055118113
0
LINE
8
BLACK
6
CONTINUOUS
10
5.0224499212598426
20
-4.1393359055118113
11
5.0224498818897638
21
-4.1393359055118113
0
LINE
8
BLACK
6
CONTINUOUS
10
5.0224498818897638
20
-4.1393359055118113
11
5.0219985433070864
21
-4.1392461023622049
0
LINE
8
BLACK
6
CONTINUOUS
10
5.0219985433070864
20
-4.1392461023622049
11
5.0219985039370076
21
-4.1392461023622049
0
LINE
8
BLACK
6
CONTINUOUS
10
5.0219985039370076
20
-4.1392461023622049
11
5.0201483464566925
21
-4.1388780708661415
0
LINE
8
BLACK
6
CONTINUOUS
10
5.0201483464566925
20
-4.1388780708661415
11
5.020147952755905
21
-4.138877992125984
0
LINE
8
BLACK
6
CONTINUOUS
10
5.020147952755905
20
-4.138877992125984
11
5.0201477559055121
21
-4.1388779527559052
0
LINE
8
BLACK
6
CONTINUOUS
10
5.0201477559055121
20
-4.1388779527559052
11
5.0201476377952758
21
-4.1388779527559052
0
LINE
8
BLACK
6
CONTINUOUS
10
5.0201476377952758
20
-4.1388779527559052
11
5.0201475590551183
21
-4.1388779527559052
0
LINE
8
BLACK
6
CONTINUOUS
10
5.0201475590551183
20
-4.1388779527559052
11
4.9585925984251968
21
-4.1388779527559052
0
LINE
8
BLACK
6
CONTINUOUS
10
4.9585925984251968
20
-4.1388779527559052
11
4.9585925590551181
21
-4.1388779527559052
0
LINE
8
BLACK
6
CONTINUOUS
10
4.9585925590551181
20
-4.1388779527559052
11
4.9585923228346456
21
-4.1388779527559052
0
LINE
8
BLACK
6
CONTINUOUS
10
4.9585923228346456
20
-4.1388779527559052
11
4.9562904724409451
21
-4.1393358267716538
0
LINE
8
BLACK
6
CONTINUOUS
10
4.9562904724409451
20
-4.1393358267716538
11
4.9562898818897638
21
-4.1393360236220476
0
LINE
8
BLACK
6
CONTINUOUS
10
4.9562898818897638
20
-4.1393360236220476
11
4.9536792913385828
21
-4.1410803937007872
0
LINE
8
BLACK
6
CONTINUOUS
10
4.9536792913385828
20
-4.1410803937007872
11
4.9536788188976377
21
-4.1410808661417322
0
LINE
8
BLACK
6
CONTINUOUS
10
4.9536788188976377
20
-4.1410808661417322
11
4.9519344488188972
21
-4.1436914566929133
0
LINE
8
BLACK
6
CONTINUOUS
10
4.9519344488188972
20
-4.1436914566929133
11
4.9519342519685035
21
-4.1436920472440946
0
LINE
8
BLACK
6
CONTINUOUS
10
4.9519342519685035
20
-4.1436920472440946
11
4.9514763779527557
21
-4.145993897637795
0
LINE
8
BLACK
6
CONTINUOUS
10
4.9514763779527557
20
-4.145993897637795
11
4.9514763779527557
21
-4.2075493307086616
0
LINE
8
BLACK
6
CONTINUOUS
10
4.9514961023622046
20
-4.0816929133858268
11
4.9514960629921259
21
-4.0816929527559056
0
LINE
8
BLACK
6
CONTINUOUS
10
4.9514960629921259
20
-4.0816929527559056
11
4.9514960629921259
21
-4.0816929921259844
0
LINE
8
BLACK
6
CONTINUOUS
10
4.9514960629921259
20
-4.0816929921259844
11
4.9514960629921259
21
-4.107547401574803
0
LINE
8
BLACK
6
CONTINUOUS
10
4.9514960629921259
20
-4.107547401574803
11
4.9519528346456694
21
-4.1098438188976374
0
LINE
8
BLACK
6
CONTINUOUS
10
4.9519528346456694
20
-4.1098438188976374
11
4.9519528740157481
21
-4.1098439370078736
0
LINE
8
BLACK
6
CONTINUOUS
10
4.9519528740157481
20
-4.1098439370078736
11
4.9536317716535434
21
-4.1123565748031492
0
LINE
8
BLACK
6
CONTINUOUS
10
4.9536317716535434
20
-4.1123565748031492
11
4.9536931496062993
21
-4.112448385826772
0
LINE
8
BLACK
6
CONTINUOUS
10
4.9536931496062993
20
-4.112448385826772
11
4.9536933070866143
21
-4.1124485433070861
0
LINE
8
BLACK
6
CONTINUOUS
10
4.9536933070866143
20
-4.1124485433070861
11
4.9562977559055117
21
-4.1141888188976381
0
LINE
8
BLACK
6
CONTINUOUS
10
4.9562977559055117
20
-4.1141888188976381
11
4.9585022834645667
21
-4.114627283464567
0
LINE
8
BLACK
6
CONTINUOUS
10
4.9585022834645667
20
-4.114627283464567
11
4.9585712992125979
21
-4.1146427559055114
0
LINE
8
BLACK
6
CONTINUOUS
10
4.9585712992125979
20
-4.1146427559055114
11
4.9585943700787398
21
-4.1146455905511807
0
LINE
8
BLACK
6
CONTINUOUS
10
4.9585943700787398
20
-4.1146455905511807
11
4.9585944488188973
21
-4.1146456299212595
0
LINE
8
BLACK
6
CONTINUOUS
10
4.9585944488188973
20
-4.1146456299212595
11
4.9585946062992123
21
-4.1146456692913382
0
LINE
8
BLACK
6
CONTINUOUS
10
4.9585946062992123
20
-4.1146456692913382
11
4.9844487401574806
21
-4.1146456692913382
0
LINE
8
BLACK
6
CONTINUOUS
10
4.9844487401574806
20
-4.1146456692913382
11
4.9844487795275594
21
-4.1146456692913382
0
LINE
8
BLACK
6
CONTINUOUS
10
4.9844487795275594
20
-4.1146456692913382
11
4.9844488188976372
21
-4.1146456299212595
0
LINE
8
BLACK
6
CONTINUOUS
10
4.9844488188976372
20
-4.1146456299212595
11
4.9844488188976372
21
-4.1067716535433068
0
LINE
8
BLACK
6
CONTINUOUS
10
4.9844488188976372
20
-4.1067716535433068
11
4.9593700787401573
21
-4.1067716535433068
0
LINE
8
BLACK
6
CONTINUOUS
10
4.9593700787401573
20
-4.1067716535433068
11
4.9593700787401573
21
-4.0816929133858268
0
LINE
8
BLACK
6
CONTINUOUS
10
4.9593700787401573
20
-4.0816929133858268
11
4.9514961023622046
21
-4.0816929133858268
0
LINE
8
BLACK
6
CONTINUOUS
10
5.0193700787401569
20
-4.1067716535433068
11
4.994291338582677
21
-4.1067716535433068
0
LINE
8
BLACK
6
CONTINUOUS
10
4.994291338582677
20
-4.1067716535433068
11
4.994291338582677
21
-4.1146456299212595
0
LINE
8
BLACK
6
CONTINUOUS
10
4.994291338582677
20
-4.1146456299212595
11
4.9942913779527558
21
-4.1146456692913382
0
LINE
8
BLACK
6
CONTINUOUS
10
4.9942913779527558
20
-4.1146456692913382
11
4.9942914173228345
21
-4.1146456692913382
0
LINE
8
BLACK
6
CONTINUOUS
10
4.9942914173228345
20
-4.1146456692913382
11
5.020145551181102
21
-4.1146456692913382
0
LINE
8
BLACK
6
CONTINUOUS
10
5.020145551181102
20
-4.1146456692913382
11
5.0201456299212595
21
-4.1146456692913382
0
LINE
8
BLACK
6
CONTINUOUS
10
5.0201456299212595
20
-4.1146456692913382
11
5.0202998818897635
21
-4.1146205905511808
0
LINE
8
BLACK
6
CONTINUOUS
10
5.0202998818897635
20
-4.1146205905511808
11
5.0203855118110239
21
-4.1145979133858264
0
LINE
8
BLACK
6
CONTINUOUS
10
5.0203855118110239
20
-4.1145979133858264
11
5.0216248425196852
21
-4.1143514173228342
0
LINE
8
BLACK
6
CONTINUOUS
10
5.0216248425196852
20
-4.1143514173228342
11
5.0224422047244097
21
-4.1141888582677169
0
LINE
8
BLACK
6
CONTINUOUS
10
5.0224422047244097
20
-4.1141888582677169
11
5.0224422047244097
21
-4.1141888188976381
0
LINE
8
BLACK
6
CONTINUOUS
10
5.0224422047244097
20
-4.1141888188976381
11
5.0224423622047247
21
-4.1141888188976381
0
LINE
8
BLACK
6
CONTINUOUS
10
5.0224423622047247
20
-4.1141888188976381
11
5.0250468110236222
21
-4.1124485433070861
0
LINE
8
BLACK
6
CONTINUOUS
10
5.0250468110236222
20
-4.1124485433070861
11
5.0250469685039372
21
-4.112448385826772
0
LINE
8
BLACK
6
CONTINUOUS
10
5.0250469685039372
20
-4.112448385826772
11
5.0267872440944883
21
-4.1098439370078736
0
LINE
8
BLACK
6
CONTINUOUS
10
5.0267872440944883
20
-4.1098439370078736
11
5.0268109055118106
21
-4.1097250787401576
0
LINE
8
BLACK
6
CONTINUOUS
10
5.0268109055118106
20
-4.1097250787401576
11
5.0269855905511811
21
-4.1088467322834648
0
LINE
8
BLACK
6
CONTINUOUS
10
5.0269855905511811
20
-4.1088467322834648
11
5.0271963385826774
21
-4.1077870866141728
0
LINE
8
BLACK
6
CONTINUOUS
10
5.0271963385826774
20
-4.1077870866141728
11
5.027219015748031
21
-4.1077014566929133
0
LINE
8
BLACK
6
CONTINUOUS
10
5.027219015748031
20
-4.1077014566929133
11
5.0272440944881884
21
-4.1075471653543305
0
LINE
8
BLACK
6
CONTINUOUS
10
5.0272440944881884
20
-4.1075471653543305
11
5.0272440944881884
21
-4.0816929921259844
0
LINE
8
BLACK
6
CONTINUOUS
10
5.0272440944881884
20
-4.0816929921259844
11
5.0272440944881884
21
-4.0816929527559056
0
LINE
8
BLACK
6
CONTINUOUS
10
5.0272440944881884
20
-4.0816929527559056
11
5.0272440551181097
21
-4.0816929133858268
0
LINE
8
BLACK
6
CONTINUOUS
10
5.0272440551181097
20
-4.0816929133858268
11
5.0272440157480318
21
-4.0816929133858268
0
LINE
8
BLACK
6
CONTINUOUS
10
5.0272440157480318
20
-4.0816929133858268
11
5.0193700787401569
21
-4.0816929133858268
0
LINE
8
BLACK
6
CONTINUOUS
10
5.0193700787401569
20
-4.0816929133858268
11
5.0193700787401569
21
-4.1067716535433068
0
LINE
8
BLACK
6
CONTINUOUS
10
5.0514961023622043
20
-4.0816929133858268
11
5.0514960629921255
21
-4.0816929527559056
0
LINE
8
BLACK
6
CONTINUOUS
10
5.0514960629921255
20
-4.0816929527559056
11
5.0514960629921255
21
-4.0816929921259844
0
LINE
8
BLACK
6
CONTINUOUS
10
5.0514960629921255
20
-4.0816929921259844
11
5.0514960629921255
21
-4.107547401574803
0
LINE
8
BLACK
6
CONTINUOUS
10
5.0514960629921255
20
-4.107547401574803
11
5.051952834645669
21
-4.1098438188976374
0
LINE
8
BLACK
6
CONTINUOUS
10
5.051952834645669
20
-4.1098438188976374
11
5.0519528740157478
21
-4.1098439370078736
0
LINE
8
BLACK
6
CONTINUOUS
10
5.0519528740157478
20
-4.1098439370078736
11
5.053631771653543
21
-4.1123565748031492
0
LINE
8
BLACK
6
CONTINUOUS
10
5.053631771653543
20
-4.1123565748031492
11
5.0536931496062989
21
-4.112448385826772
0
LINE
8
BLACK
6
CONTINUOUS
10
5.0536931496062989
20
-4.112448385826772
11
5.0536933070866139
21
-4.1124485433070861
0
LINE
8
BLACK
6
CONTINUOUS
10
5.0536933070866139
20
-4.1124485433070861
11
5.0562977559055113
21
-4.1141888188976381
0
LINE
8
BLACK
6
CONTINUOUS
10
5.0562977559055113
20
-4.1141888188976381
11
5.0585022834645672
21
-4.114627283464567
0
LINE
8
BLACK
6
CONTINUOUS
10
5.0585022834645672
20
-4.114627283464567
11
5.0585712992125984
21
-4.1146427559055114
0
LINE
8
BLACK
6
CONTINUOUS
10
5.0585712992125984
20
-4.1146427559055114
11
5.0585943700787404
21
-4.1146455905511807
0
LINE
8
BLACK
6
CONTINUOUS
10
5.0585943700787404
20
-4.1146455905511807
11
5.0585944488188979
21
-4.1146456299212595
0
LINE
8
BLACK
6
CONTINUOUS
10
5.0585944488188979
20
-4.1146456299212595
11
5.0585946062992129
21
-4.1146456692913382
0
LINE
8
BLACK
6
CONTINUOUS
10
5.0585946062992129
20
-4.1146456692913382
11
5.0844487401574803
21
-4.1146456692913382
0
LINE
8
BLACK
6
CONTINUOUS
10
5.0844487401574803
20
-4.1146456692913382
11
5.084448779527559
21
-4.1146456692913382
0
LINE
8
BLACK
6
CONTINUOUS
10
5.084448779527559
20
-4.1146456692913382
11
5.0844488188976378
21
-4.1146456299212595
0
LINE
8
BLACK
6
CONTINUOUS
10
5.0844488188976378
20
-4.1146456299212595
11
5.0844488188976378
21
-4.1067716535433068
0
LINE
8
BLACK
6
CONTINUOUS
10
5.0844488188976378
20
-4.1067716535433068
11
5.059370078740157
21
-4.1067716535433068
0
LINE
8
BLACK
6
CONTINUOUS
10
5.059370078740157
20
-4.1067716535433068
11
5.059370078740157
21
-4.0816929133858268
0
LINE
8
BLACK
6
CONTINUOUS
10
5.059370078740157
20
-4.0816929133858268
11
5.0514961023622043
21
-4.0816929133858268
0
LINE
8
BLACK
6
CONTINUOUS
10
5.1193700787401575
20
-4.1067716535433068
11
5.0942913385826767
21
-4.1067716535433068
0
LINE
8
BLACK
6
CONTINUOUS
10
5.0942913385826767
20
-4.1067716535433068
11
5.0942913385826767
21
-4.1146456299212595
0
LINE
8
BLACK
6
CONTINUOUS
10
5.0942913385826767
20
-4.1146456299212595
11
5.0942913779527554
21
-4.1146456692913382
0
LINE
8
BLACK
6
CONTINUOUS
10
5.0942913779527554
20
-4.1146456692913382
11
5.0942914173228342
21
-4.1146456692913382
0
LINE
8
BLACK
6
CONTINUOUS
10
5.0942914173228342
20
-4.1146456692913382
11
5.1201455511811025
21
-4.1146456692913382
0
LINE
8
BLACK
6
CONTINUOUS
10
5.1201455511811025
20
-4.1146456692913382
11
5.12014562992126
21
-4.1146456692913382
0
LINE
8
BLACK
6
CONTINUOUS
10
5.12014562992126
20
-4.1146456692913382
11
5.120299881889764
21
-4.1146205905511808
0
LINE
8
BLACK
6
CONTINUOUS
10
5.120299881889764
20
-4.1146205905511808
11
5.1203855118110235
21
-4.1145979133858264
0
LINE
8
BLACK
6
CONTINUOUS
10
5.1203855118110235
20
-4.1145979133858264
11
5.1216248425196849
21
-4.1143514173228342
0
LINE
8
BLACK
6
CONTINUOUS
10
5.1216248425196849
20
-4.1143514173228342
11
5.1224422047244094
21
-4.1141888582677169
0
LINE
8
BLACK
6
CONTINUOUS
10
5.1224422047244094
20
-4.1141888582677169
11
5.1224422047244094
21
-4.1141888188976381
0
LINE
8
BLACK
6
CONTINUOUS
10
5.1224422047244094
20
-4.1141888188976381
11
5.1224423622047244
21
-4.1141888188976381
0
LINE
8
BLACK
6
CONTINUOUS
10
5.1224423622047244
20
-4.1141888188976381
11
5.1250468110236218
21
-4.1124485433070861
0
LINE
8
BLACK
6
CONTINUOUS
10
5.1250468110236218
20
-4.1124485433070861
11
5.1250469685039368
21
-4.112448385826772
0
LINE
8
BLACK
6
CONTINUOUS
10
5.1250469685039368
20
-4.112448385826772
11
5.1267872440944879
21
-4.1098439370078736
0
LINE
8
BLACK
6
CONTINUOUS
10
5.1267872440944879
20
-4.1098439370078736
11
5.1268109055118112
21
-4.1097250787401576
0
LINE
8
BLACK
6
CONTINUOUS
10
5.1268109055118112
20
-4.1097250787401576
11
5.1269855905511807
21
-4.1088467322834648
0
LINE
8
BLACK
6
CONTINUOUS
10
5.1269855905511807
20
-4.1088467322834648
11
5.1271963385826771
21
-4.1077870866141728
0
LINE
8
BLACK
6
CONTINUOUS
10
5.1271963385826771
20
-4.1077870866141728
11
5.1272190157480315
21
-4.1077014566929133
0
LINE
8
BLACK
6
CONTINUOUS
10
5.1272190157480315
20
-4.1077014566929133
11
5.127244094488189
21
-4.1075471653543305
0
LINE
8
BLACK
6
CONTINUOUS
10
5.127244094488189
20
-4.1075471653543305
11
5.127244094488189
21
-4.0816929921259844
0
LINE
8
BLACK
6
CONTINUOUS
10
5.127244094488189
20
-4.0816929921259844
11
5.127244094488189
21
-4.0816929527559056
0
LINE
8
BLACK
6
CONTINUOUS
10
5.127244094488189
20
-4.0816929527559056
11
5.1272440551181102
21
-4.0816929133858268
0
LINE
8
BLACK
6
CONTINUOUS
10
5.1272440551181102
20
-4.0816929133858268
11
5.1272440157480315
21
-4.0816929133858268
0
LINE
8
BLACK
6
CONTINUOUS
10
5.1272440157480315
20
-4.0816929133858268
11
5.1193700787401575
21
-4.0816929133858268
0
LINE
8
BLACK
6
CONTINUOUS
10
5.1193700787401575
20
-4.0816929133858268
11
5.1193700787401575
21
-4.1067716535433068
0
LINE
8
BLACK
6
CONTINUOUS
10
5.0942913385826767
20
-4.0388976771653544
11
5.0942913385826767
21
-4.0388977165354332
0
LINE
8
BLACK
6
CONTINUOUS
10
5.0942913385826767
20
-4.0388977165354332
11
5.0942913385826767
21
-4.0467716535433071
0
LINE
8
BLACK
6
CONTINUOUS
10
5.0942913385826767
20
-4.0467716535433071
11
5.1193700787401575
21
-4.0467716535433071
0
LINE
8
BLACK
6
CONTINUOUS
10
5.1193700787401575
20
-4.0467716535433071
11
5.1193700787401575
21
-4.0718503937007871
0
LINE
8
BLACK
6
CONTINUOUS
10
5.1193700787401575
20
-4.0718503937007871
11
5.1272440157480315
21
-4.0718503937007871
0
LINE
8
BLACK
6
CONTINUOUS
10
5.1272440157480315
20
-4.0718503937007871
11
5.1272440551181102
21
-4.0718503937007871
0
LINE
8
BLACK
6
CONTINUOUS
10
5.1272440551181102
20
-4.0718503937007871
11
5.127244094488189
21
-4.0718503543307083
0
LINE
8
BLACK
6
CONTINUOUS
10
5.127244094488189
20
-4.0718503543307083
11
5.127244094488189
21
-4.0459961417322834
0
LINE
8
BLACK
6
CONTINUOUS
10
5.127244094488189
20
-4.0459961417322834
11
5.127244094488189
21
-4.0459960629921259
0
LINE
8
BLACK
6
CONTINUOUS
10
5.127244094488189
20
-4.0459960629921259
11
5.1272190551181103
21
-4.0458418503937006
0
LINE
8
BLACK
6
CONTINUOUS
10
5.1272190551181103
20
-4.0458418503937006
11
5.1271962992125983
21
-4.0457559842519686
0
LINE
8
BLACK
6
CONTINUOUS
10
5.1271962992125983
20
-4.0457559842519686
11
5.1271787795275587
21
-4.0456679921259839
0
LINE
8
BLACK
6
CONTINUOUS
10
5.1271787795275587
20
-4.0456679921259839
11
5.1267872440944879
21
-4.0436993307086615
0
LINE
8
BLACK
6
CONTINUOUS
10
5.1267872440944879
20
-4.0436993307086615
11
5.1250469685039368
21
-4.0410948818897641
0
LINE
8
BLACK
6
CONTINUOUS
10
5.1250469685039368
20
-4.0410948818897641
11
5.1250468110236218
21
-4.0410947244094491
0
LINE
8
BLACK
6
CONTINUOUS
10
5.1250468110236218
20
-4.0410947244094491
11
5.1241919291338585
21
-4.040523503937008
0
LINE
8
BLACK
6
CONTINUOUS
10
5.1241919291338585
20
-4.040523503937008
11
5.1224423622047244
21
-4.0393544488188979
0
LINE
8
BLACK
6
CONTINUOUS
10
5.1224423622047244
20
-4.0393544488188979
11
5.1224422440944881
21
-4.0393544094488192
0
LINE
8
BLACK
6
CONTINUOUS
10
5.1224422440944881
20
-4.0393544094488192
11
5.1201458267716538
21
-4.0388976377952757
0
LINE
8
BLACK
6
CONTINUOUS
10
5.1201458267716538
20
-4.0388976377952757
11
5.1201456692913387
21
-4.0388976377952757
0
LINE
8
BLACK
6
CONTINUOUS
10
5.1201456692913387
20
-4.0388976377952757
11
5.0942913779527554
21
-4.0388976377952757
0
LINE
8
BLACK
6
CONTINUOUS
10
5.0942913779527554
20
-4.0388976377952757
11
5.0942913385826767
21
-4.0388976771653544
0
LINE
8
BLACK
6
CONTINUOUS
10
4.994291338582677
20
-4.0388976771653544
11
4.994291338582677
21
-4.0388977165354332
0
LINE
8
BLACK
6
CONTINUOUS
10
4.994291338582677
20
-4.0388977165354332
11
4.994291338582677
21
-4.0467716535433071
0
LINE
8
BLACK
6
CONTINUOUS
10
4.994291338582677
20
-4.0467716535433071
11
5.0193700787401569
21
-4.0467716535433071
0
LINE
8
BLACK
6
CONTINUOUS
10
5.0193700787401569
20
-4.0467716535433071
11
5.0193700787401569
21
-4.0718503937007871
0
LINE
8
BLACK
6
CONTINUOUS
10
5.0193700787401569
20
-4.0718503937007871
11
5.0272440157480318
21
-4.0718503937007871
0
LINE
8
BLACK
6
CONTINUOUS
10
5.0272440157480318
20
-4.0718503937007871
11
5.0272440551181097
21
-4.0718503937007871
0
LINE
8
BLACK
6
CONTINUOUS
10
5.0272440551181097
20
-4.0718503937007871
11
5.0272440944881884
21
-4.0718503543307083
0
LINE
8
BLACK
6
CONTINUOUS
10
5.0272440944881884
20
-4.0718503543307083
11
5.0272440944881884
21
-4.0459961417322834
0
LINE
8
BLACK
6
CONTINUOUS
10
5.0272440944881884
20
-4.0459961417322834
11
5.0272440551181097
21
-4.0459960236220471
0
LINE
8
BLACK
6
CONTINUOUS
10
5.0272440551181097
20
-4.0459960236220471
11
5.0272440157480318
21
-4.0459958267716534
0
LINE
8
BLACK
6
CONTINUOUS
10
5.0272440157480318
20
-4.0459958267716534
11
5.0267872440944883
21
-4.0436993307086615
0
LINE
8
BLACK
6
CONTINUOUS
10
5.0267872440944883
20
-4.0436993307086615
11
5.0250469685039372
21
-4.0410948818897641
0
LINE
8
BLACK
6
CONTINUOUS
10
5.0250469685039372
20
-4.0410948818897641
11
5.0250468110236222
21
-4.0410947244094491
0
LINE
8
BLACK
6
CONTINUOUS
10
5.0250468110236222
20
-4.0410947244094491
11
5.0241919291338579
21
-4.040523503937008
0
LINE
8
BLACK
6
CONTINUOUS
10
5.0241919291338579
20
-4.040523503937008
11
5.0224423622047247
21
-4.0393544488188979
0
LINE
8
BLACK
6
CONTINUOUS
10
5.0224423622047247
20
-4.0393544488188979
11
5.0224422440944885
21
-4.0393544094488192
0
LINE
8
BLACK
6
CONTINUOUS
10
5.0224422440944885
20
-4.0393544094488192
11
5.0201458267716532
21
-4.0388976377952757
0
LINE
8
BLACK
6
CONTINUOUS
10
5.0201458267716532
20
-4.0388976377952757
11
5.0201456692913382
21
-4.0388976377952757
0
LINE
8
BLACK
6
CONTINUOUS
10
5.0201456692913382
20
-4.0388976377952757
11
4.9942913779527558
21
-4.0388976377952757
0
LINE
8
BLACK
6
CONTINUOUS
10
4.9942913779527558
20
-4.0388976377952757
11
4.994291338582677
21
-4.0388976771653544
0
LINE
8
BLACK
6
CONTINUOUS
10
4.9514763779527557
20
-4.0075493307086614
11
4.9514764173228345
21
-4.0075495275590551
0
LINE
8
BLACK
6
CONTINUOUS
10
4.9514764173228345
20
-4.0075495275590551
11
4.951934330708661
21
-4.0098514566929131
0
LINE
8
BLACK
6
CONTINUOUS
10
4.951934330708661
20
-4.0098514566929131
11
4.9519343700787397
21
-4.0098516141732281
0
LINE
8
BLACK
6
CONTINUOUS
10
4.9519343700787397
20
-4.0098516141732281
11
4.9536790551181102
21
-4.0124626771653542
0
LINE
8
BLACK
6
CONTINUOUS
10
4.9536790551181102
20
-4.0124626771653542
11
4.9562901181102363
21
-4.0142073622047247
0
LINE
8
BLACK
6
CONTINUOUS
10
4.9562901181102363
20
-4.0142073622047247
11
4.9571653543307086
21
-4.014381456692913
0
LINE
8
BLACK
6
CONTINUOUS
10
4.9571653543307086
20
-4.014381456692913
11
4.9580404724409446
21
-4.0145555511811022
0
LINE
8
BLACK
6
CONTINUOUS
10
4.9580404724409446
20
-4.0145555511811022
11
4.9580405905511808
21
-4.0145555511811022
0
LINE
8
BLACK
6
CONTINUOUS
10
4.9580405905511808
20
-4.0145555511811022
11
4.9583527165354333
21
-4.0146176377952756
0
LINE
8
BLACK
6
CONTINUOUS
10
4.9583527165354333
20
-4.0146176377952756
11
4.9584379527559053
21
-4.0146401968503937
0
LINE
8
BLACK
6
CONTINUOUS
10
4.9584379527559053
20
-4.0146401968503937
11
4.958524173228346
21
-4.0146542125984253
0
LINE
8
BLACK
6
CONTINUOUS
10
4.958524173228346
20
-4.0146542125984253
11
4.9585858661417319
21
-4.0146653543307087
0
LINE
8
BLACK
6
CONTINUOUS
10
4.9585858661417319
20
-4.0146653543307087
11
4.9585925984251968
21
-4.0146653543307087
0
LINE
8
BLACK
6
CONTINUOUS
10
4.9585925984251968
20
-4.0146653543307087
11
4.9585926377952756
21
-4.0146653543307087
0
LINE
8
BLACK
6
CONTINUOUS
10
4.9585926377952756
20
-4.0146653543307087
11
5.0201475196850396
21
-4.0146653543307087
0
LINE
8
BLACK
6
CONTINUOUS
10
5.0201475196850396
20
-4.0146653543307087
11
5.0201475590551183
21
-4.0146653543307087
0
LINE
8
BLACK
6
CONTINUOUS
10
5.0201475590551183
20
-4.0146653543307087
11
5.0224500393700788
21
-4.0142073622047247
0
LINE
8
BLACK
6
CONTINUOUS
10
5.0224500393700788
20
-4.0142073622047247
11
5.0250611023622049
21
-4.0124626771653542
0
LINE
8
BLACK
6
CONTINUOUS
10
5.0250611023622049
20
-4.0124626771653542
11
5.0268057874015746
21
-4.0098516141732281
0
LINE
8
BLACK
6
CONTINUOUS
10
5.0268057874015746
20
-4.0098516141732281
11
5.0272637795275585
21
-4.0075491338582676
0
LINE
8
BLACK
6
CONTINUOUS
10
5.0272637795275585
20
-4.0075491338582676
11
5.0272637795275585
21
-3.9941015748031496
0
LINE
8
BLACK
6
CONTINUOUS
10
5.0272637795275585
20
-3.9941015748031496
11
5.0274544488188972
21
-3.9928974015748029
0
LINE
8
BLACK
6
CONTINUOUS
10
5.0274544488188972
20
-3.9928974015748029
11
5.0276167322834642
21
-3.992397834645669
0
LINE
8
BLACK
6
CONTINUOUS
10
5.0276167322834642
20
-3.992397834645669
11
5.0290324015748027
21
-3.99044905511811
0
LINE
8
BLACK
6
CONTINUOUS
10
5.0290324015748027
20
-3.99044905511811
11
5.0290559842519684
21
-3.9904319291338584
0
LINE
8
BLACK
6
CONTINUOUS
10
5.0290559842519684
20
-3.9904319291338584
11
5.0291953937007872
21
-3.9903307086614173
0
LINE
8
BLACK
6
CONTINUOUS
10
5.0291953937007872
20
-3.9903307086614173
11
5.03148594488189
21
-3.9895866141732284
0
LINE
8
BLACK
6
CONTINUOUS
10
5.03148594488189
20
-3.9895866141732284
11
5.0469614173228345
21
-3.9895866141732284
0
LINE
8
BLACK
6
CONTINUOUS
10
5.0469614173228345
20
-3.9895866141732284
11
5.0481656692913388
21
-3.9897772834645671
0
LINE
8
BLACK
6
CONTINUOUS
10
5.0481656692913388
20
-3.9897772834645671
11
5.0486652362204723
21
-3.9899396062992123
0
LINE
8
BLACK
6
CONTINUOUS
10
5.0486652362204723
20
-3.9899396062992123
11
5.0506140157480317
21
-3.9913554330708663
0
LINE
8
BLACK
6
CONTINUOUS
10
5.0506140157480317
20
-3.9913554330708663
11
5.0507319291338577
21
-3.9915177165354332
0
LINE
8
BLACK
6
CONTINUOUS
10
5.0507319291338577
20
-3.9915177165354332
11
5.0514763779527554
21
-3.9938086614173227
0
LINE
8
BLACK
6
CONTINUOUS
10
5.0514763779527554
20
-3.9938086614173227
11
5.0514763779527554
21
-4.0075493307086614
0
LINE
8
BLACK
6
CONTINUOUS
10
5.0514763779527554
20
-4.0075493307086614
11
5.0514764173228341
21
-4.0075495275590551
0
LINE
8
BLACK
6
CONTINUOUS
10
5.0514764173228341
20
-4.0075495275590551
11
5.0519343307086615
21
-4.0098514566929131
0
LINE
8
BLACK
6
CONTINUOUS
10
5.0519343307086615
20
-4.0098514566929131
11
5.0519343700787402
21
-4.0098516141732281
0
LINE
8
BLACK
6
CONTINUOUS
10
5.0519343700787402
20
-4.0098516141732281
11
5.0536790551181099
21
-4.0124626771653542
0
LINE
8
BLACK
6
CONTINUOUS
10
5.0536790551181099
20
-4.0124626771653542
11
5.056290118110236
21
-4.0142073622047247
0
LINE
8
BLACK
6
CONTINUOUS
10
5.056290118110236
20
-4.0142073622047247
11
5.0571653543307082
21
-4.014381456692913
0
LINE
8
BLACK
6
CONTINUOUS
10
5.0571653543307082
20
-4.014381456692913
11
5.0580404724409451
21
-4.0145555511811022
0
LINE
8
BLACK
6
CONTINUOUS
10
5.0580404724409451
20
-4.0145555511811022
11
5.0580405905511814
21
-4.0145555511811022
0
LINE
8
BLACK
6
CONTINUOUS
10
5.0580405905511814
20
-4.0145555511811022
11
5.0583527165354329
21
-4.0146176377952756
0
LINE
8
BLACK
6
CONTINUOUS
10
5.0583527165354329
20
-4.0146176377952756
11
5.0584379527559058
21
-4.0146401968503937
0
LINE
8
BLACK
6
CONTINUOUS
10
5.0584379527559058
20
-4.0146401968503937
11
5.0585241732283466
21
-4.0146542125984253
0
LINE
8
BLACK
6
CONTINUOUS
10
5.0585241732283466
20
-4.0146542125984253
11
5.0585858661417324
21
-4.0146653543307087
0
LINE
8
BLACK
6
CONTINUOUS
10
5.0585858661417324
20
-4.0146653543307087
11
5.0585925984251965
21
-4.0146653543307087
0
LINE
8
BLACK
6
CONTINUOUS
10
5.0585925984251965
20
-4.0146653543307087
11
5.0585926377952752
21
-4.0146653543307087
0
LINE
8
BLACK
6
CONTINUOUS
10
5.0585926377952752
20
-4.0146653543307087
11
5.1201475196850392
21
-4.0146653543307087
0
LINE
8
BLACK
6
CONTINUOUS
10
5.1201475196850392
20
-4.0146653543307087
11
5.120147559055118
21
-4.0146653543307087
0
LINE
8
BLACK
6
CONTINUOUS
10
5.120147559055118
20
-4.0146653543307087
11
5.1224500393700785
21
-4.0142073622047247
0
LINE
8
BLACK
6
CONTINUOUS
10
5.1224500393700785
20
-4.0142073622047247
11
5.1250611023622046
21
-4.0124626771653542
0
LINE
8
BLACK
6
CONTINUOUS
10
5.1250611023622046
20
-4.0124626771653542
11
5.1268057874015751
21
-4.0098516141732281
0
LINE
8
BLACK
6
CONTINUOUS
10
5.1268057874015751
20
-4.0098516141732281
11
5.1272637795275591
21
-4.0075491338582676
0
LINE
8
BLACK
6
CONTINUOUS
10
5.1272637795275591
20
-4.0075491338582676
11
5.1272637795275591
21
-3.9937078740157479
0
LINE
8
BLACK
6
CONTINUOUS
10
5.1272637795275591
20
-3.9937078740157479
11
5.1274544488188978
21
-3.9925037007874016
0
LINE
8
BLACK
6
CONTINUOUS
10
5.1274544488188978
20
-3.9925037007874016
11
5.1274888188976373
21
-3.9923979527559053
0
LINE
8
BLACK
6
CONTINUOUS
10
5.1274888188976373
20
-3.9923979527559053
11
5.1276167322834647
21
-3.9920041338582677
0
LINE
8
BLACK
6
CONTINUOUS
10
5.1276167322834647
20
-3.9920041338582677
11
5.1290324015748032
21
-3.9900553543307087
0
LINE
8
BLACK
6
CONTINUOUS
10
5.1290324015748032
20
-3.9900553543307087
11
5.1290559842519681
21
-3.9900382283464566
0
LINE
8
BLACK
6
CONTINUOUS
10
5.1290559842519681
20
-3.9900382283464566
11
5.1291953937007877
21
-3.9899370078740155
0
LINE
8
BLACK
6
CONTINUOUS
10
5.1291953937007877
20
-3.9899370078740155
11
5.1314859448818897
21
-3.9891929133858266
0
LINE
8
BLACK
6
CONTINUOUS
10
5.1314859448818897
20
-3.9891929133858266
11
5.2515861811023621
21
-3.9891929133858266
0
LINE
8
BLACK
6
CONTINUOUS
10
5.2515861811023621
20
-3.9891929133858266
11
5.2527905511811026
21
-3.9893836220472441
0
LINE
8
BLACK
6
CONTINUOUS
10
5.2527905511811026
20
-3.9893836220472441
11
5.2537049606299213
21
-3.9896807480314962
0
LINE
8
BLACK
6
CONTINUOUS
10
5.2537049606299213
20
-3.9896807480314962
11
5.2552565748031492
21
-3.9906315748031496
0
LINE
8
BLACK
6
CONTINUOUS
10
5.2552565748031492
20
-3.9906315748031496
11
5.2583458661417319
21
-3.9937208267716535
0
LINE
8
BLACK
6
CONTINUOUS
10
5.2583458661417319
20
-3.9937208267716535
11
5.2583675590551184
21
-3.9937364960629922
0
LINE
8
BLACK
6
CONTINUOUS
10
5.2583675590551184
20
-3.9937364960629922
11
5.2584463779527555
21
-3.993778897637795
0
LINE
8
BLACK
6
CONTINUOUS
10
5.2584463779527555
20
-3.993778897637795
11
5.2632878346456691
21
-3.9965740944881887
0
LINE
8
BLACK
6
CONTINUOUS
10
5.2632878346456691
20
-3.9965740944881887
11
5.2632878740157478
21
-3.9965740944881887
0
LINE
8
BLACK
6
CONTINUOUS
10
5.2632878740157478
20
-3.9965740944881887
11
5.2632879921259841
21
-3.9965741732283462
0
LINE
8
BLACK
6
CONTINUOUS
10
5.2632879921259841
20
-3.9965741732283462
11
5.2688001968503935
21
-3.9980511811023622
0
LINE
8
BLACK
6
CONTINUOUS
10
5.2688001968503935
20
-3.9980511811023622
11
5.2688002362204722
21
-3.9980511811023622
0
LINE
8
BLACK
6
CONTINUOUS
10
5.2688002362204722
20
-3.9980511811023622
11
5.2745068503937009
21
-3.9980511811023622
0
LINE
8
BLACK
6
CONTINUOUS
10
5.2745068503937009
20
-3.9980511811023622
11
5.2745068897637797
21
-3.9980511811023622
0
LINE
8
BLACK
6
CONTINUOUS
10
5.2745068897637797
20
-3.9980511811023622
11
5.2800190944881891
21
-3.9965741732283462
0
LINE
8
BLACK
6
CONTINUOUS
10
5.2800190944881891
20
-3.9965741732283462
11
5.2800191338582678
21
-3.9965741338582674
0
LINE
8
BLACK
6
CONTINUOUS
10
5.2800191338582678
20
-3.9965741338582674
11
5.2800192125984253
21
-3.9965740944881887
0
LINE
8
BLACK
6
CONTINUOUS
10
5.2800192125984253
20
-3.9965740944881887
11
5.2800192519685041
21
-3.9965740944881887
0
LINE
8
BLACK
6
CONTINUOUS
10
5.2800192519685041
20
-3.9965740944881887
11
5.2847196850393701
21
-3.993860275590551
0
LINE
8
BLACK
6
CONTINUOUS
10
5.2847196850393701
20
-3.993860275590551
11
5.2848333858267713
21
-3.9938050393700788
0
LINE
8
BLACK
6
CONTINUOUS
10
5.2848333858267713
20
-3.9938050393700788
11
5.2848643307086611
21
-3.9937846850393699
0
LINE
8
BLACK
6
CONTINUOUS
10
5.2848643307086611
20
-3.9937846850393699
11
5.285061535433071
21
-3.9936628740157478
0
LINE
8
BLACK
6
CONTINUOUS
10
5.285061535433071
20
-3.9936628740157478
11
5.2851126771653538
21
-3.9936333070866139
0
LINE
8
BLACK
6
CONTINUOUS
10
5.2851126771653538
20
-3.9936333070866139
11
5.2853236220472439
21
-3.9933583858267716
0
LINE
8
BLACK
6
CONTINUOUS
10
5.2853236220472439
20
-3.9933583858267716
11
5.2889964173228341
21
-3.9896856299212597
0
LINE
8
BLACK
6
CONTINUOUS
10
5.2889964173228341
20
-3.9896856299212597
11
5.2918497637795276
21
-3.9847435039370076
0
LINE
8
BLACK
6
CONTINUOUS
10
5.2918497637795276
20
-3.9847435039370076
11
5.2933267716535433
21
-3.9792312992125982
0
LINE
8
BLACK
6
CONTINUOUS
10
5.2933267716535433
20
-3.9792312992125982
11
5.2933267716535433
21
-3.9735246062992124
0
LINE
8
BLACK
6
CONTINUOUS
10
5.2933267716535433
20
-3.9735246062992124
11
5.2918497637795276
21
-3.9680124015748031
0
LINE
8
BLACK
6
CONTINUOUS
10
5.2918497637795276
20
-3.9680124015748031
11
5.2918496850393701
21
-3.9680122834645668
0
LINE
8
BLACK
6
CONTINUOUS
10
5.2918496850393701
20
-3.9680122834645668
11
5.2918496850393701
21
-3.9680122047244093
0
LINE
8
BLACK
6
CONTINUOUS
10
5.2918496850393701
20
-3.9680122047244093
11
5.2918494881889764
21
-3.9680118897637793
0
LINE
8
BLACK
6
CONTINUOUS
10
5.2918494881889764
20
-3.9680118897637793
11
5.2918368503937003
21
-3.9679839370078738
0
LINE
8
BLACK
6
CONTINUOUS
10
5.2918368503937003
20
-3.9679839370078738
11
5.2917872834645667
21
-3.9679040944881887
0
LINE
8
BLACK
6
CONTINUOUS
10
5.2917872834645667
20
-3.9679040944881887
11
5.2890545275590553
21
-3.9631708267716537
0
LINE
8
BLACK
6
CONTINUOUS
10
5.2890545275590553
20
-3.9631708267716537
11
5.2890545275590553
21
-3.963170866141732
0
LINE
8
BLACK
6
CONTINUOUS
10
5.2890545275590553
20
-3.963170866141732
11
5.2889965354330704
21
-3.9630704330708659
0
LINE
8
BLACK
6
CONTINUOUS
10
5.2889965354330704
20
-3.9630704330708659
11
5.2889964566929129
21
-3.9630703543307084
0
LINE
8
BLACK
6
CONTINUOUS
10
5.2889964566929129
20
-3.9630703543307084
11
5.2889964173228341
21
-3.9630702755905509
0
LINE
8
BLACK
6
CONTINUOUS
10
5.2889964173228341
20
-3.9630702755905509
11
5.2849612204724412
21
-3.9590350787401576
0
LINE
8
BLACK
6
CONTINUOUS
10
5.2849612204724412
20
-3.9590350787401576
11
5.284961102362205
21
-3.9590350000000001
0
LINE
8
BLACK
6
CONTINUOUS
10
5.284961102362205
20
-3.9590350000000001
11
5.2849610236220474
21
-3.9590349212598426
0
LINE
8
BLACK
6
CONTINUOUS
10
5.2849610236220474
20
-3.9590349212598426
11
5.2849609842519687
21
-3.9590348818897638
0
LINE
8
BLACK
6
CONTINUOUS
10
5.2849609842519687
20
-3.9590348818897638
11
5.2822746062992127
21
-3.9574838976377951
0
LINE
8
BLACK
6
CONTINUOUS
10
5.2822746062992127
20
-3.9574838976377951
11
5.2814464960629923
21
-3.9565641732283465
0
LINE
8
BLACK
6
CONTINUOUS
10
5.2814464960629923
20
-3.9565641732283465
11
5.2764880708661419
21
-3.9552355905511809
0
LINE
8
BLACK
6
CONTINUOUS
10
5.2764880708661419
20
-3.9552355905511809
11
5.2764880314960632
21
-3.9552355511811021
0
LINE
8
BLACK
6
CONTINUOUS
10
5.2764880314960632
20
-3.9552355511811021
11
5.275037716535433
21
-3.9548469291338582
0
LINE
8
BLACK
6
CONTINUOUS
10
5.275037716535433
20
-3.9548469291338582
11
5.2745068897637797
21
-3.9547047244094489
0
LINE
8
BLACK
6
CONTINUOUS
10
5.2745068897637797
20
-3.9547047244094489
11
5.2745068503937009
21
-3.9547047244094489
0
LINE
8
BLACK
6
CONTINUOUS
10
5.2745068503937009
20
-3.9547047244094489
11
5.2688002362204722
21
-3.9547047244094489
0
LINE
8
BLACK
6
CONTINUOUS
10
5.2688002362204722
20
-3.9547047244094489
11
5.2688001968503935
21
-3.9547047244094489
0
LINE
8
BLACK
6
CONTINUOUS
10
5.2688001968503935
20
-3.9547047244094489
11
5.2683815748031497
21
-3.9548168503937009
0
LINE
8
BLACK
6
CONTINUOUS
10
5.2683815748031497
20
-3.9548168503937009
11
5.2668192913385825
21
-3.9552354724409446
0
LINE
8
BLACK
6
CONTINUOUS
10
5.2668192913385825
20
-3.9552354724409446
11
5.2668192913385825
21
-3.9552355118110234
0
LINE
8
BLACK
6
CONTINUOUS
10
5.2668192913385825
20
-3.9552355118110234
11
5.2632877952755903
21
-3.9561817716535432
0
LINE
8
BLACK
6
CONTINUOUS
10
5.2632877952755903
20
-3.9561817716535432
11
5.2632877165354328
21
-3.9561817716535432
0
LINE
8
BLACK
6
CONTINUOUS
10
5.2632877165354328
20
-3.9561817716535432
11
5.2632875590551178
21
-3.9561818503937007
0
LINE
8
BLACK
6
CONTINUOUS
10
5.2632875590551178
20
-3.9561818503937007
11
5.2584535826771654
21
-3.9589727559055117
0
LINE
8
BLACK
6
CONTINUOUS
10
5.2584535826771654
20
-3.9589727559055117
11
5.2584533858267717
21
-3.9589729133858267
0
LINE
8
BLACK
6
CONTINUOUS
10
5.2584533858267717
20
-3.9589729133858267
11
5.2583460236220469
21
-3.9590349212598426
0
LINE
8
BLACK
6
CONTINUOUS
10
5.2583460236220469
20
-3.9590349212598426
11
5.2583459842519682
21
-3.9590349606299213
0
LINE
8
BLACK
6
CONTINUOUS
10
5.2583459842519682
20
-3.9590349606299213
11
5.2583458661417319
21
-3.9590350393700788
0
LINE
8
BLACK
6
CONTINUOUS
10
5.2583458661417319
20
-3.9590350393700788
11
5.2583458661417319
21
-3.9590350787401576
0
LINE
8
BLACK
6
CONTINUOUS
10
5.2583458661417319
20
-3.9590350787401576
11
5.2578818110236218
21
-3.9594990944881889
0
LINE
8
BLACK
6
CONTINUOUS
10
5.2578818110236218
20
-3.9594990944881889
11
5.2578809055118105
21
-3.959499960629921
0
LINE
8
BLACK
6
CONTINUOUS
10
5.2578809055118105
20
-3.959499960629921
11
5.255395984251968
21
-3.9619848818897636
0
LINE
8
BLACK
6
CONTINUOUS
10
5.255395984251968
20
-3.9619848818897636
11
5.254409527559055
21
-3.9627015748031496
0
LINE
8
BLACK
6
CONTINUOUS
10
5.254409527559055
20
-3.9627015748031496
11
5.253552834645669
21
-3.9631381102362204
0
LINE
8
BLACK
6
CONTINUOUS
10
5.253552834645669
20
-3.9631381102362204
11
5.2517832677165357
21
-3.9635629921259841
0
LINE
8
BLACK
6
CONTINUOUS
10
5.2517832677165357
20
-3.9635629921259841
11
5.1317787401574799
21
-3.9635629921259841
0
LINE
8
BLACK
6
CONTINUOUS
10
5.1317787401574799
20
-3.9635629921259841
11
5.1305742913385828
21
-3.9633722047244095
0
LINE
8
BLACK
6
CONTINUOUS
10
5.1305742913385828
20
-3.9633722047244095
11
5.1300748425196847
21
-3.9632099212598426
0
LINE
8
BLACK
6
CONTINUOUS
10
5.1300748425196847
20
-3.9632099212598426
11
5.1281260236220474
21
-3.9617940157480316
0
LINE
8
BLACK
6
CONTINUOUS
10
5.1281260236220474
20
-3.9617940157480316
11
5.1281257480314961
21
-3.9617936220472441
0
LINE
8
BLACK
6
CONTINUOUS
10
5.1281257480314961
20
-3.9617936220472441
11
5.128007874015748
21
-3.9616313385826771
0
LINE
8
BLACK
6
CONTINUOUS
10
5.128007874015748
20
-3.9616313385826771
11
5.1272637795275591
21
-3.9593407874015747
0
LINE
8
BLACK
6
CONTINUOUS
10
5.1272637795275591
20
-3.9593407874015747
11
5.1272637795275591
21
-3.9459941338582678
0
LINE
8
BLACK
6
CONTINUOUS
10
5.1272637795275591
20
-3.9459941338582678
11
5.1272637401574803
21
-3.9459940944881891
0
LINE
8
BLACK
6
CONTINUOUS
10
5.1272637401574803
20
-3.9459940944881891
11
5.1272637007874016
21
-3.9459937401574803
0
LINE
8
BLACK
6
CONTINUOUS
10
5.1272637007874016
20
-3.9459937401574803
11
5.1271540157480313
21
-3.9454423622047243
0
LINE
8
BLACK
6
CONTINUOUS
10
5.1271540157480313
20
-3.9454423622047243
11
5.1271540157480313
21
-3.9454422047244093
0
LINE
8
BLACK
6
CONTINUOUS
10
5.1271540157480313
20
-3.9454422047244093
11
5.1268058661417317
21
-3.9436920472440944
0
LINE
8
BLACK
6
CONTINUOUS
10
5.1268058661417317
20
-3.9436920472440944
11
5.1268057874015751
21
-3.9436916929133856
0
LINE
8
BLACK
6
CONTINUOUS
10
5.1268057874015751
20
-3.9436916929133856
11
5.1250611023622046
21
-3.94108062992126
0
LINE
8
BLACK
6
CONTINUOUS
10
5.1250611023622046
20
-3.94108062992126
11
5.1250609448818896
21
-3.9410805118110237
0
LINE
8
BLACK
6
CONTINUOUS
10
5.1250609448818896
20
-3.9410805118110237
11
5.1250607874015746
21
-3.9410803937007874
0
LINE
8
BLACK
6
CONTINUOUS
10
5.1250607874015746
20
-3.9410803937007874
11
5.1224500787401572
21
-3.9393359448818899
0
LINE
8
BLACK
6
CONTINUOUS
10
5.1224500787401572
20
-3.9393359448818899
11
5.1224498818897635
21
-3.9393358661417324
0
LINE
8
BLACK
6
CONTINUOUS
10
5.1224498818897635
20
-3.9393358661417324
11
5.1224419291338581
21
-3.9393331889763781
0
LINE
8
BLACK
6
CONTINUOUS
10
5.1224419291338581
20
-3.9393331889763781
11
5.1223814173228348
21
-3.9393222834645667
0
LINE
8
BLACK
6
CONTINUOUS
10
5.1223814173228348
20
-3.9393222834645667
11
5.120148346456693
21
-3.9388780708661417
0
LINE
8
BLACK
6
CONTINUOUS
10
5.120148346456693
20
-3.9388780708661417
11
5.1201479527559055
21
-3.9388779921259842
0
LINE
8
BLACK
6
CONTINUOUS
10
5.1201479527559055
20
-3.9388779921259842
11
5.1201477559055117
21
-3.9388779527559055
0
LINE
8
BLACK
6
CONTINUOUS
10
5.1201477559055117
20
-3.9388779527559055
11
5.1201476377952755
21
-3.9388779527559055
0
LINE
8
BLACK
6
CONTINUOUS
10
5.1201476377952755
20
-3.9388779527559055
11
5.120147559055118
21
-3.9388779527559055
0
LINE
8
BLACK
6
CONTINUOUS
10
5.120147559055118
20
-3.9388779527559055
11
5.0585925984251965
21
-3.9388779527559055
0
LINE
8
BLACK
6
CONTINUOUS
10
5.0585925984251965
20
-3.9388779527559055
11
5.0585925590551177
21
-3.9388779527559055
0
LINE
8
BLACK
6
CONTINUOUS
10
5.0585925590551177
20
-3.9388779527559055
11
5.0585923228346452
21
-3.9388779527559055
0
LINE
8
BLACK
6
CONTINUOUS
10
5.0585923228346452
20
-3.9388779527559055
11
5.0562904724409448
21
-3.9393358267716536
0
LINE
8
BLACK
6
CONTINUOUS
10
5.0562904724409448
20
-3.9393358267716536
11
5.0562898818897635
21
-3.9393360236220469
0
LINE
8
BLACK
6
CONTINUOUS
10
5.0562898818897635
20
-3.9393360236220469
11
5.0536792913385824
21
-3.9410803937007874
0
LINE
8
BLACK
6
CONTINUOUS
10
5.0536792913385824
20
-3.9410803937007874
11
5.0536788188976374
21
-3.941080866141732
0
LINE
8
BLACK
6
CONTINUOUS
10
5.0536788188976374
20
-3.941080866141732
11
5.0519344488188977
21
-3.9436914566929131
0
LINE
8
BLACK
6
CONTINUOUS
10
5.0519344488188977
20
-3.9436914566929131
11
5.051934251968504
21
-3.9436920472440944
0
LINE
8
BLACK
6
CONTINUOUS
10
5.051934251968504
20
-3.9436920472440944
11
5.0514763779527554
21
-3.9459938976377953
0
LINE
8
BLACK
6
CONTINUOUS
10
5.0514763779527554
20
-3.9459938976377953
11
5.0514763779527554
21
-3.9594416929133858
0
LINE
8
BLACK
6
CONTINUOUS
10
5.0514763779527554
20
-3.9594416929133858
11
5.0512855905511813
21
-3.9606461417322834
0
LINE
8
BLACK
6
CONTINUOUS
10
5.0512855905511813
20
-3.9606461417322834
11
5.0511233070866144
21
-3.961145590551181
0
LINE
8
BLACK
6
CONTINUOUS
10
5.0511233070866144
20
-3.961145590551181
11
5.0497078740157475
21
-3.96309405511811
0
LINE
8
BLACK
6
CONTINUOUS
10
5.0497078740157475
20
-3.96309405511811
11
5.0495456299212593
21
-3.9632119685039369
0
LINE
8
BLACK
6
CONTINUOUS
10
5.0495456299212593
20
-3.9632119685039369
11
5.0472547637795273
21
-3.9639566929133858
0
LINE
8
BLACK
6
CONTINUOUS
10
5.0472547637795273
20
-3.9639566929133858
11
5.0317787401574803
21
-3.9639566929133858
0
LINE
8
BLACK
6
CONTINUOUS
10
5.0317787401574803
20
-3.9639566929133858
11
5.0305742913385822
21
-3.9637659055118108
0
LINE
8
BLACK
6
CONTINUOUS
10
5.0305742913385822
20
-3.9637659055118108
11
5.0300748425196851
21
-3.9636036220472439
0
LINE
8
BLACK
6
CONTINUOUS
10
5.0300748425196851
20
-3.9636036220472439
11
5.0300746456692913
21
-3.9636035039370077
0
LINE
8
BLACK
6
CONTINUOUS
10
5.0300746456692913
20
-3.9636035039370077
11
5.0300744094488188
21
-3.9636035039370077
0
LINE
8
BLACK
6
CONTINUOUS
10
5.0300744094488188
20
-3.9636035039370077
11
5.0300743307086613
21
-3.9636034645669289
0
LINE
8
BLACK
6
CONTINUOUS
10
5.0300743307086613
20
-3.9636034645669289
11
5.0289539763779523
21
-3.9627892519685037
0
LINE
8
BLACK
6
CONTINUOUS
10
5.0289539763779523
20
-3.9627892519685037
11
5.0281260236220469
21
-3.9621877165354329
0
LINE
8
BLACK
6
CONTINUOUS
10
5.0281260236220469
20
-3.9621877165354329
11
5.0281257480314956
21
-3.9621873228346454
0
LINE
8
BLACK
6
CONTINUOUS
10
5.0281257480314956
20
-3.9621873228346454
11
5.0280078740157483
21
-3.9620250393700784
0
LINE
8
BLACK
6
CONTINUOUS
10
5.0280078740157483
20
-3.9620250393700784
11
5.0279327165354326
21
-3.9617936220472441
0
LINE
8
BLACK
6
CONTINUOUS
10
5.0279327165354326
20
-3.9617936220472441
11
5.0272637795275585
21
-3.9597344881889764
0
LINE
8
BLACK
6
CONTINUOUS
10
5.0272637795275585
20
-3.9597344881889764
11
5.0272637795275585
21
-3.9459941338582678
0
LINE
8
BLACK
6
CONTINUOUS
10
5.0272637795275585
20
-3.9459941338582678
11
5.0272637401574798
21
-3.9459940944881891
0
LINE
8
BLACK
6
CONTINUOUS
10
5.0272637401574798
20
-3.9459940944881891
11
5.027263700787401
21
-3.9459937401574803
0
LINE
8
BLACK
6
CONTINUOUS
10
5.027263700787401
20
-3.9459937401574803
11
5.0271540157480317
21
-3.9454423622047243
0
LINE
8
BLACK
6
CONTINUOUS
10
5.0271540157480317
20
-3.9454423622047243
11
5.0271540157480317
21
-3.9454422047244093
0
LINE
8
BLACK
6
CONTINUOUS
10
5.0271540157480317
20
-3.9454422047244093
11
5.0268058661417321
21
-3.9436920472440944
0
LINE
8
BLACK
6
CONTINUOUS
10
5.0268058661417321
20
-3.9436920472440944
11
5.0268057874015746
21
-3.9436916929133856
0
LINE
8
BLACK
6
CONTINUOUS
10
5.0268057874015746
20
-3.9436916929133856
11
5.0250611023622049
21
-3.94108062992126
0
LINE
8
BLACK
6
CONTINUOUS
10
5.0250611023622049
20
-3.94108062992126
11
5.0250609448818899
21
-3.9410805118110237
0
LINE
8
BLACK
6
CONTINUOUS
10
5.0250609448818899
20
-3.9410805118110237
11
5.0250607874015749
21
-3.9410803937007874
0
LINE
8
BLACK
6
CONTINUOUS
10
5.0250607874015749
20
-3.9410803937007874
11
5.0224500787401576
21
-3.9393359448818899
0
LINE
8
BLACK
6
CONTINUOUS
10
5.0224500787401576
20
-3.9393359448818899
11
5.0224498818897638
21
-3.9393358661417324
0
LINE
8
BLACK
6
CONTINUOUS
10
5.0224498818897638
20
-3.9393358661417324
11
5.0224419291338585
21
-3.9393331889763781
0
LINE
8
BLACK
6
CONTINUOUS
10
5.0224419291338585
20
-3.9393331889763781
11
5.0223814173228343
21
-3.9393222834645667
0
LINE
8
BLACK
6
CONTINUOUS
10
5.0223814173228343
20
-3.9393222834645667
11
5.0201483464566925
21
-3.9388780708661417
0
LINE
8
BLACK
6
CONTINUOUS
10
5.0201483464566925
20
-3.9388780708661417
11
5.020147952755905
21
-3.9388779921259842
0
LINE
8
BLACK
6
CONTINUOUS
10
5.020147952755905
20
-3.9388779921259842
11
5.0201477559055121
21
-3.9388779527559055
0
LINE
8
BLACK
6
CONTINUOUS
10
5.0201477559055121
20
-3.9388779527559055
11
5.0201476377952758
21
-3.9388779527559055
0
LINE
8
BLACK
6
CONTINUOUS
10
5.0201476377952758
20
-3.9388779527559055
11
5.0201475590551183
21
-3.9388779527559055
0
LINE
8
BLACK
6
CONTINUOUS
10
5.0201475590551183
20
-3.9388779527559055
11
4.9585925984251968
21
-3.9388779527559055
0
LINE
8
BLACK
6
CONTINUOUS
10
4.9585925984251968
20
-3.9388779527559055
11
4.9585925590551181
21
-3.9388779527559055
0
LINE
8
BLACK
6
CONTINUOUS
10
4.9585925590551181
20
-3.9388779527559055
11
4.9585923228346456
21
-3.9388779527559055
0
LINE
8
BLACK
6
CONTINUOUS
10
4.9585923228346456
20
-3.9388779527559055
11
4.9562904724409451
21
-3.9393358267716536
0
LINE
8
BLACK
6
CONTINUOUS
10
4.9562904724409451
20
-3.9393358267716536
11
4.9562898818897638
21
-3.9393360236220469
0
LINE
8
BLACK
6
CONTINUOUS
10
4.9562898818897638
20
-3.9393360236220469
11
4.9536792913385828
21
-3.9410803937007874
0
LINE
8
BLACK
6
CONTINUOUS
10
4.9536792913385828
20
-3.9410803937007874
11
4.9536788188976377
21
-3.941080866141732
0
LINE
8
BLACK
6
CONTINUOUS
10
4.9536788188976377
20
-3.941080866141732
11
4.9519344488188972
21
-3.9436914566929131
0
LINE
8
BLACK
6
CONTINUOUS
10
4.9519344488188972
20
-3.9436914566929131
11
4.9519342519685035
21
-3.9436920472440944
0
LINE
8
BLACK
6
CONTINUOUS
10
4.9519342519685035
20
-3.9436920472440944
11
4.9514763779527557
21
-3.9459938976377953
0
LINE
8
BLACK
6
CONTINUOUS
10
4.9514763779527557
20
-3.9459938976377953
11
4.9514763779527557
21
-4.0075493307086614
0
LINE
8
BLACK
6
CONTINUOUS
10
4.9514763779527557
20
-3.9075493307086613
11
4.9514764173228345
21
-3.907549527559055
0
LINE
8
BLACK
6
CONTINUOUS
10
4.9514764173228345
20
-3.907549527559055
11
4.951934330708661
21
-3.9098514566929135
0
LINE
8
BLACK
6
CONTINUOUS
10
4.951934330708661
20
-3.9098514566929135
11
4.9519343700787397
21
-3.9098516141732285
0
LINE
8
BLACK
6
CONTINUOUS
10
4.9519343700787397
20
-3.9098516141732285
11
4.9536790551181102
21
-3.9124626771653541
0
LINE
8
BLACK
6
CONTINUOUS
10
4.9536790551181102
20
-3.9124626771653541
11
4.9562901181102363
21
-3.9142073622047242
0
LINE
8
BLACK
6
CONTINUOUS
10
4.9562901181102363
20
-3.9142073622047242
11
4.9571653543307086
21
-3.9143814566929134
0
LINE
8
BLACK
6
CONTINUOUS
10
4.9571653543307086
20
-3.9143814566929134
11
4.9580404724409446
21
-3.9145555511811021
0
LINE
8
BLACK
6
CONTINUOUS
10
4.9580404724409446
20
-3.9145555511811021
11
4.9580405905511808
21
-3.9145555511811021
0
LINE
8
BLACK
6
CONTINUOUS
10
4.9580405905511808
20
-3.9145555511811021
11
4.9583527165354333
21
-3.9146176377952755
0
LINE
8
BLACK
6
CONTINUOUS
10
4.9583527165354333
20
-3.9146176377952755
11
4.9584379527559053
21
-3.9146401968503937
0
LINE
8
BLACK
6
CONTINUOUS
10
4.9584379527559053
20
-3.9146401968503937
11
4.958524173228346
21
-3.9146542125984252
0
LINE
8
BLACK
6
CONTINUOUS
10
4.958524173228346
20
-3.9146542125984252
11
4.9585858661417319
21
-3.9146653543307086
0
LINE
8
BLACK
6
CONTINUOUS
10
4.9585858661417319
20
-3.9146653543307086
11
4.9585925984251968
21
-3.9146653543307086
0
LINE
8
BLACK
6
CONTINUOUS
10
4.9585925984251968
20
-3.9146653543307086
11
4.9585926377952756
21
-3.9146653543307086
0
LINE
8
BLACK
6
CONTINUOUS
10
4.9585926377952756
20
-3.9146653543307086
11
5.0201475196850396
21
-3.9146653543307086
0
LINE
8
BLACK
6
CONTINUOUS
10
5.0201475196850396
20
-3.9146653543307086
11
5.0201475590551183
21
-3.9146653543307086
0
LINE
8
BLACK
6
CONTINUOUS
10
5.0201475590551183
20
-3.9146653543307086
11
5.0224500393700788
21
-3.9142073622047242
0
LINE
8
BLACK
6
CONTINUOUS
10
5.0224500393700788
20
-3.9142073622047242
11
5.0250611023622049
21
-3.9124626771653541
0
LINE
8
BLACK
6
CONTINUOUS
10
5.0250611023622049
20
-3.9124626771653541
11
5.0268057874015746
21
-3.9098516141732285
0
LINE
8
BLACK
6
CONTINUOUS
10
5.0268057874015746
20
-3.9098516141732285
11
5.0272637795275585
21
-3.9075491338582675
0
LINE
8
BLACK
6
CONTINUOUS
10
5.0272637795275585
20
-3.9075491338582675
11
5.0272637795275585
21
-3.8941015748031496
0
LINE
8
BLACK
6
CONTINUOUS
10
5.0272637795275585
20
-3.8941015748031496
11
5.0274544488188972
21
-3.8928974015748032
0
LINE
8
BLACK
6
CONTINUOUS
10
5.0274544488188972
20
-3.8928974015748032
11
5.0276167322834642
21
-3.8923978346456694
0
LINE
8
BLACK
6
CONTINUOUS
10
5.0276167322834642
20
-3.8923978346456694
11
5.0290324015748027
21
-3.8904490551181103
0
LINE
8
BLACK
6
CONTINUOUS
10
5.0290324015748027
20
-3.8904490551181103
11
5.0290559842519684
21
-3.8904319291338583
0
LINE
8
BLACK
6
CONTINUOUS
10
5.0290559842519684
20
-3.8904319291338583
11
5.0291953937007872
21
-3.8903307086614172
0
LINE
8
BLACK
6
CONTINUOUS
10
5.0291953937007872
20
-3.8903307086614172
11
5.03148594488189
21
-3.8895866141732283
0
LINE
8
BLACK
6
CONTINUOUS
10
5.03148594488189
20
-3.8895866141732283
11
5.0469614173228345
21
-3.8895866141732283
0
LINE
8
BLACK
6
CONTINUOUS
10
5.0469614173228345
20
-3.8895866141732283
11
5.0481656692913388
21
-3.889777283464567
0
LINE
8
BLACK
6
CONTINUOUS
10
5.0481656692913388
20
-3.889777283464567
11
5.0486652362204723
21
-3.8899396062992126
0
LINE
8
BLACK
6
CONTINUOUS
10
5.0486652362204723
20
-3.8899396062992126
11
5.0506140157480317
21
-3.8913554330708662
0
LINE
8
BLACK
6
CONTINUOUS
10
5.0506140157480317
20
-3.8913554330708662
11
5.0507319291338577
21
-3.8915177165354331
0
LINE
8
BLACK
6
CONTINUOUS
10
5.0507319291338577
20
-3.8915177165354331
11
5.0514763779527554
21
-3.8938086614173226
0
LINE
8
BLACK
6
CONTINUOUS
10
5.0514763779527554
20
-3.8938086614173226
11
5.0514763779527554
21
-3.9075493307086613
0
LINE
8
BLACK
6
CONTINUOUS
10
5.0514763779527554
20
-3.9075493307086613
11
5.0514764173228341
21
-3.907549527559055
0
LINE
8
BLACK
6
CONTINUOUS
10
5.0514764173228341
20
-3.907549527559055
11
5.0519343307086615
21
-3.9098514566929135
0
LINE
8
BLACK
6
CONTINUOUS
10
5.0519343307086615
20
-3.9098514566929135
11
5.0519343700787402
21
-3.9098516141732285
0
LINE
8
BLACK
6
CONTINUOUS
10
5.0519343700787402
20
-3.9098516141732285
11
5.0536790551181099
21
-3.9124626771653541
0
LINE
8
BLACK
6
CONTINUOUS
10
5.0536790551181099
20
-3.9124626771653541
11
5.056290118110236
21
-3.9142073622047242
0
LINE
8
BLACK
6
CONTINUOUS
10
5.056290118110236
20
-3.9142073622047242
11
5.0571653543307082
21
-3.9143814566929134
0
LINE
8
BLACK
6
CONTINUOUS
10
5.0571653543307082
20
-3.9143814566929134
11
5.0580404724409451
21
-3.9145555511811021
0
LINE
8
BLACK
6
CONTINUOUS
10
5.0580404724409451
20
-3.9145555511811021
11
5.0580405905511814
21
-3.9145555511811021
0
LINE
8
BLACK
6
CONTINUOUS
10
5.0580405905511814
20
-3.9145555511811021
11
5.0583527165354329
21
-3.9146176377952755
0
LINE
8
BLACK
6
CONTINUOUS
10
5.0583527165354329
20
-3.9146176377952755
11
5.0584379527559058
21
-3.9146401968503937
0
LINE
8
BLACK
6
CONTINUOUS
10
5.0584379527559058
20
-3.9146401968503937
11
5.0585241732283466
21
-3.9146542125984252
0
LINE
8
BLACK
6
CONTINUOUS
10
5.0585241732283466
20
-3.9146542125984252
11
5.0585858661417324
21
-3.9146653543307086
0
LINE
8
BLACK
6
CONTINUOUS
10
5.0585858661417324
20
-3.9146653543307086
11
5.0585925984251965
21
-3.9146653543307086
0
LINE
8
BLACK
6
CONTINUOUS
10
5.0585925984251965
20
-3.9146653543307086
11
5.0585926377952752
21
-3.9146653543307086
0
LINE
8
BLACK
6
CONTINUOUS
10
5.0585926377952752
20
-3.9146653543307086
11
5.1201475196850392
21
-3.9146653543307086
0
LINE
8
BLACK
6
CONTINUOUS
10
5.1201475196850392
20
-3.9146653543307086
11
5.120147559055118
21
-3.9146653543307086
0
LINE
8
BLACK
6
CONTINUOUS
10
5.120147559055118
20
-3.9146653543307086
11
5.1224500393700785
21
-3.9142073622047242
0
LINE
8
BLACK
6
CONTINUOUS
10
5.1224500393700785
20
-3.9142073622047242
11
5.1250611023622046
21
-3.9124626771653541
0
LINE
8
BLACK
6
CONTINUOUS
10
5.1250611023622046
20
-3.9124626771653541
11
5.1268057874015751
21
-3.9098516141732285
0
LINE
8
BLACK
6
CONTINUOUS
10
5.1268057874015751
20
-3.9098516141732285
11
5.1272637795275591
21
-3.9075491338582675
0
LINE
8
BLACK
6
CONTINUOUS
10
5.1272637795275591
20
-3.9075491338582675
11
5.1272637795275591
21
-3.8952826771653544
0
LINE
8
BLACK
6
CONTINUOUS
10
5.1272637795275591
20
-3.8952826771653544
11
5.1274544488188978
21
-3.8940785039370076
0
LINE
8
BLACK
6
CONTINUOUS
10
5.1274544488188978
20
-3.8940785039370076
11
5.1276167322834647
21
-3.8935789370078737
0
LINE
8
BLACK
6
CONTINUOUS
10
5.1276167322834647
20
-3.8935789370078737
11
5.1290324015748032
21
-3.8916301574803147
0
LINE
8
BLACK
6
CONTINUOUS
10
5.1290324015748032
20
-3.8916301574803147
11
5.1291872440944877
21
-3.8915177165354331
0
LINE
8
BLACK
6
CONTINUOUS
10
5.1291872440944877
20
-3.8915177165354331
11
5.1291953937007877
21
-3.891511811023622
0
LINE
8
BLACK
6
CONTINUOUS
10
5.1291953937007877
20
-3.891511811023622
11
5.1314859448818897
21
-3.8907677165354331
0
LINE
8
BLACK
6
CONTINUOUS
10
5.1314859448818897
20
-3.8907677165354331
11
5.2515861811023621
21
-3.8907677165354331
0
LINE
8
BLACK
6
CONTINUOUS
10
5.2515861811023621
20
-3.8907677165354331
11
5.2527905511811026
21
-3.8909584251968501
0
LINE
8
BLACK
6
CONTINUOUS
10
5.2527905511811026
20
-3.8909584251968501
11
5.2537049606299213
21
-3.8912555511811022
0
LINE
8
BLACK
6
CONTINUOUS
10
5.2537049606299213
20
-3.8912555511811022
11
5.2552565748031492
21
-3.892206377952756
0
LINE
8
BLACK
6
CONTINUOUS
10
5.2552565748031492
20
-3.892206377952756
11
5.2583458661417319
21
-3.8952956299212596
0
LINE
8
BLACK
6
CONTINUOUS
10
5.2583458661417319
20
-3.8952956299212596
11
5.2583675590551184
21
-3.8953112992125982
0
LINE
8
BLACK
6
CONTINUOUS
10
5.2583675590551184
20
-3.8953112992125982
11
5.2584463779527555
21
-3.8953537007874015
0
LINE
8
BLACK
6
CONTINUOUS
10
5.2584463779527555
20
-3.8953537007874015
11
5.2632878346456691
21
-3.8981488976377952
0
LINE
8
BLACK
6
CONTINUOUS
10
5.2632878346456691
20
-3.8981488976377952
11
5.2632878740157478
21
-3.8981488976377952
0
LINE
8
BLACK
6
CONTINUOUS
10
5.2632878740157478
20
-3.8981488976377952
11
5.2632879921259841
21
-3.8981489763779527
0
LINE
8
BLACK
6
CONTINUOUS
10
5.2632879921259841
20
-3.8981489763779527
11
5.2688001968503935
21
-3.8996259842519683
0
LINE
8
BLACK
6
CONTINUOUS
10
5.2688001968503935
20
-3.8996259842519683
11
5.2688002362204722
21
-3.8996259842519683
0
LINE
8
BLACK
6
CONTINUOUS
10
5.2688002362204722
20
-3.8996259842519683
11
5.2745068503937009
21
-3.8996259842519683
0
LINE
8
BLACK
6
CONTINUOUS
10
5.2745068503937009
20
-3.8996259842519683
11
5.2745068897637797
21
-3.8996259842519683
0
LINE
8
BLACK
6
CONTINUOUS
10
5.2745068897637797
20
-3.8996259842519683
11
5.2800190944881891
21
-3.8981489763779527
0
LINE
8
BLACK
6
CONTINUOUS
10
5.2800190944881891
20
-3.8981489763779527
11
5.2800191338582678
21
-3.8981489370078739
0
LINE
8
BLACK
6
CONTINUOUS
10
5.2800191338582678
20
-3.8981489370078739
11
5.2800192125984253
21
-3.8981488976377952
0
LINE
8
BLACK
6
CONTINUOUS
10
5.2800192125984253
20
-3.8981488976377952
11
5.2800192519685041
21
-3.8981488976377952
0
LINE
8
BLACK
6
CONTINUOUS
10
5.2800192519685041
20
-3.8981488976377952
11
5.2847196850393701
21
-3.8954350787401575
0
LINE
8
BLACK
6
CONTINUOUS
10
5.2847196850393701
20
-3.8954350787401575
11
5.2848333858267713
21
-3.8953798425196848
0
LINE
8
BLACK
6
CONTINUOUS
10
5.2848333858267713
20
-3.8953798425196848
11
5.2848643307086611
21
-3.8953594881889764
0
LINE
8
BLACK
6
CONTINUOUS
10
5.2848643307086611
20
-3.8953594881889764
11
5.285061535433071
21
-3.8952376771653543
0
LINE
8
BLACK
6
CONTINUOUS
10
5.285061535433071
20
-3.8952376771653543
11
5.2851126771653538
21
-3.8952081102362204
0
LINE
8
BLACK
6
CONTINUOUS
10
5.2851126771653538
20
-3.8952081102362204
11
5.2853236220472439
21
-3.8949331889763781
0
LINE
8
BLACK
6
CONTINUOUS
10
5.2853236220472439
20
-3.8949331889763781
11
5.2889964173228341
21
-3.8912604330708662
0
LINE
8
BLACK
6
CONTINUOUS
10
5.2889964173228341
20
-3.8912604330708662
11
5.2898526771653538
21
-3.8897773622047245
0
LINE
8
BLACK
6
CONTINUOUS
10
5.2898526771653538
20
-3.8897773622047245
11
5.2918496850393701
21
-3.8863184645669291
0
LINE
8
BLACK
6
CONTINUOUS
10
5.2918496850393701
20
-3.8863184645669291
11
5.2918496850393701
21
-3.8863183858267716
0
LINE
8
BLACK
6
CONTINUOUS
10
5.2918496850393701
20
-3.8863183858267716
11
5.2918497637795276
21
-3.8863183070866141
0
LINE
8
BLACK
6
CONTINUOUS
10
5.2918497637795276
20
-3.8863183070866141
11
5.2933267716535433
21
-3.8808061023622047
0
LINE
8
BLACK
6
CONTINUOUS
10
5.2933267716535433
20
-3.8808061023622047
11
5.2933267716535433
21
-3.8750994094488189
0
LINE
8
BLACK
6
CONTINUOUS
10
5.2933267716535433
20
-3.8750994094488189
11
5.2918497637795276
21
-3.8695872047244095
0
LINE
8
BLACK
6
CONTINUOUS
10
5.2918497637795276
20
-3.8695872047244095
11
5.2918496850393701
21
-3.8695870866141733
0
LINE
8
BLACK
6
CONTINUOUS
10
5.2918496850393701
20
-3.8695870866141733
11
5.2918496850393701
21
-3.8695870078740158
0
LINE
8
BLACK
6
CONTINUOUS
10
5.2918496850393701
20
-3.8695870078740158
11
5.2918494881889764
21
-3.8695866929133858
0
LINE
8
BLACK
6
CONTINUOUS
10
5.2918494881889764
20
-3.8695866929133858
11
5.2918368503937003
21
-3.8695587401574802
0
LINE
8
BLACK
6
CONTINUOUS
10
5.2918368503937003
20
-3.8695587401574802
11
5.2917872834645667
21
-3.8694788976377952
0
LINE
8
BLACK
6
CONTINUOUS
10
5.2917872834645667
20
-3.8694788976377952
11
5.2890545275590553
21
-3.8647456299212597
0
LINE
8
BLACK
6
CONTINUOUS
10
5.2890545275590553
20
-3.8647456299212597
11
5.2890545275590553
21
-3.8647456692913384
0
LINE
8
BLACK
6
CONTINUOUS
10
5.2890545275590553
20
-3.8647456692913384
11
5.2889965354330704
21
-3.8646452362204724
0
LINE
8
BLACK
6
CONTINUOUS
10
5.2889965354330704
20
-3.8646452362204724
11
5.2889964566929129
21
-3.8646451574803149
0
LINE
8
BLACK
6
CONTINUOUS
10
5.2889964566929129
20
-3.8646451574803149
11
5.2889964173228341
21
-3.8646450787401574
0
LINE
8
BLACK
6
CONTINUOUS
10
5.2889964173228341
20
-3.8646450787401574
11
5.2849612204724412
21
-3.8606098818897636
0
LINE
8
BLACK
6
CONTINUOUS
10
5.2849612204724412
20
-3.8606098818897636
11
5.284961102362205
21
-3.8606098031496061
0
LINE
8
BLACK
6
CONTINUOUS
10
5.284961102362205
20
-3.8606098031496061
11
5.2849610236220474
21
-3.8606097244094486
0
LINE
8
BLACK
6
CONTINUOUS
10
5.2849610236220474
20
-3.8606097244094486
11
5.282274566929134
21
-3.8590587007874015
0
LINE
8
BLACK
6
CONTINUOUS
10
5.282274566929134
20
-3.8590587007874015
11
5.2814464960629923
21
-3.8581390157480313
0
LINE
8
BLACK
6
CONTINUOUS
10
5.2814464960629923
20
-3.8581390157480313
11
5.278854212598425
21
-3.8574443700787402
0
LINE
8
BLACK
6
CONTINUOUS
10
5.278854212598425
20
-3.8574443700787402
11
5.2788541732283463
21
-3.8574443700787402
0
LINE
8
BLACK
6
CONTINUOUS
10
5.2788541732283463
20
-3.8574443700787402
11
5.2745068897637797
21
-3.8562795275590549
0
LINE
8
BLACK
6
CONTINUOUS
10
5.2745068897637797
20
-3.8562795275590549
11
5.2745068110236222
21
-3.8562795275590549
0
LINE
8
BLACK
6
CONTINUOUS
10
5.2745068110236222
20
-3.8562795275590549
11
5.268800118110236
21
-3.8562795275590549
0
LINE
8
BLACK
6
CONTINUOUS
10
5.268800118110236
20
-3.8562795275590549
11
5.2663696062992127
21
-3.856930748031496
0
LINE
8
BLACK
6
CONTINUOUS
10
5.2663696062992127
20
-3.856930748031496
11
5.2663695669291339
21
-3.8569307086614173
0
LINE
8
BLACK
6
CONTINUOUS
10
5.2663695669291339
20
-3.8569307086614173
11
5.2632878740157478
21
-3.8577564960629922
0
LINE
8
BLACK
6
CONTINUOUS
10
5.2632878740157478
20
-3.8577564960629922
11
5.2632876377952753
21
-3.8577566141732285
0
LINE
8
BLACK
6
CONTINUOUS
10
5.2632876377952753
20
-3.8577566141732285
11
5.2584535826771654
21
-3.8605475590551181
0
LINE
8
BLACK
6
CONTINUOUS
10
5.2584535826771654
20
-3.8605475590551181
11
5.2584533858267717
21
-3.8605477165354332
0
LINE
8
BLACK
6
CONTINUOUS
10
5.2584533858267717
20
-3.8605477165354332
11
5.2583460236220469
21
-3.8606097244094486
0
LINE
8
BLACK
6
CONTINUOUS
10
5.2583460236220469
20
-3.8606097244094486
11
5.2583459842519682
21
-3.8606097637795274
0
LINE
8
BLACK
6
CONTINUOUS
10
5.2583459842519682
20
-3.8606097637795274
11
5.2583458661417319
21
-3.8606098425196849
0
LINE
8
BLACK
6
CONTINUOUS
10
5.2583458661417319
20
-3.8606098425196849
11
5.2583458661417319
21
-3.8606098818897636
0
LINE
8
BLACK
6
CONTINUOUS
10
5.2583458661417319
20
-3.8606098818897636
11
5.2578818110236218
21
-3.8610738976377954
0
LINE
8
BLACK
6
CONTINUOUS
10
5.2578818110236218
20
-3.8610738976377954
11
5.2578809055118105
21
-3.8610747637795275
0
LINE
8
BLACK
6
CONTINUOUS
10
5.2578809055118105
20
-3.8610747637795275
11
5.255395984251968
21
-3.8635596850393701
0
LINE
8
BLACK
6
CONTINUOUS
10
5.255395984251968
20
-3.8635596850393701
11
5.254409527559055
21
-3.864276377952756
0
LINE
8
BLACK
6
CONTINUOUS
10
5.254409527559055
20
-3.864276377952756
11
5.253552834645669
21
-3.8647129133858269
0
LINE
8
BLACK
6
CONTINUOUS
10
5.253552834645669
20
-3.8647129133858269
11
5.2517832677165357
21
-3.8651377952755905
0
LINE
8
BLACK
6
CONTINUOUS
10
5.2517832677165357
20
-3.8651377952755905
11
5.1317787401574799
21
-3.8651377952755905
0
LINE
8
BLACK
6
CONTINUOUS
10
5.1317787401574799
20
-3.8651377952755905
11
5.1305742913385828
21
-3.8649470078740156
0
LINE
8
BLACK
6
CONTINUOUS
10
5.1305742913385828
20
-3.8649470078740156
11
5.1300748425196847
21
-3.8647847244094486
0
LINE
8
BLACK
6
CONTINUOUS
10
5.1300748425196847
20
-3.8647847244094486
11
5.1281260236220474
21
-3.8633688188976376
0
LINE
8
BLACK
6
CONTINUOUS
10
5.1281260236220474
20
-3.8633688188976376
11
5.1281257480314961
21
-3.8633684251968501
0
LINE
8
BLACK
6
CONTINUOUS
10
5.1281257480314961
20
-3.8633684251968501
11
5.128007874015748
21
-3.8632061417322832
0
LINE
8
BLACK
6
CONTINUOUS
10
5.128007874015748
20
-3.8632061417322832
11
5.1272637795275591
21
-3.8609155905511812
0
LINE
8
BLACK
6
CONTINUOUS
10
5.1272637795275591
20
-3.8609155905511812
11
5.1272637795275591
21
-3.8459941338582677
0
LINE
8
BLACK
6
CONTINUOUS
10
5.1272637795275591
20
-3.8459941338582677
11
5.1272637401574803
21
-3.845994094488189
0
LINE
8
BLACK
6
CONTINUOUS
10
5.1272637401574803
20
-3.845994094488189
11
5.1272637007874016
21
-3.8459937401574802
0
LINE
8
BLACK
6
CONTINUOUS
10
5.1272637007874016
20
-3.8459937401574802
11
5.1269827952755902
21
-3.8445816535433068
0
LINE
8
BLACK
6
CONTINUOUS
10
5.1269827952755902
20
-3.8445816535433068
11
5.1268057874015751
21
-3.8436916929133855
0
LINE
8
BLACK
6
CONTINUOUS
10
5.1268057874015751
20
-3.8436916929133855
11
5.1250611023622046
21
-3.8410806299212599
0
LINE
8
BLACK
6
CONTINUOUS
10
5.1250611023622046
20
-3.8410806299212599
11
5.1250609448818896
21
-3.8410805118110236
0
LINE
8
BLACK
6
CONTINUOUS
10
5.1250609448818896
20
-3.8410805118110236
11
5.1239692125984249
21
-3.8403510236220471
0
LINE
8
BLACK
6
CONTINUOUS
10
5.1239692125984249
20
-3.8403510236220471
11
5.1224500787401572
21
-3.8393359448818898
0
LINE
8
BLACK
6
CONTINUOUS
10
5.1224500787401572
20
-3.8393359448818898
11
5.1224498818897635
21
-3.8393358661417323
0
LINE
8
BLACK
6
CONTINUOUS
10
5.1224498818897635
20
-3.8393358661417323
11
5.1224419291338581
21
-3.839333188976378
0
LINE
8
BLACK
6
CONTINUOUS
10
5.1224419291338581
20
-3.839333188976378
11
5.1223814173228348
21
-3.8393222834645671
0
LINE
8
BLACK
6
CONTINUOUS
10
5.1223814173228348
20
-3.8393222834645671
11
5.120148346456693
21
-3.8388780708661416
0
LINE
8
BLACK
6
CONTINUOUS
10
5.120148346456693
20
-3.8388780708661416
11
5.1201479527559055
21
-3.8388779921259841
0
LINE
8
BLACK
6
CONTINUOUS
10
5.1201479527559055
20
-3.8388779921259841
11
5.1201477559055117
21
-3.8388779527559054
0
LINE
8
BLACK
6
CONTINUOUS
10
5.1201477559055117
20
-3.8388779527559054
11
5.1201476377952755
21
-3.8388779527559054
0
LINE
8
BLACK
6
CONTINUOUS
10
5.1201476377952755
20
-3.8388779527559054
11
5.120147559055118
21
-3.8388779527559054
0
LINE
8
BLACK
6
CONTINUOUS
10
5.120147559055118
20
-3.8388779527559054
11
5.0585925984251965
21
-3.8388779527559054
0
LINE
8
BLACK
6
CONTINUOUS
10
5.0585925984251965
20
-3.8388779527559054
11
5.0585925590551177
21
-3.8388779527559054
0
LINE
8
BLACK
6
CONTINUOUS
10
5.0585925590551177
20
-3.8388779527559054
11
5.0585923228346452
21
-3.8388779527559054
0
LINE
8
BLACK
6
CONTINUOUS
10
5.0585923228346452
20
-3.8388779527559054
11
5.0562904724409448
21
-3.8393358267716535
0
LINE
8
BLACK
6
CONTINUOUS
10
5.0562904724409448
20
-3.8393358267716535
11
5.0562898818897635
21
-3.8393360236220473
0
LINE
8
BLACK
6
CONTINUOUS
10
5.0562898818897635
20
-3.8393360236220473
11
5.0536792913385824
21
-3.8410803937007874
0
LINE
8
BLACK
6
CONTINUOUS
10
5.0536792913385824
20
-3.8410803937007874
11
5.0536788188976374
21
-3.8410808661417324
0
LINE
8
BLACK
6
CONTINUOUS
10
5.0536788188976374
20
-3.8410808661417324
11
5.0519344488188977
21
-3.8436914566929135
0
LINE
8
BLACK
6
CONTINUOUS
10
5.0519344488188977
20
-3.8436914566929135
11
5.051934251968504
21
-3.8436920472440943
0
LINE
8
BLACK
6
CONTINUOUS
10
5.051934251968504
20
-3.8436920472440943
11
5.0514763779527554
21
-3.8459938976377952
0
LINE
8
BLACK
6
CONTINUOUS
10
5.0514763779527554
20
-3.8459938976377952
11
5.0514763779527554
21
-3.8594416929133857
0
LINE
8
BLACK
6
CONTINUOUS
10
5.0514763779527554
20
-3.8594416929133857
11
5.0512855905511813
21
-3.8606461417322833
0
LINE
8
BLACK
6
CONTINUOUS
10
5.0512855905511813
20
-3.8606461417322833
11
5.0511233070866144
21
-3.8611455905511809
0
LINE
8
BLACK
6
CONTINUOUS
10
5.0511233070866144
20
-3.8611455905511809
11
5.0497078740157475
21
-3.8630940551181103
0
LINE
8
BLACK
6
CONTINUOUS
10
5.0497078740157475
20
-3.8630940551181103
11
5.0495456299212593
21
-3.8632119685039368
0
LINE
8
BLACK
6
CONTINUOUS
10
5.0495456299212593
20
-3.8632119685039368
11
5.0472547637795273
21
-3.8639566929133857
0
LINE
8
BLACK
6
CONTINUOUS
10
5.0472547637795273
20
-3.8639566929133857
11
5.0317787401574803
21
-3.8639566929133857
0
LINE
8
BLACK
6
CONTINUOUS
10
5.0317787401574803
20
-3.8639566929133857
11
5.0305742913385822
21
-3.8637659055118108
0
LINE
8
BLACK
6
CONTINUOUS
10
5.0305742913385822
20
-3.8637659055118108
11
5.0300748425196851
21
-3.8636036220472438
0
LINE
8
BLACK
6
CONTINUOUS
10
5.0300748425196851
20
-3.8636036220472438
11
5.0300746456692913
21
-3.8636035039370076
0
LINE
8
BLACK
6
CONTINUOUS
10
5.0300746456692913
20
-3.8636035039370076
11
5.0300744094488188
21
-3.8636035039370076
0
LINE
8
BLACK
6
CONTINUOUS
10
5.0300744094488188
20
-3.8636035039370076
11
5.0300743307086613
21
-3.8636034645669288
0
LINE
8
BLACK
6
CONTINUOUS
10
5.0300743307086613
20
-3.8636034645669288
11
5.0289643700787403
21
-3.8627968110236219
0
LINE
8
BLACK
6
CONTINUOUS
10
5.0289643700787403
20
-3.8627968110236219
11
5.0281260236220469
21
-3.8621877165354328
0
LINE
8
BLACK
6
CONTINUOUS
10
5.0281260236220469
20
-3.8621877165354328
11
5.0281257480314956
21
-3.8621873228346457
0
LINE
8
BLACK
6
CONTINUOUS
10
5.0281257480314956
20
-3.8621873228346457
11
5.0280078740157483
21
-3.8620250393700788
0
LINE
8
BLACK
6
CONTINUOUS
10
5.0280078740157483
20
-3.8620250393700788
11
5.0272637795275585
21
-3.8597344881889764
0
LINE
8
BLACK
6
CONTINUOUS
10
5.0272637795275585
20
-3.8597344881889764
11
5.0272637795275585
21
-3.8459941338582677
0
LINE
8
BLACK
6
CONTINUOUS
10
5.0272637795275585
20
-3.8459941338582677
11
5.0272637401574798
21
-3.845994094488189
0
LINE
8
BLACK
6
CONTINUOUS
10
5.0272637401574798
20
-3.845994094488189
11
5.027263700787401
21
-3.8459937401574802
0
LINE
8
BLACK
6
CONTINUOUS
10
5.027263700787401
20
-3.8459937401574802
11
5.0269827952755906
21
-3.8445816535433068
0
LINE
8
BLACK
6
CONTINUOUS
10
5.0269827952755906
20
-3.8445816535433068
11
5.0268057874015746
21
-3.8436916929133855
0
LINE
8
BLACK
6
CONTINUOUS
10
5.0268057874015746
20
-3.8436916929133855
11
5.0250611023622049
21
-3.8410806299212599
0
LINE
8
BLACK
6
CONTINUOUS
10
5.0250611023622049
20
-3.8410806299212599
11
5.0250609448818899
21
-3.8410805118110236
0
LINE
8
BLACK
6
CONTINUOUS
10
5.0250609448818899
20
-3.8410805118110236
11
5.0239692125984252
21
-3.8403510236220471
0
LINE
8
BLACK
6
CONTINUOUS
10
5.0239692125984252
20
-3.8403510236220471
11
5.0224500787401576
21
-3.8393359448818898
0
LINE
8
BLACK
6
CONTINUOUS
10
5.0224500787401576
20
-3.8393359448818898
11
5.0224498818897638
21
-3.8393358661417323
0
LINE
8
BLACK
6
CONTINUOUS
10
5.0224498818897638
20
-3.8393358661417323
11
5.0224419291338585
21
-3.839333188976378
0
LINE
8
BLACK
6
CONTINUOUS
10
5.0224419291338585
20
-3.839333188976378
11
5.0223814173228343
21
-3.8393222834645671
0
LINE
8
BLACK
6
CONTINUOUS
10
5.0223814173228343
20
-3.8393222834645671
11
5.0201483464566925
21
-3.8388780708661416
0
LINE
8
BLACK
6
CONTINUOUS
10
5.0201483464566925
20
-3.8388780708661416
11
5.020147952755905
21
-3.8388779921259841
0
LINE
8
BLACK
6
CONTINUOUS
10
5.020147952755905
20
-3.8388779921259841
11
5.0201477559055121
21
-3.8388779527559054
0
LINE
8
BLACK
6
CONTINUOUS
10
5.0201477559055121
20
-3.8388779527559054
11
5.0201476377952758
21
-3.8388779527559054
0
LINE
8
BLACK
6
CONTINUOUS
10
5.0201476377952758
20
-3.8388779527559054
11
5.0201475590551183
21
-3.8388779527559054
0
LINE
8
BLACK
6
CONTINUOUS
10
5.0201475590551183
20
-3.8388779527559054
11
4.9585925984251968
21
-3.8388779527559054
0
LINE
8
BLACK
6
CONTINUOUS
10
4.9585925984251968
20
-3.8388779527559054
11
4.9585925590551181
21
-3.8388779527559054
0
LINE
8
BLACK
6
CONTINUOUS
10
4.9585925590551181
20
-3.8388779527559054
11
4.9585923228346456
21
-3.8388779527559054
0
LINE
8
BLACK
6
CONTINUOUS
10
4.9585923228346456
20
-3.8388779527559054
11
4.9562904724409451
21
-3.8393358267716535
0
LINE
8
BLACK
6
CONTINUOUS
10
4.9562904724409451
20
-3.8393358267716535
11
4.9562898818897638
21
-3.8393360236220473
0
LINE
8
BLACK
6
CONTINUOUS
10
4.9562898818897638
20
-3.8393360236220473
11
4.9536792913385828
21
-3.8410803937007874
0
LINE
8
BLACK
6
CONTINUOUS
10
4.9536792913385828
20
-3.8410803937007874
11
4.9536788188976377
21
-3.8410808661417324
0
LINE
8
BLACK
6
CONTINUOUS
10
4.9536788188976377
20
-3.8410808661417324
11
4.9519344488188972
21
-3.8436914566929135
0
LINE
8
BLACK
6
CONTINUOUS
10
4.9519344488188972
20
-3.8436914566929135
11
4.9519342519685035
21
-3.8436920472440943
0
LINE
8
BLACK
6
CONTINUOUS
10
4.9519342519685035
20
-3.8436920472440943
11
4.9514763779527557
21
-3.8459938976377952
0
LINE
8
BLACK
6
CONTINUOUS
10
4.9514763779527557
20
-3.8459938976377952
11
4.9514763779527557
21
-3.9075493307086613
0
LINE
8
BLACK
6
CONTINUOUS
10
6.1123114173228341
20
-3.8592151181102361
11
6.1123114173228341
21
-3.8592151574803149
0
LINE
8
BLACK
6
CONTINUOUS
10
6.1123114173228341
20
-3.8592151574803149
11
6.1199849999999998
21
-3.8647903937007873
0
LINE
8
BLACK
6
CONTINUOUS
10
6.1199849999999998
20
-3.8647903937007873
11
6.1199852362204723
21
-3.8647905511811023
0
LINE
8
BLACK
6
CONTINUOUS
10
6.1199852362204723
20
-3.8647905511811023
11
6.1285435039370073
21
-3.869151181102362
0
LINE
8
BLACK
6
CONTINUOUS
10
6.1285435039370073
20
-3.869151181102362
11
6.1285435826771648
21
-3.869151181102362
0
LINE
8
BLACK
6
CONTINUOUS
10
6.1285435826771648
20
-3.869151181102362
11
6.1285436220472436
21
-3.8691512204724408
0
LINE
8
BLACK
6
CONTINUOUS
10
6.1285436220472436
20
-3.8691512204724408
11
6.1285437401574798
21
-3.8691512992125983
0
LINE
8
BLACK
6
CONTINUOUS
10
6.1285437401574798
20
-3.8691512992125983
11
6.1376787007874016
21
-3.8721194488188977
0
LINE
8
BLACK
6
CONTINUOUS
10
6.1376787007874016
20
-3.8721194488188977
11
6.1376788582677166
21
-3.8721194881889764
0
LINE
8
BLACK
6
CONTINUOUS
10
6.1376788582677166
20
-3.8721194881889764
11
6.1471655905511806
21
-3.8736220472440945
0
LINE
8
BLACK
6
CONTINUOUS
10
6.1471655905511806
20
-3.8736220472440945
11
6.1567712992125987
21
-3.8736220472440945
0
LINE
8
BLACK
6
CONTINUOUS
10
6.1567712992125987
20
-3.8736220472440945
11
6.1567714173228349
21
-3.8736220472440945
0
LINE
8
BLACK
6
CONTINUOUS
10
6.1567714173228349
20
-3.8736220472440945
11
6.1662580708661414
21
-3.8721194881889764
0
LINE
8
BLACK
6
CONTINUOUS
10
6.1662580708661414
20
-3.8721194881889764
11
6.1662582283464564
21
-3.8721194488188977
0
LINE
8
BLACK
6
CONTINUOUS
10
6.1662582283464564
20
-3.8721194488188977
11
6.1753931889763782
21
-3.8691512992125983
0
LINE
8
BLACK
6
CONTINUOUS
10
6.1753931889763782
20
-3.8691512992125983
11
6.1753932677165349
21
-3.8691512204724408
0
LINE
8
BLACK
6
CONTINUOUS
10
6.1753932677165349
20
-3.8691512204724408
11
6.1753934645669286
21
-3.869151181102362
0
LINE
8
BLACK
6
CONTINUOUS
10
6.1753934645669286
20
-3.869151181102362
11
6.183951811023622
21
-3.8647905118110235
0
LINE
8
BLACK
6
CONTINUOUS
10
6.183951811023622
20
-3.8647905118110235
11
6.1839520472440945
21
-3.8647903543307085
0
LINE
8
BLACK
6
CONTINUOUS
10
6.1839520472440945
20
-3.8647903543307085
11
6.1916255118110231
21
-3.8592151968503936
0
LINE
8
BLACK
6
CONTINUOUS
10
6.1916255118110231
20
-3.8592151968503936
11
6.1916255118110231
21
-3.8592151574803149
0
LINE
8
BLACK
6
CONTINUOUS
10
6.1916255118110231
20
-3.8592151574803149
11
6.1858711023622046
21
-3.853460748031496
0
LINE
8
BLACK
6
CONTINUOUS
10
6.1858711023622046
20
-3.853460748031496
11
6.1797390944881885
21
-3.8579159055118111
0
LINE
8
BLACK
6
CONTINUOUS
10
6.1797390944881885
20
-3.8579159055118111
11
6.172307992125984
21
-3.8617022440944879
0
LINE
8
BLACK
6
CONTINUOUS
10
6.172307992125984
20
-3.8617022440944879
11
6.1643760236220473
21
-3.8642794881889762
0
LINE
8
BLACK
6
CONTINUOUS
10
6.1643760236220473
20
-3.8642794881889762
11
6.1561385826771655
21
-3.8655841732283465
0
LINE
8
BLACK
6
CONTINUOUS
10
6.1561385826771655
20
-3.8655841732283465
11
6.14779842519685
21
-3.8655841732283465
0
LINE
8
BLACK
6
CONTINUOUS
10
6.14779842519685
20
-3.8655841732283465
11
6.1395609842519683
21
-3.8642794881889762
0
LINE
8
BLACK
6
CONTINUOUS
10
6.1395609842519683
20
-3.8642794881889762
11
6.1316290157480315
21
-3.8617022440944879
0
LINE
8
BLACK
6
CONTINUOUS
10
6.1316290157480315
20
-3.8617022440944879
11
6.1241979133858262
21
-3.8579159055118111
0
LINE
8
BLACK
6
CONTINUOUS
10
6.1241979133858262
20
-3.8579159055118111
11
6.1180657874015747
21
-3.8534606692913385
0
LINE
8
BLACK
6
CONTINUOUS
10
6.1180657874015747
20
-3.8534606692913385
11
6.1123114173228341
21
-3.8592151181102361
0
LINE
8
BLACK
6
CONTINUOUS
10
6.3123114173228343
20
-3.8592151181102361
11
6.3123114173228343
21
-3.8592151574803149
0
LINE
8
BLACK
6
CONTINUOUS
10
6.3123114173228343
20
-3.8592151574803149
11
6.319985
21
-3.8647903937007873
0
LINE
8
BLACK
6
CONTINUOUS
10
6.319985
20
-3.8647903937007873
11
6.3199852362204725
21
-3.8647905511811023
0
LINE
8
BLACK
6
CONTINUOUS
10
6.3199852362204725
20
-3.8647905511811023
11
6.3285435039370075
21
-3.869151181102362
0
LINE
8
BLACK
6
CONTINUOUS
10
6.3285435039370075
20
-3.869151181102362
11
6.328543582677165
21
-3.869151181102362
0
LINE
8
BLACK
6
CONTINUOUS
10
6.328543582677165
20
-3.869151181102362
11
6.3285436220472437
21
-3.8691512204724408
0
LINE
8
BLACK
6
CONTINUOUS
10
6.3285436220472437
20
-3.8691512204724408
11
6.32854374015748
21
-3.8691512992125983
0
LINE
8
BLACK
6
CONTINUOUS
10
6.32854374015748
20
-3.8691512992125983
11
6.3376787007874018
21
-3.8721194488188977
0
LINE
8
BLACK
6
CONTINUOUS
10
6.3376787007874018
20
-3.8721194488188977
11
6.3376788582677168
21
-3.8721194881889764
0
LINE
8
BLACK
6
CONTINUOUS
10
6.3376788582677168
20
-3.8721194881889764
11
6.3471655905511808
21
-3.8736220472440945
0
LINE
8
BLACK
6
CONTINUOUS
10
6.3471655905511808
20
-3.8736220472440945
11
6.356771299212598
21
-3.8736220472440945
0
LINE
8
BLACK
6
CONTINUOUS
10
6.356771299212598
20
-3.8736220472440945
11
6.3567714173228342
21
-3.8736220472440945
0
LINE
8
BLACK
6
CONTINUOUS
10
6.3567714173228342
20
-3.8736220472440945
11
6.3662580708661416
21
-3.8721194881889764
0
LINE
8
BLACK
6
CONTINUOUS
10
6.3662580708661416
20
-3.8721194881889764
11
6.3662582283464566
21
-3.8721194488188977
0
LINE
8
BLACK
6
CONTINUOUS
10
6.3662582283464566
20
-3.8721194488188977
11
6.3753931889763775
21
-3.8691512992125983
0
LINE
8
BLACK
6
CONTINUOUS
10
6.3753931889763775
20
-3.8691512992125983
11
6.375393267716535
21
-3.8691512204724408
0
LINE
8
BLACK
6
CONTINUOUS
10
6.375393267716535
20
-3.8691512204724408
11
6.3753934645669288
21
-3.869151181102362
0
LINE
8
BLACK
6
CONTINUOUS
10
6.3753934645669288
20
-3.869151181102362
11
6.3839518110236222
21
-3.8647905118110235
0
LINE
8
BLACK
6
CONTINUOUS
10
6.3839518110236222
20
-3.8647905118110235
11
6.3839520472440947
21
-3.8647903543307085
0
LINE
8
BLACK
6
CONTINUOUS
10
6.3839520472440947
20
-3.8647903543307085
11
6.3916255118110232
21
-3.8592151968503936
0
LINE
8
BLACK
6
CONTINUOUS
10
6.3916255118110232
20
-3.8592151968503936
11
6.3916255118110232
21
-3.8592151574803149
0
LINE
8
BLACK
6
CONTINUOUS
10
6.3916255118110232
20
-3.8592151574803149
11
6.3858711023622048
21
-3.853460748031496
0
LINE
8
BLACK
6
CONTINUOUS
10
6.3858711023622048
20
-3.853460748031496
11
6.3797390944881887
21
-3.8579159055118111
0
LINE
8
BLACK
6
CONTINUOUS
10
6.3797390944881887
20
-3.8579159055118111
11
6.3723079921259842
21
-3.8617022440944879
0
LINE
8
BLACK
6
CONTINUOUS
10
6.3723079921259842
20
-3.8617022440944879
11
6.3643760236220475
21
-3.8642794881889762
0
LINE
8
BLACK
6
CONTINUOUS
10
6.3643760236220475
20
-3.8642794881889762
11
6.3561385826771648
21
-3.8655841732283465
0
LINE
8
BLACK
6
CONTINUOUS
10
6.3561385826771648
20
-3.8655841732283465
11
6.3477984251968502
21
-3.8655841732283465
0
LINE
8
BLACK
6
CONTINUOUS
10
6.3477984251968502
20
-3.8655841732283465
11
6.3395609842519685
21
-3.8642794881889762
0
LINE
8
BLACK
6
CONTINUOUS
10
6.3395609842519685
20
-3.8642794881889762
11
6.3316290157480317
21
-3.8617022440944879
0
LINE
8
BLACK
6
CONTINUOUS
10
6.3316290157480317
20
-3.8617022440944879
11
6.3241979133858264
21
-3.8579159055118111
0
LINE
8
BLACK
6
CONTINUOUS
10
6.3241979133858264
20
-3.8579159055118111
11
6.3180657874015749
21
-3.8534606692913385
0
LINE
8
BLACK
6
CONTINUOUS
10
6.3180657874015749
20
-3.8534606692913385
11
6.3123114173228343
21
-3.8592151181102361
0
LINE
8
BLACK
6
CONTINUOUS
10
6.1928307480314961
20
-3.5786957086614173
11
6.1972859842519687
21
-3.5848278346456692
0
LINE
8
BLACK
6
CONTINUOUS
10
6.1972859842519687
20
-3.5848278346456692
11
6.2010723228346452
21
-3.5922589370078741
0
LINE
8
BLACK
6
CONTINUOUS
10
6.2010723228346452
20
-3.5922589370078741
11
6.2036495669291334
21
-3.6001909055118109
0
LINE
8
BLACK
6
CONTINUOUS
10
6.2036495669291334
20
-3.6001909055118109
11
6.2049542519685037
21
-3.6084283464566926
0
LINE
8
BLACK
6
CONTINUOUS
10
6.2049542519685037
20
-3.6084283464566926
11
6.2049542519685037
21
-3.6167685039370077
0
LINE
8
BLACK
6
CONTINUOUS
10
6.2049542519685037
20
-3.6167685039370077
11
6.2036495669291334
21
-3.6250059448818899
0
LINE
8
BLACK
6
CONTINUOUS
10
6.2036495669291334
20
-3.6250059448818899
11
6.2010723228346452
21
-3.6329379133858266
0
LINE
8
BLACK
6
CONTINUOUS
10
6.2010723228346452
20
-3.6329379133858266
11
6.1972859842519687
21
-3.6403690157480315
0
LINE
8
BLACK
6
CONTINUOUS
10
6.1972859842519687
20
-3.6403690157480315
11
6.1923837795275585
21
-3.647116338582677
0
LINE
8
BLACK
6
CONTINUOUS
10
6.1923837795275585
20
-3.647116338582677
11
6.1864864173228344
21
-3.6530137007874015
0
LINE
8
BLACK
6
CONTINUOUS
10
6.1864864173228344
20
-3.6530137007874015
11
6.1797390944881885
21
-3.6579159055118109
0
LINE
8
BLACK
6
CONTINUOUS
10
6.1797390944881885
20
-3.6579159055118109
11
6.172307992125984
21
-3.6617022440944882
0
LINE
8
BLACK
6
CONTINUOUS
10
6.172307992125984
20
-3.6617022440944882
11
6.1643760236220473
21
-3.6642794881889764
0
LINE
8
BLACK
6
CONTINUOUS
10
6.1643760236220473
20
-3.6642794881889764
11
6.1561385826771655
21
-3.6655841732283463
0
LINE
8
BLACK
6
CONTINUOUS
10
6.1561385826771655
20
-3.6655841732283463
11
6.14779842519685
21
-3.6655841732283463
0
LINE
8
BLACK
6
CONTINUOUS
10
6.14779842519685
20
-3.6655841732283463
11
6.1395609842519683
21
-3.6642794881889764
0
LINE
8
BLACK
6
CONTINUOUS
10
6.1395609842519683
20
-3.6642794881889764
11
6.1316290157480315
21
-3.6617022440944882
0
LINE
8
BLACK
6
CONTINUOUS
10
6.1316290157480315
20
-3.6617022440944882
11
6.1241979133858262
21
-3.6579159055118109
0
LINE
8
BLACK
6
CONTINUOUS
10
6.1241979133858262
20
-3.6579159055118109
11
6.1180657874015747
21
-3.6534606692913383
0
LINE
8
BLACK
6
CONTINUOUS
10
6.1180657874015747
20
-3.6534606692913383
11
6.1123114173228341
21
-3.6592151181102359
0
LINE
8
BLACK
6
CONTINUOUS
10
6.1123114173228341
20
-3.6592151181102359
11
6.1123114173228341
21
-3.6592151574803147
0
LINE
8
BLACK
6
CONTINUOUS
10
6.1123114173228341
20
-3.6592151574803147
11
6.1199849999999998
21
-3.6647903937007875
0
LINE
8
BLACK
6
CONTINUOUS
10
6.1199849999999998
20
-3.6647903937007875
11
6.1199852362204723
21
-3.6647905511811021
0
LINE
8
BLACK
6
CONTINUOUS
10
6.1199852362204723
20
-3.6647905511811021
11
6.1285435039370073
21
-3.6691511811023623
0
LINE
8
BLACK
6
CONTINUOUS
10
6.1285435039370073
20
-3.6691511811023623
11
6.1285435826771648
21
-3.6691511811023623
0
LINE
8
BLACK
6
CONTINUOUS
10
6.1285435826771648
20
-3.6691511811023623
11
6.1285436220472436
21
-3.669151220472441
0
LINE
8
BLACK
6
CONTINUOUS
10
6.1285436220472436
20
-3.669151220472441
11
6.1285437401574798
21
-3.6691512992125985
0
LINE
8
BLACK
6
CONTINUOUS
10
6.1285437401574798
20
-3.6691512992125985
11
6.1376787007874016
21
-3.6721194488188975
0
LINE
8
BLACK
6
CONTINUOUS
10
6.1376787007874016
20
-3.6721194488188975
11
6.1376788582677166
21
-3.6721194881889763
0
LINE
8
BLACK
6
CONTINUOUS
10
6.1376788582677166
20
-3.6721194881889763
11
6.1471655905511806
21
-3.6736220472440944
0
LINE
8
BLACK
6
CONTINUOUS
10
6.1471655905511806
20
-3.6736220472440944
11
6.1567712992125987
21
-3.6736220472440944
0
LINE
8
BLACK
6
CONTINUOUS
10
6.1567712992125987
20
-3.6736220472440944
11
6.1567714173228349
21
-3.6736220472440944
0
LINE
8
BLACK
6
CONTINUOUS
10
6.1567714173228349
20
-3.6736220472440944
11
6.1662578346456689
21
-3.672119527559055
0
LINE
8
BLACK
6
CONTINUOUS
10
6.1662578346456689
20
-3.672119527559055
11
6.1662578740157477
21
-3.6721194881889763
0
LINE
8
BLACK
6
CONTINUOUS
10
6.1662578740157477
20
-3.6721194881889763
11
6.1662580314960627
21
-3.6721194881889763
0
LINE
8
BLACK
6
CONTINUOUS
10
6.1662580314960627
20
-3.6721194881889763
11
6.1753935039370074
21
-3.6691511811023623
0
LINE
8
BLACK
6
CONTINUOUS
10
6.1753935039370074
20
-3.6691511811023623
11
6.1753935826771649
21
-3.6691511023622048
0
LINE
8
BLACK
6
CONTINUOUS
10
6.1753935826771649
20
-3.6691511023622048
11
6.1755390944881885
21
-3.6691038582677162
0
LINE
8
BLACK
6
CONTINUOUS
10
6.1755390944881885
20
-3.6691038582677162
11
6.1755613779527554
21
-3.6691724409448816
0
LINE
8
BLACK
6
CONTINUOUS
10
6.1755613779527554
20
-3.6691724409448816
11
6.1757209055118105
21
-3.6691598031496064
0
LINE
8
BLACK
6
CONTINUOUS
10
6.1757209055118105
20
-3.6691598031496064
11
6.1761021653543304
21
-3.6689565354330709
0
LINE
8
BLACK
6
CONTINUOUS
10
6.1761021653543304
20
-3.6689565354330709
11
6.1761727559055117
21
-3.6689446850393699
0
LINE
8
BLACK
6
CONTINUOUS
10
6.1761727559055117
20
-3.6689446850393699
11
6.1765602362204719
21
-3.668883307086614
0
LINE
8
BLACK
6
CONTINUOUS
10
6.1765602362204719
20
-3.668883307086614
11
6.1774446456692909
21
-3.6690233070866141
0
LINE
8
BLACK
6
CONTINUOUS
10
6.1774446456692909
20
-3.6690233070866141
11
6.1776915748031493
21
-3.669003779527559
0
LINE
8
BLACK
6
CONTINUOUS
10
6.1776915748031493
20
-3.669003779527559
11
6.1779851181102359
21
-3.6691088976377952
0
LINE
8
BLACK
6
CONTINUOUS
10
6.1779851181102359
20
-3.6691088976377952
11
6.1789394881889761
21
-3.66926
0
LINE
8
BLACK
6
CONTINUOUS
10
6.1789394881889761
20
-3.66926
11
6.1806428740157475
21
-3.6709632677165351
0
LINE
8
BLACK
6
CONTINUOUS
10
6.1806428740157475
20
-3.6709632677165351
11
6.1810198425196852
21
-3.6733424409448818
0
LINE
8
BLACK
6
CONTINUOUS
10
6.1810198425196852
20
-3.6733424409448818
11
6.180983188976378
21
-3.6735740157480312
0
LINE
8
BLACK
6
CONTINUOUS
10
6.180983188976378
20
-3.6735740157480312
11
6.1805089370078736
21
-3.6749132283464565
0
LINE
8
BLACK
6
CONTINUOUS
10
6.1805089370078736
20
-3.6749132283464565
11
6.1798643700787403
21
-3.6760296062992124
0
LINE
8
BLACK
6
CONTINUOUS
10
6.1798643700787403
20
-3.6760296062992124
11
6.1796340944881889
21
-3.676275472440945
0
LINE
8
BLACK
6
CONTINUOUS
10
6.1796340944881889
20
-3.676275472440945
11
6.1753605118110233
21
-3.6865928740157479
0
LINE
8
BLACK
6
CONTINUOUS
10
6.1753605118110233
20
-3.6865928740157479
11
6.1753604330708658
21
-3.6865931496062991
0
LINE
8
BLACK
6
CONTINUOUS
10
6.1753604330708658
20
-3.6865931496062991
11
6.1726213385826769
21
-3.696815472440945
0
LINE
8
BLACK
6
CONTINUOUS
10
6.1726213385826769
20
-3.696815472440945
11
6.1725880314960628
21
-3.6970687007874017
0
LINE
8
BLACK
6
CONTINUOUS
10
6.1725880314960628
20
-3.6970687007874017
11
6.1725880314960628
21
-3.6970688582677163
0
LINE
8
BLACK
6
CONTINUOUS
10
6.1725880314960628
20
-3.6970688582677163
11
6.1712401574803151
21
-3.7073070472440945
0
LINE
8
BLACK
6
CONTINUOUS
10
6.1712401574803151
20
-3.7073070472440945
11
6.1712401574803151
21
-3.7178897244094489
0
LINE
8
BLACK
6
CONTINUOUS
10
6.1712401574803151
20
-3.7178897244094489
11
6.1725880314960628
21
-3.7281279133858267
0
LINE
8
BLACK
6
CONTINUOUS
10
6.1725880314960628
20
-3.7281279133858267
11
6.1725880314960628
21
-3.7281281102362205
0
LINE
8
BLACK
6
CONTINUOUS
10
6.1725880314960628
20
-3.7281281102362205
11
6.1726213385826769
21
-3.7283812992125984
0
LINE
8
BLACK
6
CONTINUOUS
10
6.1726213385826769
20
-3.7283812992125984
11
6.1726213779527557
21
-3.7283814173228347
0
LINE
8
BLACK
6
CONTINUOUS
10
6.1726213779527557
20
-3.7283814173228347
11
6.1753602755905508
21
-3.7386030708661417
0
LINE
8
BLACK
6
CONTINUOUS
10
6.1753602755905508
20
-3.7386030708661417
11
6.1753604330708658
21
-3.7386035826771651
0
LINE
8
BLACK
6
CONTINUOUS
10
6.1753604330708658
20
-3.7386035826771651
11
6.1756714566929132
21
-3.7393544488188977
0
LINE
8
BLACK
6
CONTINUOUS
10
6.1756714566929132
20
-3.7393544488188977
11
6.1794017322834645
21
-3.7483603149606299
0
LINE
8
BLACK
6
CONTINUOUS
10
6.1794017322834645
20
-3.7483603149606299
11
6.1794017716535432
21
-3.7483603149606299
0
LINE
8
BLACK
6
CONTINUOUS
10
6.1794017716535432
20
-3.7483603149606299
11
6.1794135433070867
21
-3.74838874015748
0
LINE
8
BLACK
6
CONTINUOUS
10
6.1794135433070867
20
-3.74838874015748
11
6.1794383858267716
21
-3.7484334645669288
0
LINE
8
BLACK
6
CONTINUOUS
10
6.1794383858267716
20
-3.7484334645669288
11
6.1794723622047245
21
-3.7484881496062989
0
LINE
8
BLACK
6
CONTINUOUS
10
6.1794723622047245
20
-3.7484881496062989
11
6.1804664173228341
21
-3.7502099212598425
0
LINE
8
BLACK
6
CONTINUOUS
10
6.1804664173228341
20
-3.7502099212598425
11
6.1809033858267712
21
-3.751348307086614
0
LINE
8
BLACK
6
CONTINUOUS
10
6.1809033858267712
20
-3.751348307086614
11
6.180970866141732
21
-3.7516657480314959
0
LINE
8
BLACK
6
CONTINUOUS
10
6.180970866141732
20
-3.7516657480314959
11
6.1807191338582674
21
-3.7540614173228346
0
LINE
8
BLACK
6
CONTINUOUS
10
6.1807191338582674
20
-3.7540614173228346
11
6.1791073228346454
21
-3.7558516141732281
0
LINE
8
BLACK
6
CONTINUOUS
10
6.1791073228346454
20
-3.7558516141732281
11
6.1767511023622044
21
-3.7563524803149604
0
LINE
8
BLACK
6
CONTINUOUS
10
6.1767511023622044
20
-3.7563524803149604
11
6.1767508267716531
21
-3.7563524409448816
0
LINE
8
BLACK
6
CONTINUOUS
10
6.1767508267716531
20
-3.7563524409448816
11
6.1764864960629922
21
-3.7563246456692911
0
LINE
8
BLACK
6
CONTINUOUS
10
6.1764864960629922
20
-3.7563246456692911
11
6.1755417716535428
21
-3.7560848425196851
0
LINE
8
BLACK
6
CONTINUOUS
10
6.1755417716535428
20
-3.7560848425196851
11
6.175539173228346
21
-3.7560929527559055
0
LINE
8
BLACK
6
CONTINUOUS
10
6.175539173228346
20
-3.7560929527559055
11
6.1754157874015743
21
-3.7560528346456694
0
LINE
8
BLACK
6
CONTINUOUS
10
6.1754157874015743
20
-3.7560528346456694
11
6.1754034251968504
21
-3.7560497244094488
0
LINE
8
BLACK
6
CONTINUOUS
10
6.1754034251968504
20
-3.7560497244094488
11
6.1753935433070861
21
-3.7560456299212599
0
LINE
8
BLACK
6
CONTINUOUS
10
6.1753935433070861
20
-3.7560456299212599
11
6.1662580708661414
21
-3.7530772834645667
0
LINE
8
BLACK
6
CONTINUOUS
10
6.1662580708661414
20
-3.7530772834645667
11
6.1567714173228349
21
-3.7515748031496061
0
LINE
8
BLACK
6
CONTINUOUS
10
6.1567714173228349
20
-3.7515748031496061
11
6.1567712992125987
21
-3.7515748031496061
0
LINE
8
BLACK
6
CONTINUOUS
10
6.1567712992125987
20
-3.7515748031496061
11
6.1471657086614169
21
-3.7515748031496061
0
LINE
8
BLACK
6
CONTINUOUS
10
6.1471657086614169
20
-3.7515748031496061
11
6.1471655905511806
21
-3.7515748031496061
0
LINE
8
BLACK
6
CONTINUOUS
10
6.1471655905511806
20
-3.7515748031496061
11
6.1376790944881892
21
-3.753077244094488
0
LINE
8
BLACK
6
CONTINUOUS
10
6.1376790944881892
20
-3.753077244094488
11
6.1285434645669286
21
-3.7560456299212599
0
LINE
8
BLACK
6
CONTINUOUS
10
6.1285434645669286
20
-3.7560456299212599
11
6.1199959055118107
21
-3.7604007874015748
0
LINE
8
BLACK
6
CONTINUOUS
10
6.1199959055118107
20
-3.7604007874015748
11
6.1199857086614173
21
-3.7604058661417321
0
LINE
8
BLACK
6
CONTINUOUS
10
6.1199857086614173
20
-3.7604058661417321
11
6.1199847637795273
21
-3.7604064566929134
0
LINE
8
BLACK
6
CONTINUOUS
10
6.1199847637795273
20
-3.7604064566929134
11
6.1123114173228341
21
-3.7659815354330708
0
LINE
8
BLACK
6
CONTINUOUS
10
6.1123114173228341
20
-3.7659815354330708
11
6.1123114173228341
21
-3.7659815748031495
0
LINE
8
BLACK
6
CONTINUOUS
10
6.1123114173228341
20
-3.7659815748031495
11
6.118065905511811
21
-3.7717360629921259
0
LINE
8
BLACK
6
CONTINUOUS
10
6.118065905511811
20
-3.7717360629921259
11
6.1241979133858262
21
-3.7672809448818896
0
LINE
8
BLACK
6
CONTINUOUS
10
6.1241979133858262
20
-3.7672809448818896
11
6.1316290157480315
21
-3.7634946062992127
0
LINE
8
BLACK
6
CONTINUOUS
10
6.1316290157480315
20
-3.7634946062992127
11
6.1395609842519683
21
-3.7609173622047245
0
LINE
8
BLACK
6
CONTINUOUS
10
6.1395609842519683
20
-3.7609173622047245
11
6.14779842519685
21
-3.7596126771653542
0
LINE
8
BLACK
6
CONTINUOUS
10
6.14779842519685
20
-3.7596126771653542
11
6.1561385826771655
21
-3.7596126771653542
0
LINE
8
BLACK
6
CONTINUOUS
10
6.1561385826771655
20
-3.7596126771653542
11
6.1643760236220473
21
-3.7609173622047245
0
LINE
8
BLACK
6
CONTINUOUS
10
6.1643760236220473
20
-3.7609173622047245
11
6.172307992125984
21
-3.7634946062992127
0
LINE
8
BLACK
6
CONTINUOUS
10
6.172307992125984
20
-3.7634946062992127
11
6.1797390944881885
21
-3.7672809448818896
0
LINE
8
BLACK
6
CONTINUOUS
10
6.1797390944881885
20
-3.7672809448818896
11
6.1864864173228344
21
-3.772183149606299
0
LINE
8
BLACK
6
CONTINUOUS
10
6.1864864173228344
20
-3.772183149606299
11
6.1923837795275585
21
-3.7780805118110234
0
LINE
8
BLACK
6
CONTINUOUS
10
6.1923837795275585
20
-3.7780805118110234
11
6.1972859842519687
21
-3.7848278346456694
0
LINE
8
BLACK
6
CONTINUOUS
10
6.1972859842519687
20
-3.7848278346456694
11
6.2010723228346452
21
-3.7922589370078739
0
LINE
8
BLACK
6
CONTINUOUS
10
6.2010723228346452
20
-3.7922589370078739
11
6.2036495669291334
21
-3.800190905511811
0
LINE
8
BLACK
6
CONTINUOUS
10
6.2036495669291334
20
-3.800190905511811
11
6.2049542519685037
21
-3.8084283464566928
0
LINE
8
BLACK
6
CONTINUOUS
10
6.2049542519685037
20
-3.8084283464566928
11
6.2049542519685037
21
-3.8167685039370078
0
LINE
8
BLACK
6
CONTINUOUS
10
6.2049542519685037
20
-3.8167685039370078
11
6.2036495669291334
21
-3.8250059448818896
0
LINE
8
BLACK
6
CONTINUOUS
10
6.2036495669291334
20
-3.8250059448818896
11
6.2010723228346452
21
-3.8329379133858268
0
LINE
8
BLACK
6
CONTINUOUS
10
6.2010723228346452
20
-3.8329379133858268
11
6.1972859842519687
21
-3.8403690157480312
0
LINE
8
BLACK
6
CONTINUOUS
10
6.1972859842519687
20
-3.8403690157480312
11
6.1928307874015749
21
-3.8465010236220474
0
LINE
8
BLACK
6
CONTINUOUS
10
6.1928307874015749
20
-3.8465010236220474
11
6.1985851574803146
21
-3.8522553543307088
0
LINE
8
BLACK
6
CONTINUOUS
10
6.1985851574803146
20
-3.8522553543307088
11
6.1985852362204721
21
-3.8522554330708663
0
LINE
8
BLACK
6
CONTINUOUS
10
6.1985852362204721
20
-3.8522554330708663
11
6.1985852755905508
21
-3.8522554330708663
0
LINE
8
BLACK
6
CONTINUOUS
10
6.1985852755905508
20
-3.8522554330708663
11
6.2041604330708662
21
-3.8445819685039369
0
LINE
8
BLACK
6
CONTINUOUS
10
6.2041604330708662
20
-3.8445819685039369
11
6.2041605905511812
21
-3.8445817322834643
0
LINE
8
BLACK
6
CONTINUOUS
10
6.2041605905511812
20
-3.8445817322834643
11
6.2085212598425192
21
-3.8360233858267714
0
LINE
8
BLACK
6
CONTINUOUS
10
6.2085212598425192
20
-3.8360233858267714
11
6.208521299212598
21
-3.8360231889763781
0
LINE
8
BLACK
6
CONTINUOUS
10
6.208521299212598
20
-3.8360231889763781
11
6.2085213779527555
21
-3.8360231102362206
0
LINE
8
BLACK
6
CONTINUOUS
10
6.2085213779527555
20
-3.8360231102362206
11
6.2114895275590554
21
-3.8268881496062992
0
LINE
8
BLACK
6
CONTINUOUS
10
6.2114895275590554
20
-3.8268881496062992
11
6.2114895669291341
21
-3.8268879921259842
0
LINE
8
BLACK
6
CONTINUOUS
10
6.2114895669291341
20
-3.8268879921259842
11
6.2129921259842522
21
-3.8174013385826773
0
LINE
8
BLACK
6
CONTINUOUS
10
6.2129921259842522
20
-3.8174013385826773
11
6.2129921259842522
21
-3.8077954330708659
0
LINE
8
BLACK
6
CONTINUOUS
10
6.2129921259842522
20
-3.8077954330708659
11
6.2114895669291341
21
-3.798308779527559
0
LINE
8
BLACK
6
CONTINUOUS
10
6.2114895669291341
20
-3.798308779527559
11
6.2114895275590554
21
-3.798308622047244
0
LINE
8
BLACK
6
CONTINUOUS
10
6.2114895275590554
20
-3.798308622047244
11
6.2084739763779524
21
-3.7890278346456694
0
LINE
8
BLACK
6
CONTINUOUS
10
6.2084739763779524
20
-3.7890278346456694
11
6.2085422834645669
21
-3.7890055905511808
0
LINE
8
BLACK
6
CONTINUOUS
10
6.2085422834645669
20
-3.7890055905511808
11
6.2085296456692909
21
-3.7888455905511811
0
LINE
8
BLACK
6
CONTINUOUS
10
6.2085296456692909
20
-3.7888455905511811
11
6.2083266141732283
21
-3.7884648031496062
0
LINE
8
BLACK
6
CONTINUOUS
10
6.2083266141732283
20
-3.7884648031496062
11
6.2083150393700786
21
-3.7883961417322833
0
LINE
8
BLACK
6
CONTINUOUS
10
6.2083150393700786
20
-3.7883961417322833
11
6.2082533070866139
21
-3.788006220472441
0
LINE
8
BLACK
6
CONTINUOUS
10
6.2082533070866139
20
-3.788006220472441
11
6.2083935039370077
21
-3.7871212992125982
0
LINE
8
BLACK
6
CONTINUOUS
10
6.2083935039370077
20
-3.7871212992125982
11
6.2083740157480314
21
-3.7868744881889764
0
LINE
8
BLACK
6
CONTINUOUS
10
6.2083740157480314
20
-3.7868744881889764
11
6.2084790944881885
21
-3.7865810629921257
0
LINE
8
BLACK
6
CONTINUOUS
10
6.2084790944881885
20
-3.7865810629921257
11
6.2086302362204719
21
-3.785627086614173
0
LINE
8
BLACK
6
CONTINUOUS
10
6.2086302362204719
20
-3.785627086614173
11
6.2103336220472443
21
-3.7839238188976378
0
LINE
8
BLACK
6
CONTINUOUS
10
6.2103336220472443
20
-3.7839238188976378
11
6.2127126377952751
21
-3.7835470472440944
0
LINE
8
BLACK
6
CONTINUOUS
10
6.2127126377952751
20
-3.7835470472440944
11
6.2129444488188978
21
-3.7835837795275591
0
LINE
8
BLACK
6
CONTINUOUS
10
6.2129444488188978
20
-3.7835837795275591
11
6.2142830708661414
21
-3.7840578346456692
0
LINE
8
BLACK
6
CONTINUOUS
10
6.2142830708661414
20
-3.7840578346456692
11
6.2161601574803145
21
-3.7851415354330706
0
LINE
8
BLACK
6
CONTINUOUS
10
6.2161601574803145
20
-3.7851415354330706
11
6.2161833464566927
21
-3.7851552362204726
0
LINE
8
BLACK
6
CONTINUOUS
10
6.2161833464566927
20
-3.7851552362204726
11
6.2161865354330708
21
-3.7851568110236218
0
LINE
8
BLACK
6
CONTINUOUS
10
6.2161865354330708
20
-3.7851568110236218
11
6.216186653543307
21
-3.7851568503937005
0
LINE
8
BLACK
6
CONTINUOUS
10
6.216186653543307
20
-3.7851568503937005
11
6.2161867716535433
21
-3.785156929133858
0
LINE
8
BLACK
6
CONTINUOUS
10
6.2161867716535433
20
-3.785156929133858
11
6.2218843700787403
21
-3.7875169291338584
0
LINE
8
BLACK
6
CONTINUOUS
10
6.2218843700787403
20
-3.7875169291338584
11
6.2259635433070866
21
-3.7892065748031496
0
LINE
8
BLACK
6
CONTINUOUS
10
6.2259635433070866
20
-3.7892065748031496
11
6.2361853937007874
21
-3.7919455118110235
0
LINE
8
BLACK
6
CONTINUOUS
10
6.2361853937007874
20
-3.7919455118110235
11
6.2466772834645665
21
-3.7933267716535433
0
LINE
8
BLACK
6
CONTINUOUS
10
6.2466772834645665
20
-3.7933267716535433
11
6.2466773228346453
21
-3.7933267716535433
0
LINE
8
BLACK
6
CONTINUOUS
10
6.2466773228346453
20
-3.7933267716535433
11
6.2572596850393696
21
-3.7933267716535433
0
LINE
8
BLACK
6
CONTINUOUS
10
6.2572596850393696
20
-3.7933267716535433
11
6.2572597244094483
21
-3.7933267716535433
0
LINE
8
BLACK
6
CONTINUOUS
10
6.2572597244094483
20
-3.7933267716535433
11
6.2677516141732283
21
-3.7919455118110235
0
LINE
8
BLACK
6
CONTINUOUS
10
6.2677516141732283
20
-3.7919455118110235
11
6.2779734645669292
21
-3.7892065748031496
0
LINE
8
BLACK
6
CONTINUOUS
10
6.2779734645669292
20
-3.7892065748031496
11
6.2877503543307087
21
-3.7851568503937005
0
LINE
8
BLACK
6
CONTINUOUS
10
6.2877503543307087
20
-3.7851568503937005
11
6.2895800787401575
21
-3.7841003937007871
0
LINE
8
BLACK
6
CONTINUOUS
10
6.2895800787401575
20
-3.7841003937007871
11
6.2907183464566927
21
-3.7836634645669291
0
LINE
8
BLACK
6
CONTINUOUS
10
6.2907183464566927
20
-3.7836634645669291
11
6.2909312992125983
21
-3.7836181496062991
0
LINE
8
BLACK
6
CONTINUOUS
10
6.2909312992125983
20
-3.7836181496062991
11
6.2910357480314962
21
-3.7835959842519684
0
LINE
8
BLACK
6
CONTINUOUS
10
6.2910357480314962
20
-3.7835959842519684
11
6.2934314173228341
21
-3.7838476771653542
0
LINE
8
BLACK
6
CONTINUOUS
10
6.2934314173228341
20
-3.7838476771653542
11
6.2952216141732285
21
-3.7854594488188975
0
LINE
8
BLACK
6
CONTINUOUS
10
6.2952216141732285
20
-3.7854594488188975
11
6.2957225590551182
21
-3.7878156692913385
0
LINE
8
BLACK
6
CONTINUOUS
10
6.2957225590551182
20
-3.7878156692913385
11
6.2957225196850395
21
-3.7878161023622048
0
LINE
8
BLACK
6
CONTINUOUS
10
6.2957225196850395
20
-3.7878161023622048
11
6.295694724409449
21
-3.7880803937007874
0
LINE
8
BLACK
6
CONTINUOUS
10
6.295694724409449
20
-3.7880803937007874
11
6.2954549212598421
21
-3.7890249606299213
0
LINE
8
BLACK
6
CONTINUOUS
10
6.2954549212598421
20
-3.7890249606299213
11
6.2954630708661412
21
-3.7890276377952756
0
LINE
8
BLACK
6
CONTINUOUS
10
6.2954630708661412
20
-3.7890276377952756
11
6.2954227952755906
21
-3.7891515354330707
0
LINE
8
BLACK
6
CONTINUOUS
10
6.2954227952755906
20
-3.7891515354330707
11
6.2954198031496063
21
-3.7891633858267717
0
LINE
8
BLACK
6
CONTINUOUS
10
6.2954198031496063
20
-3.7891633858267717
11
6.2954158661417319
21
-3.7891727952755905
0
LINE
8
BLACK
6
CONTINUOUS
10
6.2954158661417319
20
-3.7891727952755905
11
6.2924473228346454
21
-3.7983090157480315
0
LINE
8
BLACK
6
CONTINUOUS
10
6.2924473228346454
20
-3.7983090157480315
11
6.2909448818897635
21
-3.8077954330708659
0
LINE
8
BLACK
6
CONTINUOUS
10
6.2909448818897635
20
-3.8077954330708659
11
6.2909448818897635
21
-3.8174013385826773
0
LINE
8
BLACK
6
CONTINUOUS
10
6.2909448818897635
20
-3.8174013385826773
11
6.2924473228346454
21
-3.8268877559055117
0
LINE
8
BLACK
6
CONTINUOUS
10
6.2924473228346454
20
-3.8268877559055117
11
6.2954157086614169
21
-3.8360233858267714
0
LINE
8
BLACK
6
CONTINUOUS
10
6.2954157086614169
20
-3.8360233858267714
11
6.2997762204724408
21
-3.8445814566929135
0
LINE
8
BLACK
6
CONTINUOUS
10
6.2997762204724408
20
-3.8445814566929135
11
6.2997764566929133
21
-3.8445818503937006
0
LINE
8
BLACK
6
CONTINUOUS
10
6.2997764566929133
20
-3.8445818503937006
11
6.3053516535433065
21
-3.8522553937007875
0
LINE
8
BLACK
6
CONTINUOUS
10
6.3053516535433065
20
-3.8522553937007875
11
6.3053516929133853
21
-3.8522554330708663
0
LINE
8
BLACK
6
CONTINUOUS
10
6.3053516929133853
20
-3.8522554330708663
11
6.3111061417322833
21
-3.8465009448818899
0
LINE
8
BLACK
6
CONTINUOUS
10
6.3111061417322833
20
-3.8465009448818899
11
6.306651023622047
21
-3.8403690157480312
0
LINE
8
BLACK
6
CONTINUOUS
10
6.306651023622047
20
-3.8403690157480312
11
6.3028646850393697
21
-3.8329379133858268
0
LINE
8
BLACK
6
CONTINUOUS
10
6.3028646850393697
20
-3.8329379133858268
11
6.3002874409448815
21
-3.8250059448818896
0
LINE
8
BLACK
6
CONTINUOUS
10
6.3002874409448815
20
-3.8250059448818896
11
6.298982755905512
21
-3.8167685039370078
0
LINE
8
BLACK
6
CONTINUOUS
10
6.298982755905512
20
-3.8167685039370078
11
6.298982755905512
21
-3.8084283464566928
0
LINE
8
BLACK
6
CONTINUOUS
10
6.298982755905512
20
-3.8084283464566928
11
6.3002874409448815
21
-3.800190905511811
0
LINE
8
BLACK
6
CONTINUOUS
10
6.3002874409448815
20
-3.800190905511811
11
6.3028646850393697
21
-3.7922589370078739
0
LINE
8
BLACK
6
CONTINUOUS
10
6.3028646850393697
20
-3.7922589370078739
11
6.306651023622047
21
-3.7848278346456694
0
LINE
8
BLACK
6
CONTINUOUS
10
6.306651023622047
20
-3.7848278346456694
11
6.3115532283464564
21
-3.7780805118110234
0
LINE
8
BLACK
6
CONTINUOUS
10
6.3115532283464564
20
-3.7780805118110234
11
6.3174505905511813
21
-3.772183149606299
0
LINE
8
BLACK
6
CONTINUOUS
10
6.3174505905511813
20
-3.772183149606299
11
6.3241979133858264
21
-3.7672809448818896
0
LINE
8
BLACK
6
CONTINUOUS
10
6.3241979133858264
20
-3.7672809448818896
11
6.3316290157480317
21
-3.7634946062992127
0
LINE
8
BLACK
6
CONTINUOUS
10
6.3316290157480317
20
-3.7634946062992127
11
6.3395609842519685
21
-3.7609173622047245
0
LINE
8
BLACK
6
CONTINUOUS
10
6.3395609842519685
20
-3.7609173622047245
11
6.3477984251968502
21
-3.7596126771653542
0
LINE
8
BLACK
6
CONTINUOUS
10
6.3477984251968502
20
-3.7596126771653542
11
6.3561385826771648
21
-3.7596126771653542
0
LINE
8
BLACK
6
CONTINUOUS
10
6.3561385826771648
20
-3.7596126771653542
11
6.3643760236220475
21
-3.7609173622047245
0
LINE
8
BLACK
6
CONTINUOUS
10
6.3643760236220475
20
-3.7609173622047245
11
6.3723079921259842
21
-3.7634946062992127
0
LINE
8
BLACK
6
CONTINUOUS
10
6.3723079921259842
20
-3.7634946062992127
11
6.3797390944881887
21
-3.7672809448818896
0
LINE
8
BLACK
6
CONTINUOUS
10
6.3797390944881887
20
-3.7672809448818896
11
6.3858710236220473
21
-3.7717360629921259
0
LINE
8
BLACK
6
CONTINUOUS
10
6.3858710236220473
20
-3.7717360629921259
11
6.3904839370078736
21
-3.7671231889763779
0
LINE
8
BLACK
6
CONTINUOUS
10
6.3904839370078736
20
-3.7671231889763779
11
6.3914075196850391
21
-3.7666525984251966
0
LINE
8
BLACK
6
CONTINUOUS
10
6.3914075196850391
20
-3.7666525984251966
11
6.3916255118110232
21
-3.7659816141732283
0
LINE
8
BLACK
6
CONTINUOUS
10
6.3916255118110232
20
-3.7659816141732283
11
6.391625551181102
21
-3.7659816141732283
0
LINE
8
BLACK
6
CONTINUOUS
10
6.391625551181102
20
-3.7659816141732283
11
6.3839517322834647
21
-3.7604062598425196
0
LINE
8
BLACK
6
CONTINUOUS
10
6.3839517322834647
20
-3.7604062598425196
11
6.3839516929133859
21
-3.7604062204724409
0
LINE
8
BLACK
6
CONTINUOUS
10
6.3839516929133859
20
-3.7604062204724409
11
6.3839516141732284
21
-3.7604061811023621
0
LINE
8
BLACK
6
CONTINUOUS
10
6.3839516141732284
20
-3.7604061811023621
11
6.3753934645669288
21
-3.7560456299212599
0
LINE
8
BLACK
6
CONTINUOUS
10
6.3753934645669288
20
-3.7560456299212599
11
6.3662578346456691
21
-3.753077244094488
0
LINE
8
BLACK
6
CONTINUOUS
10
6.3662578346456691
20
-3.753077244094488
11
6.3567714173228342
21
-3.7515748031496061
0
LINE
8
BLACK
6
CONTINUOUS
10
6.3567714173228342
20
-3.7515748031496061
11
6.356771299212598
21
-3.7515748031496061
0
LINE
8
BLACK
6
CONTINUOUS
10
6.356771299212598
20
-3.7515748031496061
11
6.347165708661417
21
-3.7515748031496061
0
LINE
8
BLACK
6
CONTINUOUS
10
6.347165708661417
20
-3.7515748031496061
11
6.3471655905511808
21
-3.7515748031496061
0
LINE
8
BLACK
6
CONTINUOUS
10
6.3471655905511808
20
-3.7515748031496061
11
6.3376790944881884
21
-3.753077244094488
0
LINE
8
BLACK
6
CONTINUOUS
10
6.3376790944881884
20
-3.753077244094488
11
6.3321367322834643
21
-3.7548780708661416
0
LINE
8
BLACK
6
CONTINUOUS
10
6.3321367322834643
20
-3.7548780708661416
11
6.32854342519685
21
-3.7560456299212599
0
LINE
8
BLACK
6
CONTINUOUS
10
6.32854342519685
20
-3.7560456299212599
11
6.3285433070866137
21
-3.7560456692913387
0
LINE
8
BLACK
6
CONTINUOUS
10
6.3285433070866137
20
-3.7560456692913387
11
6.3283977165354326
21
-3.7560929921259842
0
LINE
8
BLACK
6
CONTINUOUS
10
6.3283977165354326
20
-3.7560929921259842
11
6.328375708661417
21
-3.7560253149606297
0
LINE
8
BLACK
6
CONTINUOUS
10
6.328375708661417
20
-3.7560253149606297
11
6.3282115748031496
21
-3.7560381496062991
0
LINE
8
BLACK
6
CONTINUOUS
10
6.3282115748031496
20
-3.7560381496062991
11
6.3278297637795271
21
-3.7562412204724409
0
LINE
8
BLACK
6
CONTINUOUS
10
6.3278297637795271
20
-3.7562412204724409
11
6.327762165354331
21
-3.7562525196850394
0
LINE
8
BLACK
6
CONTINUOUS
10
6.327762165354331
20
-3.7562525196850394
11
6.3273760629921254
21
-3.7563136220472439
0
LINE
8
BLACK
6
CONTINUOUS
10
6.3273760629921254
20
-3.7563136220472439
11
6.326488661417323
21
-3.7561729527559056
0
LINE
8
BLACK
6
CONTINUOUS
10
6.326488661417323
20
-3.7561729527559056
11
6.3262412204724408
21
-3.7561923228346457
0
LINE
8
BLACK
6
CONTINUOUS
10
6.3262412204724408
20
-3.7561923228346457
11
6.3259494488188972
21
-3.7560874803149606
0
LINE
8
BLACK
6
CONTINUOUS
10
6.3259494488188972
20
-3.7560874803149606
11
6.3249968897637796
21
-3.7559364960629922
0
LINE
8
BLACK
6
CONTINUOUS
10
6.3249968897637796
20
-3.7559364960629922
11
6.3232937795275586
21
-3.7542329527559053
0
LINE
8
BLACK
6
CONTINUOUS
10
6.3232937795275586
20
-3.7542329527559053
11
6.3229171259842518
21
-3.7518544488188974
0
LINE
8
BLACK
6
CONTINUOUS
10
6.3229171259842518
20
-3.7518544488188974
11
6.3229538188976377
21
-3.751622716535433
0
LINE
8
BLACK
6
CONTINUOUS
10
6.3229538188976377
20
-3.751622716535433
11
6.3234279921259837
21
-3.750283622047244
0
LINE
8
BLACK
6
CONTINUOUS
10
6.3234279921259837
20
-3.750283622047244
11
6.3245269291338584
21
-3.7483802755905513
0
LINE
8
BLACK
6
CONTINUOUS
10
6.3245269291338584
20
-3.7483802755905513
11
6.3285766535433066
21
-3.7386033858267718
0
LINE
8
BLACK
6
CONTINUOUS
10
6.3285766535433066
20
-3.7386033858267718
11
6.3313155905511813
21
-3.7283815354330709
0
LINE
8
BLACK
6
CONTINUOUS
10
6.3313155905511813
20
-3.7283815354330709
11
6.3326968503937007
21
-3.7178896456692914
0
LINE
8
BLACK
6
CONTINUOUS
10
6.3326968503937007
20
-3.7178896456692914
11
6.3326968503937007
21
-3.7073072047244096
0
LINE
8
BLACK
6
CONTINUOUS
10
6.3326968503937007
20
-3.7073072047244096
11
6.3313155905511813
21
-3.69681531496063
0
LINE
8
BLACK
6
CONTINUOUS
10
6.3313155905511813
20
-3.69681531496063
11
6.3285766535433066
21
-3.6865934645669292
0
LINE
8
BLACK
6
CONTINUOUS
10
6.3285766535433066
20
-3.6865934645669292
11
6.3258533070866143
21
-3.6800187007874015
0
LINE
8
BLACK
6
CONTINUOUS
10
6.3258533070866143
20
-3.6800187007874015
11
6.3245270078740159
21
-3.6768166929133859
0
LINE
8
BLACK
6
CONTINUOUS
10
6.3245270078740159
20
-3.6768166929133859
11
6.3245268897637796
21
-3.6768164960629921
0
LINE
8
BLACK
6
CONTINUOUS
10
6.3245268897637796
20
-3.6768164960629921
11
6.3245268110236221
21
-3.6768162598425196
0
LINE
8
BLACK
6
CONTINUOUS
10
6.3245268110236221
20
-3.6768162598425196
11
6.324525236220472
21
-3.6768131102362203
0
LINE
8
BLACK
6
CONTINUOUS
10
6.324525236220472
20
-3.6768131102362203
11
6.3245107086614167
21
-3.6767884645669291
0
LINE
8
BLACK
6
CONTINUOUS
10
6.3245107086614167
20
-3.6767884645669291
11
6.3234704724409445
21
-3.6749866929133859
0
LINE
8
BLACK
6
CONTINUOUS
10
6.3234704724409445
20
-3.6749866929133859
11
6.3230335039370074
21
-3.6738482677165352
0
LINE
8
BLACK
6
CONTINUOUS
10
6.3230335039370074
20
-3.6738482677165352
11
6.3229660236220475
21
-3.6735308267716533
0
LINE
8
BLACK
6
CONTINUOUS
10
6.3229660236220475
20
-3.6735308267716533
11
6.3230305511811018
21
-3.6729170078740156
0
LINE
8
BLACK
6
CONTINUOUS
10
6.3230305511811018
20
-3.6729170078740156
11
6.322969645669291
21
-3.6726304724409449
0
LINE
8
BLACK
6
CONTINUOUS
10
6.322969645669291
20
-3.6726304724409449
11
6.3230887795275592
21
-3.6723627952755904
0
LINE
8
BLACK
6
CONTINUOUS
10
6.3230887795275592
20
-3.6723627952755904
11
6.3232178740157483
21
-3.6711351968503938
0
LINE
8
BLACK
6
CONTINUOUS
10
6.3232178740157483
20
-3.6711351968503938
11
6.324829763779527
21
-3.6693450787401574
0
LINE
8
BLACK
6
CONTINUOUS
10
6.324829763779527
20
-3.6693450787401574
11
6.3271860236220467
21
-3.6688443307086613
0
LINE
8
BLACK
6
CONTINUOUS
10
6.3271860236220467
20
-3.6688443307086613
11
6.3271860629921255
21
-3.6688443307086613
0
LINE
8
BLACK
6
CONTINUOUS
10
6.3271860629921255
20
-3.6688443307086613
11
6.3274504330708661
21
-3.6688721259842518
0
LINE
8
BLACK
6
CONTINUOUS
10
6.3274504330708661
20
-3.6688721259842518
11
6.3283952362204721
21
-3.6691120472440946
0
LINE
8
BLACK
6
CONTINUOUS
10
6.3283952362204721
20
-3.6691120472440946
11
6.3283979133858264
21
-3.669103897637795
0
LINE
8
BLACK
6
CONTINUOUS
10
6.3283979133858264
20
-3.669103897637795
11
6.3285223228346457
21
-3.6691443307086615
0
LINE
8
BLACK
6
CONTINUOUS
10
6.3285223228346457
20
-3.6691443307086615
11
6.3285341338582679
21
-3.6691473228346454
0
LINE
8
BLACK
6
CONTINUOUS
10
6.3285341338582679
20
-3.6691473228346454
11
6.3285435039370075
21
-3.6691511811023623
0
LINE
8
BLACK
6
CONTINUOUS
10
6.3285435039370075
20
-3.6691511811023623
11
6.3376787007874018
21
-3.6721194488188975
0
LINE
8
BLACK
6
CONTINUOUS
10
6.3376787007874018
20
-3.6721194488188975
11
6.3376788582677168
21
-3.6721194881889763
0
LINE
8
BLACK
6
CONTINUOUS
10
6.3376788582677168
20
-3.6721194881889763
11
6.3471655905511808
21
-3.6736220472440944
0
LINE
8
BLACK
6
CONTINUOUS
10
6.3471655905511808
20
-3.6736220472440944
11
6.356771299212598
21
-3.6736220472440944
0
LINE
8
BLACK
6
CONTINUOUS
10
6.356771299212598
20
-3.6736220472440944
11
6.3567714173228342
21
-3.6736220472440944
0
LINE
8
BLACK
6
CONTINUOUS
10
6.3567714173228342
20
-3.6736220472440944
11
6.3662580708661416
21
-3.6721194881889763
0
LINE
8
BLACK
6
CONTINUOUS
10
6.3662580708661416
20
-3.6721194881889763
11
6.3662582283464566
21
-3.6721194488188975
0
LINE
8
BLACK
6
CONTINUOUS
10
6.3662582283464566
20
-3.6721194488188975
11
6.3753931889763775
21
-3.6691512992125985
0
LINE
8
BLACK
6
CONTINUOUS
10
6.3753931889763775
20
-3.6691512992125985
11
6.375393267716535
21
-3.669151220472441
0
LINE
8
BLACK
6
CONTINUOUS
10
6.375393267716535
20
-3.669151220472441
11
6.3753934645669288
21
-3.6691511811023623
0
LINE
8
BLACK
6
CONTINUOUS
10
6.3753934645669288
20
-3.6691511811023623
11
6.3839518110236222
21
-3.6647905118110233
0
LINE
8
BLACK
6
CONTINUOUS
10
6.3839518110236222
20
-3.6647905118110233
11
6.3839520472440947
21
-3.6647903543307088
0
LINE
8
BLACK
6
CONTINUOUS
10
6.3839520472440947
20
-3.6647903543307088
11
6.3916255118110232
21
-3.6592151968503934
0
LINE
8
BLACK
6
CONTINUOUS
10
6.3916255118110232
20
-3.6592151968503934
11
6.3916255118110232
21
-3.6592151574803147
0
LINE
8
BLACK
6
CONTINUOUS
10
6.3916255118110232
20
-3.6592151574803147
11
6.3879024803149607
21
-3.6554921259842521
0
LINE
8
BLACK
6
CONTINUOUS
10
6.3879024803149607
20
-3.6554921259842521
11
6.3858711023622048
21
-3.653460708661417
0
LINE
8
BLACK
6
CONTINUOUS
10
6.3858711023622048
20
-3.653460708661417
11
6.3797390944881887
21
-3.6579159055118109
0
LINE
8
BLACK
6
CONTINUOUS
10
6.3797390944881887
20
-3.6579159055118109
11
6.3723079921259842
21
-3.6617022440944882
0
LINE
8
BLACK
6
CONTINUOUS
10
6.3723079921259842
20
-3.6617022440944882
11
6.3643760236220475
21
-3.6642794881889764
0
LINE
8
BLACK
6
CONTINUOUS
10
6.3643760236220475
20
-3.6642794881889764
11
6.3561385826771648
21
-3.6655841732283463
0
LINE
8
BLACK
6
CONTINUOUS
10
6.3561385826771648
20
-3.6655841732283463
11
6.3477984251968502
21
-3.6655841732283463
0
LINE
8
BLACK
6
CONTINUOUS
10
6.3477984251968502
20
-3.6655841732283463
11
6.3395609842519685
21
-3.6642794881889764
0
LINE
8
BLACK
6
CONTINUOUS
10
6.3395609842519685
20
-3.6642794881889764
11
6.3316290157480317
21
-3.6617022440944882
0
LINE
8
BLACK
6
CONTINUOUS
10
6.3316290157480317
20
-3.6617022440944882
11
6.3241979133858264
21
-3.6579159055118109
0
LINE
8
BLACK
6
CONTINUOUS
10
6.3241979133858264
20
-3.6579159055118109
11
6.3174505905511813
21
-3.6530137007874015
0
LINE
8
BLACK
6
CONTINUOUS
10
6.3174505905511813
20
-3.6530137007874015
11
6.3115532283464564
21
-3.647116338582677
0
LINE
8
BLACK
6
CONTINUOUS
10
6.3115532283464564
20
-3.647116338582677
11
6.306651023622047
21
-3.6403690157480315
0
LINE
8
BLACK
6
CONTINUOUS
10
6.306651023622047
20
-3.6403690157480315
11
6.3028646850393697
21
-3.6329379133858266
0
LINE
8
BLACK
6
CONTINUOUS
10
6.3028646850393697
20
-3.6329379133858266
11
6.3002874409448815
21
-3.6250059448818899
0
LINE
8
BLACK
6
CONTINUOUS
10
6.3002874409448815
20
-3.6250059448818899
11
6.298982755905512
21
-3.6167685039370077
0
LINE
8
BLACK
6
CONTINUOUS
10
6.298982755905512
20
-3.6167685039370077
11
6.298982755905512
21
-3.6084283464566926
0
LINE
8
BLACK
6
CONTINUOUS
10
6.298982755905512
20
-3.6084283464566926
11
6.3002874409448815
21
-3.6001909055118109
0
LINE
8
BLACK
6
CONTINUOUS
10
6.3002874409448815
20
-3.6001909055118109
11
6.3028646850393697
21
-3.5922589370078741
0
LINE
8
BLACK
6
CONTINUOUS
10
6.3028646850393697
20
-3.5922589370078741
11
6.306651023622047
21
-3.5848278346456692
0
LINE
8
BLACK
6
CONTINUOUS
10
6.306651023622047
20
-3.5848278346456692
11
6.3111061417322833
21
-3.5786958267716535
0
LINE
8
BLACK
6
CONTINUOUS
10
6.3111061417322833
20
-3.5786958267716535
11
6.3053516535433065
21
-3.5729413385826772
0
LINE
8
BLACK
6
CONTINUOUS
10
6.3053516535433065
20
-3.5729413385826772
11
6.3053516141732286
21
-3.5729413385826772
0
LINE
8
BLACK
6
CONTINUOUS
10
6.3053516141732286
20
-3.5729413385826772
11
6.2997765354330708
21
-3.5806146850393699
0
LINE
8
BLACK
6
CONTINUOUS
10
6.2997765354330708
20
-3.5806146850393699
11
6.2997759448818895
21
-3.5806156299212599
0
LINE
8
BLACK
6
CONTINUOUS
10
6.2997759448818895
20
-3.5806156299212599
11
6.2997708661417322
21
-3.5806258267716533
0
LINE
8
BLACK
6
CONTINUOUS
10
6.2997708661417322
20
-3.5806258267716533
11
6.2954157086614169
21
-3.5891733858267716
0
LINE
8
BLACK
6
CONTINUOUS
10
6.2954157086614169
20
-3.5891733858267716
11
6.2924473228346454
21
-3.5983090157480313
0
LINE
8
BLACK
6
CONTINUOUS
10
6.2924473228346454
20
-3.5983090157480313
11
6.2909448818897635
21
-3.6077954330708661
0
LINE
8
BLACK
6
CONTINUOUS
10
6.2909448818897635
20
-3.6077954330708661
11
6.2909448818897635
21
-3.6174013385826771
0
LINE
8
BLACK
6
CONTINUOUS
10
6.2909448818897635
20
-3.6174013385826771
11
6.2924473228346454
21
-3.6268877559055119
0
LINE
8
BLACK
6
CONTINUOUS
10
6.2924473228346454
20
-3.6268877559055119
11
6.2924474015748029
21
-3.6268879527559053
0
LINE
8
BLACK
6
CONTINUOUS
10
6.2924474015748029
20
-3.6268879527559053
11
6.2945041338582675
21
-3.6332179527559054
0
LINE
8
BLACK
6
CONTINUOUS
10
6.2945041338582675
20
-3.6332179527559054
11
6.2948604330708662
21
-3.6343144488188974
0
LINE
8
BLACK
6
CONTINUOUS
10
6.2948604330708662
20
-3.6343144488188974
11
6.2948604330708662
21
-3.6344582283464568
0
LINE
8
BLACK
6
CONTINUOUS
10
6.2948604330708662
20
-3.6344582283464568
11
6.2949364566929136
21
-3.6345801968503935
0
LINE
8
BLACK
6
CONTINUOUS
10
6.2949364566929136
20
-3.6345801968503935
11
6.2949050787401575
21
-3.6350215354330708
0
LINE
8
BLACK
6
CONTINUOUS
10
6.2949050787401575
20
-3.6350215354330708
11
6.2952559055118105
21
-3.6357098818897637
0
LINE
8
BLACK
6
CONTINUOUS
10
6.2952559055118105
20
-3.6357098818897637
11
6.2956329527559056
21
-3.6368703937007871
0
LINE
8
BLACK
6
CONTINUOUS
10
6.2956329527559056
20
-3.6368703937007871
11
6.2956836614173231
21
-3.6371907874015745
0
LINE
8
BLACK
6
CONTINUOUS
10
6.2956836614173231
20
-3.6371907874015745
11
6.2955299212598428
21
-3.6381607480314959
0
LINE
8
BLACK
6
CONTINUOUS
10
6.2955299212598428
20
-3.6381607480314959
11
6.2953066535433067
21
-3.6395698031496062
0
LINE
8
BLACK
6
CONTINUOUS
10
6.2953066535433067
20
-3.6395698031496062
11
6.2953065748031491
21
-3.639569842519685
0
LINE
8
BLACK
6
CONTINUOUS
10
6.2953065748031491
20
-3.639569842519685
11
6.2953065748031491
21
-3.6395699606299212
0
LINE
8
BLACK
6
CONTINUOUS
10
6.2953065748031491
20
-3.6395699606299212
11
6.2943570472440946
21
-3.6405192519685037
0
LINE
8
BLACK
6
CONTINUOUS
10
6.2943570472440946
20
-3.6405192519685037
11
6.2936031889763777
21
-3.6412729921259843
0
LINE
8
BLACK
6
CONTINUOUS
10
6.2936031889763777
20
-3.6412729921259843
11
6.2936031102362202
21
-3.6412729921259843
0
LINE
8
BLACK
6
CONTINUOUS
10
6.2936031102362202
20
-3.6412729921259843
11
6.2936030314960627
21
-3.6412731102362206
0
LINE
8
BLACK
6
CONTINUOUS
10
6.2936030314960627
20
-3.6412731102362206
11
6.2912239763779523
21
-3.6416496850393698
0
LINE
8
BLACK
6
CONTINUOUS
10
6.2912239763779523
20
-3.6416496850393698
11
6.2909924015748029
21
-3.6416129921259843
0
LINE
8
BLACK
6
CONTINUOUS
10
6.2909924015748029
20
-3.6416129921259843
11
6.2896536220472443
21
-3.6411388582677167
0
LINE
8
BLACK
6
CONTINUOUS
10
6.2896536220472443
20
-3.6411388582677167
11
6.2881383464566927
21
-3.6402640157480315
0
LINE
8
BLACK
6
CONTINUOUS
10
6.2881383464566927
20
-3.6402640157480315
11
6.2877505118110237
21
-3.6400400787401574
0
LINE
8
BLACK
6
CONTINUOUS
10
6.2877505118110237
20
-3.6400400787401574
11
6.2877498031496062
21
-3.6400397244094487
0
LINE
8
BLACK
6
CONTINUOUS
10
6.2877498031496062
20
-3.6400397244094487
11
6.2782810236220472
21
-3.6361176377952753
0
LINE
8
BLACK
6
CONTINUOUS
10
6.2782810236220472
20
-3.6361176377952753
11
6.2782804724409447
21
-3.636117440944882
0
LINE
8
BLACK
6
CONTINUOUS
10
6.2782804724409447
20
-3.636117440944882
11
6.2779736614173229
21
-3.6359903543307084
0
LINE
8
BLACK
6
CONTINUOUS
10
6.2779736614173229
20
-3.6359903543307084
11
6.2779736220472442
21
-3.6359903149606296
0
LINE
8
BLACK
6
CONTINUOUS
10
6.2779736220472442
20
-3.6359903149606296
11
6.2779734645669292
21
-3.6359902755905509
0
LINE
8
BLACK
6
CONTINUOUS
10
6.2779734645669292
20
-3.6359902755905509
11
6.2678643700787404
21
-3.633281535433071
0
LINE
8
BLACK
6
CONTINUOUS
10
6.2678643700787404
20
-3.633281535433071
11
6.26777779527559
21
-3.6332555511811022
0
LINE
8
BLACK
6
CONTINUOUS
10
6.26777779527559
20
-3.6332555511811022
11
6.2675785826771655
21
-3.6332232283464565
0
LINE
8
BLACK
6
CONTINUOUS
10
6.2675785826771655
20
-3.6332232283464565
11
6.2674981102362199
21
-3.6332179527559054
0
LINE
8
BLACK
6
CONTINUOUS
10
6.2674981102362199
20
-3.6332179527559054
11
6.2572598031496058
21
-3.6318700787401572
0
LINE
8
BLACK
6
CONTINUOUS
10
6.2572598031496058
20
-3.6318700787401572
11
6.2572597637795271
21
-3.6318700787401572
0
LINE
8
BLACK
6
CONTINUOUS
10
6.2572597637795271
20
-3.6318700787401572
11
6.2572597244094483
21
-3.6318700787401572
0
LINE
8
BLACK
6
CONTINUOUS
10
6.2572597244094483
20
-3.6318700787401572
11
6.2466772834645665
21
-3.6318700787401572
0
LINE
8
BLACK
6
CONTINUOUS
10
6.2466772834645665
20
-3.6318700787401572
11
6.246677204724409
21
-3.6318700787401572
0
LINE
8
BLACK
6
CONTINUOUS
10
6.246677204724409
20
-3.6318700787401572
11
6.2466771259842515
21
-3.6318700787401572
0
LINE
8
BLACK
6
CONTINUOUS
10
6.2466771259842515
20
-3.6318700787401572
11
6.2364389763779524
21
-3.6332179527559054
0
LINE
8
BLACK
6
CONTINUOUS
10
6.2364389763779524
20
-3.6332179527559054
11
6.2364385826771649
21
-3.6332179527559054
0
LINE
8
BLACK
6
CONTINUOUS
10
6.2364385826771649
20
-3.6332179527559054
11
6.2361855511811024
21
-3.6332512598425195
0
LINE
8
BLACK
6
CONTINUOUS
10
6.2361855511811024
20
-3.6332512598425195
11
6.2259632283464565
21
-3.6359903543307084
0
LINE
8
BLACK
6
CONTINUOUS
10
6.2259632283464565
20
-3.6359903543307084
11
6.2259629527559053
21
-3.6359904330708659
0
LINE
8
BLACK
6
CONTINUOUS
10
6.2259629527559053
20
-3.6359904330708659
11
6.215645551181102
21
-3.6402640157480315
0
LINE
8
BLACK
6
CONTINUOUS
10
6.215645551181102
20
-3.6402640157480315
11
6.215399645669291
21
-3.6404943307086612
0
LINE
8
BLACK
6
CONTINUOUS
10
6.215399645669291
20
-3.6404943307086612
11
6.2143569291338583
21
-3.6410963385826771
0
LINE
8
BLACK
6
CONTINUOUS
10
6.2143569291338583
20
-3.6410963385826771
11
6.2132185433070868
21
-3.6415333070866143
0
LINE
8
BLACK
6
CONTINUOUS
10
6.2132185433070868
20
-3.6415333070866143
11
6.2129011023622045
21
-3.6416007874015746
0
LINE
8
BLACK
6
CONTINUOUS
10
6.2129011023622045
20
-3.6416007874015746
11
6.2122871259842523
21
-3.6415362598425194
0
LINE
8
BLACK
6
CONTINUOUS
10
6.2122871259842523
20
-3.6415362598425194
11
6.2120006692913385
21
-3.6415971653543306
0
LINE
8
BLACK
6
CONTINUOUS
10
6.2120006692913385
20
-3.6415971653543306
11
6.2117331496062986
21
-3.6414780314960629
0
LINE
8
BLACK
6
CONTINUOUS
10
6.2117331496062986
20
-3.6414780314960629
11
6.2105054330708658
21
-3.64134905511811
0
LINE
8
BLACK
6
CONTINUOUS
10
6.2105054330708658
20
-3.64134905511811
11
6.2087152362204723
21
-3.639737244094488
0
LINE
8
BLACK
6
CONTINUOUS
10
6.2087152362204723
20
-3.639737244094488
11
6.2082143307086612
21
-3.6373814566929132
0
LINE
8
BLACK
6
CONTINUOUS
10
6.2082143307086612
20
-3.6373814566929132
11
6.2082220866141729
21
-3.6373073622047243
0
LINE
8
BLACK
6
CONTINUOUS
10
6.2082220866141729
20
-3.6373073622047243
11
6.2082356299212593
21
-3.6371783464566927
0
LINE
8
BLACK
6
CONTINUOUS
10
6.2082356299212593
20
-3.6371783464566927
11
6.2084050787401575
21
-3.6363809842519683
0
LINE
8
BLACK
6
CONTINUOUS
10
6.2084050787401575
20
-3.6363809842519683
11
6.208521299212598
21
-3.6360233070866141
0
LINE
8
BLACK
6
CONTINUOUS
10
6.208521299212598
20
-3.6360233070866141
11
6.2085213385826767
21
-3.6360233070866141
0
LINE
8
BLACK
6
CONTINUOUS
10
6.2085213385826767
20
-3.6360233070866141
11
6.2114895669291341
21
-3.6268879527559053
0
LINE
8
BLACK
6
CONTINUOUS
10
6.2114895669291341
20
-3.6268879527559053
11
6.2129921259842522
21
-3.6174012204724408
0
LINE
8
BLACK
6
CONTINUOUS
10
6.2129921259842522
20
-3.6174012204724408
11
6.2129921259842522
21
-3.6077955905511812
0
LINE
8
BLACK
6
CONTINUOUS
10
6.2129921259842522
20
-3.6077955905511812
11
6.2129921259842522
21
-3.6077954330708661
0
LINE
8
BLACK
6
CONTINUOUS
10
6.2129921259842522
20
-3.6077954330708661
11
6.2114895669291341
21
-3.5983087795275588
0
LINE
8
BLACK
6
CONTINUOUS
10
6.2114895669291341
20
-3.5983087795275588
11
6.2114895275590554
21
-3.5983086220472442
0
LINE
8
BLACK
6
CONTINUOUS
10
6.2114895275590554
20
-3.5983086220472442
11
6.2085213779527555
21
-3.5891736614173229
0
LINE
8
BLACK
6
CONTINUOUS
10
6.2085213779527555
20
-3.5891736614173229
11
6.208521299212598
21
-3.5891735433070866
0
LINE
8
BLACK
6
CONTINUOUS
10
6.208521299212598
20
-3.5891735433070866
11
6.2085212598425192
21
-3.5891735039370078
0
LINE
8
BLACK
6
CONTINUOUS
10
6.2085212598425192
20
-3.5891735039370078
11
6.2085212598425192
21
-3.5891734251968503
0
LINE
8
BLACK
6
CONTINUOUS
10
6.2085212598425192
20
-3.5891734251968503
11
6.2041606299212599
21
-3.5806151574803149
0
LINE
8
BLACK
6
CONTINUOUS
10
6.2041606299212599
20
-3.5806151574803149
11
6.2041602755905512
21
-3.5806146850393699
0
LINE
8
BLACK
6
CONTINUOUS
10
6.2041602755905512
20
-3.5806146850393699
11
6.1985852362204721
21
-3.5729413385826772
0
LINE
8
BLACK
6
CONTINUOUS
10
6.1985852362204721
20
-3.5729413385826772
11
6.1985851968503933
21
-3.5729413385826772
0
LINE
8
BLACK
6
CONTINUOUS
10
6.1985851968503933
20
-3.5729413385826772
11
6.1928307480314961
21
-3.5786957086614173
0
LINE
8
BLACK
6
CONTINUOUS
10
6.3928307480314963
20
-3.778695708661417
11
6.397285984251968
21
-3.7848278346456694
0
LINE
8
BLACK
6
CONTINUOUS
10
6.397285984251968
20
-3.7848278346456694
11
6.4010723228346453
21
-3.7922589370078739
0
LINE
8
BLACK
6
CONTINUOUS
10
6.4010723228346453
20
-3.7922589370078739
11
6.4036495669291336
21
-3.800190905511811
0
LINE
8
BLACK
6
CONTINUOUS
10
6.4036495669291336
20
-3.800190905511811
11
6.4049542519685039
21
-3.8084283464566928
0
LINE
8
BLACK
6
CONTINUOUS
10
6.4049542519685039
20
-3.8084283464566928
11
6.4049542519685039
21
-3.8167685039370078
0
LINE
8
BLACK
6
CONTINUOUS
10
6.4049542519685039
20
-3.8167685039370078
11
6.4036495669291336
21
-3.8250059448818896
0
LINE
8
BLACK
6
CONTINUOUS
10
6.4036495669291336
20
-3.8250059448818896
11
6.4010723228346453
21
-3.8329379133858268
0
LINE
8
BLACK
6
CONTINUOUS
10
6.4010723228346453
20
-3.8329379133858268
11
6.397285984251968
21
-3.8403690157480312
0
LINE
8
BLACK
6
CONTINUOUS
10
6.397285984251968
20
-3.8403690157480312
11
6.3928308267716538
21
-3.8465010236220474
0
LINE
8
BLACK
6
CONTINUOUS
10
6.3928308267716538
20
-3.8465010236220474
11
6.3985852362204723
21
-3.8522554330708663
0
LINE
8
BLACK
6
CONTINUOUS
10
6.3985852362204723
20
-3.8522554330708663
11
6.398585275590551
21
-3.8522554330708663
0
LINE
8
BLACK
6
CONTINUOUS
10
6.398585275590551
20
-3.8522554330708663
11
6.4041604330708664
21
-3.8445819685039369
0
LINE
8
BLACK
6
CONTINUOUS
10
6.4041604330708664
20
-3.8445819685039369
11
6.4041605905511814
21
-3.8445817322834643
0
LINE
8
BLACK
6
CONTINUOUS
10
6.4041605905511814
20
-3.8445817322834643
11
6.4085212598425194
21
-3.8360233858267714
0
LINE
8
BLACK
6
CONTINUOUS
10
6.4085212598425194
20
-3.8360233858267714
11
6.4085212992125982
21
-3.8360231889763781
0
LINE
8
BLACK
6
CONTINUOUS
10
6.4085212992125982
20
-3.8360231889763781
11
6.4085213779527557
21
-3.8360231102362206
0
LINE
8
BLACK
6
CONTINUOUS
10
6.4085213779527557
20
-3.8360231102362206
11
6.4114895275590547
21
-3.8268881496062992
0
LINE
8
BLACK
6
CONTINUOUS
10
6.4114895275590547
20
-3.8268881496062992
11
6.4114895669291334
21
-3.8268879921259842
0
LINE
8
BLACK
6
CONTINUOUS
10
6.4114895669291334
20
-3.8268879921259842
11
6.4129921259842515
21
-3.8174013385826773
0
LINE
8
BLACK
6
CONTINUOUS
10
6.4129921259842515
20
-3.8174013385826773
11
6.4129921259842515
21
-3.8077954330708659
0
LINE
8
BLACK
6
CONTINUOUS
10
6.4129921259842515
20
-3.8077954330708659
11
6.4114895669291334
21
-3.798308779527559
0
LINE
8
BLACK
6
CONTINUOUS
10
6.4114895669291334
20
-3.798308779527559
11
6.4114895275590547
21
-3.798308622047244
0
LINE
8
BLACK
6
CONTINUOUS
10
6.4114895275590547
20
-3.798308622047244
11
6.4085213385826769
21
-3.7891735433070863
0
LINE
8
BLACK
6
CONTINUOUS
10
6.4085213385826769
20
-3.7891735433070863
11
6.4041606299212601
21
-3.7806151574803151
0
LINE
8
BLACK
6
CONTINUOUS
10
6.4041606299212601
20
-3.7806151574803151
11
6.4041604724409451
21
-3.7806149212598426
0
LINE
8
BLACK
6
CONTINUOUS
10
6.4041604724409451
20
-3.7806149212598426
11
6.3985852362204723
21
-3.7729413385826769
0
LINE
8
BLACK
6
CONTINUOUS
10
6.3985852362204723
20
-3.7729413385826769
11
6.3985851968503935
21
-3.7729413385826769
0
LINE
8
BLACK
6
CONTINUOUS
10
6.3985851968503935
20
-3.7729413385826769
11
6.3928307480314963
21
-3.778695708661417
0
LINE
8
BLACK
6
CONTINUOUS
10
6.0997765354330706
20
-3.78061468503937
11
6.0997759448818893
21
-3.7806156299212597
0
LINE
8
BLACK
6
CONTINUOUS
10
6.0997759448818893
20
-3.7806156299212597
11
6.099770866141732
21
-3.7806258267716535
0
LINE
8
BLACK
6
CONTINUOUS
10
6.099770866141732
20
-3.7806258267716535
11
6.0954157086614176
21
-3.7891733858267718
0
LINE
8
BLACK
6
CONTINUOUS
10
6.0954157086614176
20
-3.7891733858267718
11
6.0924473228346452
21
-3.7983090157480315
0
LINE
8
BLACK
6
CONTINUOUS
10
6.0924473228346452
20
-3.7983090157480315
11
6.0909448818897634
21
-3.8077954330708659
0
LINE
8
BLACK
6
CONTINUOUS
10
6.0909448818897634
20
-3.8077954330708659
11
6.0909448818897634
21
-3.8174013385826773
0
LINE
8
BLACK
6
CONTINUOUS
10
6.0909448818897634
20
-3.8174013385826773
11
6.0924473228346452
21
-3.8268877559055117
0
LINE
8
BLACK
6
CONTINUOUS
10
6.0924473228346452
20
-3.8268877559055117
11
6.0954157086614176
21
-3.8360233858267714
0
LINE
8
BLACK
6
CONTINUOUS
10
6.0954157086614176
20
-3.8360233858267714
11
6.0997762204724406
21
-3.8445814566929135
0
LINE
8
BLACK
6
CONTINUOUS
10
6.0997762204724406
20
-3.8445814566929135
11
6.0997764566929131
21
-3.8445818503937006
0
LINE
8
BLACK
6
CONTINUOUS
10
6.0997764566929131
20
-3.8445818503937006
11
6.1053516535433072
21
-3.8522553543307088
0
LINE
8
BLACK
6
CONTINUOUS
10
6.1053516535433072
20
-3.8522553543307088
11
6.105351692913386
21
-3.8522553937007875
0
LINE
8
BLACK
6
CONTINUOUS
10
6.105351692913386
20
-3.8522553937007875
11
6.1111061023622044
21
-3.8465009448818899
0
LINE
8
BLACK
6
CONTINUOUS
10
6.1111061023622044
20
-3.8465009448818899
11
6.1066510236220468
21
-3.8403690157480312
0
LINE
8
BLACK
6
CONTINUOUS
10
6.1066510236220468
20
-3.8403690157480312
11
6.1028646850393695
21
-3.8329379133858268
0
LINE
8
BLACK
6
CONTINUOUS
10
6.1028646850393695
20
-3.8329379133858268
11
6.1002874409448822
21
-3.8250059448818896
0
LINE
8
BLACK
6
CONTINUOUS
10
6.1002874409448822
20
-3.8250059448818896
11
6.0989827559055119
21
-3.8167685039370078
0
LINE
8
BLACK
6
CONTINUOUS
10
6.0989827559055119
20
-3.8167685039370078
11
6.0989827559055119
21
-3.8084283464566928
0
LINE
8
BLACK
6
CONTINUOUS
10
6.0989827559055119
20
-3.8084283464566928
11
6.1002874409448822
21
-3.800190905511811
0
LINE
8
BLACK
6
CONTINUOUS
10
6.1002874409448822
20
-3.800190905511811
11
6.1028646850393695
21
-3.7922589370078739
0
LINE
8
BLACK
6
CONTINUOUS
10
6.1028646850393695
20
-3.7922589370078739
11
6.1066510236220468
21
-3.7848278346456694
0
LINE
8
BLACK
6
CONTINUOUS
10
6.1066510236220468
20
-3.7848278346456694
11
6.1111061417322832
21
-3.7786958267716533
0
LINE
8
BLACK
6
CONTINUOUS
10
6.1111061417322832
20
-3.7786958267716533
11
6.1053516535433072
21
-3.7729413385826769
0
LINE
8
BLACK
6
CONTINUOUS
10
6.1053516535433072
20
-3.7729413385826769
11
6.1053516141732285
21
-3.7729413385826769
0
LINE
8
BLACK
6
CONTINUOUS
10
6.1053516141732285
20
-3.7729413385826769
11
6.0997765354330706
21
-3.78061468503937
0
LINE
8
BLACK
6
CONTINUOUS
10
4.9514961023622046
20
-3.7816929133858266
11
4.9514960629921259
21
-3.7816929527559053
0
LINE
8
BLACK
6
CONTINUOUS
10
4.9514960629921259
20
-3.7816929527559053
11
4.9514960629921259
21
-3.7816929921259841
0
LINE
8
BLACK
6
CONTINUOUS
10
4.9514960629921259
20
-3.7816929921259841
11
4.9514960629921259
21
-3.8075474015748032
0
LINE
8
BLACK
6
CONTINUOUS
10
4.9514960629921259
20
-3.8075474015748032
11
4.9519528346456694
21
-3.8098437795275588
0
LINE
8
BLACK
6
CONTINUOUS
10
4.9519528346456694
20
-3.8098437795275588
11
4.9519528740157481
21
-3.8098439370078738
0
LINE
8
BLACK
6
CONTINUOUS
10
4.9519528740157481
20
-3.8098439370078738
11
4.9536931496062993
21
-3.8124483858267717
0
LINE
8
BLACK
6
CONTINUOUS
10
4.9536931496062993
20
-3.8124483858267717
11
4.9536933070866143
21
-3.8124485433070867
0
LINE
8
BLACK
6
CONTINUOUS
10
4.9536933070866143
20
-3.8124485433070867
11
4.9562977559055117
21
-3.8141888188976378
0
LINE
8
BLACK
6
CONTINUOUS
10
4.9562977559055117
20
-3.8141888188976378
11
4.9585022834645667
21
-3.8146272834645667
0
LINE
8
BLACK
6
CONTINUOUS
10
4.9585022834645667
20
-3.8146272834645667
11
4.9585712992125979
21
-3.8146427559055116
0
LINE
8
BLACK
6
CONTINUOUS
10
4.9585712992125979
20
-3.8146427559055116
11
4.9585943700787398
21
-3.8146455905511809
0
LINE
8
BLACK
6
CONTINUOUS
10
4.9585943700787398
20
-3.8146455905511809
11
4.9585944488188973
21
-3.8146456299212597
0
LINE
8
BLACK
6
CONTINUOUS
10
4.9585944488188973
20
-3.8146456299212597
11
4.9585946062992123
21
-3.8146456692913384
0
LINE
8
BLACK
6
CONTINUOUS
10
4.9585946062992123
20
-3.8146456692913384
11
4.9844487401574806
21
-3.8146456692913384
0
LINE
8
BLACK
6
CONTINUOUS
10
4.9844487401574806
20
-3.8146456692913384
11
4.9844487795275594
21
-3.8146456692913384
0
LINE
8
BLACK
6
CONTINUOUS
10
4.9844487795275594
20
-3.8146456692913384
11
4.9844488188976372
21
-3.8146456299212597
0
LINE
8
BLACK
6
CONTINUOUS
10
4.9844488188976372
20
-3.8146456299212597
11
4.9844488188976372
21
-3.8067716535433069
0
LINE
8
BLACK
6
CONTINUOUS
10
4.9844488188976372
20
-3.8067716535433069
11
4.9593700787401573
21
-3.8067716535433069
0
LINE
8
BLACK
6
CONTINUOUS
10
4.9593700787401573
20
-3.8067716535433069
11
4.9593700787401573
21
-3.7816929133858266
0
LINE
8
BLACK
6
CONTINUOUS
10
4.9593700787401573
20
-3.7816929133858266
11
4.9514961023622046
21
-3.7816929133858266
0
LINE
8
BLACK
6
CONTINUOUS
10
5.0193700787401569
20
-3.8067716535433069
11
4.994291338582677
21
-3.8067716535433069
0
LINE
8
BLACK
6
CONTINUOUS
10
4.994291338582677
20
-3.8067716535433069
11
4.994291338582677
21
-3.8146456299212597
0
LINE
8
BLACK
6
CONTINUOUS
10
4.994291338582677
20
-3.8146456299212597
11
4.9942913779527558
21
-3.8146456692913384
0
LINE
8
BLACK
6
CONTINUOUS
10
4.9942913779527558
20
-3.8146456692913384
11
4.9942914173228345
21
-3.8146456692913384
0
LINE
8
BLACK
6
CONTINUOUS
10
4.9942914173228345
20
-3.8146456692913384
11
5.020145551181102
21
-3.8146456692913384
0
LINE
8
BLACK
6
CONTINUOUS
10
5.020145551181102
20
-3.8146456692913384
11
5.0201456299212595
21
-3.8146456692913384
0
LINE
8
BLACK
6
CONTINUOUS
10
5.0201456299212595
20
-3.8146456692913384
11
5.0202998818897635
21
-3.814620590551181
0
LINE
8
BLACK
6
CONTINUOUS
10
5.0202998818897635
20
-3.814620590551181
11
5.0203855118110239
21
-3.8145979133858265
0
LINE
8
BLACK
6
CONTINUOUS
10
5.0203855118110239
20
-3.8145979133858265
11
5.0216248425196852
21
-3.8143514173228348
0
LINE
8
BLACK
6
CONTINUOUS
10
5.0216248425196852
20
-3.8143514173228348
11
5.0224422047244097
21
-3.8141888582677166
0
LINE
8
BLACK
6
CONTINUOUS
10
5.0224422047244097
20
-3.8141888582677166
11
5.0224422047244097
21
-3.8141888188976378
0
LINE
8
BLACK
6
CONTINUOUS
10
5.0224422047244097
20
-3.8141888188976378
11
5.0224423622047247
21
-3.8141888188976378
0
LINE
8
BLACK
6
CONTINUOUS
10
5.0224423622047247
20
-3.8141888188976378
11
5.0250468110236222
21
-3.8124485433070867
0
LINE
8
BLACK
6
CONTINUOUS
10
5.0250468110236222
20
-3.8124485433070867
11
5.0250469685039372
21
-3.8124483858267717
0
LINE
8
BLACK
6
CONTINUOUS
10
5.0250469685039372
20
-3.8124483858267717
11
5.0267872440944883
21
-3.8098439370078738
0
LINE
8
BLACK
6
CONTINUOUS
10
5.0267872440944883
20
-3.8098439370078738
11
5.0271963385826774
21
-3.807787086614173
0
LINE
8
BLACK
6
CONTINUOUS
10
5.0271963385826774
20
-3.807787086614173
11
5.027219015748031
21
-3.8077014566929135
0
LINE
8
BLACK
6
CONTINUOUS
10
5.027219015748031
20
-3.8077014566929135
11
5.0272440944881884
21
-3.8075471653543307
0
LINE
8
BLACK
6
CONTINUOUS
10
5.0272440944881884
20
-3.8075471653543307
11
5.0272440944881884
21
-3.7816929921259841
0
LINE
8
BLACK
6
CONTINUOUS
10
5.0272440944881884
20
-3.7816929921259841
11
5.0272440944881884
21
-3.7816929527559053
0
LINE
8
BLACK
6
CONTINUOUS
10
5.0272440944881884
20
-3.7816929527559053
11
5.0272440551181097
21
-3.7816929133858266
0
LINE
8
BLACK
6
CONTINUOUS
10
5.0272440551181097
20
-3.7816929133858266
11
5.0272440157480318
21
-3.7816929133858266
0
LINE
8
BLACK
6
CONTINUOUS
10
5.0272440157480318
20
-3.7816929133858266
11
5.0193700787401569
21
-3.7816929133858266
0
LINE
8
BLACK
6
CONTINUOUS
10
5.0193700787401569
20
-3.7816929133858266
11
5.0193700787401569
21
-3.8067716535433069
0
LINE
8
BLACK
6
CONTINUOUS
10
5.0514961023622043
20
-3.7816929133858266
11
5.0514960629921255
21
-3.7816929527559053
0
LINE
8
BLACK
6
CONTINUOUS
10
5.0514960629921255
20
-3.7816929527559053
11
5.0514960629921255
21
-3.7816929921259841
0
LINE
8
BLACK
6
CONTINUOUS
10
5.0514960629921255
20
-3.7816929921259841
11
5.0514960629921255
21
-3.8075474015748032
0
LINE
8
BLACK
6
CONTINUOUS
10
5.0514960629921255
20
-3.8075474015748032
11
5.051952834645669
21
-3.8098437795275588
0
LINE
8
BLACK
6
CONTINUOUS
10
5.051952834645669
20
-3.8098437795275588
11
5.0519528740157478
21
-3.8098439370078738
0
LINE
8
BLACK
6
CONTINUOUS
10
5.0519528740157478
20
-3.8098439370078738
11
5.0536931496062989
21
-3.8124483858267717
0
LINE
8
BLACK
6
CONTINUOUS
10
5.0536931496062989
20
-3.8124483858267717
11
5.0536933070866139
21
-3.8124485433070867
0
LINE
8
BLACK
6
CONTINUOUS
10
5.0536933070866139
20
-3.8124485433070867
11
5.0562977559055113
21
-3.8141888188976378
0
LINE
8
BLACK
6
CONTINUOUS
10
5.0562977559055113
20
-3.8141888188976378
11
5.0585022834645672
21
-3.8146272834645667
0
LINE
8
BLACK
6
CONTINUOUS
10
5.0585022834645672
20
-3.8146272834645667
11
5.0585712992125984
21
-3.8146427559055116
0
LINE
8
BLACK
6
CONTINUOUS
10
5.0585712992125984
20
-3.8146427559055116
11
5.0585943700787404
21
-3.8146455905511809
0
LINE
8
BLACK
6
CONTINUOUS
10
5.0585943700787404
20
-3.8146455905511809
11
5.0585944488188979
21
-3.8146456299212597
0
LINE
8
BLACK
6
CONTINUOUS
10
5.0585944488188979
20
-3.8146456299212597
11
5.0585946062992129
21
-3.8146456692913384
0
LINE
8
BLACK
6
CONTINUOUS
10
5.0585946062992129
20
-3.8146456692913384
11
5.0844487401574803
21
-3.8146456692913384
0
LINE
8
BLACK
6
CONTINUOUS
10
5.0844487401574803
20
-3.8146456692913384
11
5.084448779527559
21
-3.8146456692913384
0
LINE
8
BLACK
6
CONTINUOUS
10
5.084448779527559
20
-3.8146456692913384
11
5.0844488188976378
21
-3.8146456299212597
0
LINE
8
BLACK
6
CONTINUOUS
10
5.0844488188976378
20
-3.8146456299212597
11
5.0844488188976378
21
-3.8067716535433069
0
LINE
8
BLACK
6
CONTINUOUS
10
5.0844488188976378
20
-3.8067716535433069
11
5.059370078740157
21
-3.8067716535433069
0
LINE
8
BLACK
6
CONTINUOUS
10
5.059370078740157
20
-3.8067716535433069
11
5.059370078740157
21
-3.7816929133858266
0
LINE
8
BLACK
6
CONTINUOUS
10
5.059370078740157
20
-3.7816929133858266
11
5.0514961023622043
21
-3.7816929133858266
0
LINE
8
BLACK
6
CONTINUOUS
10
5.1193700787401575
20
-3.8067716535433069
11
5.0942913385826767
21
-3.8067716535433069
0
LINE
8
BLACK
6
CONTINUOUS
10
5.0942913385826767
20
-3.8067716535433069
11
5.0942913385826767
21
-3.8146456299212597
0
LINE
8
BLACK
6
CONTINUOUS
10
5.0942913385826767
20
-3.8146456299212597
11
5.0942913779527554
21
-3.8146456692913384
0
LINE
8
BLACK
6
CONTINUOUS
10
5.0942913779527554
20
-3.8146456692913384
11
5.0942914173228342
21
-3.8146456692913384
0
LINE
8
BLACK
6
CONTINUOUS
10
5.0942914173228342
20
-3.8146456692913384
11
5.1201455511811025
21
-3.8146456692913384
0
LINE
8
BLACK
6
CONTINUOUS
10
5.1201455511811025
20
-3.8146456692913384
11
5.12014562992126
21
-3.8146456692913384
0
LINE
8
BLACK
6
CONTINUOUS
10
5.12014562992126
20
-3.8146456692913384
11
5.120299881889764
21
-3.814620590551181
0
LINE
8
BLACK
6
CONTINUOUS
10
5.120299881889764
20
-3.814620590551181
11
5.1203855118110235
21
-3.8145979133858265
0
LINE
8
BLACK
6
CONTINUOUS
10
5.1203855118110235
20
-3.8145979133858265
11
5.1216248425196849
21
-3.8143514173228348
0
LINE
8
BLACK
6
CONTINUOUS
10
5.1216248425196849
20
-3.8143514173228348
11
5.1224422047244094
21
-3.8141888582677166
0
LINE
8
BLACK
6
CONTINUOUS
10
5.1224422047244094
20
-3.8141888582677166
11
5.1224422047244094
21
-3.8141888188976378
0
LINE
8
BLACK
6
CONTINUOUS
10
5.1224422047244094
20
-3.8141888188976378
11
5.1224423622047244
21
-3.8141888188976378
0
LINE
8
BLACK
6
CONTINUOUS
10
5.1224423622047244
20
-3.8141888188976378
11
5.1250468110236218
21
-3.8124485433070867
0
LINE
8
BLACK
6
CONTINUOUS
10
5.1250468110236218
20
-3.8124485433070867
11
5.1250469685039368
21
-3.8124483858267717
0
LINE
8
BLACK
6
CONTINUOUS
10
5.1250469685039368
20
-3.8124483858267717
11
5.1267872440944879
21
-3.8098439370078738
0
LINE
8
BLACK
6
CONTINUOUS
10
5.1267872440944879
20
-3.8098439370078738
11
5.1271963385826771
21
-3.807787086614173
0
LINE
8
BLACK
6
CONTINUOUS
10
5.1271963385826771
20
-3.807787086614173
11
5.1272190157480315
21
-3.8077014566929135
0
LINE
8
BLACK
6
CONTINUOUS
10
5.1272190157480315
20
-3.8077014566929135
11
5.127244094488189
21
-3.8075471653543307
0
LINE
8
BLACK
6
CONTINUOUS
10
5.127244094488189
20
-3.8075471653543307
11
5.127244094488189
21
-3.7816929921259841
0
LINE
8
BLACK
6
CONTINUOUS
10
5.127244094488189
20
-3.7816929921259841
11
5.127244094488189
21
-3.7816929527559053
0
LINE
8
BLACK
6
CONTINUOUS
10
5.127244094488189
20
-3.7816929527559053
11
5.1272440551181102
21
-3.7816929133858266
0
LINE
8
BLACK
6
CONTINUOUS
10
5.1272440551181102
20
-3.7816929133858266
11
5.1272440157480315
21
-3.7816929133858266
0
LINE
8
BLACK
6
CONTINUOUS
10
5.1272440157480315
20
-3.7816929133858266
11
5.1193700787401575
21
-3.7816929133858266
0
LINE
8
BLACK
6
CONTINUOUS
10
5.1193700787401575
20
-3.7816929133858266
11
5.1193700787401575
21
-3.8067716535433069
0
LINE
8
BLACK
6
CONTINUOUS
10
5.0942913385826767
20
-3.7388976771653541
11
5.0942913385826767
21
-3.7388977165354329
0
LINE
8
BLACK
6
CONTINUOUS
10
5.0942913385826767
20
-3.7388977165354329
11
5.0942913385826767
21
-3.7467716535433069
0
LINE
8
BLACK
6
CONTINUOUS
10
5.0942913385826767
20
-3.7467716535433069
11
5.1193700787401575
21
-3.7467716535433069
0
LINE
8
BLACK
6
CONTINUOUS
10
5.1193700787401575
20
-3.7467716535433069
11
5.1193700787401575
21
-3.7718503937007872
0
LINE
8
BLACK
6
CONTINUOUS
10
5.1193700787401575
20
-3.7718503937007872
11
5.1272440157480315
21
-3.7718503937007872
0
LINE
8
BLACK
6
CONTINUOUS
10
5.1272440157480315
20
-3.7718503937007872
11
5.1272440551181102
21
-3.7718503937007872
0
LINE
8
BLACK
6
CONTINUOUS
10
5.1272440551181102
20
-3.7718503937007872
11
5.127244094488189
21
-3.7718503543307085
0
LINE
8
BLACK
6
CONTINUOUS
10
5.127244094488189
20
-3.7718503543307085
11
5.127244094488189
21
-3.7459961417322836
0
LINE
8
BLACK
6
CONTINUOUS
10
5.127244094488189
20
-3.7459961417322836
11
5.127244094488189
21
-3.7459960629921261
0
LINE
8
BLACK
6
CONTINUOUS
10
5.127244094488189
20
-3.7459960629921261
11
5.1272190551181103
21
-3.7458418503937008
0
LINE
8
BLACK
6
CONTINUOUS
10
5.1272190551181103
20
-3.7458418503937008
11
5.1271962992125983
21
-3.7457559842519683
0
LINE
8
BLACK
6
CONTINUOUS
10
5.1271962992125983
20
-3.7457559842519683
11
5.1267872440944879
21
-3.7436993307086612
0
LINE
8
BLACK
6
CONTINUOUS
10
5.1267872440944879
20
-3.7436993307086612
11
5.1250469685039368
21
-3.7410948818897638
0
LINE
8
BLACK
6
CONTINUOUS
10
5.1250469685039368
20
-3.7410948818897638
11
5.1250468110236218
21
-3.7410947244094488
0
LINE
8
BLACK
6
CONTINUOUS
10
5.1250468110236218
20
-3.7410947244094488
11
5.1224423622047244
21
-3.7393544488188977
0
LINE
8
BLACK
6
CONTINUOUS
10
5.1224423622047244
20
-3.7393544488188977
11
5.1224422440944881
21
-3.7393544094488189
0
LINE
8
BLACK
6
CONTINUOUS
10
5.1224422440944881
20
-3.7393544094488189
11
5.1201458267716538
21
-3.7388976377952754
0
LINE
8
BLACK
6
CONTINUOUS
10
5.1201458267716538
20
-3.7388976377952754
11
5.1201456692913387
21
-3.7388976377952754
0
LINE
8
BLACK
6
CONTINUOUS
10
5.1201456692913387
20
-3.7388976377952754
11
5.0942913779527554
21
-3.7388976377952754
0
LINE
8
BLACK
6
CONTINUOUS
10
5.0942913779527554
20
-3.7388976377952754
11
5.0942913385826767
21
-3.7388976771653541
0
LINE
8
BLACK
6
CONTINUOUS
10
4.994291338582677
20
-3.7388976771653541
11
4.994291338582677
21
-3.7388977165354329
0
LINE
8
BLACK
6
CONTINUOUS
10
4.994291338582677
20
-3.7388977165354329
11
4.994291338582677
21
-3.7467716535433069
0
LINE
8
BLACK
6
CONTINUOUS
10
4.994291338582677
20
-3.7467716535433069
11
5.0193700787401569
21
-3.7467716535433069
0
LINE
8
BLACK
6
CONTINUOUS
10
5.0193700787401569
20
-3.7467716535433069
11
5.0193700787401569
21
-3.7718503937007872
0
LINE
8
BLACK
6
CONTINUOUS
10
5.0193700787401569
20
-3.7718503937007872
11
5.0272440157480318
21
-3.7718503937007872
0
LINE
8
BLACK
6
CONTINUOUS
10
5.0272440157480318
20
-3.7718503937007872
11
5.0272440551181097
21
-3.7718503937007872
0
LINE
8
BLACK
6
CONTINUOUS
10
5.0272440551181097
20
-3.7718503937007872
11
5.0272440944881884
21
-3.7718503543307085
0
LINE
8
BLACK
6
CONTINUOUS
10
5.0272440944881884
20
-3.7718503543307085
11
5.0272440944881884
21
-3.7459961417322836
0
LINE
8
BLACK
6
CONTINUOUS
10
5.0272440944881884
20
-3.7459961417322836
11
5.0272440551181097
21
-3.7459960236220473
0
LINE
8
BLACK
6
CONTINUOUS
10
5.0272440551181097
20
-3.7459960236220473
11
5.0272440157480318
21
-3.7459958267716535
0
LINE
8
BLACK
6
CONTINUOUS
10
5.0272440157480318
20
-3.7459958267716535
11
5.0267872440944883
21
-3.7436993307086612
0
LINE
8
BLACK
6
CONTINUOUS
10
5.0267872440944883
20
-3.7436993307086612
11
5.0250469685039372
21
-3.7410948818897638
0
LINE
8
BLACK
6
CONTINUOUS
10
5.0250469685039372
20
-3.7410948818897638
11
5.0250468110236222
21
-3.7410947244094488
0
LINE
8
BLACK
6
CONTINUOUS
10
5.0250468110236222
20
-3.7410947244094488
11
5.0224423622047247
21
-3.7393544488188977
0
LINE
8
BLACK
6
CONTINUOUS
10
5.0224423622047247
20
-3.7393544488188977
11
5.0224422440944885
21
-3.7393544094488189
0
LINE
8
BLACK
6
CONTINUOUS
10
5.0224422440944885
20
-3.7393544094488189
11
5.0201458267716532
21
-3.7388976377952754
0
LINE
8
BLACK
6
CONTINUOUS
10
5.0201458267716532
20
-3.7388976377952754
11
5.0201456692913382
21
-3.7388976377952754
0
LINE
8
BLACK
6
CONTINUOUS
10
5.0201456692913382
20
-3.7388976377952754
11
4.9942913779527558
21
-3.7388976377952754
0
LINE
8
BLACK
6
CONTINUOUS
10
4.9942913779527558
20
-3.7388976377952754
11
4.994291338582677
21
-3.7388976771653541
0
LINE
8
BLACK
6
CONTINUOUS
10
4.9514763779527557
20
-3.7075493307086616
11
4.9514764173228345
21
-3.7075495275590549
0
LINE
8
BLACK
6
CONTINUOUS
10
4.9514764173228345
20
-3.7075495275590549
11
4.951934330708661
21
-3.7098514566929133
0
LINE
8
BLACK
6
CONTINUOUS
10
4.951934330708661
20
-3.7098514566929133
11
4.9519343700787397
21
-3.7098516141732283
0
LINE
8
BLACK
6
CONTINUOUS
10
4.9519343700787397
20
-3.7098516141732283
11
4.9536790551181102
21
-3.7124626771653544
0
LINE
8
BLACK
6
CONTINUOUS
10
4.9536790551181102
20
-3.7124626771653544
11
4.9562901181102363
21
-3.7142073622047245
0
LINE
8
BLACK
6
CONTINUOUS
10
4.9562901181102363
20
-3.7142073622047245
11
4.9571653543307086
21
-3.7143814566929132
0
LINE
8
BLACK
6
CONTINUOUS
10
4.9571653543307086
20
-3.7143814566929132
11
4.9580404724409446
21
-3.7145555511811024
0
LINE
8
BLACK
6
CONTINUOUS
10
4.9580404724409446
20
-3.7145555511811024
11
4.9580405905511808
21
-3.7145555511811024
0
LINE
8
BLACK
6
CONTINUOUS
10
4.9580405905511808
20
-3.7145555511811024
11
4.9583527165354333
21
-3.7146176377952753
0
LINE
8
BLACK
6
CONTINUOUS
10
4.9583527165354333
20
-3.7146176377952753
11
4.9584379527559053
21
-3.7146401968503935
0
LINE
8
BLACK
6
CONTINUOUS
10
4.9584379527559053
20
-3.7146401968503935
11
4.958524173228346
21
-3.714654212598425
0
LINE
8
BLACK
6
CONTINUOUS
10
4.958524173228346
20
-3.714654212598425
11
4.9585858661417319
21
-3.7146653543307084
0
LINE
8
BLACK
6
CONTINUOUS
10
4.9585858661417319
20
-3.7146653543307084
11
4.9585925984251968
21
-3.7146653543307084
0
LINE
8
BLACK
6
CONTINUOUS
10
4.9585925984251968
20
-3.7146653543307084
11
4.9585926377952756
21
-3.7146653543307084
0
LINE
8
BLACK
6
CONTINUOUS
10
4.9585926377952756
20
-3.7146653543307084
11
5.0201475196850396
21
-3.7146653543307084
0
LINE
8
BLACK
6
CONTINUOUS
10
5.0201475196850396
20
-3.7146653543307084
11
5.0201475590551183
21
-3.7146653543307084
0
LINE
8
BLACK
6
CONTINUOUS
10
5.0201475590551183
20
-3.7146653543307084
11
5.0224500393700788
21
-3.7142073622047245
0
LINE
8
BLACK
6
CONTINUOUS
10
5.0224500393700788
20
-3.7142073622047245
11
5.0250611023622049
21
-3.7124626771653544
0
LINE
8
BLACK
6
CONTINUOUS
10
5.0250611023622049
20
-3.7124626771653544
11
5.0268057874015746
21
-3.7098516141732283
0
LINE
8
BLACK
6
CONTINUOUS
10
5.0268057874015746
20
-3.7098516141732283
11
5.0272637795275585
21
-3.7075491338582678
0
LINE
8
BLACK
6
CONTINUOUS
10
5.0272637795275585
20
-3.7075491338582678
11
5.0272637795275585
21
-3.6941015748031494
0
LINE
8
BLACK
6
CONTINUOUS
10
5.0272637795275585
20
-3.6941015748031494
11
5.0274544488188972
21
-3.6928974015748031
0
LINE
8
BLACK
6
CONTINUOUS
10
5.0274544488188972
20
-3.6928974015748031
11
5.0274888188976377
21
-3.6927916535433072
0
LINE
8
BLACK
6
CONTINUOUS
10
5.0274888188976377
20
-3.6927916535433072
11
5.0276167322834642
21
-3.6923978346456692
0
LINE
8
BLACK
6
CONTINUOUS
10
5.0276167322834642
20
-3.6923978346456692
11
5.0290324015748027
21
-3.6904490551181102
0
LINE
8
BLACK
6
CONTINUOUS
10
5.0290324015748027
20
-3.6904490551181102
11
5.0290559842519684
21
-3.6904319291338581
0
LINE
8
BLACK
6
CONTINUOUS
10
5.0290559842519684
20
-3.6904319291338581
11
5.0291953937007872
21
-3.6903307086614174
0
LINE
8
BLACK
6
CONTINUOUS
10
5.0291953937007872
20
-3.6903307086614174
11
5.03148594488189
21
-3.6895866141732281
0
LINE
8
BLACK
6
CONTINUOUS
10
5.03148594488189
20
-3.6895866141732281
11
5.0469614173228345
21
-3.6895866141732281
0
LINE
8
BLACK
6
CONTINUOUS
10
5.0469614173228345
20
-3.6895866141732281
11
5.0481656692913388
21
-3.6897772834645668
0
LINE
8
BLACK
6
CONTINUOUS
10
5.0481656692913388
20
-3.6897772834645668
11
5.0486652362204723
21
-3.6899396062992125
0
LINE
8
BLACK
6
CONTINUOUS
10
5.0486652362204723
20
-3.6899396062992125
11
5.0506140157480317
21
-3.691355433070866
0
LINE
8
BLACK
6
CONTINUOUS
10
5.0506140157480317
20
-3.691355433070866
11
5.0507319291338577
21
-3.6915177165354329
0
LINE
8
BLACK
6
CONTINUOUS
10
5.0507319291338577
20
-3.6915177165354329
11
5.0514763779527554
21
-3.6938086614173229
0
LINE
8
BLACK
6
CONTINUOUS
10
5.0514763779527554
20
-3.6938086614173229
11
5.0514763779527554
21
-3.7075493307086616
0
LINE
8
BLACK
6
CONTINUOUS
10
5.0514763779527554
20
-3.7075493307086616
11
5.0514764173228341
21
-3.7075495275590549
0
LINE
8
BLACK
6
CONTINUOUS
10
5.0514764173228341
20
-3.7075495275590549
11
5.0519343307086615
21
-3.7098514566929133
0
LINE
8
BLACK
6
CONTINUOUS
10
5.0519343307086615
20
-3.7098514566929133
11
5.0519343700787402
21
-3.7098516141732283
0
LINE
8
BLACK
6
CONTINUOUS
10
5.0519343700787402
20
-3.7098516141732283
11
5.0536790551181099
21
-3.7124626771653544
0
LINE
8
BLACK
6
CONTINUOUS
10
5.0536790551181099
20
-3.7124626771653544
11
5.056290118110236
21
-3.7142073622047245
0
LINE
8
BLACK
6
CONTINUOUS
10
5.056290118110236
20
-3.7142073622047245
11
5.0571653543307082
21
-3.7143814566929132
0
LINE
8
BLACK
6
CONTINUOUS
10
5.0571653543307082
20
-3.7143814566929132
11
5.0580404724409451
21
-3.7145555511811024
0
LINE
8
BLACK
6
CONTINUOUS
10
5.0580404724409451
20
-3.7145555511811024
11
5.0580405905511814
21
-3.7145555511811024
0
LINE
8
BLACK
6
CONTINUOUS
10
5.0580405905511814
20
-3.7145555511811024
11
5.0583527165354329
21
-3.7146176377952753
0
LINE
8
BLACK
6
CONTINUOUS
10
5.0583527165354329
20
-3.7146176377952753
11
5.0584379527559058
21
-3.7146401968503935
0
LINE
8
BLACK
6
CONTINUOUS
10
5.0584379527559058
20
-3.7146401968503935
11
5.0585241732283466
21
-3.714654212598425
0
LINE
8
BLACK
6
CONTINUOUS
10
5.0585241732283466
20
-3.714654212598425
11
5.0585858661417324
21
-3.7146653543307084
0
LINE
8
BLACK
6
CONTINUOUS
10
5.0585858661417324
20
-3.7146653543307084
11
5.0585925984251965
21
-3.7146653543307084
0
LINE
8
BLACK
6
CONTINUOUS
10
5.0585925984251965
20
-3.7146653543307084
11
5.0585926377952752
21
-3.7146653543307084
0
LINE
8
BLACK
6
CONTINUOUS
10
5.0585926377952752
20
-3.7146653543307084
11
5.1201475196850392
21
-3.7146653543307084
0
LINE
8
BLACK
6
CONTINUOUS
10
5.1201475196850392
20
-3.7146653543307084
11
5.120147559055118
21
-3.7146653543307084
0
LINE
8
BLACK
6
CONTINUOUS
10
5.120147559055118
20
-3.7146653543307084
11
5.1224500393700785
21
-3.7142073622047245
0
LINE
8
BLACK
6
CONTINUOUS
10
5.1224500393700785
20
-3.7142073622047245
11
5.1250611023622046
21
-3.7124626771653544
0
LINE
8
BLACK
6
CONTINUOUS
10
5.1250611023622046
20
-3.7124626771653544
11
5.1268057874015751
21
-3.7098516141732283
0
LINE
8
BLACK
6
CONTINUOUS
10
5.1268057874015751
20
-3.7098516141732283
11
5.1272637795275591
21
-3.7075491338582678
0
LINE
8
BLACK
6
CONTINUOUS
10
5.1272637795275591
20
-3.7075491338582678
11
5.1272637795275591
21
-3.6944952755905511
0
LINE
8
BLACK
6
CONTINUOUS
10
5.1272637795275591
20
-3.6944952755905511
11
5.1274544488188978
21
-3.6932911023622048
0
LINE
8
BLACK
6
CONTINUOUS
10
5.1274544488188978
20
-3.6932911023622048
11
5.1276167322834647
21
-3.6927915354330709
0
LINE
8
BLACK
6
CONTINUOUS
10
5.1276167322834647
20
-3.6927915354330709
11
5.1290324015748032
21
-3.6908427559055119
0
LINE
8
BLACK
6
CONTINUOUS
10
5.1290324015748032
20
-3.6908427559055119
11
5.1290559842519681
21
-3.6908256299212598
0
LINE
8
BLACK
6
CONTINUOUS
10
5.1290559842519681
20
-3.6908256299212598
11
5.1291953937007877
21
-3.6907244094488187
0
LINE
8
BLACK
6
CONTINUOUS
10
5.1291953937007877
20
-3.6907244094488187
11
5.1314859448818897
21
-3.6899803149606298
0
LINE
8
BLACK
6
CONTINUOUS
10
5.1314859448818897
20
-3.6899803149606298
11
5.2515861811023621
21
-3.6899803149606298
0
LINE
8
BLACK
6
CONTINUOUS
10
5.2515861811023621
20
-3.6899803149606298
11
5.2527905511811026
21
-3.6901710236220473
0
LINE
8
BLACK
6
CONTINUOUS
10
5.2527905511811026
20
-3.6901710236220473
11
5.2537049606299213
21
-3.690468149606299
0
LINE
8
BLACK
6
CONTINUOUS
10
5.2537049606299213
20
-3.690468149606299
11
5.2552565748031492
21
-3.6914189763779528
0
LINE
8
BLACK
6
CONTINUOUS
10
5.2552565748031492
20
-3.6914189763779528
11
5.2583458661417319
21
-3.6945082283464568
0
LINE
8
BLACK
6
CONTINUOUS
10
5.2583458661417319
20
-3.6945082283464568
11
5.2583675590551184
21
-3.694523897637795
0
LINE
8
BLACK
6
CONTINUOUS
10
5.2583675590551184
20
-3.694523897637795
11
5.2584463779527555
21
-3.6945662992125983
0
LINE
8
BLACK
6
CONTINUOUS
10
5.2584463779527555
20
-3.6945662992125983
11
5.2632878346456691
21
-3.6973614960629919
0
LINE
8
BLACK
6
CONTINUOUS
10
5.2632878346456691
20
-3.6973614960629919
11
5.2632878740157478
21
-3.6973614960629919
0
LINE
8
BLACK
6
CONTINUOUS
10
5.2632878740157478
20
-3.6973614960629919
11
5.2632879921259841
21
-3.6973615748031494
0
LINE
8
BLACK
6
CONTINUOUS
10
5.2632879921259841
20
-3.6973615748031494
11
5.2688001968503935
21
-3.6988385826771655
0
LINE
8
BLACK
6
CONTINUOUS
10
5.2688001968503935
20
-3.6988385826771655
11
5.2688002362204722
21
-3.6988385826771655
0
LINE
8
BLACK
6
CONTINUOUS
10
5.2688002362204722
20
-3.6988385826771655
11
5.2745068503937009
21
-3.6988385826771655
0
LINE
8
BLACK
6
CONTINUOUS
10
5.2745068503937009
20
-3.6988385826771655
11
5.2745068897637797
21
-3.6988385826771655
0
LINE
8
BLACK
6
CONTINUOUS
10
5.2745068897637797
20
-3.6988385826771655
11
5.2800190944881891
21
-3.6973615748031494
0
LINE
8
BLACK
6
CONTINUOUS
10
5.2800190944881891
20
-3.6973615748031494
11
5.2800191338582678
21
-3.6973615354330707
0
LINE
8
BLACK
6
CONTINUOUS
10
5.2800191338582678
20
-3.6973615354330707
11
5.2800192125984253
21
-3.6973614960629919
0
LINE
8
BLACK
6
CONTINUOUS
10
5.2800192125984253
20
-3.6973614960629919
11
5.2800192519685041
21
-3.6973614960629919
0
LINE
8
BLACK
6
CONTINUOUS
10
5.2800192519685041
20
-3.6973614960629919
11
5.2847196850393701
21
-3.6946476771653542
0
LINE
8
BLACK
6
CONTINUOUS
10
5.2847196850393701
20
-3.6946476771653542
11
5.2848333858267713
21
-3.6945924409448816
0
LINE
8
BLACK
6
CONTINUOUS
10
5.2848333858267713
20
-3.6945924409448816
11
5.2848643307086611
21
-3.6945720866141731
0
LINE
8
BLACK
6
CONTINUOUS
10
5.2848643307086611
20
-3.6945720866141731
11
5.285061535433071
21
-3.6944502755905511
0
LINE
8
BLACK
6
CONTINUOUS
10
5.285061535433071
20
-3.6944502755905511
11
5.2851126771653538
21
-3.6944207086614171
0
LINE
8
BLACK
6
CONTINUOUS
10
5.2851126771653538
20
-3.6944207086614171
11
5.2853236220472439
21
-3.6941457874015748
0
LINE
8
BLACK
6
CONTINUOUS
10
5.2853236220472439
20
-3.6941457874015748
11
5.2889964173228341
21
-3.690473031496063
0
LINE
8
BLACK
6
CONTINUOUS
10
5.2889964173228341
20
-3.690473031496063
11
5.2912362992125983
21
-3.6865934645669292
0
LINE
8
BLACK
6
CONTINUOUS
10
5.2912362992125983
20
-3.6865934645669292
11
5.2918496850393701
21
-3.6855310629921259
0
LINE
8
BLACK
6
CONTINUOUS
10
5.2918496850393701
20
-3.6855310629921259
11
5.2918496850393701
21
-3.6855309842519683
0
LINE
8
BLACK
6
CONTINUOUS
10
5.2918496850393701
20
-3.6855309842519683
11
5.2918497637795276
21
-3.6855309055118108
0
LINE
8
BLACK
6
CONTINUOUS
10
5.2918497637795276
20
-3.6855309055118108
11
5.2933267716535433
21
-3.6800187007874015
0
LINE
8
BLACK
6
CONTINUOUS
10
5.2933267716535433
20
-3.6800187007874015
11
5.2933267716535433
21
-3.6743120078740157
0
LINE
8
BLACK
6
CONTINUOUS
10
5.2933267716535433
20
-3.6743120078740157
11
5.2918497637795276
21
-3.6687998031496063
0
LINE
8
BLACK
6
CONTINUOUS
10
5.2918497637795276
20
-3.6687998031496063
11
5.2918496850393701
21
-3.66879968503937
0
LINE
8
BLACK
6
CONTINUOUS
10
5.2918496850393701
20
-3.66879968503937
11
5.2918496850393701
21
-3.6687996062992125
0
LINE
8
BLACK
6
CONTINUOUS
10
5.2918496850393701
20
-3.6687996062992125
11
5.2918494881889764
21
-3.6687992913385825
0
LINE
8
BLACK
6
CONTINUOUS
10
5.2918494881889764
20
-3.6687992913385825
11
5.2918368503937003
21
-3.668771338582677
0
LINE
8
BLACK
6
CONTINUOUS
10
5.2918368503937003
20
-3.668771338582677
11
5.2917872834645667
21
-3.6686914960629919
0
LINE
8
BLACK
6
CONTINUOUS
10
5.2917872834645667
20
-3.6686914960629919
11
5.2890545275590553
21
-3.6639582283464565
0
LINE
8
BLACK
6
CONTINUOUS
10
5.2890545275590553
20
-3.6639582283464565
11
5.2890545275590553
21
-3.6639582677165352
0
LINE
8
BLACK
6
CONTINUOUS
10
5.2890545275590553
20
-3.6639582677165352
11
5.2889965354330704
21
-3.6638578346456692
0
LINE
8
BLACK
6
CONTINUOUS
10
5.2889965354330704
20
-3.6638578346456692
11
5.2889964566929129
21
-3.6638577559055117
0
LINE
8
BLACK
6
CONTINUOUS
10
5.2889964566929129
20
-3.6638577559055117
11
5.2889964173228341
21
-3.6638576771653542
0
LINE
8
BLACK
6
CONTINUOUS
10
5.2889964173228341
20
-3.6638576771653542
11
5.2849612204724412
21
-3.6598224803149604
0
LINE
8
BLACK
6
CONTINUOUS
10
5.2849612204724412
20
-3.6598224803149604
11
5.284961102362205
21
-3.6598224015748029
0
LINE
8
BLACK
6
CONTINUOUS
10
5.284961102362205
20
-3.6598224015748029
11
5.2849610236220474
21
-3.6598223228346454
0
LINE
8
BLACK
6
CONTINUOUS
10
5.2849610236220474
20
-3.6598223228346454
11
5.282274566929134
21
-3.6582712992125983
0
LINE
8
BLACK
6
CONTINUOUS
10
5.282274566929134
20
-3.6582712992125983
11
5.2814464960629923
21
-3.6573516141732281
0
LINE
8
BLACK
6
CONTINUOUS
10
5.2814464960629923
20
-3.6573516141732281
11
5.278854212598425
21
-3.656656968503937
0
LINE
8
BLACK
6
CONTINUOUS
10
5.278854212598425
20
-3.656656968503937
11
5.2788541732283463
21
-3.656656968503937
0
LINE
8
BLACK
6
CONTINUOUS
10
5.2788541732283463
20
-3.656656968503937
11
5.2745068897637797
21
-3.6554921259842521
0
LINE
8
BLACK
6
CONTINUOUS
10
5.2745068897637797
20
-3.6554921259842521
11
5.2745068110236222
21
-3.6554921259842521
0
LINE
8
BLACK
6
CONTINUOUS
10
5.2745068110236222
20
-3.6554921259842521
11
5.268800118110236
21
-3.6554921259842521
0
LINE
8
BLACK
6
CONTINUOUS
10
5.268800118110236
20
-3.6554921259842521
11
5.2663696062992127
21
-3.6561433464566928
0
LINE
8
BLACK
6
CONTINUOUS
10
5.2663696062992127
20
-3.6561433464566928
11
5.2663695669291339
21
-3.6561433070866141
0
LINE
8
BLACK
6
CONTINUOUS
10
5.2663695669291339
20
-3.6561433070866141
11
5.2632878740157478
21
-3.656969094488189
0
LINE
8
BLACK
6
CONTINUOUS
10
5.2632878740157478
20
-3.656969094488189
11
5.2632876377952753
21
-3.6569692125984252
0
LINE
8
BLACK
6
CONTINUOUS
10
5.2632876377952753
20
-3.6569692125984252
11
5.2584535826771654
21
-3.6597601574803149
0
LINE
8
BLACK
6
CONTINUOUS
10
5.2584535826771654
20
-3.6597601574803149
11
5.2584533858267717
21
-3.6597603149606299
0
LINE
8
BLACK
6
CONTINUOUS
10
5.2584533858267717
20
-3.6597603149606299
11
5.2583460236220469
21
-3.6598223228346454
0
LINE
8
BLACK
6
CONTINUOUS
10
5.2583460236220469
20
-3.6598223228346454
11
5.2583459842519682
21
-3.6598223622047241
0
LINE
8
BLACK
6
CONTINUOUS
10
5.2583459842519682
20
-3.6598223622047241
11
5.2583458661417319
21
-3.6598224409448816
0
LINE
8
BLACK
6
CONTINUOUS
10
5.2583458661417319
20
-3.6598224409448816
11
5.2583458661417319
21
-3.6598224803149604
0
LINE
8
BLACK
6
CONTINUOUS
10
5.2583458661417319
20
-3.6598224803149604
11
5.2578818110236218
21
-3.6602864960629922
0
LINE
8
BLACK
6
CONTINUOUS
10
5.2578818110236218
20
-3.6602864960629922
11
5.2578809055118105
21
-3.6602873622047243
0
LINE
8
BLACK
6
CONTINUOUS
10
5.2578809055118105
20
-3.6602873622047243
11
5.255395984251968
21
-3.6627722834645668
0
LINE
8
BLACK
6
CONTINUOUS
10
5.255395984251968
20
-3.6627722834645668
11
5.254409527559055
21
-3.6634889763779528
0
LINE
8
BLACK
6
CONTINUOUS
10
5.254409527559055
20
-3.6634889763779528
11
5.253552834645669
21
-3.6639255118110237
0
LINE
8
BLACK
6
CONTINUOUS
10
5.253552834645669
20
-3.6639255118110237
11
5.2517832677165357
21
-3.6643503937007873
0
LINE
8
BLACK
6
CONTINUOUS
10
5.2517832677165357
20
-3.6643503937007873
11
5.1317787401574799
21
-3.6643503937007873
0
LINE
8
BLACK
6
CONTINUOUS
10
5.1317787401574799
20
-3.6643503937007873
11
5.1305742913385828
21
-3.6641596062992123
0
LINE
8
BLACK
6
CONTINUOUS
10
5.1305742913385828
20
-3.6641596062992123
11
5.1300748425196847
21
-3.6639973228346454
0
LINE
8
BLACK
6
CONTINUOUS
10
5.1300748425196847
20
-3.6639973228346454
11
5.1281260236220474
21
-3.6625814173228344
0
LINE
8
BLACK
6
CONTINUOUS
10
5.1281260236220474
20
-3.6625814173228344
11
5.1281257480314961
21
-3.6625810236220473
0
LINE
8
BLACK
6
CONTINUOUS
10
5.1281257480314961
20
-3.6625810236220473
11
5.128007874015748
21
-3.6624187401574804
0
LINE
8
BLACK
6
CONTINUOUS
10
5.128007874015748
20
-3.6624187401574804
11
5.1272637795275591
21
-3.6601281889763779
0
LINE
8
BLACK
6
CONTINUOUS
10
5.1272637795275591
20
-3.6601281889763779
11
5.1272637795275591
21
-3.6459941338582675
0
LINE
8
BLACK
6
CONTINUOUS
10
5.1272637795275591
20
-3.6459941338582675
11
5.1272637401574803
21
-3.6459940944881888
0
LINE
8
BLACK
6
CONTINUOUS
10
5.1272637401574803
20
-3.6459940944881888
11
5.1272637007874016
21
-3.64599374015748
0
LINE
8
BLACK
6
CONTINUOUS
10
5.1272637007874016
20
-3.64599374015748
11
5.1271540157480313
21
-3.6454423622047245
0
LINE
8
BLACK
6
CONTINUOUS
10
5.1271540157480313
20
-3.6454423622047245
11
5.1271540157480313
21
-3.6454422047244095
0
LINE
8
BLACK
6
CONTINUOUS
10
5.1271540157480313
20
-3.6454422047244095
11
5.1269544094488184
21
-3.6444390551181103
0
LINE
8
BLACK
6
CONTINUOUS
10
5.1269544094488184
20
-3.6444390551181103
11
5.1268057874015751
21
-3.6436916929133858
0
LINE
8
BLACK
6
CONTINUOUS
10
5.1268057874015751
20
-3.6436916929133858
11
5.1250611023622046
21
-3.6410806299212597
0
LINE
8
BLACK
6
CONTINUOUS
10
5.1250611023622046
20
-3.6410806299212597
11
5.1250609448818896
21
-3.6410805118110234
0
LINE
8
BLACK
6
CONTINUOUS
10
5.1250609448818896
20
-3.6410805118110234
11
5.1242209842519681
21
-3.6405192519685037
0
LINE
8
BLACK
6
CONTINUOUS
10
5.1242209842519681
20
-3.6405192519685037
11
5.1224500787401572
21
-3.6393359448818896
0
LINE
8
BLACK
6
CONTINUOUS
10
5.1224500787401572
20
-3.6393359448818896
11
5.1224498818897635
21
-3.6393358661417321
0
LINE
8
BLACK
6
CONTINUOUS
10
5.1224498818897635
20
-3.6393358661417321
11
5.1224419291338581
21
-3.6393331889763778
0
LINE
8
BLACK
6
CONTINUOUS
10
5.1224419291338581
20
-3.6393331889763778
11
5.1223814173228348
21
-3.6393222834645669
0
LINE
8
BLACK
6
CONTINUOUS
10
5.1223814173228348
20
-3.6393222834645669
11
5.120148346456693
21
-3.6388780708661415
0
LINE
8
BLACK
6
CONTINUOUS
10
5.120148346456693
20
-3.6388780708661415
11
5.1201479527559055
21
-3.638877992125984
0
LINE
8
BLACK
6
CONTINUOUS
10
5.1201479527559055
20
-3.638877992125984
11
5.1201477559055117
21
-3.6388779527559056
0
LINE
8
BLACK
6
CONTINUOUS
10
5.1201477559055117
20
-3.6388779527559056
11
5.1201476377952755
21
-3.6388779527559056
0
LINE
8
BLACK
6
CONTINUOUS
10
5.1201476377952755
20
-3.6388779527559056
11
5.120147559055118
21
-3.6388779527559056
0
LINE
8
BLACK
6
CONTINUOUS
10
5.120147559055118
20
-3.6388779527559056
11
5.0585925984251965
21
-3.6388779527559056
0
LINE
8
BLACK
6
CONTINUOUS
10
5.0585925984251965
20
-3.6388779527559056
11
5.0585925590551177
21
-3.6388779527559056
0
LINE
8
BLACK
6
CONTINUOUS
10
5.0585925590551177
20
-3.6388779527559056
11
5.0585923228346452
21
-3.6388779527559056
0
LINE
8
BLACK
6
CONTINUOUS
10
5.0585923228346452
20
-3.6388779527559056
11
5.0562904724409448
21
-3.6393358267716533
0
LINE
8
BLACK
6
CONTINUOUS
10
5.0562904724409448
20
-3.6393358267716533
11
5.0562898818897635
21
-3.6393360236220471
0
LINE
8
BLACK
6
CONTINUOUS
10
5.0562898818897635
20
-3.6393360236220471
11
5.0536792913385824
21
-3.6410803937007872
0
LINE
8
BLACK
6
CONTINUOUS
10
5.0536792913385824
20
-3.6410803937007872
11
5.0536788188976374
21
-3.6410808661417322
0
LINE
8
BLACK
6
CONTINUOUS
10
5.0536788188976374
20
-3.6410808661417322
11
5.0519344488188977
21
-3.6436914566929133
0
LINE
8
BLACK
6
CONTINUOUS
10
5.0519344488188977
20
-3.6436914566929133
11
5.051934251968504
21
-3.6436920472440946
0
LINE
8
BLACK
6
CONTINUOUS
10
5.051934251968504
20
-3.6436920472440946
11
5.0514763779527554
21
-3.645993897637795
0
LINE
8
BLACK
6
CONTINUOUS
10
5.0514763779527554
20
-3.645993897637795
11
5.0514763779527554
21
-3.6594416929133859
0
LINE
8
BLACK
6
CONTINUOUS
10
5.0514763779527554
20
-3.6594416929133859
11
5.0512855905511813
21
-3.6606461417322835
0
LINE
8
BLACK
6
CONTINUOUS
10
5.0512855905511813
20
-3.6606461417322835
11
5.0511233070866144
21
-3.6611455905511812
0
LINE
8
BLACK
6
CONTINUOUS
10
5.0511233070866144
20
-3.6611455905511812
11
5.0497078740157475
21
-3.6630940551181101
0
LINE
8
BLACK
6
CONTINUOUS
10
5.0497078740157475
20
-3.6630940551181101
11
5.0495456299212593
21
-3.663211968503937
0
LINE
8
BLACK
6
CONTINUOUS
10
5.0495456299212593
20
-3.663211968503937
11
5.0472547637795273
21
-3.6639566929133855
0
LINE
8
BLACK
6
CONTINUOUS
10
5.0472547637795273
20
-3.6639566929133855
11
5.0317787401574803
21
-3.6639566929133855
0
LINE
8
BLACK
6
CONTINUOUS
10
5.0317787401574803
20
-3.6639566929133855
11
5.0305742913385822
21
-3.663765905511811
0
LINE
8
BLACK
6
CONTINUOUS
10
5.0305742913385822
20
-3.663765905511811
11
5.0300748425196851
21
-3.6636036220472441
0
LINE
8
BLACK
6
CONTINUOUS
10
5.0300748425196851
20
-3.6636036220472441
11
5.0300746456692913
21
-3.6636035039370078
0
LINE
8
BLACK
6
CONTINUOUS
10
5.0300746456692913
20
-3.6636035039370078
11
5.0300744094488188
21
-3.6636035039370078
0
LINE
8
BLACK
6
CONTINUOUS
10
5.0300744094488188
20
-3.6636035039370078
11
5.0300743307086613
21
-3.6636034645669291
0
LINE
8
BLACK
6
CONTINUOUS
10
5.0300743307086613
20
-3.6636034645669291
11
5.0290263385826774
21
-3.6628418110236218
0
LINE
8
BLACK
6
CONTINUOUS
10
5.0290263385826774
20
-3.6628418110236218
11
5.0281260236220469
21
-3.6621877165354331
0
LINE
8
BLACK
6
CONTINUOUS
10
5.0281260236220469
20
-3.6621877165354331
11
5.0281257480314956
21
-3.6621873228346455
0
LINE
8
BLACK
6
CONTINUOUS
10
5.0281257480314956
20
-3.6621873228346455
11
5.0280078740157483
21
-3.6620250393700786
0
LINE
8
BLACK
6
CONTINUOUS
10
5.0280078740157483
20
-3.6620250393700786
11
5.0280027952755901
21
-3.6620094094488187
0
LINE
8
BLACK
6
CONTINUOUS
10
5.0280027952755901
20
-3.6620094094488187
11
5.0272637795275585
21
-3.6597344881889762
0
LINE
8
BLACK
6
CONTINUOUS
10
5.0272637795275585
20
-3.6597344881889762
11
5.0272637795275585
21
-3.6459941338582675
0
LINE
8
BLACK
6
CONTINUOUS
10
5.0272637795275585
20
-3.6459941338582675
11
5.0272637401574798
21
-3.6459940944881888
0
LINE
8
BLACK
6
CONTINUOUS
10
5.0272637401574798
20
-3.6459940944881888
11
5.027263700787401
21
-3.64599374015748
0
LINE
8
BLACK
6
CONTINUOUS
10
5.027263700787401
20
-3.64599374015748
11
5.0271540157480317
21
-3.6454423622047245
0
LINE
8
BLACK
6
CONTINUOUS
10
5.0271540157480317
20
-3.6454423622047245
11
5.0271540157480317
21
-3.6454422047244095
0
LINE
8
BLACK
6
CONTINUOUS
10
5.0271540157480317
20
-3.6454422047244095
11
5.0269544094488188
21
-3.6444390551181103
0
LINE
8
BLACK
6
CONTINUOUS
10
5.0269544094488188
20
-3.6444390551181103
11
5.0268057874015746
21
-3.6436916929133858
0
LINE
8
BLACK
6
CONTINUOUS
10
5.0268057874015746
20
-3.6436916929133858
11
5.0250611023622049
21
-3.6410806299212597
0
LINE
8
BLACK
6
CONTINUOUS
10
5.0250611023622049
20
-3.6410806299212597
11
5.0250609448818899
21
-3.6410805118110234
0
LINE
8
BLACK
6
CONTINUOUS
10
5.0250609448818899
20
-3.6410805118110234
11
5.0242209842519685
21
-3.6405192519685037
0
LINE
8
BLACK
6
CONTINUOUS
10
5.0242209842519685
20
-3.6405192519685037
11
5.0224500787401576
21
-3.6393359448818896
0
LINE
8
BLACK
6
CONTINUOUS
10
5.0224500787401576
20
-3.6393359448818896
11
5.0224498818897638
21
-3.6393358661417321
0
LINE
8
BLACK
6
CONTINUOUS
10
5.0224498818897638
20
-3.6393358661417321
11
5.0224419291338585
21
-3.6393331889763778
0
LINE
8
BLACK
6
CONTINUOUS
10
5.0224419291338585
20
-3.6393331889763778
11
5.0223814173228343
21
-3.6393222834645669
0
LINE
8
BLACK
6
CONTINUOUS
10
5.0223814173228343
20
-3.6393222834645669
11
5.0201483464566925
21
-3.6388780708661415
0
LINE
8
BLACK
6
CONTINUOUS
10
5.0201483464566925
20
-3.6388780708661415
11
5.020147952755905
21
-3.638877992125984
0
LINE
8
BLACK
6
CONTINUOUS
10
5.020147952755905
20
-3.638877992125984
11
5.0201477559055121
21
-3.6388779527559056
0
LINE
8
BLACK
6
CONTINUOUS
10
5.0201477559055121
20
-3.6388779527559056
11
5.0201476377952758
21
-3.6388779527559056
0
LINE
8
BLACK
6
CONTINUOUS
10
5.0201476377952758
20
-3.6388779527559056
11
5.0201475590551183
21
-3.6388779527559056
0
LINE
8
BLACK
6
CONTINUOUS
10
5.0201475590551183
20
-3.6388779527559056
11
4.9585925984251968
21
-3.6388779527559056
0
LINE
8
BLACK
6
CONTINUOUS
10
4.9585925984251968
20
-3.6388779527559056
11
4.9585925590551181
21
-3.6388779527559056
0
LINE
8
BLACK
6
CONTINUOUS
10
4.9585925590551181
20
-3.6388779527559056
11
4.9585923228346456
21
-3.6388779527559056
0
LINE
8
BLACK
6
CONTINUOUS
10
4.9585923228346456
20
-3.6388779527559056
11
4.9562904724409451
21
-3.6393358267716533
0
LINE
8
BLACK
6
CONTINUOUS
10
4.9562904724409451
20
-3.6393358267716533
11
4.9562898818897638
21
-3.6393360236220471
0
LINE
8
BLACK
6
CONTINUOUS
10
4.9562898818897638
20
-3.6393360236220471
11
4.9536792913385828
21
-3.6410803937007872
0
LINE
8
BLACK
6
CONTINUOUS
10
4.9536792913385828
20
-3.6410803937007872
11
4.9536788188976377
21
-3.6410808661417322
0
LINE
8
BLACK
6
CONTINUOUS
10
4.9536788188976377
20
-3.6410808661417322
11
4.9519344488188972
21
-3.6436914566929133
0
LINE
8
BLACK
6
CONTINUOUS
10
4.9519344488188972
20
-3.6436914566929133
11
4.9519342519685035
21
-3.6436920472440946
0
LINE
8
BLACK
6
CONTINUOUS
10
4.9519342519685035
20
-3.6436920472440946
11
4.9514763779527557
21
-3.645993897637795
0
LINE
8
BLACK
6
CONTINUOUS
10
4.9514763779527557
20
-3.645993897637795
11
4.9514763779527557
21
-3.7075493307086616
0
LINE
8
BLACK
6
CONTINUOUS
10
6.3928307480314963
20
-3.5786957086614173
11
6.397285984251968
21
-3.5848278346456692
0
LINE
8
BLACK
6
CONTINUOUS
10
6.397285984251968
20
-3.5848278346456692
11
6.4010723228346453
21
-3.5922589370078741
0
LINE
8
BLACK
6
CONTINUOUS
10
6.4010723228346453
20
-3.5922589370078741
11
6.4036495669291336
21
-3.6001909055118109
0
LINE
8
BLACK
6
CONTINUOUS
10
6.4036495669291336
20
-3.6001909055118109
11
6.4049542519685039
21
-3.6084283464566926
0
LINE
8
BLACK
6
CONTINUOUS
10
6.4049542519685039
20
-3.6084283464566926
11
6.4049542519685039
21
-3.6167685039370077
0
LINE
8
BLACK
6
CONTINUOUS
10
6.4049542519685039
20
-3.6167685039370077
11
6.4036495669291336
21
-3.6250059448818899
0
LINE
8
BLACK
6
CONTINUOUS
10
6.4036495669291336
20
-3.6250059448818899
11
6.4010723228346453
21
-3.6329379133858266
0
LINE
8
BLACK
6
CONTINUOUS
10
6.4010723228346453
20
-3.6329379133858266
11
6.397285984251968
21
-3.6403690157480315
0
LINE
8
BLACK
6
CONTINUOUS
10
6.397285984251968
20
-3.6403690157480315
11
6.3928308267716538
21
-3.6465010236220472
0
LINE
8
BLACK
6
CONTINUOUS
10
6.3928308267716538
20
-3.6465010236220472
11
6.3985852362204723
21
-3.6522554330708661
0
LINE
8
BLACK
6
CONTINUOUS
10
6.3985852362204723
20
-3.6522554330708661
11
6.398585275590551
21
-3.6522554330708661
0
LINE
8
BLACK
6
CONTINUOUS
10
6.398585275590551
20
-3.6522554330708661
11
6.4041604330708664
21
-3.6445819685039371
0
LINE
8
BLACK
6
CONTINUOUS
10
6.4041604330708664
20
-3.6445819685039371
11
6.4041605905511814
21
-3.6445817322834646
0
LINE
8
BLACK
6
CONTINUOUS
10
6.4041605905511814
20
-3.6445817322834646
11
6.4085213385826769
21
-3.6360233070866141
0
LINE
8
BLACK
6
CONTINUOUS
10
6.4085213385826769
20
-3.6360233070866141
11
6.4114895669291334
21
-3.6268879527559053
0
LINE
8
BLACK
6
CONTINUOUS
10
6.4114895669291334
20
-3.6268879527559053
11
6.4129921259842515
21
-3.6174012204724408
0
LINE
8
BLACK
6
CONTINUOUS
10
6.4129921259842515
20
-3.6174012204724408
11
6.4129921259842515
21
-3.6077955905511812
0
LINE
8
BLACK
6
CONTINUOUS
10
6.4129921259842515
20
-3.6077955905511812
11
6.4129921259842515
21
-3.6077954330708661
0
LINE
8
BLACK
6
CONTINUOUS
10
6.4129921259842515
20
-3.6077954330708661
11
6.4114895669291334
21
-3.5983087795275588
0
LINE
8
BLACK
6
CONTINUOUS
10
6.4114895669291334
20
-3.5983087795275588
11
6.4114895275590547
21
-3.5983086220472442
0
LINE
8
BLACK
6
CONTINUOUS
10
6.4114895275590547
20
-3.5983086220472442
11
6.4085213779527557
21
-3.5891736614173229
0
LINE
8
BLACK
6
CONTINUOUS
10
6.4085213779527557
20
-3.5891736614173229
11
6.4085212992125982
21
-3.5891735433070866
0
LINE
8
BLACK
6
CONTINUOUS
10
6.4085212992125982
20
-3.5891735433070866
11
6.4085212598425194
21
-3.5891735039370078
0
LINE
8
BLACK
6
CONTINUOUS
10
6.4085212598425194
20
-3.5891735039370078
11
6.4085212598425194
21
-3.5891734251968503
0
LINE
8
BLACK
6
CONTINUOUS
10
6.4085212598425194
20
-3.5891734251968503
11
6.4041606299212601
21
-3.5806151574803149
0
LINE
8
BLACK
6
CONTINUOUS
10
6.4041606299212601
20
-3.5806151574803149
11
6.4041602755905513
21
-3.5806146850393699
0
LINE
8
BLACK
6
CONTINUOUS
10
6.4041602755905513
20
-3.5806146850393699
11
6.3985852362204723
21
-3.5729413385826772
0
LINE
8
BLACK
6
CONTINUOUS
10
6.3985852362204723
20
-3.5729413385826772
11
6.3985851968503935
21
-3.5729413385826772
0
LINE
8
BLACK
6
CONTINUOUS
10
6.3985851968503935
20
-3.5729413385826772
11
6.3928307480314963
21
-3.5786957086614173
0
LINE
8
BLACK
6
CONTINUOUS
10
6.0997765354330706
20
-3.5806146850393699
11
6.0997759448818893
21
-3.5806156299212599
0
LINE
8
BLACK
6
CONTINUOUS
10
6.0997759448818893
20
-3.5806156299212599
11
6.099770866141732
21
-3.5806258267716533
0
LINE
8
BLACK
6
CONTINUOUS
10
6.099770866141732
20
-3.5806258267716533
11
6.0954157086614176
21
-3.5891733858267716
0
LINE
8
BLACK
6
CONTINUOUS
10
6.0954157086614176
20
-3.5891733858267716
11
6.0924473228346452
21
-3.5983090157480313
0
LINE
8
BLACK
6
CONTINUOUS
10
6.0924473228346452
20
-3.5983090157480313
11
6.0909448818897634
21
-3.6077954330708661
0
LINE
8
BLACK
6
CONTINUOUS
10
6.0909448818897634
20
-3.6077954330708661
11
6.0909448818897634
21
-3.6174013385826771
0
LINE
8
BLACK
6
CONTINUOUS
10
6.0909448818897634
20
-3.6174013385826771
11
6.0924473228346452
21
-3.6268877559055119
0
LINE
8
BLACK
6
CONTINUOUS
10
6.0924473228346452
20
-3.6268877559055119
11
6.0954156692913388
21
-3.6360233070866141
0
LINE
8
BLACK
6
CONTINUOUS
10
6.0954156692913388
20
-3.6360233070866141
11
6.0997762992125981
21
-3.6445816141732283
0
LINE
8
BLACK
6
CONTINUOUS
10
6.0997762992125981
20
-3.6445816141732283
11
6.0997764566929131
21
-3.6445818503937009
0
LINE
8
BLACK
6
CONTINUOUS
10
6.0997764566929131
20
-3.6445818503937009
11
6.1053516535433072
21
-3.6522553543307086
0
LINE
8
BLACK
6
CONTINUOUS
10
6.1053516535433072
20
-3.6522553543307086
11
6.105351692913386
21
-3.6522553937007873
0
LINE
8
BLACK
6
CONTINUOUS
10
6.105351692913386
20
-3.6522553937007873
11
6.1111061023622044
21
-3.6465009448818897
0
LINE
8
BLACK
6
CONTINUOUS
10
6.1111061023622044
20
-3.6465009448818897
11
6.1066510236220468
21
-3.6403690157480315
0
LINE
8
BLACK
6
CONTINUOUS
10
6.1066510236220468
20
-3.6403690157480315
11
6.1028646850393695
21
-3.6329379133858266
0
LINE
8
BLACK
6
CONTINUOUS
10
6.1028646850393695
20
-3.6329379133858266
11
6.1002874409448822
21
-3.6250059448818899
0
LINE
8
BLACK
6
CONTINUOUS
10
6.1002874409448822
20
-3.6250059448818899
11
6.0989827559055119
21
-3.6167685039370077
0
LINE
8
BLACK
6
CONTINUOUS
10
6.0989827559055119
20
-3.6167685039370077
11
6.0989827559055119
21
-3.6084283464566926
0
LINE
8
BLACK
6
CONTINUOUS
10
6.0989827559055119
20
-3.6084283464566926
11
6.1002874409448822
21
-3.6001909055118109
0
LINE
8
BLACK
6
CONTINUOUS
10
6.1002874409448822
20
-3.6001909055118109
11
6.1028646850393695
21
-3.5922589370078741
0
LINE
8
BLACK
6
CONTINUOUS
10
6.1028646850393695
20
-3.5922589370078741
11
6.1066510236220468
21
-3.5848278346456692
0
LINE
8
BLACK
6
CONTINUOUS
10
6.1066510236220468
20
-3.5848278346456692
11
6.1111061417322832
21
-3.5786958267716535
0
LINE
8
BLACK
6
CONTINUOUS
10
6.1111061417322832
20
-3.5786958267716535
11
6.1053516535433072
21
-3.5729413385826772
0
LINE
8
BLACK
6
CONTINUOUS
10
6.1053516535433072
20
-3.5729413385826772
11
6.1053516141732285
21
-3.5729413385826772
0
LINE
8
BLACK
6
CONTINUOUS
10
6.1053516141732285
20
-3.5729413385826772
11
6.0997765354330706
21
-3.5806146850393699
0
LINE
8
BLACK
6
CONTINUOUS
10
4.9514763779527557
20
-3.5459940944881887
11
4.9514763779527557
21
-3.545994212598425
0
LINE
8
BLACK
6
CONTINUOUS
10
4.9514763779527557
20
-3.545994212598425
11
4.9514763779527557
21
-3.6075490551181102
0
LINE
8
BLACK
6
CONTINUOUS
10
4.9514763779527557
20
-3.6075490551181102
11
4.9514764173228345
21
-3.6075495275590552
0
LINE
8
BLACK
6
CONTINUOUS
10
4.9514764173228345
20
-3.6075495275590552
11
4.9518251181102357
21
-3.609302440944882
0
LINE
8
BLACK
6
CONTINUOUS
10
4.9518251181102357
20
-3.609302440944882
11
4.9519126377952754
21
-3.609742401574803
0
LINE
8
BLACK
6
CONTINUOUS
10
4.9519126377952754
20
-3.609742401574803
11
4.9519343700787397
21
-3.6098516535433069
0
LINE
8
BLACK
6
CONTINUOUS
10
4.9519343700787397
20
-3.6098516535433069
11
4.9519344094488185
21
-3.6098516929133857
0
LINE
8
BLACK
6
CONTINUOUS
10
4.9519344094488185
20
-3.6098516929133857
11
4.9536790551181102
21
-3.6124626771653543
0
LINE
8
BLACK
6
CONTINUOUS
10
4.9536790551181102
20
-3.6124626771653543
11
4.9562901181102363
21
-3.6142073622047244
0
LINE
8
BLACK
6
CONTINUOUS
10
4.9562901181102363
20
-3.6142073622047244
11
4.9571653543307086
21
-3.6143814566929131
0
LINE
8
BLACK
6
CONTINUOUS
10
4.9571653543307086
20
-3.6143814566929131
11
4.9580404724409446
21
-3.6145555511811023
0
LINE
8
BLACK
6
CONTINUOUS
10
4.9580404724409446
20
-3.6145555511811023
11
4.9580405905511808
21
-3.6145555511811023
0
LINE
8
BLACK
6
CONTINUOUS
10
4.9580405905511808
20
-3.6145555511811023
11
4.9583527165354333
21
-3.6146176377952757
0
LINE
8
BLACK
6
CONTINUOUS
10
4.9583527165354333
20
-3.6146176377952757
11
4.9584379527559053
21
-3.6146401968503938
0
LINE
8
BLACK
6
CONTINUOUS
10
4.9584379527559053
20
-3.6146401968503938
11
4.958524173228346
21
-3.6146542125984249
0
LINE
8
BLACK
6
CONTINUOUS
10
4.958524173228346
20
-3.6146542125984249
11
4.9585858661417319
21
-3.6146653543307088
0
LINE
8
BLACK
6
CONTINUOUS
10
4.9585858661417319
20
-3.6146653543307088
11
4.9585925984251968
21
-3.6146653543307088
0
LINE
8
BLACK
6
CONTINUOUS
10
4.9585925984251968
20
-3.6146653543307088
11
4.9585926377952756
21
-3.6146653543307088
0
LINE
8
BLACK
6
CONTINUOUS
10
4.9585926377952756
20
-3.6146653543307088
11
5.0201475196850396
21
-3.6146653543307088
0
LINE
8
BLACK
6
CONTINUOUS
10
5.0201475196850396
20
-3.6146653543307088
11
5.0201475590551183
21
-3.6146653543307088
0
LINE
8
BLACK
6
CONTINUOUS
10
5.0201475590551183
20
-3.6146653543307088
11
5.0224500393700788
21
-3.6142073622047244
0
LINE
8
BLACK
6
CONTINUOUS
10
5.0224500393700788
20
-3.6142073622047244
11
5.0250611023622049
21
-3.6124626771653543
0
LINE
8
BLACK
6
CONTINUOUS
10
5.0250611023622049
20
-3.6124626771653543
11
5.0268057874015746
21
-3.6098516141732282
0
LINE
8
BLACK
6
CONTINUOUS
10
5.0268057874015746
20
-3.6098516141732282
11
5.0272637795275585
21
-3.6075491338582677
0
LINE
8
BLACK
6
CONTINUOUS
10
5.0272637795275585
20
-3.6075491338582677
11
5.0272637795275585
21
-3.5941015748031497
0
LINE
8
BLACK
6
CONTINUOUS
10
5.0272637795275585
20
-3.5941015748031497
11
5.0274544488188972
21
-3.592897401574803
0
LINE
8
BLACK
6
CONTINUOUS
10
5.0274544488188972
20
-3.592897401574803
11
5.0276167322834642
21
-3.5923978346456691
0
LINE
8
BLACK
6
CONTINUOUS
10
5.0276167322834642
20
-3.5923978346456691
11
5.0290324015748027
21
-3.5904490551181101
0
LINE
8
BLACK
6
CONTINUOUS
10
5.0290324015748027
20
-3.5904490551181101
11
5.0290559842519684
21
-3.590431929133858
0
LINE
8
BLACK
6
CONTINUOUS
10
5.0290559842519684
20
-3.590431929133858
11
5.0291953937007872
21
-3.5903307086614173
0
LINE
8
BLACK
6
CONTINUOUS
10
5.0291953937007872
20
-3.5903307086614173
11
5.03148594488189
21
-3.5895866141732284
0
LINE
8
BLACK
6
CONTINUOUS
10
5.03148594488189
20
-3.5895866141732284
11
5.0469614173228345
21
-3.5895866141732284
0
LINE
8
BLACK
6
CONTINUOUS
10
5.0469614173228345
20
-3.5895866141732284
11
5.0481656692913388
21
-3.5897772834645667
0
LINE
8
BLACK
6
CONTINUOUS
10
5.0481656692913388
20
-3.5897772834645667
11
5.0486652362204723
21
-3.5899396062992124
0
LINE
8
BLACK
6
CONTINUOUS
10
5.0486652362204723
20
-3.5899396062992124
11
5.0506140157480317
21
-3.5913554330708659
0
LINE
8
BLACK
6
CONTINUOUS
10
5.0506140157480317
20
-3.5913554330708659
11
5.0507319291338577
21
-3.5915177165354328
0
LINE
8
BLACK
6
CONTINUOUS
10
5.0507319291338577
20
-3.5915177165354328
11
5.0514763779527554
21
-3.5938086614173228
0
LINE
8
BLACK
6
CONTINUOUS
10
5.0514763779527554
20
-3.5938086614173228
11
5.0514763779527554
21
-3.6075490551181102
0
LINE
8
BLACK
6
CONTINUOUS
10
5.0514763779527554
20
-3.6075490551181102
11
5.0514764173228341
21
-3.6075495275590552
0
LINE
8
BLACK
6
CONTINUOUS
10
5.0514764173228341
20
-3.6075495275590552
11
5.0518251181102363
21
-3.609302440944882
0
LINE
8
BLACK
6
CONTINUOUS
10
5.0518251181102363
20
-3.609302440944882
11
5.0519126377952759
21
-3.609742401574803
0
LINE
8
BLACK
6
CONTINUOUS
10
5.0519126377952759
20
-3.609742401574803
11
5.0519343700787402
21
-3.6098516535433069
0
LINE
8
BLACK
6
CONTINUOUS
10
5.0519343700787402
20
-3.6098516535433069
11
5.051934409448819
21
-3.6098516929133857
0
LINE
8
BLACK
6
CONTINUOUS
10
5.051934409448819
20
-3.6098516929133857
11
5.0536790551181099
21
-3.6124626771653543
0
LINE
8
BLACK
6
CONTINUOUS
10
5.0536790551181099
20
-3.6124626771653543
11
5.056290118110236
21
-3.6142073622047244
0
LINE
8
BLACK
6
CONTINUOUS
10
5.056290118110236
20
-3.6142073622047244
11
5.0571653543307082
21
-3.6143814566929131
0
LINE
8
BLACK
6
CONTINUOUS
10
5.0571653543307082
20
-3.6143814566929131
11
5.0580404724409451
21
-3.6145555511811023
0
LINE
8
BLACK
6
CONTINUOUS
10
5.0580404724409451
20
-3.6145555511811023
11
5.0580405905511814
21
-3.6145555511811023
0
LINE
8
BLACK
6
CONTINUOUS
10
5.0580405905511814
20
-3.6145555511811023
11
5.0583527165354329
21
-3.6146176377952757
0
LINE
8
BLACK
6
CONTINUOUS
10
5.0583527165354329
20
-3.6146176377952757
11
5.0584379527559058
21
-3.6146401968503938
0
LINE
8
BLACK
6
CONTINUOUS
10
5.0584379527559058
20
-3.6146401968503938
11
5.0585241732283466
21
-3.6146542125984249
0
LINE
8
BLACK
6
CONTINUOUS
10
5.0585241732283466
20
-3.6146542125984249
11
5.0585858661417324
21
-3.6146653543307088
0
LINE
8
BLACK
6
CONTINUOUS
10
5.0585858661417324
20
-3.6146653543307088
11
5.0585925984251965
21
-3.6146653543307088
0
LINE
8
BLACK
6
CONTINUOUS
10
5.0585925984251965
20
-3.6146653543307088
11
5.0585926377952752
21
-3.6146653543307088
0
LINE
8
BLACK
6
CONTINUOUS
10
5.0585926377952752
20
-3.6146653543307088
11
5.1201475196850392
21
-3.6146653543307088
0
LINE
8
BLACK
6
CONTINUOUS
10
5.1201475196850392
20
-3.6146653543307088
11
5.120147559055118
21
-3.6146653543307088
0
LINE
8
BLACK
6
CONTINUOUS
10
5.120147559055118
20
-3.6146653543307088
11
5.1224500393700785
21
-3.6142073622047244
0
LINE
8
BLACK
6
CONTINUOUS
10
5.1224500393700785
20
-3.6142073622047244
11
5.1250611023622046
21
-3.6124626771653543
0
LINE
8
BLACK
6
CONTINUOUS
10
5.1250611023622046
20
-3.6124626771653543
11
5.1268057874015751
21
-3.6098516141732282
0
LINE
8
BLACK
6
CONTINUOUS
10
5.1268057874015751
20
-3.6098516141732282
11
5.1272148031496059
21
-3.6077954330708661
0
LINE
8
BLACK
6
CONTINUOUS
10
5.1272148031496059
20
-3.6077954330708661
11
5.1272637795275591
21
-3.6075491338582677
0
LINE
8
BLACK
6
CONTINUOUS
10
5.1272637795275591
20
-3.6075491338582677
11
5.1272637795275591
21
-3.5960700787401576
0
LINE
8
BLACK
6
CONTINUOUS
10
5.1272637795275591
20
-3.5960700787401576
11
5.1274544488188978
21
-3.5948659055118108
0
LINE
8
BLACK
6
CONTINUOUS
10
5.1274544488188978
20
-3.5948659055118108
11
5.1276167322834647
21
-3.594366338582677
0
LINE
8
BLACK
6
CONTINUOUS
10
5.1276167322834647
20
-3.594366338582677
11
5.1290324015748032
21
-3.5924175590551179
0
LINE
8
BLACK
6
CONTINUOUS
10
5.1290324015748032
20
-3.5924175590551179
11
5.1290594488188974
21
-3.5923979527559053
0
LINE
8
BLACK
6
CONTINUOUS
10
5.1290594488188974
20
-3.5923979527559053
11
5.1291953937007877
21
-3.5922992125984252
0
LINE
8
BLACK
6
CONTINUOUS
10
5.1291953937007877
20
-3.5922992125984252
11
5.1314859448818897
21
-3.5915551181102363
0
LINE
8
BLACK
6
CONTINUOUS
10
5.1314859448818897
20
-3.5915551181102363
11
5.2515861811023621
21
-3.5915551181102363
0
LINE
8
BLACK
6
CONTINUOUS
10
5.2515861811023621
20
-3.5915551181102363
11
5.2527905511811026
21
-3.5917458267716533
0
LINE
8
BLACK
6
CONTINUOUS
10
5.2527905511811026
20
-3.5917458267716533
11
5.2537049606299213
21
-3.5920429527559055
0
LINE
8
BLACK
6
CONTINUOUS
10
5.2537049606299213
20
-3.5920429527559055
11
5.2552565748031492
21
-3.5929937795275588
0
LINE
8
BLACK
6
CONTINUOUS
10
5.2552565748031492
20
-3.5929937795275588
11
5.2583458661417319
21
-3.5960830314960628
0
LINE
8
BLACK
6
CONTINUOUS
10
5.2583458661417319
20
-3.5960830314960628
11
5.2583675590551184
21
-3.5960987007874015
0
LINE
8
BLACK
6
CONTINUOUS
10
5.2583675590551184
20
-3.5960987007874015
11
5.2584463779527555
21
-3.5961411023622047
0
LINE
8
BLACK
6
CONTINUOUS
10
5.2584463779527555
20
-3.5961411023622047
11
5.2632878346456691
21
-3.5989362992125984
0
LINE
8
BLACK
6
CONTINUOUS
10
5.2632878346456691
20
-3.5989362992125984
11
5.2632878740157478
21
-3.5989362992125984
0
LINE
8
BLACK
6
CONTINUOUS
10
5.2632878740157478
20
-3.5989362992125984
11
5.2632879921259841
21
-3.5989363779527559
0
LINE
8
BLACK
6
CONTINUOUS
10
5.2632879921259841
20
-3.5989363779527559
11
5.2688001968503935
21
-3.6004133858267715
0
LINE
8
BLACK
6
CONTINUOUS
10
5.2688001968503935
20
-3.6004133858267715
11
5.2688002362204722
21
-3.6004133858267715
0
LINE
8
BLACK
6
CONTINUOUS
10
5.2688002362204722
20
-3.6004133858267715
11
5.2745068503937009
21
-3.6004133858267715
0
LINE
8
BLACK
6
CONTINUOUS
10
5.2745068503937009
20
-3.6004133858267715
11
5.2745068897637797
21
-3.6004133858267715
0
LINE
8
BLACK
6
CONTINUOUS
10
5.2745068897637797
20
-3.6004133858267715
11
5.2800190944881891
21
-3.5989363779527559
0
LINE
8
BLACK
6
CONTINUOUS
10
5.2800190944881891
20
-3.5989363779527559
11
5.2800191338582678
21
-3.5989363385826771
0
LINE
8
BLACK
6
CONTINUOUS
10
5.2800191338582678
20
-3.5989363385826771
11
5.2800192125984253
21
-3.5989362992125984
0
LINE
8
BLACK
6
CONTINUOUS
10
5.2800192125984253
20
-3.5989362992125984
11
5.2800192519685041
21
-3.5989362992125984
0
LINE
8
BLACK
6
CONTINUOUS
10
5.2800192519685041
20
-3.5989362992125984
11
5.2847196850393701
21
-3.5962224803149607
0
LINE
8
BLACK
6
CONTINUOUS
10
5.2847196850393701
20
-3.5962224803149607
11
5.2848333858267713
21
-3.5961672440944881
0
LINE
8
BLACK
6
CONTINUOUS
10
5.2848333858267713
20
-3.5961672440944881
11
5.2848643307086611
21
-3.5961468897637796
0
LINE
8
BLACK
6
CONTINUOUS
10
5.2848643307086611
20
-3.5961468897637796
11
5.285061535433071
21
-3.5960250787401575
0
LINE
8
BLACK
6
CONTINUOUS
10
5.285061535433071
20
-3.5960250787401575
11
5.2851126771653538
21
-3.5959955118110236
0
LINE
8
BLACK
6
CONTINUOUS
10
5.2851126771653538
20
-3.5959955118110236
11
5.2853236220472439
21
-3.5957205905511809
0
LINE
8
BLACK
6
CONTINUOUS
10
5.2853236220472439
20
-3.5957205905511809
11
5.2889964173228341
21
-3.592047834645669
0
LINE
8
BLACK
6
CONTINUOUS
10
5.2889964173228341
20
-3.592047834645669
11
5.2904174015748033
21
-3.5895866141732284
0
LINE
8
BLACK
6
CONTINUOUS
10
5.2904174015748033
20
-3.5895866141732284
11
5.2918496850393701
21
-3.5871058661417323
0
LINE
8
BLACK
6
CONTINUOUS
10
5.2918496850393701
20
-3.5871058661417323
11
5.2918496850393701
21
-3.5871057874015748
0
LINE
8
BLACK
6
CONTINUOUS
10
5.2918496850393701
20
-3.5871057874015748
11
5.2918497637795276
21
-3.5871057086614173
0
LINE
8
BLACK
6
CONTINUOUS
10
5.2918497637795276
20
-3.5871057086614173
11
5.2933267716535433
21
-3.5815935039370079
0
LINE
8
BLACK
6
CONTINUOUS
10
5.2933267716535433
20
-3.5815935039370079
11
5.2933267716535433
21
-3.5758868110236222
0
LINE
8
BLACK
6
CONTINUOUS
10
5.2933267716535433
20
-3.5758868110236222
11
5.2918497637795276
21
-3.5703746062992123
0
LINE
8
BLACK
6
CONTINUOUS
10
5.2918497637795276
20
-3.5703746062992123
11
5.2917588582677162
21
-3.5702172047244094
0
LINE
8
BLACK
6
CONTINUOUS
10
5.2917588582677162
20
-3.5702172047244094
11
5.2912962598425199
21
-3.5694158661417323
0
LINE
8
BLACK
6
CONTINUOUS
10
5.2912962598425199
20
-3.5694158661417323
11
5.2912962598425199
21
-3.5694159055118111
0
LINE
8
BLACK
6
CONTINUOUS
10
5.2912962598425199
20
-3.5694159055118111
11
5.2912962204724412
21
-3.5694157874015748
0
LINE
8
BLACK
6
CONTINUOUS
10
5.2912962204724412
20
-3.5694157874015748
11
5.2890355905511806
21
-3.5655003149606297
0
LINE
8
BLACK
6
CONTINUOUS
10
5.2890355905511806
20
-3.5655003149606297
11
5.2889965354330704
21
-3.5654326377952756
0
LINE
8
BLACK
6
CONTINUOUS
10
5.2889965354330704
20
-3.5654326377952756
11
5.2889964566929129
21
-3.5654325590551181
0
LINE
8
BLACK
6
CONTINUOUS
10
5.2889964566929129
20
-3.5654325590551181
11
5.2889964173228341
21
-3.5654324803149606
0
LINE
8
BLACK
6
CONTINUOUS
10
5.2889964173228341
20
-3.5654324803149606
11
5.2849612204724412
21
-3.5613972834645669
0
LINE
8
BLACK
6
CONTINUOUS
10
5.2849612204724412
20
-3.5613972834645669
11
5.284961102362205
21
-3.5613972047244093
0
LINE
8
BLACK
6
CONTINUOUS
10
5.284961102362205
20
-3.5613972047244093
11
5.2849610236220474
21
-3.5613971259842518
0
LINE
8
BLACK
6
CONTINUOUS
10
5.2849610236220474
20
-3.5613971259842518
11
5.282274566929134
21
-3.5598461023622048
0
LINE
8
BLACK
6
CONTINUOUS
10
5.282274566929134
20
-3.5598461023622048
11
5.2814464960629923
21
-3.5589264173228345
0
LINE
8
BLACK
6
CONTINUOUS
10
5.2814464960629923
20
-3.5589264173228345
11
5.278854212598425
21
-3.5582317716535434
0
LINE
8
BLACK
6
CONTINUOUS
10
5.278854212598425
20
-3.5582317716535434
11
5.2788541732283463
21
-3.5582317716535434
0
LINE
8
BLACK
6
CONTINUOUS
10
5.2788541732283463
20
-3.5582317716535434
11
5.2745068897637797
21
-3.5570669291338581
0
LINE
8
BLACK
6
CONTINUOUS
10
5.2745068897637797
20
-3.5570669291338581
11
5.2745068110236222
21
-3.5570669291338581
0
LINE
8
BLACK
6
CONTINUOUS
10
5.2745068110236222
20
-3.5570669291338581
11
5.268800118110236
21
-3.5570669291338581
0
LINE
8
BLACK
6
CONTINUOUS
10
5.268800118110236
20
-3.5570669291338581
11
5.2663696062992127
21
-3.5577181496062993
0
LINE
8
BLACK
6
CONTINUOUS
10
5.2663696062992127
20
-3.5577181496062993
11
5.2663695669291339
21
-3.5577181102362205
0
LINE
8
BLACK
6
CONTINUOUS
10
5.2663695669291339
20
-3.5577181102362205
11
5.2632878740157478
21
-3.558543897637795
0
LINE
8
BLACK
6
CONTINUOUS
10
5.2632878740157478
20
-3.558543897637795
11
5.2632876377952753
21
-3.5585440157480313
0
LINE
8
BLACK
6
CONTINUOUS
10
5.2632876377952753
20
-3.5585440157480313
11
5.2584535826771654
21
-3.5613349606299214
0
LINE
8
BLACK
6
CONTINUOUS
10
5.2584535826771654
20
-3.5613349606299214
11
5.2584533858267717
21
-3.561335118110236
0
LINE
8
BLACK
6
CONTINUOUS
10
5.2584533858267717
20
-3.561335118110236
11
5.2583460236220469
21
-3.5613971259842518
0
LINE
8
BLACK
6
CONTINUOUS
10
5.2583460236220469
20
-3.5613971259842518
11
5.2583459842519682
21
-3.5613971653543306
0
LINE
8
BLACK
6
CONTINUOUS
10
5.2583459842519682
20
-3.5613971653543306
11
5.2583458661417319
21
-3.5613972440944881
0
LINE
8
BLACK
6
CONTINUOUS
10
5.2583458661417319
20
-3.5613972440944881
11
5.2583458661417319
21
-3.5613972834645669
0
LINE
8
BLACK
6
CONTINUOUS
10
5.2583458661417319
20
-3.5613972834645669
11
5.2578818110236218
21
-3.5618612992125982
0
LINE
8
BLACK
6
CONTINUOUS
10
5.2578818110236218
20
-3.5618612992125982
11
5.2578809055118105
21
-3.5618621653543308
0
LINE
8
BLACK
6
CONTINUOUS
10
5.2578809055118105
20
-3.5618621653543308
11
5.255395984251968
21
-3.5643470866141733
0
LINE
8
BLACK
6
CONTINUOUS
10
5.255395984251968
20
-3.5643470866141733
11
5.254409527559055
21
-3.5650637795275588
0
LINE
8
BLACK
6
CONTINUOUS
10
5.254409527559055
20
-3.5650637795275588
11
5.253552834645669
21
-3.5655003149606297
0
LINE
8
BLACK
6
CONTINUOUS
10
5.253552834645669
20
-3.5655003149606297
11
5.2517832677165357
21
-3.5659251968503938
0
LINE
8
BLACK
6
CONTINUOUS
10
5.2517832677165357
20
-3.5659251968503938
11
5.1317787401574799
21
-3.5659251968503938
0
LINE
8
BLACK
6
CONTINUOUS
10
5.1317787401574799
20
-3.5659251968503938
11
5.1305742913385828
21
-3.5657344094488188
0
LINE
8
BLACK
6
CONTINUOUS
10
5.1305742913385828
20
-3.5657344094488188
11
5.1300748425196847
21
-3.5655721259842519
0
LINE
8
BLACK
6
CONTINUOUS
10
5.1300748425196847
20
-3.5655721259842519
11
5.1281260236220474
21
-3.5641562204724409
0
LINE
8
BLACK
6
CONTINUOUS
10
5.1281260236220474
20
-3.5641562204724409
11
5.1281257480314961
21
-3.5641558267716533
0
LINE
8
BLACK
6
CONTINUOUS
10
5.1281257480314961
20
-3.5641558267716533
11
5.128007874015748
21
-3.5639935433070864
0
LINE
8
BLACK
6
CONTINUOUS
10
5.128007874015748
20
-3.5639935433070864
11
5.1272637795275591
21
-3.561702992125984
0
LINE
8
BLACK
6
CONTINUOUS
10
5.1272637795275591
20
-3.561702992125984
11
5.1272637795275591
21
-3.5459941338582674
0
LINE
8
BLACK
6
CONTINUOUS
10
5.1272637795275591
20
-3.5459941338582674
11
5.1272637401574803
21
-3.5459940944881887
0
LINE
8
BLACK
6
CONTINUOUS
10
5.1272637401574803
20
-3.5459940944881887
11
5.1272637007874016
21
-3.5459937401574804
0
LINE
8
BLACK
6
CONTINUOUS
10
5.1272637007874016
20
-3.5459937401574804
11
5.1271540157480313
21
-3.5454423622047244
0
LINE
8
BLACK
6
CONTINUOUS
10
5.1271540157480313
20
-3.5454423622047244
11
5.1271540157480313
21
-3.5454422047244094
0
LINE
8
BLACK
6
CONTINUOUS
10
5.1271540157480313
20
-3.5454422047244094
11
5.1269544094488184
21
-3.5444390551181102
0
LINE
8
BLACK
6
CONTINUOUS
10
5.1269544094488184
20
-3.5444390551181102
11
5.1268057874015751
21
-3.5436916929133857
0
LINE
8
BLACK
6
CONTINUOUS
10
5.1268057874015751
20
-3.5436916929133857
11
5.1250611023622046
21
-3.5410806299212596
0
LINE
8
BLACK
6
CONTINUOUS
10
5.1250611023622046
20
-3.5410806299212596
11
5.1250609448818896
21
-3.5410805118110233
0
LINE
8
BLACK
6
CONTINUOUS
10
5.1250609448818896
20
-3.5410805118110233
11
5.1250607874015746
21
-3.5410803937007875
0
LINE
8
BLACK
6
CONTINUOUS
10
5.1250607874015746
20
-3.5410803937007875
11
5.1224500787401572
21
-3.5393359448818895
0
LINE
8
BLACK
6
CONTINUOUS
10
5.1224500787401572
20
-3.5393359448818895
11
5.1224498818897635
21
-3.539335866141732
0
LINE
8
BLACK
6
CONTINUOUS
10
5.1224498818897635
20
-3.539335866141732
11
5.1224419291338581
21
-3.5393331889763777
0
LINE
8
BLACK
6
CONTINUOUS
10
5.1224419291338581
20
-3.5393331889763777
11
5.1223814173228348
21
-3.5393222834645668
0
LINE
8
BLACK
6
CONTINUOUS
10
5.1223814173228348
20
-3.5393222834645668
11
5.120148346456693
21
-3.5388780708661418
0
LINE
8
BLACK
6
CONTINUOUS
10
5.120148346456693
20
-3.5388780708661418
11
5.1201479527559055
21
-3.5388779921259843
0
LINE
8
BLACK
6
CONTINUOUS
10
5.1201479527559055
20
-3.5388779921259843
11
5.1201477559055117
21
-3.5388779527559056
0
LINE
8
BLACK
6
CONTINUOUS
10
5.1201477559055117
20
-3.5388779527559056
11
5.1201476377952755
21
-3.5388779527559056
0
LINE
8
BLACK
6
CONTINUOUS
10
5.1201476377952755
20
-3.5388779527559056
11
5.120147559055118
21
-3.5388779527559056
0
LINE
8
BLACK
6
CONTINUOUS
10
5.120147559055118
20
-3.5388779527559056
11
5.0585925984251965
21
-3.5388779527559056
0
LINE
8
BLACK
6
CONTINUOUS
10
5.0585925984251965
20
-3.5388779527559056
11
5.0585925590551177
21
-3.5388779527559056
0
LINE
8
BLACK
6
CONTINUOUS
10
5.0585925590551177
20
-3.5388779527559056
11
5.0585923228346452
21
-3.5388779527559056
0
LINE
8
BLACK
6
CONTINUOUS
10
5.0585923228346452
20
-3.5388779527559056
11
5.0562904724409448
21
-3.5393358267716533
0
LINE
8
BLACK
6
CONTINUOUS
10
5.0562904724409448
20
-3.5393358267716533
11
5.0562898818897635
21
-3.539336023622047
0
LINE
8
BLACK
6
CONTINUOUS
10
5.0562898818897635
20
-3.539336023622047
11
5.0536792913385824
21
-3.5410803937007875
0
LINE
8
BLACK
6
CONTINUOUS
10
5.0536792913385824
20
-3.5410803937007875
11
5.0536788188976374
21
-3.5410808661417321
0
LINE
8
BLACK
6
CONTINUOUS
10
5.0536788188976374
20
-3.5410808661417321
11
5.0519344488188977
21
-3.5436914566929132
0
LINE
8
BLACK
6
CONTINUOUS
10
5.0519344488188977
20
-3.5436914566929132
11
5.051934251968504
21
-3.5436920472440945
0
LINE
8
BLACK
6
CONTINUOUS
10
5.051934251968504
20
-3.5436920472440945
11
5.0514763779527554
21
-3.5459938976377954
0
LINE
8
BLACK
6
CONTINUOUS
10
5.0514763779527554
20
-3.5459938976377954
11
5.0514763779527554
21
-3.5594416929133859
0
LINE
8
BLACK
6
CONTINUOUS
10
5.0514763779527554
20
-3.5594416929133859
11
5.0512855905511813
21
-3.5606461417322834
0
LINE
8
BLACK
6
CONTINUOUS
10
5.0512855905511813
20
-3.5606461417322834
11
5.0511233070866144
21
-3.5611455905511811
0
LINE
8
BLACK
6
CONTINUOUS
10
5.0511233070866144
20
-3.5611455905511811
11
5.0497078740157475
21
-3.5630940551181101
0
LINE
8
BLACK
6
CONTINUOUS
10
5.0497078740157475
20
-3.5630940551181101
11
5.0495456299212593
21
-3.563211968503937
0
LINE
8
BLACK
6
CONTINUOUS
10
5.0495456299212593
20
-3.563211968503937
11
5.0472547637795273
21
-3.5639566929133859
0
LINE
8
BLACK
6
CONTINUOUS
10
5.0472547637795273
20
-3.5639566929133859
11
5.0317787401574803
21
-3.5639566929133859
0
LINE
8
BLACK
6
CONTINUOUS
10
5.0317787401574803
20
-3.5639566929133859
11
5.0305742913385822
21
-3.5637659055118109
0
LINE
8
BLACK
6
CONTINUOUS
10
5.0305742913385822
20
-3.5637659055118109
11
5.0300748425196851
21
-3.563603622047244
0
LINE
8
BLACK
6
CONTINUOUS
10
5.0300748425196851
20
-3.563603622047244
11
5.0300746456692913
21
-3.5636035039370078
0
LINE
8
BLACK
6
CONTINUOUS
10
5.0300746456692913
20
-3.5636035039370078
11
5.0300744094488188
21
-3.5636035039370078
0
LINE
8
BLACK
6
CONTINUOUS
10
5.0300744094488188
20
-3.5636035039370078
11
5.0300743307086613
21
-3.563603464566929
0
LINE
8
BLACK
6
CONTINUOUS
10
5.0300743307086613
20
-3.563603464566929
11
5.0290263385826774
21
-3.5628418110236222
0
LINE
8
BLACK
6
CONTINUOUS
10
5.0290263385826774
20
-3.5628418110236222
11
5.0281260236220469
21
-3.562187716535433
0
LINE
8
BLACK
6
CONTINUOUS
10
5.0281260236220469
20
-3.562187716535433
11
5.0281257480314956
21
-3.5621873228346455
0
LINE
8
BLACK
6
CONTINUOUS
10
5.0281257480314956
20
-3.5621873228346455
11
5.0280078740157483
21
-3.5620250393700785
0
LINE
8
BLACK
6
CONTINUOUS
10
5.0280078740157483
20
-3.5620250393700785
11
5.0278812992125985
21
-3.5616353543307087
0
LINE
8
BLACK
6
CONTINUOUS
10
5.0278812992125985
20
-3.5616353543307087
11
5.0272637795275585
21
-3.5597344881889761
0
LINE
8
BLACK
6
CONTINUOUS
10
5.0272637795275585
20
-3.5597344881889761
11
5.0272637795275585
21
-3.5459941338582674
0
LINE
8
BLACK
6
CONTINUOUS
10
5.0272637795275585
20
-3.5459941338582674
11
5.0272637401574798
21
-3.5459940944881887
0
LINE
8
BLACK
6
CONTINUOUS
10
5.0272637401574798
20
-3.5459940944881887
11
5.027263700787401
21
-3.5459937401574804
0
LINE
8
BLACK
6
CONTINUOUS
10
5.027263700787401
20
-3.5459937401574804
11
5.0271540157480317
21
-3.5454423622047244
0
LINE
8
BLACK
6
CONTINUOUS
10
5.0271540157480317
20
-3.5454423622047244
11
5.0271540157480317
21
-3.5454422047244094
0
LINE
8
BLACK
6
CONTINUOUS
10
5.0271540157480317
20
-3.5454422047244094
11
5.0269544094488188
21
-3.5444390551181102
0
LINE
8
BLACK
6
CONTINUOUS
10
5.0269544094488188
20
-3.5444390551181102
11
5.0268057874015746
21
-3.5436916929133857
0
LINE
8
BLACK
6
CONTINUOUS
10
5.0268057874015746
20
-3.5436916929133857
11
5.0250611023622049
21
-3.5410806299212596
0
LINE
8
BLACK
6
CONTINUOUS
10
5.0250611023622049
20
-3.5410806299212596
11
5.0250609448818899
21
-3.5410805118110233
0
LINE
8
BLACK
6
CONTINUOUS
10
5.0250609448818899
20
-3.5410805118110233
11
5.0250607874015749
21
-3.5410803937007875
0
LINE
8
BLACK
6
CONTINUOUS
10
5.0250607874015749
20
-3.5410803937007875
11
5.0224500787401576
21
-3.5393359448818895
0
LINE
8
BLACK
6
CONTINUOUS
10
5.0224500787401576
20
-3.5393359448818895
11
5.0224498818897638
21
-3.539335866141732
0
LINE
8
BLACK
6
CONTINUOUS
10
5.0224498818897638
20
-3.539335866141732
11
5.0224419291338585
21
-3.5393331889763777
0
LINE
8
BLACK
6
CONTINUOUS
10
5.0224419291338585
20
-3.5393331889763777
11
5.0223814173228343
21
-3.5393222834645668
0
LINE
8
BLACK
6
CONTINUOUS
10
5.0223814173228343
20
-3.5393222834645668
11
5.0201483464566925
21
-3.5388780708661418
0
LINE
8
BLACK
6
CONTINUOUS
10
5.0201483464566925
20
-3.5388780708661418
11
5.020147952755905
21
-3.5388779921259843
0
LINE
8
BLACK
6
CONTINUOUS
10
5.020147952755905
20
-3.5388779921259843
11
5.0201477559055121
21
-3.5388779527559056
0
LINE
8
BLACK
6
CONTINUOUS
10
5.0201477559055121
20
-3.5388779527559056
11
5.0201476377952758
21
-3.5388779527559056
0
LINE
8
BLACK
6
CONTINUOUS
10
5.0201476377952758
20
-3.5388779527559056
11
5.0201475590551183
21
-3.5388779527559056
0
LINE
8
BLACK
6
CONTINUOUS
10
5.0201475590551183
20
-3.5388779527559056
11
4.9585925984251968
21
-3.5388779527559056
0
LINE
8
BLACK
6
CONTINUOUS
10
4.9585925984251968
20
-3.5388779527559056
11
4.9585925590551181
21
-3.5388779527559056
0
LINE
8
BLACK
6
CONTINUOUS
10
4.9585925590551181
20
-3.5388779527559056
11
4.9585923228346456
21
-3.5388779527559056
0
LINE
8
BLACK
6
CONTINUOUS
10
4.9585923228346456
20
-3.5388779527559056
11
4.9562904724409451
21
-3.5393358267716533
0
LINE
8
BLACK
6
CONTINUOUS
10
4.9562904724409451
20
-3.5393358267716533
11
4.9562898818897638
21
-3.539336023622047
0
LINE
8
BLACK
6
CONTINUOUS
10
4.9562898818897638
20
-3.539336023622047
11
4.9536792913385828
21
-3.5410803937007875
0
LINE
8
BLACK
6
CONTINUOUS
10
4.9536792913385828
20
-3.5410803937007875
11
4.9536788188976377
21
-3.5410808661417321
0
LINE
8
BLACK
6
CONTINUOUS
10
4.9536788188976377
20
-3.5410808661417321
11
4.9519344488188972
21
-3.5436914566929132
0
LINE
8
BLACK
6
CONTINUOUS
10
4.9519344488188972
20
-3.5436914566929132
11
4.9519342519685035
21
-3.5436920472440945
0
LINE
8
BLACK
6
CONTINUOUS
10
4.9519342519685035
20
-3.5436920472440945
11
4.9514763779527557
21
-3.5459938976377954
0
LINE
8
BLACK
6
CONTINUOUS
10
4.9514763779527557
20
-3.5459938976377954
11
4.9514763779527557
21
-3.5459940944881887
0
LINE
8
BLACK
6
CONTINUOUS
10
6.1376790944881892
20
-3.5530772440944882
11
6.1285434645669286
21
-3.5560456299212597
0
LINE
8
BLACK
6
CONTINUOUS
10
6.1285434645669286
20
-3.5560456299212597
11
6.1199959055118107
21
-3.5604007874015746
0
LINE
8
BLACK
6
CONTINUOUS
10
6.1199959055118107
20
-3.5604007874015746
11
6.1199857086614173
21
-3.5604058661417324
0
LINE
8
BLACK
6
CONTINUOUS
10
6.1199857086614173
20
-3.5604058661417324
11
6.1199847637795273
21
-3.5604064566929132
0
LINE
8
BLACK
6
CONTINUOUS
10
6.1199847637795273
20
-3.5604064566929132
11
6.1123114173228341
21
-3.5659815354330706
0
LINE
8
BLACK
6
CONTINUOUS
10
6.1123114173228341
20
-3.5659815354330706
11
6.1123114173228341
21
-3.5659815748031494
0
LINE
8
BLACK
6
CONTINUOUS
10
6.1123114173228341
20
-3.5659815748031494
11
6.118065905511811
21
-3.5717360629921258
0
LINE
8
BLACK
6
CONTINUOUS
10
6.118065905511811
20
-3.5717360629921258
11
6.1241979133858262
21
-3.5672809448818898
0
LINE
8
BLACK
6
CONTINUOUS
10
6.1241979133858262
20
-3.5672809448818898
11
6.1316290157480315
21
-3.5634946062992126
0
LINE
8
BLACK
6
CONTINUOUS
10
6.1316290157480315
20
-3.5634946062992126
11
6.1395609842519683
21
-3.5609173622047243
0
LINE
8
BLACK
6
CONTINUOUS
10
6.1395609842519683
20
-3.5609173622047243
11
6.14779842519685
21
-3.5596126771653545
0
LINE
8
BLACK
6
CONTINUOUS
10
6.14779842519685
20
-3.5596126771653545
11
6.1561385826771655
21
-3.5596126771653545
0
LINE
8
BLACK
6
CONTINUOUS
10
6.1561385826771655
20
-3.5596126771653545
11
6.1643760236220473
21
-3.5609173622047243
0
LINE
8
BLACK
6
CONTINUOUS
10
6.1643760236220473
20
-3.5609173622047243
11
6.172307992125984
21
-3.5634946062992126
0
LINE
8
BLACK
6
CONTINUOUS
10
6.172307992125984
20
-3.5634946062992126
11
6.1797390944881885
21
-3.5672809448818898
0
LINE
8
BLACK
6
CONTINUOUS
10
6.1797390944881885
20
-3.5672809448818898
11
6.1858709842519684
21
-3.571736023622047
0
LINE
8
BLACK
6
CONTINUOUS
10
6.1858709842519684
20
-3.571736023622047
11
6.1916254724409443
21
-3.5659816141732281
0
LINE
8
BLACK
6
CONTINUOUS
10
6.1916254724409443
20
-3.5659816141732281
11
6.1916254330708664
21
-3.5659815748031494
0
LINE
8
BLACK
6
CONTINUOUS
10
6.1916254330708664
20
-3.5659815748031494
11
6.1839519291338583
21
-3.5604063779527557
0
LINE
8
BLACK
6
CONTINUOUS
10
6.1839519291338583
20
-3.5604063779527557
11
6.1839516929133858
21
-3.5604062204724407
0
LINE
8
BLACK
6
CONTINUOUS
10
6.1839516929133858
20
-3.5604062204724407
11
6.1753934645669286
21
-3.5560456299212597
0
LINE
8
BLACK
6
CONTINUOUS
10
6.1753934645669286
20
-3.5560456299212597
11
6.1662578346456689
21
-3.5530772440944882
0
LINE
8
BLACK
6
CONTINUOUS
10
6.1662578346456689
20
-3.5530772440944882
11
6.1567714173228349
21
-3.5515748031496064
0
LINE
8
BLACK
6
CONTINUOUS
10
6.1567714173228349
20
-3.5515748031496064
11
6.1567712992125987
21
-3.5515748031496064
0
LINE
8
BLACK
6
CONTINUOUS
10
6.1567712992125987
20
-3.5515748031496064
11
6.1471657086614169
21
-3.5515748031496064
0
LINE
8
BLACK
6
CONTINUOUS
10
6.1471657086614169
20
-3.5515748031496064
11
6.1471655905511806
21
-3.5515748031496064
0
LINE
8
BLACK
6
CONTINUOUS
10
6.1471655905511806
20
-3.5515748031496064
11
6.1376790944881892
21
-3.5530772440944882
0
LINE
8
BLACK
6
CONTINUOUS
10
6.3376790944881884
20
-3.5530772440944882
11
6.3285434645669287
21
-3.5560456299212597
0
LINE
8
BLACK
6
CONTINUOUS
10
6.3285434645669287
20
-3.5560456299212597
11
6.3199959055118109
21
-3.5604007874015746
0
LINE
8
BLACK
6
CONTINUOUS
10
6.3199959055118109
20
-3.5604007874015746
11
6.3199857086614175
21
-3.5604058661417324
0
LINE
8
BLACK
6
CONTINUOUS
10
6.3199857086614175
20
-3.5604058661417324
11
6.3199847637795274
21
-3.5604064566929132
0
LINE
8
BLACK
6
CONTINUOUS
10
6.3199847637795274
20
-3.5604064566929132
11
6.3123114173228343
21
-3.5659815354330706
0
LINE
8
BLACK
6
CONTINUOUS
10
6.3123114173228343
20
-3.5659815354330706
11
6.3123114173228343
21
-3.5659815748031494
0
LINE
8
BLACK
6
CONTINUOUS
10
6.3123114173228343
20
-3.5659815748031494
11
6.3180659055118111
21
-3.5717360629921258
0
LINE
8
BLACK
6
CONTINUOUS
10
6.3180659055118111
20
-3.5717360629921258
11
6.3241979133858264
21
-3.5672809448818898
0
LINE
8
BLACK
6
CONTINUOUS
10
6.3241979133858264
20
-3.5672809448818898
11
6.3316290157480317
21
-3.5634946062992126
0
LINE
8
BLACK
6
CONTINUOUS
10
6.3316290157480317
20
-3.5634946062992126
11
6.3395609842519685
21
-3.5609173622047243
0
LINE
8
BLACK
6
CONTINUOUS
10
6.3395609842519685
20
-3.5609173622047243
11
6.3477984251968502
21
-3.5596126771653545
0
LINE
8
BLACK
6
CONTINUOUS
10
6.3477984251968502
20
-3.5596126771653545
11
6.3561385826771648
21
-3.5596126771653545
0
LINE
8
BLACK
6
CONTINUOUS
10
6.3561385826771648
20
-3.5596126771653545
11
6.3643760236220475
21
-3.5609173622047243
0
LINE
8
BLACK
6
CONTINUOUS
10
6.3643760236220475
20
-3.5609173622047243
11
6.3723079921259842
21
-3.5634946062992126
0
LINE
8
BLACK
6
CONTINUOUS
10
6.3723079921259842
20
-3.5634946062992126
11
6.3797390944881887
21
-3.5672809448818898
0
LINE
8
BLACK
6
CONTINUOUS
10
6.3797390944881887
20
-3.5672809448818898
11
6.3858709842519685
21
-3.571736023622047
0
LINE
8
BLACK
6
CONTINUOUS
10
6.3858709842519685
20
-3.571736023622047
11
6.3916254724409445
21
-3.5659816141732281
0
LINE
8
BLACK
6
CONTINUOUS
10
6.3916254724409445
20
-3.5659816141732281
11
6.3916254330708657
21
-3.5659815748031494
0
LINE
8
BLACK
6
CONTINUOUS
10
6.3916254330708657
20
-3.5659815748031494
11
6.3839519291338584
21
-3.5604063779527557
0
LINE
8
BLACK
6
CONTINUOUS
10
6.3839519291338584
20
-3.5604063779527557
11
6.3839516929133859
21
-3.5604062204724407
0
LINE
8
BLACK
6
CONTINUOUS
10
6.3839516929133859
20
-3.5604062204724407
11
6.3753934645669288
21
-3.5560456299212597
0
LINE
8
BLACK
6
CONTINUOUS
10
6.3753934645669288
20
-3.5560456299212597
11
6.3662578346456691
21
-3.5530772440944882
0
LINE
8
BLACK
6
CONTINUOUS
10
6.3662578346456691
20
-3.5530772440944882
11
6.3567714173228342
21
-3.5515748031496064
0
LINE
8
BLACK
6
CONTINUOUS
10
6.3567714173228342
20
-3.5515748031496064
11
6.356771299212598
21
-3.5515748031496064
0
LINE
8
BLACK
6
CONTINUOUS
10
6.356771299212598
20
-3.5515748031496064
11
6.347165708661417
21
-3.5515748031496064
0
LINE
8
BLACK
6
CONTINUOUS
10
6.347165708661417
20
-3.5515748031496064
11
6.3471655905511808
21
-3.5515748031496064
0
LINE
8
BLACK
6
CONTINUOUS
10
6.3471655905511808
20
-3.5515748031496064
11
6.3376790944881884
21
-3.5530772440944882
0
LINE
8
BLACK
6
CONTINUOUS
10
4.9514960629921259
20
-4.4459960236220475
11
4.9514960629921259
21
-4.4718503543307087
0
LINE
8
BLACK
6
CONTINUOUS
10
4.9514960629921259
20
-4.4718503543307087
11
4.9514961023622046
21
-4.4718503937007874
0
LINE
8
BLACK
6
CONTINUOUS
10
4.9514961023622046
20
-4.4718503937007874
11
4.9593700787401573
21
-4.4718503937007874
0
LINE
8
BLACK
6
CONTINUOUS
10
4.9593700787401573
20
-4.4718503937007874
11
4.9593700787401573
21
-4.4467716535433066
0
LINE
8
BLACK
6
CONTINUOUS
10
4.9593700787401573
20
-4.4467716535433066
11
4.9844488188976372
21
-4.4467716535433066
0
LINE
8
BLACK
6
CONTINUOUS
10
4.9844488188976372
20
-4.4467716535433066
11
4.9844488188976372
21
-4.4388977165354326
0
LINE
8
BLACK
6
CONTINUOUS
10
4.9844488188976372
20
-4.4388977165354326
11
4.9844488188976372
21
-4.4388976771653539
0
LINE
8
BLACK
6
CONTINUOUS
10
4.9844488188976372
20
-4.4388976771653539
11
4.9844487795275594
21
-4.4388976377952751
0
LINE
8
BLACK
6
CONTINUOUS
10
4.9844487795275594
20
-4.4388976377952751
11
4.9844487401574806
21
-4.4388976377952751
0
LINE
8
BLACK
6
CONTINUOUS
10
4.9844487401574806
20
-4.4388976377952751
11
4.9585942519685036
21
-4.4388976377952751
0
LINE
8
BLACK
6
CONTINUOUS
10
4.9585942519685036
20
-4.4388976377952751
11
4.9562978346456692
21
-4.4393544094488187
0
LINE
8
BLACK
6
CONTINUOUS
10
4.9562978346456692
20
-4.4393544094488187
11
4.9562977165354329
21
-4.4393544488188974
0
LINE
8
BLACK
6
CONTINUOUS
10
4.9562977165354329
20
-4.4393544488188974
11
4.9536934251968505
21
-4.4410946062992123
0
LINE
8
BLACK
6
CONTINUOUS
10
4.9536934251968505
20
-4.4410946062992123
11
4.953693031496063
21
-4.4410949999999998
0
LINE
8
BLACK
6
CONTINUOUS
10
4.953693031496063
20
-4.4410949999999998
11
4.9519528740157481
21
-4.4436992913385822
0
LINE
8
BLACK
6
CONTINUOUS
10
4.9519528740157481
20
-4.4436992913385822
11
4.9519528346456694
21
-4.4436994094488185
0
LINE
8
BLACK
6
CONTINUOUS
10
4.9519528346456694
20
-4.4436994094488185
11
4.9514960629921259
21
-4.4459958267716537
0
LINE
8
BLACK
6
CONTINUOUS
10
4.9514960629921259
20
-4.4459958267716537
11
4.9514960629921259
21
-4.4459960236220475
0
LINE
8
BLACK
6
CONTINUOUS
10
5.0514960629921255
20
-4.4459960236220475
11
5.0514960629921255
21
-4.4718503543307087
0
LINE
8
BLACK
6
CONTINUOUS
10
5.0514960629921255
20
-4.4718503543307087
11
5.0514961023622043
21
-4.4718503937007874
0
LINE
8
BLACK
6
CONTINUOUS
10
5.0514961023622043
20
-4.4718503937007874
11
5.059370078740157
21
-4.4718503937007874
0
LINE
8
BLACK
6
CONTINUOUS
10
5.059370078740157
20
-4.4718503937007874
11
5.059370078740157
21
-4.4467716535433066
0
LINE
8
BLACK
6
CONTINUOUS
10
5.059370078740157
20
-4.4467716535433066
11
5.0844488188976378
21
-4.4467716535433066
0
LINE
8
BLACK
6
CONTINUOUS
10
5.0844488188976378
20
-4.4467716535433066
11
5.0844488188976378
21
-4.4388977165354326
0
LINE
8
BLACK
6
CONTINUOUS
10
5.0844488188976378
20
-4.4388977165354326
11
5.0844488188976378
21
-4.4388976771653539
0
LINE
8
BLACK
6
CONTINUOUS
10
5.0844488188976378
20
-4.4388976771653539
11
5.084448779527559
21
-4.4388976377952751
0
LINE
8
BLACK
6
CONTINUOUS
10
5.084448779527559
20
-4.4388976377952751
11
5.0844487401574803
21
-4.4388976377952751
0
LINE
8
BLACK
6
CONTINUOUS
10
5.0844487401574803
20
-4.4388976377952751
11
5.0585942519685041
21
-4.4388976377952751
0
LINE
8
BLACK
6
CONTINUOUS
10
5.0585942519685041
20
-4.4388976377952751
11
5.0562978346456688
21
-4.4393544094488187
0
LINE
8
BLACK
6
CONTINUOUS
10
5.0562978346456688
20
-4.4393544094488187
11
5.0562977165354326
21
-4.4393544488188974
0
LINE
8
BLACK
6
CONTINUOUS
10
5.0562977165354326
20
-4.4393544488188974
11
5.0536934251968502
21
-4.4410946062992123
0
LINE
8
BLACK
6
CONTINUOUS
10
5.0536934251968502
20
-4.4410946062992123
11
5.0536930314960626
21
-4.4410949999999998
0
LINE
8
BLACK
6
CONTINUOUS
10
5.0536930314960626
20
-4.4410949999999998
11
5.0519528740157478
21
-4.4436992913385822
0
LINE
8
BLACK
6
CONTINUOUS
10
5.0519528740157478
20
-4.4436992913385822
11
5.051952834645669
21
-4.4436994094488185
0
LINE
8
BLACK
6
CONTINUOUS
10
5.051952834645669
20
-4.4436994094488185
11
5.0514960629921255
21
-4.4459958267716537
0
LINE
8
BLACK
6
CONTINUOUS
10
5.0514960629921255
20
-4.4459958267716537
11
5.0514960629921255
21
-4.4459960236220475
0
LINE
8
BLACK
6
CONTINUOUS
10
4.9514960629921259
20
-4.0459960236220471
11
4.9514960629921259
21
-4.0718503543307083
0
LINE
8
BLACK
6
CONTINUOUS
10
4.9514960629921259
20
-4.0718503543307083
11
4.9514961023622046
21
-4.0718503937007871
0
LINE
8
BLACK
6
CONTINUOUS
10
4.9514961023622046
20
-4.0718503937007871
11
4.9593700787401573
21
-4.0718503937007871
0
LINE
8
BLACK
6
CONTINUOUS
10
4.9593700787401573
20
-4.0718503937007871
11
4.9593700787401573
21
-4.0467716535433071
0
LINE
8
BLACK
6
CONTINUOUS
10
4.9593700787401573
20
-4.0467716535433071
11
4.9844488188976372
21
-4.0467716535433071
0
LINE
8
BLACK
6
CONTINUOUS
10
4.9844488188976372
20
-4.0467716535433071
11
4.9844488188976372
21
-4.0388977165354332
0
LINE
8
BLACK
6
CONTINUOUS
10
4.9844488188976372
20
-4.0388977165354332
11
4.9844488188976372
21
-4.0388976771653544
0
LINE
8
BLACK
6
CONTINUOUS
10
4.9844488188976372
20
-4.0388976771653544
11
4.9844487795275594
21
-4.0388976377952757
0
LINE
8
BLACK
6
CONTINUOUS
10
4.9844487795275594
20
-4.0388976377952757
11
4.9844487401574806
21
-4.0388976377952757
0
LINE
8
BLACK
6
CONTINUOUS
10
4.9844487401574806
20
-4.0388976377952757
11
4.9585942519685036
21
-4.0388976377952757
0
LINE
8
BLACK
6
CONTINUOUS
10
4.9585942519685036
20
-4.0388976377952757
11
4.9562978346456692
21
-4.0393544094488192
0
LINE
8
BLACK
6
CONTINUOUS
10
4.9562978346456692
20
-4.0393544094488192
11
4.9562977165354329
21
-4.0393544488188979
0
LINE
8
BLACK
6
CONTINUOUS
10
4.9562977165354329
20
-4.0393544488188979
11
4.9536934251968505
21
-4.0410946062992128
0
LINE
8
BLACK
6
CONTINUOUS
10
4.9536934251968505
20
-4.0410946062992128
11
4.953693031496063
21
-4.0410950000000003
0
LINE
8
BLACK
6
CONTINUOUS
10
4.953693031496063
20
-4.0410950000000003
11
4.9519528740157481
21
-4.0436992913385827
0
LINE
8
BLACK
6
CONTINUOUS
10
4.9519528740157481
20
-4.0436992913385827
11
4.9519528740157481
21
-4.0436993307086615
0
LINE
8
BLACK
6
CONTINUOUS
10
4.9519528740157481
20
-4.0436993307086615
11
4.9514960629921259
21
-4.0459958267716534
0
LINE
8
BLACK
6
CONTINUOUS
10
4.9514960629921259
20
-4.0459958267716534
11
4.9514960629921259
21
-4.0459960236220471
0
LINE
8
BLACK
6
CONTINUOUS
10
5.0514960629921255
20
-4.0459960236220471
11
5.0514960629921255
21
-4.0718503543307083
0
LINE
8
BLACK
6
CONTINUOUS
10
5.0514960629921255
20
-4.0718503543307083
11
5.0514961023622043
21
-4.0718503937007871
0
LINE
8
BLACK
6
CONTINUOUS
10
5.0514961023622043
20
-4.0718503937007871
11
5.059370078740157
21
-4.0718503937007871
0
LINE
8
BLACK
6
CONTINUOUS
10
5.059370078740157
20
-4.0718503937007871
11
5.059370078740157
21
-4.0467716535433071
0
LINE
8
BLACK
6
CONTINUOUS
10
5.059370078740157
20
-4.0467716535433071
11
5.0844488188976378
21
-4.0467716535433071
0
LINE
8
BLACK
6
CONTINUOUS
10
5.0844488188976378
20
-4.0467716535433071
11
5.0844488188976378
21
-4.0388977165354332
0
LINE
8
BLACK
6
CONTINUOUS
10
5.0844488188976378
20
-4.0388977165354332
11
5.0844488188976378
21
-4.0388976771653544
0
LINE
8
BLACK
6
CONTINUOUS
10
5.0844488188976378
20
-4.0388976771653544
11
5.084448779527559
21
-4.0388976377952757
0
LINE
8
BLACK
6
CONTINUOUS
10
5.084448779527559
20
-4.0388976377952757
11
5.0844487401574803
21
-4.0388976377952757
0
LINE
8
BLACK
6
CONTINUOUS
10
5.0844487401574803
20
-4.0388976377952757
11
5.0585942519685041
21
-4.0388976377952757
0
LINE
8
BLACK
6
CONTINUOUS
10
5.0585942519685041
20
-4.0388976377952757
11
5.0562978346456688
21
-4.0393544094488192
0
LINE
8
BLACK
6
CONTINUOUS
10
5.0562978346456688
20
-4.0393544094488192
11
5.0562977165354326
21
-4.0393544488188979
0
LINE
8
BLACK
6
CONTINUOUS
10
5.0562977165354326
20
-4.0393544488188979
11
5.0536934251968502
21
-4.0410946062992128
0
LINE
8
BLACK
6
CONTINUOUS
10
5.0536934251968502
20
-4.0410946062992128
11
5.0536930314960626
21
-4.0410950000000003
0
LINE
8
BLACK
6
CONTINUOUS
10
5.0536930314960626
20
-4.0410950000000003
11
5.0519528740157478
21
-4.0436992913385827
0
LINE
8
BLACK
6
CONTINUOUS
10
5.0519528740157478
20
-4.0436992913385827
11
5.0519528740157478
21
-4.0436993307086615
0
LINE
8
BLACK
6
CONTINUOUS
10
5.0519528740157478
20
-4.0436993307086615
11
5.0514960629921255
21
-4.0459958267716534
0
LINE
8
BLACK
6
CONTINUOUS
10
5.0514960629921255
20
-4.0459958267716534
11
5.0514960629921255
21
-4.0459960236220471
0
LINE
8
BLACK
6
CONTINUOUS
10
4.9514960629921259
20
-3.7459960236220473
11
4.9514960629921259
21
-3.7718503543307085
0
LINE
8
BLACK
6
CONTINUOUS
10
4.9514960629921259
20
-3.7718503543307085
11
4.9514961023622046
21
-3.7718503937007872
0
LINE
8
BLACK
6
CONTINUOUS
10
4.9514961023622046
20
-3.7718503937007872
11
4.9593700787401573
21
-3.7718503937007872
0
LINE
8
BLACK
6
CONTINUOUS
10
4.9593700787401573
20
-3.7718503937007872
11
4.9593700787401573
21
-3.7467716535433069
0
LINE
8
BLACK
6
CONTINUOUS
10
4.9593700787401573
20
-3.7467716535433069
11
4.9844488188976372
21
-3.7467716535433069
0
LINE
8
BLACK
6
CONTINUOUS
10
4.9844488188976372
20
-3.7467716535433069
11
4.9844488188976372
21
-3.7388977165354329
0
LINE
8
BLACK
6
CONTINUOUS
10
4.9844488188976372
20
-3.7388977165354329
11
4.9844488188976372
21
-3.7388976771653541
0
LINE
8
BLACK
6
CONTINUOUS
10
4.9844488188976372
20
-3.7388976771653541
11
4.9844487795275594
21
-3.7388976377952754
0
LINE
8
BLACK
6
CONTINUOUS
10
4.9844487795275594
20
-3.7388976377952754
11
4.9844487401574806
21
-3.7388976377952754
0
LINE
8
BLACK
6
CONTINUOUS
10
4.9844487401574806
20
-3.7388976377952754
11
4.9585942519685036
21
-3.7388976377952754
0
LINE
8
BLACK
6
CONTINUOUS
10
4.9585942519685036
20
-3.7388976377952754
11
4.9562978346456692
21
-3.7393544094488189
0
LINE
8
BLACK
6
CONTINUOUS
10
4.9562978346456692
20
-3.7393544094488189
11
4.9562977165354329
21
-3.7393544488188977
0
LINE
8
BLACK
6
CONTINUOUS
10
4.9562977165354329
20
-3.7393544488188977
11
4.9536934251968505
21
-3.7410946062992125
0
LINE
8
BLACK
6
CONTINUOUS
10
4.9536934251968505
20
-3.7410946062992125
11
4.953693031496063
21
-3.7410950000000001
0
LINE
8
BLACK
6
CONTINUOUS
10
4.953693031496063
20
-3.7410950000000001
11
4.9519528740157481
21
-3.7436992913385825
0
LINE
8
BLACK
6
CONTINUOUS
10
4.9519528740157481
20
-3.7436992913385825
11
4.9519528346456694
21
-3.7436994094488187
0
LINE
8
BLACK
6
CONTINUOUS
10
4.9519528346456694
20
-3.7436994094488187
11
4.9514960629921259
21
-3.7459958267716535
0
LINE
8
BLACK
6
CONTINUOUS
10
4.9514960629921259
20
-3.7459958267716535
11
4.9514960629921259
21
-3.7459960236220473
0
LINE
8
BLACK
6
CONTINUOUS
10
5.0514960629921255
20
-3.7459960236220473
11
5.0514960629921255
21
-3.7718503543307085
0
LINE
8
BLACK
6
CONTINUOUS
10
5.0514960629921255
20
-3.7718503543307085
11
5.0514961023622043
21
-3.7718503937007872
0
LINE
8
BLACK
6
CONTINUOUS
10
5.0514961023622043
20
-3.7718503937007872
11
5.059370078740157
21
-3.7718503937007872
0
LINE
8
BLACK
6
CONTINUOUS
10
5.059370078740157
20
-3.7718503937007872
11
5.059370078740157
21
-3.7467716535433069
0
LINE
8
BLACK
6
CONTINUOUS
10
5.059370078740157
20
-3.7467716535433069
11
5.0844488188976378
21
-3.7467716535433069
0
LINE
8
BLACK
6
CONTINUOUS
10
5.0844488188976378
20
-3.7467716535433069
11
5.0844488188976378
21
-3.7388977165354329
0
LINE
8
BLACK
6
CONTINUOUS
10
5.0844488188976378
20
-3.7388977165354329
11
5.0844488188976378
21
-3.7388976771653541
0
LINE
8
BLACK
6
CONTINUOUS
10
5.0844488188976378
20
-3.7388976771653541
11
5.084448779527559
21
-3.7388976377952754
0
LINE
8
BLACK
6
CONTINUOUS
10
5.084448779527559
20
-3.7388976377952754
11
5.0844487401574803
21
-3.7388976377952754
0
LINE
8
BLACK
6
CONTINUOUS
10
5.0844487401574803
20
-3.7388976377952754
11
5.0585942519685041
21
-3.7388976377952754
0
LINE
8
BLACK
6
CONTINUOUS
10
5.0585942519685041
20
-3.7388976377952754
11
5.0562978346456688
21
-3.7393544094488189
0
LINE
8
BLACK
6
CONTINUOUS
10
5.0562978346456688
20
-3.7393544094488189
11
5.0562977165354326
21
-3.7393544488188977
0
LINE
8
BLACK
6
CONTINUOUS
10
5.0562977165354326
20
-3.7393544488188977
11
5.0536934251968502
21
-3.7410946062992125
0
LINE
8
BLACK
6
CONTINUOUS
10
5.0536934251968502
20
-3.7410946062992125
11
5.0536930314960626
21
-3.7410950000000001
0
LINE
8
BLACK
6
CONTINUOUS
10
5.0536930314960626
20
-3.7410950000000001
11
5.0519528740157478
21
-3.7436992913385825
0
LINE
8
BLACK
6
CONTINUOUS
10
5.0519528740157478
20
-3.7436992913385825
11
5.051952834645669
21
-3.7436994094488187
0
LINE
8
BLACK
6
CONTINUOUS
10
5.051952834645669
20
-3.7436994094488187
11
5.0514960629921255
21
-3.7459958267716535
0
LINE
8
BLACK
6
CONTINUOUS
10
5.0514960629921255
20
-3.7459958267716535
11
5.0514960629921255
21
-3.7459960236220473
0
CIRCLE
8
BLACK
10
6.6393700787401571
20
-4.926771653543307
40
0.0068897637795276
0
CIRCLE
8
BLACK
10
5.6401574803149606
20
-4.9779527559055117
40
0.0068897637795276
0
CIRCLE
8
BLACK
10
5.6401574803149606
20
-4.877952755905512
40
0.0068897637795276
0
CIRCLE
8
BLACK
10
5.7401574803149602
20
-4.9779527559055117
40
0.0068897637795276
0
CIRCLE
8
BLACK
10
5.7401574803149602
20
-4.877952755905512
40
0.0068897637795276
0
CIRCLE
8
BLACK
10
5.8401574803149607
20
-4.9779527559055117
40
0.0068897637795276
0
CIRCLE
8
BLACK
10
5.8401574803149607
20
-4.877952755905512
40
0.0068897637795276
0
CIRCLE
8
BLACK
10
5.0393700787401574
20
-3.326771653543307
40
0.0068897637795276
0
CIRCLE
8
BLACK
10
5.0393700787401574
20
-4.926771653543307
40
0.0068897637795276
0
CIRCLE
8
BLACK
10
6.2519685039370074
20
-3.7125984251968505
40
0.0068897637795276
0
CIRCLE
8
BLACK
10
6.1519685039370078
20
-3.6125984251968504
40
0.0068897637795276
0
CIRCLE
8
BLACK
10
6.1519685039370078
20
-3.8125984251968501
40
0.0068897637795276
0
CIRCLE
8
BLACK
10
6.351968503937008
20
-3.6125984251968504
40
0.0068897637795276
0
CIRCLE
8
BLACK
10
6.351968503937008
20
-3.8125984251968501
40
0.0068897637795276
0
CIRCLE
8
BLACK
10
4.9893700787401576
20
-3.576771653543307
40
0.0068897637795276
0
CIRCLE
8
BLACK
10
5.0893700787401572
20
-3.576771653543307
40
0.0068897637795276
0
CIRCLE
8
BLACK
10
4.9893700787401576
20
-3.676771653543307
40
0.0068897637795276
0
CIRCLE
8
BLACK
10
5.0893700787401572
20
-3.676771653543307
40
0.0068897637795276
0
CIRCLE
8
BLACK
10
4.9893700787401576
20
-3.7767716535433071
40
0.0068897637795276
0
CIRCLE
8
BLACK
10
5.0893700787401572
20
-3.7767716535433071
40
0.0068897637795276
0
CIRCLE
8
BLACK
10
4.9893700787401576
20
-3.8767716535433072
40
0.0068897637795276
0
CIRCLE
8
BLACK
10
5.0893700787401572
20
-3.8767716535433072
40
0.0068897637795276
0
CIRCLE
8
BLACK
10
4.9893700787401576
20
-3.9767716535433069
40
0.0068897637795276
0
CIRCLE
8
BLACK
10
5.0893700787401572
20
-3.9767716535433069
40
0.0068897637795276
0
CIRCLE
8
BLACK
10
4.9893700787401576
20
-4.0767716535433074
40
0.0068897637795276
0
CIRCLE
8
BLACK
10
5.0893700787401572
20
-4.0767716535433074
40
0.0068897637795276
0
CIRCLE
8
BLACK
10
4.9893700787401576
20
-4.176771653543307
40
0.0068897637795276
0
CIRCLE
8
BLACK
10
5.0893700787401572
20
-4.176771653543307
40
0.0068897637795276
0
CIRCLE
8
BLACK
10
4.9893700787401576
20
-4.2767716535433067
40
0.0068897637795276
0
CIRCLE
8
BLACK
10
5.0893700787401572
20
-4.2767716535433067
40
0.0068897637795276
0
CIRCLE
8
BLACK
10
4.9893700787401576
20
-4.3767716535433072
40
0.0068897637795276
0
CIRCLE
8
BLACK
10
5.0893700787401572
20
-4.3767716535433072
40
0.0068897637795276
0
CIRCLE
8
BLACK
10
4.9893700787401576
20
-4.4767716535433069
40
0.0068897637795276
0
CIRCLE
8
BLACK
10
5.0893700787401572
20
-4.4767716535433069
40
0.0068897637795276
0
CIRCLE
8
BLACK
10
4.9893700787401576
20
-4.5767716535433074
40
0.0068897637795276
0
CIRCLE
8
BLACK
10
5.0893700787401572
20
-4.5767716535433074
40
0.0068897637795276
0
CIRCLE
8
BLACK
10
4.9893700787401576
20
-4.676771653543307
40
0.0068897637795276
0
CIRCLE
8
BLACK
10
5.0893700787401572
20
-4.676771653543307
40
0.0068897637795276
0
CIRCLE
8
BLACK
10
6.6393700787401571
20
-3.326771653543307
40
0.0068897637795276
0
CIRCLE
8
BLACK
10
5.2716535433070861
20
-4.6181102362204722
40
0.0059055118110236
0
CIRCLE
8
BLACK
10
5.7401574803149602
20
-4.7007874015748028
40
0.0059055118110236
0
CIRCLE
8
BLACK
10
5.8228346456692908
20
-4.7007874015748028
40
0.0059055118110236
0
CIRCLE
8
BLACK
10
5.484251968503937
20
-4.122047244094488
40
0.0059055118110236
0
CIRCLE
8
BLACK
10
5.7677165354330704
20
-3.9350393700787403
40
0.0059055118110236
0
CIRCLE
8
BLACK
10
5.6496062992125982
20
-4.7007874015748028
40
0.0059055118110236
0
CIRCLE
8
BLACK
10
6.3582677165354333
20
-4.0393700787401574
40
0.0059055118110236
0
CIRCLE
8
BLACK
10
6.3858267716535435
20
-4.4960629921259843
40
0.0059055118110236
0
CIRCLE
8
BLACK
10
5.5393700787401574
20
-4.0487204724409445
40
0.0059055118110236
0
CIRCLE
8
BLACK
10
5.7007874015748028
20
-4.2874015748031491
40
0.0059055118110236
0
CIRCLE
8
BLACK
10
5.2716535433070861
20
-4.5551181102362204
40
0.0059055118110236
0
CIRCLE
8
BLACK
10
5.6976377952755906
20
-4.0708661417322833
40
0.0059055118110236
0
CIRCLE
8
BLACK
10
6.1732283464566926
20
-4.4960629921259843
40
0.0059055118110236
0
CIRCLE
8
BLACK
10
5.1653543307086611
20
-3.8464566929133857
40
0.0059055118110236
0
CIRCLE
8
BLACK
10
5.8385826771653546
20
-4.7992125984251963
40
0.0059055118110236
0
CIRCLE
8
BLACK
10
6.0393700787401574
20
-3.4527559055118111
40
0.0059055118110236
0
CIRCLE
8
BLACK
10
6.7992125984251963
20
-4.4960629921259843
40
0.0059055118110236
0
CIRCLE
8
BLACK
10
5.9606299212598426
20
-3.4527559055118111
40
0.0059055118110236
0
CIRCLE
8
BLACK
10
5.8818897637795278
20
-3.6653543307086611
40
0.0059055118110236
0
CIRCLE
8
BLACK
10
6.7992125984251963
20
-4.1023622047244093
40
0.0059055118110236
0
CIRCLE
8
BLACK
10
6.3543307086614176
20
-4.106299212598425
40
0.0059055118110236
0
CIRCLE
8
BLACK
10
5.8149606299212593
20
-3.1811023622047245
40
0.0059055118110236
0
CIRCLE
8
BLACK
10
5.1653543307086611
20
-3.9251968503937005
40
0.0059055118110236
0
CIRCLE
8
BLACK
10
6.1574803149606296
20
-4.0039370078740157
40
0.0059055118110236
0
CIRCLE
8
BLACK
10
5.6653543307086611
20
-4.0944881889763778
40
0.0059055118110236
0
CIRCLE
8
BLACK
10
6.1181102362204722
20
-4.7992125984251963
40
0.0059055118110236
0
CIRCLE
8
BLACK
10
6.0409448818897635
20
-3.6181102362204722
40
0.0059055118110236
0
CIRCLE
8
BLACK
10
6.2086614173228343
20
-5.0866141732283463
40
0.0059055118110236
0
CIRCLE
8
BLACK
10
4.893700787401575
20
-3.9055118110236218
40
0.0059055118110236
0
CIRCLE
8
BLACK
10
6.0118110236220472
20
-5.0866141732283463
40
0.0059055118110236
0
CIRCLE
8
BLACK
10
6.2086614173228343
20
-3.1811023622047245
40
0.0059055118110236
0
CIRCLE
8
BLACK
10
5.5944881889763778
20
-4.4173228346456694
40
0.0059055118110236
0
CIRCLE
8
BLACK
10
6.0629921259842519
20
-4.2637795275590546
40
0.0059055118110236
0
CIRCLE
8
BLACK
10
6.5118110236220472
20
-3.688976377952756
40
0.0059055118110236
0
CIRCLE
8
BLACK
10
6.5118110236220472
20
-3.5314960629921259
40
0.0059055118110236
0
CIRCLE
8
BLACK
10
5.090551181102362
20
-5.0866141732283463
40
0.0059055118110236
0
CIRCLE
8
BLACK
10
4.893700787401575
20
-4.8897637795275593
40
0.0059055118110236
0
CIRCLE
8
BLACK
10
5.7086614173228343
20
-4.5078740157480315
40
0.0059055118110236
0
CIRCLE
8
BLACK
10
6.1968503937007871
20
-4.7992125984251963
40
0.0059055118110236
0
CIRCLE
8
BLACK
10
5.811811023622047
20
-4.0275590551181102
40
0.0059055118110236
0
CIRCLE
8
BLACK
10
6.3267716535433065
20
-4.5984251968503935
40
0.0059055118110236
0
CIRCLE
8
BLACK
10
6.7992125984251963
20
-3.1811023622047245
40
0.0059055118110236
0
CIRCLE
8
BLACK
10
6.7992125984251963
20
-3.9055118110236218
40
0.0059055118110236
0
CIRCLE
8
BLACK
10
5.9921259842519685
20
-4.1535433070866139
40
0.0059055118110236
0
CIRCLE
8
BLACK
10
5.7401574803149602
20
-4.5196850393700787
40
0.0059055118110236
0
CIRCLE
8
BLACK
10
5.8818897637795278
20
-3.5866141732283463
40
0.0059055118110236
0
CIRCLE
8
BLACK
10
5.5118110236220472
20
-4.4685039370078741
40
0.0059055118110236
0
CIRCLE
8
BLACK
10
5.8818897637795278
20
-3.5472440944881889
40
0.0059055118110236
0
CIRCLE
8
BLACK
10
6.5118110236220472
20
-4.484251968503937
40
0.0059055118110236
0
CIRCLE
8
BLACK
10
5.6377952755905509
20
-3.4527559055118111
40
0.0059055118110236
0
CIRCLE
8
BLACK
10
6.7992125984251963
20
-4.8897637795275593
40
0.0059055118110236
0
CIRCLE
8
BLACK
10
5.8149606299212593
20
-5.0866141732283463
40
0.0059055118110236
0
CIRCLE
8
BLACK
10
6.2952755905511806
20
-4.5984251968503935
40
0.0059055118110236
0
CIRCLE
8
BLACK
10
5.4803149606299213
20
-4.7992125984251963
40
0.0059055118110236
0
CIRCLE
8
BLACK
10
5.484251968503937
20
-5.0866141732283463
40
0.0059055118110236
0
CIRCLE
8
BLACK
10
5.877952755905512
20
-3.1811023622047245
40
0.0059055118110236
0
CIRCLE
8
BLACK
10
6.4330708661417324
20
-3.4527559055118111
40
0.0059055118110236
0
CIRCLE
8
BLACK
10
6.1259842519685037
20
-4.2362204724409445
40
0.0059055118110236
0
CIRCLE
8
BLACK
10
5.8818897637795278
20
-3.901574803149606
40
0.0059055118110236
0
CIRCLE
8
BLACK
10
6.3858267716535435
20
-4.1889763779527556
40
0.0059055118110236
0
CIRCLE
8
BLACK
10
6.5118110236220472
20
-4.1692913385826769
40
0.0059055118110236
0
CIRCLE
8
BLACK
10
5.1653543307086611
20
-4.4055118110236222
40
0.0059055118110236
0
CIRCLE
8
BLACK
10
5.5590551181102361
20
-4.7992125984251963
40
0.0059055118110236
0
CIRCLE
8
BLACK
10
6.0629921259842519
20
-4.6692913385826769
40
0.0059055118110236
0
CIRCLE
8
BLACK
10
5.6496062992125982
20
-4.4606299212598426
40
0.0059055118110236
0
CIRCLE
8
BLACK
10
5.8818897637795278
20
-3.7440944881889764
40
0.0059055118110236
0
CIRCLE
8
BLACK
10
6.3543307086614176
20
-3.4527559055118111
40
0.0059055118110236
0
CIRCLE
8
BLACK
10
5.8818897637795278
20
-3.9803149606299213
40
0.0059055118110236
0
CIRCLE
8
BLACK
10
5.8818897637795278
20
-3.9409448818897639
40
0.0059055118110236
0
CIRCLE
8
BLACK
10
6.7992125984251963
20
-4.6929133858267713
40
0.0059055118110236
0
CIRCLE
8
BLACK
10
6.0629921259842519
20
-4.3425196850393704
40
0.0059055118110236
0
CIRCLE
8
BLACK
10
5.1653543307086611
20
-4.7992125984251963
40
0.0059055118110236
0
CIRCLE
8
BLACK
10
6.7992125984251963
20
-3.5118110236220472
40
0.0059055118110236
0
CIRCLE
8
BLACK
10
5.7952755905511806
20
-4.7992125984251963
40
0.0059055118110236
0
CIRCLE
8
BLACK
10
6.015748031496063
20
-4.1771653543307083
40
0.0059055118110236
0
CIRCLE
8
BLACK
10
5.9291338582677167
20
-3.7992125984251968
40
0.0059055118110236
0
CIRCLE
8
BLACK
10
6.0629921259842519
20
-4.3818897637795278
40
0.0059055118110236
0
CIRCLE
8
BLACK
10
4.893700787401575
20
-4.1653543307086611
40
0.0059055118110236
0
CIRCLE
8
BLACK
10
6.5118110236220472
20
-4.3267716535433074
40
0.0059055118110236
0
CIRCLE
8
BLACK
10
4.893700787401575
20
-4.2992125984251963
40
0.0059055118110236
0
CIRCLE
8
BLACK
10
6.2755905511811019
20
-3.4527559055118111
40
0.0059055118110236
0
CIRCLE
8
BLACK
10
5.1653543307086611
20
-3.6259842519685037
40
0.0059055118110236
0
CIRCLE
8
BLACK
10
5.8818897637795278
20
-3.8622047244094486
40
0.0059055118110236
0
CIRCLE
8
BLACK
10
5.9960629921259843
20
-3.6535433070866139
40
0.0059055118110236
0
CIRCLE
8
BLACK
10
6.6023622047244093
20
-5.0866141732283463
40
0.0059055118110236
0
CIRCLE
8
BLACK
10
6.1181102362204722
20
-3.4527559055118111
40
0.0059055118110236
0
CIRCLE
8
BLACK
10
5.1653543307086611
20
-3.5314960629921259
40
0.0059055118110236
0
CIRCLE
8
BLACK
10
5.3228346456692917
20
-4.7992125984251963
40
0.0059055118110236
0
CIRCLE
8
BLACK
10
4.893700787401575
20
-4.1023622047244093
40
0.0059055118110236
0
CIRCLE
8
BLACK
10
5.5590551181102361
20
-3.4527559055118111
40
0.0059055118110236
0
CIRCLE
8
BLACK
10
6.5118110236220472
20
-4.4055118110236222
40
0.0059055118110236
0
CIRCLE
8
BLACK
10
5.4803149606299213
20
-3.4527559055118111
40
0.0059055118110236
0
CIRCLE
8
BLACK
10
6.3503937007874018
20
-4.5433070866141732
40
0.0059055118110236
0
CIRCLE
8
BLACK
10
5.6811023622047241
20
-5.0866141732283463
40
0.0059055118110236
0
CIRCLE
8
BLACK
10
6.0669291338582676
20
-3.8503937007874014
40
0.0059055118110236
0
CIRCLE
8
BLACK
10
5.8818897637795278
20
-4.7992125984251963
40
0.0059055118110236
0
CIRCLE
8
BLACK
10
6.7992125984251963
20
-4.1653543307086611
40
0.0059055118110236
0
CIRCLE
8
BLACK
10
6.0629921259842519
20
-4.6299212598425195
40
0.0059055118110236
0
CIRCLE
8
BLACK
10
4.893700787401575
20
-3.3149606299212597
40
0.0059055118110236
0
CIRCLE
8
BLACK
10
6.0291338582677163
20
-3.7992125984251968
40
0.0059055118110236
0
CIRCLE
8
BLACK
10
5.4015748031496065
20
-4.7992125984251963
40
0.0059055118110236
0
CIRCLE
8
BLACK
10
5.1653543307086611
20
-4.484251968503937
40
0.0059055118110236
0
CIRCLE
8
BLACK
10
4.893700787401575
20
-3.5118110236220472
40
0.0059055118110236
0
CIRCLE
8
BLACK
10
6.5118110236220472
20
-3.7677165354330708
40
0.0059055118110236
0
CIRCLE
8
BLACK
10
5.9173228346456694
20
-4.4645669291338583
40
0.0059055118110236
0
CIRCLE
8
BLACK
10
4.893700787401575
20
-3.1811023622047245
40
0.0059055118110236
0
CIRCLE
8
BLACK
10
5.9212598425196852
20
-4.0826771653543306
40
0.0059055118110236
0
CIRCLE
8
BLACK
10
6.0629921259842519
20
-4.4606299212598426
40
0.0059055118110236
0
CIRCLE
8
BLACK
10
6.0393700787401574
20
-4.2007874015748028
40
0.0059055118110236
0
CIRCLE
8
BLACK
10
5.1653543307086611
20
-4.7204724409448815
40
0.0059055118110236
0
CIRCLE
8
BLACK
10
5.484251968503937
20
-3.1811023622047245
40
0.0059055118110236
0
CIRCLE
8
BLACK
10
5.8818897637795278
20
-3.8228346456692912
40
0.0059055118110236
0
CIRCLE
8
BLACK
10
6.5118110236220472
20
-3.4527559055118111
40
0.0059055118110236
0
CIRCLE
8
BLACK
10
5.8818897637795278
20
-3.704724409448819
40
0.0059055118110236
0
CIRCLE
8
BLACK
10
5.6377952755905509
20
-4.7992125984251963
40
0.0059055118110236
0
CIRCLE
8
BLACK
10
5.1653543307086611
20
-4.1259842519685037
40
0.0059055118110236
0
CIRCLE
8
BLACK
10
4.893700787401575
20
-4.4960629921259843
40
0.0059055118110236
0
CIRCLE
8
BLACK
10
6.5118110236220472
20
-4.1259842519685037
40
0.0059055118110236
0
CIRCLE
8
BLACK
10
6.5118110236220472
20
-3.9251968503937005
40
0.0059055118110236
0
CIRCLE
8
BLACK
10
6.0393700787401574
20
-4.7992125984251963
40
0.0059055118110236
0
CIRCLE
8
BLACK
10
5.4370078740157481
20
-3.6299212598425195
40
0.0059055118110236
0
CIRCLE
8
BLACK
10
5.1653543307086611
20
-3.4527559055118111
40
0.0059055118110236
0
CIRCLE
8
BLACK
10
5.8228346456692908
20
-4.5196850393700787
40
0.0059055118110236
0
CIRCLE
8
BLACK
10
5.877952755905512
20
-4.5708661417322833
40
0.0059055118110236
0
CIRCLE
8
BLACK
10
5.2440944881889759
20
-3.4527559055118111
40
0.0059055118110236
0
CIRCLE
8
BLACK
10
5.6850393700787398
20
-4.5669291338582676
40
0.0059055118110236
0
CIRCLE
8
BLACK
10
6.5118110236220472
20
-4.7992125984251963
40
0.0059055118110236
0
CIRCLE
8
BLACK
10
4.893700787401575
20
-3.7086614173228347
40
0.0059055118110236
0
CIRCLE
8
BLACK
10
6.0629921259842519
20
-4.5393700787401574
40
0.0059055118110236
0
CIRCLE
8
BLACK
10
5.5551181102362204
20
-4.1259842519685037
40
0.0059055118110236
0
CIRCLE
8
BLACK
10
5.877952755905512
20
-5.0866141732283463
40
0.0059055118110236
0
CIRCLE
8
BLACK
10
6.5118110236220472
20
-4.7204724409448815
40
0.0059055118110236
0
CIRCLE
8
BLACK
10
5.1653543307086611
20
-4.6299212598425195
40
0.0059055118110236
0
CIRCLE
8
BLACK
10
5.090551181102362
20
-3.1811023622047245
40
0.0059055118110236
0
CIRCLE
8
BLACK
10
5.1653543307086611
20
-3.7716535433070866
40
0.0059055118110236
0
CIRCLE
8
BLACK
10
6.7992125984251963
20
-3.3149606299212597
40
0.0059055118110236
0
CIRCLE
8
BLACK
10
5.7952755905511806
20
-3.4527559055118111
40
0.0059055118110236
0
CIRCLE
8
BLACK
10
5.9606299212598426
20
-4.7992125984251963
40
0.0059055118110236
0
CIRCLE
8
BLACK
10
6.0669291338582676
20
-3.9694881889763778
40
0.0059055118110236
0
CIRCLE
8
BLACK
10
5.1653543307086611
20
-4.0629921259842519
40
0.0059055118110236
0
CIRCLE
8
BLACK
10
6.0629921259842519
20
-4.2244094488188972
40
0.0059055118110236
0
CIRCLE
8
BLACK
10
6.4055118110236222
20
-3.1811023622047245
40
0.0059055118110236
0
CIRCLE
8
BLACK
10
6.4330708661417324
20
-4.7992125984251963
40
0.0059055118110236
0
CIRCLE
8
BLACK
10
6.7992125984251963
20
-3.7086614173228347
40
0.0059055118110236
0
CIRCLE
8
BLACK
10
6.7992125984251963
20
-5.0866141732283463
40
0.0059055118110236
0
CIRCLE
8
BLACK
10
5.8622047244094491
20
-4.2874015748031491
40
0.0059055118110236
0
CIRCLE
8
BLACK
10
5.909448818897638
20
-4.0511811023622046
40
0.0059055118110236
0
CIRCLE
8
BLACK
10
6.4055118110236222
20
-5.0866141732283463
40
0.0059055118110236
0
CIRCLE
8
BLACK
10
5.590551181102362
20
-4.5078740157480315
40
0.0059055118110236
0
CIRCLE
8
BLACK
10
5.1653543307086611
20
-4.5472440944881889
40
0.0059055118110236
0
CIRCLE
8
BLACK
10
4.893700787401575
20
-4.6929133858267713
40
0.0059055118110236
0
CIRCLE
8
BLACK
10
5.9291338582677167
20
-4.0196850393700787
40
0.0059055118110236
0
CIRCLE
8
BLACK
10
6.5118110236220472
20
-4.6417322834645667
40
0.0059055118110236
0
CIRCLE
8
BLACK
10
5.7165354330708658
20
-4.7992125984251963
40
0.0059055118110236
0
CIRCLE
8
BLACK
10
6.0629921259842519
20
-4.4212598425196852
40
0.0059055118110236
0
CIRCLE
8
BLACK
10
5.3228346456692917
20
-3.4527559055118111
40
0.0059055118110236
0
CIRCLE
8
BLACK
10
5.2440944881889759
20
-4.7992125984251963
40
0.0059055118110236
0
CIRCLE
8
BLACK
10
5.1653543307086611
20
-3.704724409448819
40
0.0059055118110236
0
CIRCLE
8
BLACK
10
5.8582677165354333
20
-4.0708661417322833
40
0.0059055118110236
0
CIRCLE
8
BLACK
10
5.8385826771653546
20
-3.4527559055118111
40
0.0059055118110236
0
CIRCLE
8
BLACK
10
5.4370078740157481
20
-3.7559055118110236
40
0.0059055118110236
0
CIRCLE
8
BLACK
10
6.5118110236220472
20
-4.0039370078740157
40
0.0059055118110236
0
CIRCLE
8
BLACK
10
5.9685039370078741
20
-4.1299212598425195
40
0.0059055118110236
0
CIRCLE
8
BLACK
10
5.1653543307086611
20
-4.0039370078740157
40
0.0059055118110236
0
CIRCLE
8
BLACK
10
5.8818897637795278
20
-3.4527559055118111
40
0.0059055118110236
0
CIRCLE
8
BLACK
10
6.2559055118110232
20
-4.
40
0.0059055118110236
0
CIRCLE
8
BLACK
10
5.7677165354330704
20
-4.0039370078740157
40
0.0059055118110236
0
CIRCLE
8
BLACK
10
6.2086614173228343
20
-4.1377952755905509
40
0.0059055118110236
0
CIRCLE
8
BLACK
10
5.2874015748031491
20
-3.1811023622047245
40
0.0059055118110236
0
CIRCLE
8
BLACK
10
5.6236220472440941
20
-3.590551181102362
40
0.0059055118110236
0
CIRCLE
8
BLACK
10
6.5118110236220472
20
-4.0826771653543306
40
0.0059055118110236
0
CIRCLE
8
BLACK
10
6.0629921259842519
20
-4.5
40
0.0059055118110236
0
CIRCLE
8
BLACK
10
6.5118110236220472
20
-3.6102362204724407
40
0.0059055118110236
0
CIRCLE
8
BLACK
10
6.0118110236220472
20
-3.1811023622047245
40
0.0059055118110236
0
CIRCLE
8
BLACK
10
6.2755905511811019
20
-4.7992125984251963
40
0.0059055118110236
0
CIRCLE
8
BLACK
10
4.893700787401575
20
-5.0866141732283463
40
0.0059055118110236
0
CIRCLE
8
BLACK
10
6.1692913385826769
20
-4.1377952755905509
40
0.0059055118110236
0
CIRCLE
8
BLACK
10
5.7165354330708658
20
-3.4527559055118111
40
0.0059055118110236
0
CIRCLE
8
BLACK
10
5.1653543307086611
20
-4.3267716535433074
40
0.0059055118110236
0
CIRCLE
8
BLACK
10
5.6811023622047241
20
-3.1811023622047245
40
0.0059055118110236
0
CIRCLE
8
BLACK
10
6.7992125984251963
20
-4.2992125984251963
40
0.0059055118110236
0
CIRCLE
8
BLACK
10
6.6023622047244093
20
-3.1811023622047245
40
0.0059055118110236
0
CIRCLE
8
BLACK
10
6.1968503937007871
20
-3.4527559055118111
40
0.0059055118110236
0
CIRCLE
8
BLACK
10
6.5118110236220472
20
-3.8464566929133857
40
0.0059055118110236
0
CIRCLE
8
BLACK
10
6.0629921259842519
20
-4.3031496062992121
40
0.0059055118110236
0
CIRCLE
8
BLACK
10
6.0472440944881889
20
-4.6023622047244093
40
0.0059055118110236
0
CIRCLE
8
BLACK
10
5.9448818897637796
20
-4.106299212598425
40
0.0059055118110236
0
CIRCLE
8
BLACK
10
5.4015748031496065
20
-3.4527559055118111
40
0.0059055118110236
0
CIRCLE
8
BLACK
10
6.5118110236220472
20
-4.5629921259842519
40
0.0059055118110236
0
CIRCLE
8
BLACK
10
6.5118110236220472
20
-4.2480314960629917
40
0.0059055118110236
0
CIRCLE
8
BLACK
10
5.1653543307086611
20
-4.228346456692913
40
0.0059055118110236
0
CIRCLE
8
BLACK
10
5.8818897637795278
20
-3.6259842519685037
40
0.0059055118110236
0
CIRCLE
8
BLACK
10
5.8818897637795278
20
-3.7834645669291338
40
0.0059055118110236
0
CIRCLE
8
BLACK
10
5.6338582677165352
20
-4.0472440944881889
40
0.0059055118110236
0
CIRCLE
8
BLACK
10
5.5511811023622046
20
-4.4606299212598426
40
0.0059055118110236
0
CIRCLE
8
BLACK
10
5.2874015748031491
20
-5.0866141732283463
40
0.0059055118110236
0
CIRCLE
8
BLACK
10
6.3543307086614176
20
-4.7992125984251963
40
0.0059055118110236
0
CIRCLE
8
BLACK
10
5.893700787401575
20
-4.0196850393700787
40
0.0059055118110236
0
CIRCLE
8
BLACK
10
6.3543307086614176
20
-4.1811023622047241
40
0.0059055118110236
0
CIRCLE
8
BLACK
10
5.8345472440944883
20
-4.2086614173228343
40
0.0059055118110236
0
CIRCLE
8
BLACK
10
5.4370078740157481
20
-4.5039370078740157
40
0.0059055118110236
0
CIRCLE
8
BLACK
10
5.4370078740157481
20
-4.4566929133858268
40
0.0059055118110236
0
CIRCLE
8
BLACK
10
5.8346456692913389
20
-4.1299212598425195
40
0.0059055118110236
0
CIRCLE
8
BLACK
10
5.2716535433070861
20
-4.6811023622047241
40
0.0059055118110236
0
CIRCLE
8
BLACK
10
5.2716535433070861
20
-4.1771653543307083
40
0.0059055118110236
0
CIRCLE
8
BLACK
10
5.2716535433070861
20
-3.5787401574803148
40
0.0059055118110236
0
CIRCLE
8
BLACK
10
5.2716535433070861
20
-3.6771653543307088
40
0.0059055118110236
0
CIRCLE
8
BLACK
10
5.2716535433070861
20
-4.2755905511811019
40
0.0059055118110236
0
CIRCLE
8
BLACK
10
5.2716535433070861
20
-3.8779527559055116
40
0.0059055118110236
0
CIRCLE
8
BLACK
10
5.2716535433070861
20
-4.4921259842519685
40
0.0059055118110236
0
CIRCLE
8
BLACK
10
5.2716535433070861
20
-4.377952755905512
40
0.0059055118110236
0
CIRCLE
8
BLACK
10
5.2716535433070861
20
-3.9763779527559056
40
0.0059055118110236
0
CIRCLE
8
WHITE
10
5.2716535433070861
20
-4.6181102362204722
40
0.0059055118110236
0
CIRCLE
8
WHITE
10
5.7401574803149602
20
-4.7007874015748028
40
0.0059055118110236
0
CIRCLE
8
WHITE
10
5.8228346456692908
20
-4.7007874015748028
40
0.0059055118110236
0
CIRCLE
8
WHITE
10
5.484251968503937
20
-4.122047244094488
40
0.0059055118110236
0
CIRCLE
8
WHITE
10
5.7677165354330704
20
-3.9350393700787403
40
0.0059055118110236
0
CIRCLE
8
WHITE
10
5.6496062992125982
20
-4.7007874015748028
40
0.0059055118110236
0
CIRCLE
8
WHITE
10
6.3582677165354333
20
-4.0393700787401574
40
0.0059055118110236
0
CIRCLE
8
WHITE
10
6.3858267716535435
20
-4.4960629921259843
40
0.0059055118110236
0
CIRCLE
8
WHITE
10
5.5393700787401574
20
-4.0487204724409445
40
0.0059055118110236
0
CIRCLE
8
WHITE
10
5.7007874015748028
20
-4.2874015748031491
40
0.0059055118110236
0
CIRCLE
8
WHITE
10
5.2716535433070861
20
-4.5551181102362204
40
0.0059055118110236
0
CIRCLE
8
WHITE
10
5.6976377952755906
20
-4.0708661417322833
40
0.0059055118110236
0
CIRCLE
8
WHITE
10
6.1732283464566926
20
-4.4960629921259843
40
0.0059055118110236
0
CIRCLE
8
WHITE
10
5.1653543307086611
20
-3.8464566929133857
40
0.0059055118110236
0
CIRCLE
8
WHITE
10
5.8385826771653546
20
-4.7992125984251963
40
0.0059055118110236
0
CIRCLE
8
WHITE
10
6.0393700787401574
20
-3.4527559055118111
40
0.0059055118110236
0
CIRCLE
8
WHITE
10
6.7992125984251963
20
-4.4960629921259843
40
0.0059055118110236
0
CIRCLE
8
WHITE
10
5.9606299212598426
20
-3.4527559055118111
40
0.0059055118110236
0
CIRCLE
8
WHITE
10
5.8818897637795278
20
-3.6653543307086611
40
0.0059055118110236
0
CIRCLE
8
WHITE
10
6.7992125984251963
20
-4.1023622047244093
40
0.0059055118110236
0
CIRCLE
8
WHITE
10
6.3543307086614176
20
-4.106299212598425
40
0.0059055118110236
0
CIRCLE
8
WHITE
10
5.8149606299212593
20
-3.1811023622047245
40
0.0059055118110236
0
CIRCLE
8
WHITE
10
5.1653543307086611
20
-3.9251968503937005
40
0.0059055118110236
0
CIRCLE
8
WHITE
10
6.1574803149606296
20
-4.0039370078740157
40
0.0059055118110236
0
CIRCLE
8
WHITE
10
5.6653543307086611
20
-4.0944881889763778
40
0.0059055118110236
0
CIRCLE
8
WHITE
10
6.1181102362204722
20
-4.7992125984251963
40
0.0059055118110236
0
CIRCLE
8
WHITE
10
6.0409448818897635
20
-3.6181102362204722
40
0.0059055118110236
0
CIRCLE
8
WHITE
10
6.2086614173228343
20
-5.0866141732283463
40
0.0059055118110236
0
CIRCLE
8
WHITE
10
4.893700787401575
20
-3.9055118110236218
40
0.0059055118110236
0
CIRCLE
8
WHITE
10
6.0118110236220472
20
-5.0866141732283463
40
0.0059055118110236
0
CIRCLE
8
WHITE
10
6.2086614173228343
20
-3.1811023622047245
40
0.0059055118110236
0
CIRCLE
8
WHITE
10
5.5944881889763778
20
-4.4173228346456694
40
0.0059055118110236
0
CIRCLE
8
WHITE
10
6.0629921259842519
20
-4.2637795275590546
40
0.0059055118110236
0
CIRCLE
8
WHITE
10
6.5118110236220472
20
-3.688976377952756
40
0.0059055118110236
0
CIRCLE
8
WHITE
10
6.5118110236220472
20
-3.5314960629921259
40
0.0059055118110236
0
CIRCLE
8
WHITE
10
5.090551181102362
20
-5.0866141732283463
40
0.0059055118110236
0
CIRCLE
8
WHITE
10
4.893700787401575
20
-4.8897637795275593
40
0.0059055118110236
0
CIRCLE
8
WHITE
10
5.7086614173228343
20
-4.5078740157480315
40
0.0059055118110236
0
CIRCLE
8
WHITE
10
6.1968503937007871
20
-4.7992125984251963
40
0.0059055118110236
0
CIRCLE
8
WHITE
10
5.811811023622047
20
-4.0275590551181102
40
0.0059055118110236
0
CIRCLE
8
WHITE
10
6.3267716535433065
20
-4.5984251968503935
40
0.0059055118110236
0
CIRCLE
8
WHITE
10
6.7992125984251963
20
-3.1811023622047245
40
0.0059055118110236
0
CIRCLE
8
WHITE
10
6.7992125984251963
20
-3.9055118110236218
40
0.0059055118110236
0
CIRCLE
8
WHITE
10
5.9921259842519685
20
-4.1535433070866139
40
0.0059055118110236
0
CIRCLE
8
WHITE
10
5.7401574803149602
20
-4.5196850393700787
40
0.0059055118110236
0
CIRCLE
8
WHITE
10
5.8818897637795278
20
-3.5866141732283463
40
0.0059055118110236
0
CIRCLE
8
WHITE
10
5.5118110236220472
20
-4.4685039370078741
40
0.0059055118110236
0
CIRCLE
8
WHITE
10
5.8818897637795278
20
-3.5472440944881889
40
0.0059055118110236
0
CIRCLE
8
WHITE
10
6.5118110236220472
20
-4.484251968503937
40
0.0059055118110236
0
CIRCLE
8
WHITE
10
5.6377952755905509
20
-3.4527559055118111
40
0.0059055118110236
0
CIRCLE
8
WHITE
10
6.7992125984251963
20
-4.8897637795275593
40
0.0059055118110236
0
CIRCLE
8
WHITE
10
5.8149606299212593
20
-5.0866141732283463
40
0.0059055118110236
0
CIRCLE
8
WHITE
10
6.2952755905511806
20
-4.5984251968503935
40
0.0059055118110236
0
CIRCLE
8
WHITE
10
5.4803149606299213
20
-4.7992125984251963
40
0.0059055118110236
0
CIRCLE
8
WHITE
10
5.484251968503937
20
-5.0866141732283463
40
0.0059055118110236
0
CIRCLE
8
WHITE
10
5.877952755905512
20
-3.1811023622047245
40
0.0059055118110236
0
CIRCLE
8
WHITE
10
6.4330708661417324
20
-3.4527559055118111
40
0.0059055118110236
0
CIRCLE
8
WHITE
10
6.1259842519685037
20
-4.2362204724409445
40
0.0059055118110236
0
CIRCLE
8
WHITE
10
5.8818897637795278
20
-3.901574803149606
40
0.0059055118110236
0
CIRCLE
8
WHITE
10
6.3858267716535435
20
-4.1889763779527556
40
0.0059055118110236
0
CIRCLE
8
WHITE
10
6.5118110236220472
20
-4.1692913385826769
40
0.0059055118110236
0
CIRCLE
8
WHITE
10
5.1653543307086611
20
-4.4055118110236222
40
0.0059055118110236
0
CIRCLE
8
WHITE
10
5.5590551181102361
20
-4.7992125984251963
40
0.0059055118110236
0
CIRCLE
8
WHITE
10
6.0629921259842519
20
-4.6692913385826769
40
0.0059055118110236
0
CIRCLE
8
WHITE
10
5.6496062992125982
20
-4.4606299212598426
40
0.0059055118110236
0
CIRCLE
8
WHITE
10
5.8818897637795278
20
-3.7440944881889764
40
0.0059055118110236
0
CIRCLE
8
WHITE
10
6.3543307086614176
20
-3.4527559055118111
40
0.0059055118110236
0
CIRCLE
8
WHITE
10
5.8818897637795278
20
-3.9803149606299213
40
0.0059055118110236
0
CIRCLE
8
WHITE
10
5.8818897637795278
20
-3.9409448818897639
40
0.0059055118110236
0
CIRCLE
8
WHITE
10
6.7992125984251963
20
-4.6929133858267713
40
0.0059055118110236
0
CIRCLE
8
WHITE
10
6.0629921259842519
20
-4.3425196850393704
40
0.0059055118110236
0
CIRCLE
8
WHITE
10
5.1653543307086611
20
-4.7992125984251963
40
0.0059055118110236
0
CIRCLE
8
WHITE
10
6.7992125984251963
20
-3.5118110236220472
40
0.0059055118110236
0
CIRCLE
8
WHITE
10
5.7952755905511806
20
-4.7992125984251963
40
0.0059055118110236
0
CIRCLE
8
WHITE
10
6.015748031496063
20
-4.1771653543307083
40
0.0059055118110236
0
CIRCLE
8
WHITE
10
5.9291338582677167
20
-3.7992125984251968
40
0.0059055118110236
0
CIRCLE
8
WHITE
10
6.0629921259842519
20
-4.3818897637795278
40
0.0059055118110236
0
CIRCLE
8
WHITE
10
4.893700787401575
20
-4.1653543307086611
40
0.0059055118110236
0
CIRCLE
8
WHITE
10
6.5118110236220472
20
-4.3267716535433074
40
0.0059055118110236
0
CIRCLE
8
WHITE
10
4.893700787401575
20
-4.2992125984251963
40
0.0059055118110236
0
CIRCLE
8
WHITE
10
6.2755905511811019
20
-3.4527559055118111
40
0.0059055118110236
0
CIRCLE
8
WHITE
10
5.1653543307086611
20
-3.6259842519685037
40
0.0059055118110236
0
CIRCLE
8
WHITE
10
5.8818897637795278
20
-3.8622047244094486
40
0.0059055118110236
0
CIRCLE
8
WHITE
10
5.9960629921259843
20
-3.6535433070866139
40
0.0059055118110236
0
CIRCLE
8
WHITE
10
6.6023622047244093
20
-5.0866141732283463
40
0.0059055118110236
0
CIRCLE
8
WHITE
10
6.1181102362204722
20
-3.4527559055118111
40
0.0059055118110236
0
CIRCLE
8
WHITE
10
5.1653543307086611
20
-3.5314960629921259
40
0.0059055118110236
0
CIRCLE
8
WHITE
10
5.3228346456692917
20
-4.7992125984251963
40
0.0059055118110236
0
CIRCLE
8
WHITE
10
4.893700787401575
20
-4.1023622047244093
40
0.0059055118110236
0
CIRCLE
8
WHITE
10
5.5590551181102361
20
-3.4527559055118111
40
0.0059055118110236
0
CIRCLE
8
WHITE
10
6.5118110236220472
20
-4.4055118110236222
40
0.0059055118110236
0
CIRCLE
8
WHITE
10
5.4803149606299213
20
-3.4527559055118111
40
0.0059055118110236
0
CIRCLE
8
WHITE
10
6.3503937007874018
20
-4.5433070866141732
40
0.0059055118110236
0
CIRCLE
8
WHITE
10
5.6811023622047241
20
-5.0866141732283463
40
0.0059055118110236
0
CIRCLE
8
WHITE
10
6.0669291338582676
20
-3.8503937007874014
40
0.0059055118110236
0
CIRCLE
8
WHITE
10
5.8818897637795278
20
-4.7992125984251963
40
0.0059055118110236
0
CIRCLE
8
WHITE
10
6.7992125984251963
20
-4.1653543307086611
40
0.0059055118110236
0
CIRCLE
8
WHITE
10
6.0629921259842519
20
-4.6299212598425195
40
0.0059055118110236
0
CIRCLE
8
WHITE
10
4.893700787401575
20
-3.3149606299212597
40
0.0059055118110236
0
CIRCLE
8
WHITE
10
6.0291338582677163
20
-3.7992125984251968
40
0.0059055118110236
0
CIRCLE
8
WHITE
10
5.4015748031496065
20
-4.7992125984251963
40
0.0059055118110236
0
CIRCLE
8
WHITE
10
5.1653543307086611
20
-4.484251968503937
40
0.0059055118110236
0
CIRCLE
8
WHITE
10
4.893700787401575
20
-3.5118110236220472
40
0.0059055118110236
0
CIRCLE
8
WHITE
10
6.5118110236220472
20
-3.7677165354330708
40
0.0059055118110236
0
CIRCLE
8
WHITE
10
5.9173228346456694
20
-4.4645669291338583
40
0.0059055118110236
0
CIRCLE
8
WHITE
10
4.893700787401575
20
-3.1811023622047245
40
0.0059055118110236
0
CIRCLE
8
WHITE
10
5.9212598425196852
20
-4.0826771653543306
40
0.0059055118110236
0
CIRCLE
8
WHITE
10
6.0629921259842519
20
-4.4606299212598426
40
0.0059055118110236
0
CIRCLE
8
WHITE
10
6.0393700787401574
20
-4.2007874015748028
40
0.0059055118110236
0
CIRCLE
8
WHITE
10
5.1653543307086611
20
-4.7204724409448815
40
0.0059055118110236
0
CIRCLE
8
WHITE
10
5.484251968503937
20
-3.1811023622047245
40
0.0059055118110236
0
CIRCLE
8
WHITE
10
5.8818897637795278
20
-3.8228346456692912
40
0.0059055118110236
0
CIRCLE
8
WHITE
10
6.5118110236220472
20
-3.4527559055118111
40
0.0059055118110236
0
CIRCLE
8
WHITE
10
5.8818897637795278
20
-3.704724409448819
40
0.0059055118110236
0
CIRCLE
8
WHITE
10
5.6377952755905509
20
-4.7992125984251963
40
0.0059055118110236
0
CIRCLE
8
WHITE
10
5.1653543307086611
20
-4.1259842519685037
40
0.0059055118110236
0
CIRCLE
8
WHITE
10
4.893700787401575
20
-4.4960629921259843
40
0.0059055118110236
0
CIRCLE
8
WHITE
10
6.5118110236220472
20
-4.1259842519685037
40
0.0059055118110236
0
CIRCLE
8
WHITE
10
6.5118110236220472
20
-3.9251968503937005
40
0.0059055118110236
0
CIRCLE
8
WHITE
10
6.0393700787401574
20
-4.7992125984251963
40
0.0059055118110236
0
CIRCLE
8
WHITE
10
5.4370078740157481
20
-3.6299212598425195
40
0.0059055118110236
0
CIRCLE
8
WHITE
10
5.1653543307086611
20
-3.4527559055118111
40
0.0059055118110236
0
CIRCLE
8
WHITE
10
5.8228346456692908
20
-4.5196850393700787
40
0.0059055118110236
0
CIRCLE
8
WHITE
10
5.877952755905512
20
-4.5708661417322833
40
0.0059055118110236
0
CIRCLE
8
WHITE
10
5.2440944881889759
20
-3.4527559055118111
40
0.0059055118110236
0
CIRCLE
8
WHITE
10
5.6850393700787398
20
-4.5669291338582676
40
0.0059055118110236
0
CIRCLE
8
WHITE
10
6.5118110236220472
20
-4.7992125984251963
40
0.0059055118110236
0
CIRCLE
8
WHITE
10
4.893700787401575
20
-3.7086614173228347
40
0.0059055118110236
0
CIRCLE
8
WHITE
10
6.0629921259842519
20
-4.5393700787401574
40
0.0059055118110236
0
CIRCLE
8
WHITE
10
5.5551181102362204
20
-4.1259842519685037
40
0.0059055118110236
0
CIRCLE
8
WHITE
10
5.877952755905512
20
-5.0866141732283463
40
0.0059055118110236
0
CIRCLE
8
WHITE
10
6.5118110236220472
20
-4.7204724409448815
40
0.0059055118110236
0
CIRCLE
8
WHITE
10
5.1653543307086611
20
-4.6299212598425195
40
0.0059055118110236
0
CIRCLE
8
WHITE
10
5.090551181102362
20
-3.1811023622047245
40
0.0059055118110236
0
CIRCLE
8
WHITE
10
5.1653543307086611
20
-3.7716535433070866
40
0.0059055118110236
0
CIRCLE
8
WHITE
10
6.7992125984251963
20
-3.3149606299212597
40
0.0059055118110236
0
CIRCLE
8
WHITE
10
5.7952755905511806
20
-3.4527559055118111
40
0.0059055118110236
0
CIRCLE
8
WHITE
10
5.9606299212598426
20
-4.7992125984251963
40
0.0059055118110236
0
CIRCLE
8
WHITE
10
6.0669291338582676
20
-3.9694881889763778
40
0.0059055118110236
0
CIRCLE
8
WHITE
10
5.1653543307086611
20
-4.0629921259842519
40
0.0059055118110236
0
CIRCLE
8
WHITE
10
6.0629921259842519
20
-4.2244094488188972
40
0.0059055118110236
0
CIRCLE
8
WHITE
10
6.4055118110236222
20
-3.1811023622047245
40
0.0059055118110236
0
CIRCLE
8
WHITE
10
6.4330708661417324
20
-4.7992125984251963
40
0.0059055118110236
0
CIRCLE
8
WHITE
10
6.7992125984251963
20
-3.7086614173228347
40
0.0059055118110236
0
CIRCLE
8
WHITE
10
6.7992125984251963
20
-5.0866141732283463
40
0.0059055118110236
0
CIRCLE
8
WHITE
10
5.8622047244094491
20
-4.2874015748031491
40
0.0059055118110236
0
CIRCLE
8
WHITE
10
5.909448818897638
20
-4.0511811023622046
40
0.0059055118110236
0
CIRCLE
8
WHITE
10
6.4055118110236222
20
-5.0866141732283463
40
0.0059055118110236
0
CIRCLE
8
WHITE
10
5.590551181102362
20
-4.5078740157480315
40
0.0059055118110236
0
CIRCLE
8
WHITE
10
5.1653543307086611
20
-4.5472440944881889
40
0.0059055118110236
0
CIRCLE
8
WHITE
10
4.893700787401575
20
-4.6929133858267713
40
0.0059055118110236
0
CIRCLE
8
WHITE
10
5.9291338582677167
20
-4.0196850393700787
40
0.0059055118110236
0
CIRCLE
8
WHITE
10
6.5118110236220472
20
-4.6417322834645667
40
0.0059055118110236
0
CIRCLE
8
WHITE
10
5.7165354330708658
20
-4.7992125984251963
40
0.0059055118110236
0
CIRCLE
8
WHITE
10
6.0629921259842519
20
-4.4212598425196852
40
0.0059055118110236
0
CIRCLE
8
WHITE
10
5.3228346456692917
20
-3.4527559055118111
40
0.0059055118110236
0
CIRCLE
8
WHITE
10
5.2440944881889759
20
-4.7992125984251963
40
0.0059055118110236
0
CIRCLE
8
WHITE
10
5.1653543307086611
20
-3.704724409448819
40
0.0059055118110236
0
CIRCLE
8
WHITE
10
5.8582677165354333
20
-4.0708661417322833
40
0.0059055118110236
0
CIRCLE
8
WHITE
10
5.8385826771653546
20
-3.4527559055118111
40
0.0059055118110236
0
CIRCLE
8
WHITE
10
5.4370078740157481
20
-3.7559055118110236
40
0.0059055118110236
0
CIRCLE
8
WHITE
10
6.5118110236220472
20
-4.0039370078740157
40
0.0059055118110236
0
CIRCLE
8
WHITE
10
5.9685039370078741
20
-4.1299212598425195
40
0.0059055118110236
0
CIRCLE
8
WHITE
10
5.1653543307086611
20
-4.0039370078740157
40
0.0059055118110236
0
CIRCLE
8
WHITE
10
5.8818897637795278
20
-3.4527559055118111
40
0.0059055118110236
0
CIRCLE
8
WHITE
10
6.2559055118110232
20
-4.
40
0.0059055118110236
0
CIRCLE
8
WHITE
10
5.7677165354330704
20
-4.0039370078740157
40
0.0059055118110236
0
CIRCLE
8
WHITE
10
6.2086614173228343
20
-4.1377952755905509
40
0.0059055118110236
0
CIRCLE
8
WHITE
10
5.2874015748031491
20
-3.1811023622047245
40
0.0059055118110236
0
CIRCLE
8
WHITE
10
5.6236220472440941
20
-3.590551181102362
40
0.0059055118110236
0
CIRCLE
8
WHITE
10
6.5118110236220472
20
-4.0826771653543306
40
0.0059055118110236
0
CIRCLE
8
WHITE
10
6.0629921259842519
20
-4.5
40
0.0059055118110236
0
CIRCLE
8
WHITE
10
6.5118110236220472
20
-3.6102362204724407
40
0.0059055118110236
0
CIRCLE
8
WHITE
10
6.0118110236220472
20
-3.1811023622047245
40
0.0059055118110236
0
CIRCLE
8
WHITE
10
6.2755905511811019
20
-4.7992125984251963
40
0.0059055118110236
0
CIRCLE
8
WHITE
10
4.893700787401575
20
-5.0866141732283463
40
0.0059055118110236
0
CIRCLE
8
WHITE
10
6.1692913385826769
20
-4.1377952755905509
40
0.0059055118110236
0
CIRCLE
8
WHITE
10
5.7165354330708658
20
-3.4527559055118111
40
0.0059055118110236
0
CIRCLE
8
WHITE
10
5.1653543307086611
20
-4.3267716535433074
40
0.0059055118110236
0
CIRCLE
8
WHITE
10
5.6811023622047241
20
-3.1811023622047245
40
0.0059055118110236
0
CIRCLE
8
WHITE
10
6.7992125984251963
20
-4.2992125984251963
40
0.0059055118110236
0
CIRCLE
8
WHITE
10
6.6023622047244093
20
-3.1811023622047245
40
0.0059055118110236
0
CIRCLE
8
WHITE
10
6.1968503937007871
20
-3.4527559055118111
40
0.0059055118110236
0
CIRCLE
8
WHITE
10
6.5118110236220472
20
-3.8464566929133857
40
0.0059055118110236
0
CIRCLE
8
WHITE
10
6.0629921259842519
20
-4.3031496062992121
40
0.0059055118110236
0
CIRCLE
8
WHITE
10
6.0472440944881889
20
-4.6023622047244093
40
0.0059055118110236
0
CIRCLE
8
WHITE
10
5.9448818897637796
20
-4.106299212598425
40
0.0059055118110236
0
CIRCLE
8
WHITE
10
5.4015748031496065
20
-3.4527559055118111
40
0.0059055118110236
0
CIRCLE
8
WHITE
10
6.5118110236220472
20
-4.5629921259842519
40
0.0059055118110236
0
CIRCLE
8
WHITE
10
6.5118110236220472
20
-4.2480314960629917
40
0.0059055118110236
0
CIRCLE
8
WHITE
10
5.1653543307086611
20
-4.228346456692913
40
0.0059055118110236
0
CIRCLE
8
WHITE
10
5.8818897637795278
20
-3.6259842519685037
40
0.0059055118110236
0
CIRCLE
8
WHITE
10
5.8818897637795278
20
-3.7834645669291338
40
0.0059055118110236
0
CIRCLE
8
WHITE
10
5.6338582677165352
20
-4.0472440944881889
40
0.0059055118110236
0
CIRCLE
8
WHITE
10
5.5511811023622046
20
-4.4606299212598426
40
0.0059055118110236
0
CIRCLE
8
WHITE
10
5.2874015748031491
20
-5.0866141732283463
40
0.0059055118110236
0
CIRCLE
8
WHITE
10
6.3543307086614176
20
-4.7992125984251963
40
0.0059055118110236
0
CIRCLE
8
WHITE
10
5.893700787401575
20
-4.0196850393700787
40
0.0059055118110236
0
CIRCLE
8
WHITE
10
6.3543307086614176
20
-4.1811023622047241
40
0.0059055118110236
0
CIRCLE
8
WHITE
10
5.8345472440944883
20
-4.2086614173228343
40
0.0059055118110236
0
CIRCLE
8
WHITE
10
5.4370078740157481
20
-4.5039370078740157
40
0.0059055118110236
0
CIRCLE
8
WHITE
10
5.4370078740157481
20
-4.4566929133858268
40
0.0059055118110236
0
CIRCLE
8
WHITE
10
5.8346456692913389
20
-4.1299212598425195
40
0.0059055118110236
0
CIRCLE
8
WHITE
10
5.2716535433070861
20
-4.6811023622047241
40
0.0059055118110236
0
CIRCLE
8
WHITE
10
5.2716535433070861
20
-4.1771653543307083
40
0.0059055118110236
0
CIRCLE
8
WHITE
10
5.2716535433070861
20
-3.5787401574803148
40
0.0059055118110236
0
CIRCLE
8
WHITE
10
5.2716535433070861
20
-3.6771653543307088
40
0.0059055118110236
0
CIRCLE
8
WHITE
10
5.2716535433070861
20
-4.2755905511811019
40
0.0059055118110236
0
CIRCLE
8
WHITE
10
5.2716535433070861
20
-3.8779527559055116
40
0.0059055118110236
0
CIRCLE
8
WHITE
10
5.2716535433070861
20
-4.4921259842519685
40
0.0059055118110236
0
CIRCLE
8
WHITE
10
5.2716535433070861
20
-4.377952755905512
40
0.0059055118110236
0
CIRCLE
8
WHITE
10
5.2716535433070861
20
-3.9763779527559056
40
0.0059055118110236
0
CIRCLE
8
WHITE
10
6.6393700787401571
20
-4.926771653543307
40
0.0068897637795276
0
CIRCLE
8
WHITE
10
5.6401574803149606
20
-4.9779527559055117
40
0.0068897637795276
0
CIRCLE
8
WHITE
10
5.6401574803149606
20
-4.877952755905512
40
0.0068897637795276
0
CIRCLE
8
WHITE
10
5.7401574803149602
20
-4.9779527559055117
40
0.0068897637795276
0
CIRCLE
8
WHITE
10
5.7401574803149602
20
-4.877952755905512
40
0.0068897637795276
0
CIRCLE
8
WHITE
10
5.8401574803149607
20
-4.9779527559055117
40
0.0068897637795276
0
CIRCLE
8
WHITE
10
5.8401574803149607
20
-4.877952755905512
40
0.0068897637795276
0
CIRCLE
8
WHITE
10
5.0393700787401574
20
-3.326771653543307
40
0.0068897637795276
0
CIRCLE
8
WHITE
10
5.0393700787401574
20
-4.926771653543307
40
0.0068897637795276
0
CIRCLE
8
WHITE
10
6.2519685039370074
20
-3.7125984251968505
40
0.0068897637795276
0
CIRCLE
8
WHITE
10
6.1519685039370078
20
-3.6125984251968504
40
0.0068897637795276
0
CIRCLE
8
WHITE
10
6.1519685039370078
20
-3.8125984251968501
40
0.0068897637795276
0
CIRCLE
8
WHITE
10
6.351968503937008
20
-3.6125984251968504
40
0.0068897637795276
0
CIRCLE
8
WHITE
10
6.351968503937008
20
-3.8125984251968501
40
0.0068897637795276
0
CIRCLE
8
WHITE
10
4.9893700787401576
20
-3.576771653543307
40
0.0068897637795276
0
CIRCLE
8
WHITE
10
5.0893700787401572
20
-3.576771653543307
40
0.0068897637795276
0
CIRCLE
8
WHITE
10
4.9893700787401576
20
-3.676771653543307
40
0.0068897637795276
0
CIRCLE
8
WHITE
10
5.0893700787401572
20
-3.676771653543307
40
0.0068897637795276
0
CIRCLE
8
WHITE
10
4.9893700787401576
20
-3.7767716535433071
40
0.0068897637795276
0
CIRCLE
8
WHITE
10
5.0893700787401572
20
-3.7767716535433071
40
0.0068897637795276
0
CIRCLE
8
WHITE
10
4.9893700787401576
20
-3.8767716535433072
40
0.0068897637795276
0
CIRCLE
8
WHITE
10
5.0893700787401572
20
-3.8767716535433072
40
0.0068897637795276
0
CIRCLE
8
WHITE
10
4.9893700787401576
20
-3.9767716535433069
40
0.0068897637795276
0
CIRCLE
8
WHITE
10
5.0893700787401572
20
-3.9767716535433069
40
0.0068897637795276
0
CIRCLE
8
WHITE
10
4.9893700787401576
20
-4.0767716535433074
40
0.0068897637795276
0
CIRCLE
8
WHITE
10
5.0893700787401572
20
-4.0767716535433074
40
0.0068897637795276
0
CIRCLE
8
WHITE
10
4.9893700787401576
20
-4.176771653543307
40
0.0068897637795276
0
CIRCLE
8
WHITE
10
5.0893700787401572
20
-4.176771653543307
40
0.0068897637795276
0
CIRCLE
8
WHITE
10
4.9893700787401576
20
-4.2767716535433067
40
0.0068897637795276
0
CIRCLE
8
WHITE
10
5.0893700787401572
20
-4.2767716535433067
40
0.0068897637795276
0
CIRCLE
8
WHITE
10
4.9893700787401576
20
-4.3767716535433072
40
0.0068897637795276
0
CIRCLE
8
WHITE
10
5.0893700787401572
20
-4.3767716535433072
40
0.0068897637795276
0
CIRCLE
8
WHITE
10
4.9893700787401576
20
-4.4767716535433069
40
0.0068897637795276
0
CIRCLE
8
WHITE
10
5.0893700787401572
20
-4.4767716535433069
40
0.0068897637795276
0
CIRCLE
8
WHITE
10
4.9893700787401576
20
-4.5767716535433074
40
0.0068897637795276
0
CIRCLE
8
WHITE
10
5.0893700787401572
20
-4.5767716535433074
40
0.0068897637795276
0
CIRCLE
8
WHITE
10
4.9893700787401576
20
-4.676771653543307
40
0.0068897637795276
0
CIRCLE
8
WHITE
10
5.0893700787401572
20
-4.676771653543307
40
0.0068897637795276
0
CIRCLE
8
WHITE
10
6.6393700787401571
20
-3.326771653543307
40
0.0068897637795276
  0
ENDSEC
  0
EOF
